#
# There is insufficient memory for the Java Runtime Environment to continue.
# Native memory allocation (malloc) failed to allocate 2325464 bytes. Error detail: Chunk::new
# Possible reasons:
#   The system is out of physical RAM or swap space
# Possible solutions:
#   Reduce memory load on the system
#   Increase physical memory or swap space
#   Check if swap backing store is full
#   Decrease Java heap size (-Xmx/-Xms)
#   Decrease number of Java threads
#   Decrease Java thread stack sizes (-Xss)
#   Set larger code cache with -XX:ReservedCodeCacheSize=
# This output file may be truncated or incomplete.
#
#  Out of Memory Error (arena.cpp:186), pid=24320, tid=13172
#
# JRE version: Java(TM) SE Runtime Environment (25.0.2+10) (build 25.0.2+10-LTS-69)
# Java VM: Java HotSpot(TM) 64-Bit Server VM (25.0.2+10-LTS-69, mixed mode, sharing, tiered, compressed class ptrs, g1 gc, windows-amd64)
# No core dump will be written. Minidumps are not enabled by default on client versions of Windows
#

---------------  S U M M A R Y ------------

Command Line: -Xms100g -Xmx200g -XX:ActiveProcessorCount=8 -Xlog:gc*,os=info,memops=info -Djava.awt.headless=true org.eqasim.bavaria.RunSimulationWithFleetPy --config-path C:\Users\ge37ser\Documents\Coding\FleetPy\studies\minga_simulations\matsim_data\test_grafing_2024_100pct\test_grafing.xml --config:global.numberOfThreads 8 --config:controller.outputDirectory C:\Users\ge37ser\Documents\Coding\FleetPy\studies\minga_simulations\matsim_results\fleetpy_grafing_test --use-vdf True --remote-port 6000

Host: Intel(R) Core(TM) i7-10610U CPU @ 1.80GHz, 8 cores, 39G,  Windows 11 , 64 bit Build 26100 (10.0.26100.8875)
Time: Wed Aug 12 17:52:05 2026 Mitteleuropäische Sommerzeit elapsed time: 1059.278096 seconds (0d 0h 17m 39s)

---------------  T H R E A D  ---------------

Current thread (0x00000214b35d1c70):  JavaThread "C2 CompilerThread0" daemon [_thread_in_native, id=13172, stack(0x0000003075b00000,0x0000003075c00000) (1024K)]


Current CompileTask:
C2:1059278 9073       4       java.lang.Class::descriptorString (137 bytes)

Stack: [0x0000003075b00000,0x0000003075c00000]
Native frames: (J=compiled Java code, j=interpreted, Vv=VM code, C=native code)
V  [jvm.dll+0x7a70f9]  (no source info available)
V  [jvm.dll+0x772d6d]  (no source info available)
V  [jvm.dll+0x965d53]  (no source info available)
V  [jvm.dll+0x968351]  (no source info available)
V  [jvm.dll+0x968a63]  (no source info available)
V  [jvm.dll+0x2fc846]  (no source info available)
V  [jvm.dll+0x111b16]  (no source info available)
V  [jvm.dll+0x111e3e]  (no source info available)
V  [jvm.dll+0x1a0872]  (no source info available)
V  [jvm.dll+0x3b54c2]  (no source info available)
V  [jvm.dll+0x7aca8f]  (no source info available)
V  [jvm.dll+0x2c0b97]  (no source info available)
V  [jvm.dll+0x2bfb5f]  (no source info available)
V  [jvm.dll+0x2379a0]  (no source info available)
V  [jvm.dll+0x2cfc86]  (no source info available)
V  [jvm.dll+0x2cdf05]  (no source info available)
V  [jvm.dll+0x48e9d1]  (no source info available)
V  [jvm.dll+0x906fcd]  (no source info available)
V  [jvm.dll+0x7a56d5]  (no source info available)
C  [ucrtbase.dll+0x2cd30]  (no source info available)
C  [KERNEL32.DLL+0x2e957]  (no source info available)
C  [ntdll.dll+0xaad6c]  (no source info available)

Lock stack of current Java thread (top to bottom):


---------------  P R O C E S S  ---------------

Threads class SMR info:
_java_thread_list=0x00000247b78c2c90, length=16, elements={
0x0000021498185ea0, 0x00000214b35b9e50, 0x00000214b35ba8b0, 0x00000214b35c04f0,
0x00000214b35c2210, 0x00000214b35c3940, 0x00000214b35cd080, 0x00000214b35d1c70,
0x00000214b35dce60, 0x00000214b35c8f40, 0x00000214b35c9710, 0x00000214b35cbe20,
0x00000247b4a30590, 0x00000247b587a240, 0x00000247b77e0bd0, 0x00000247b77e0400
}

Java Threads: ( => current thread )
  0x0000021498185ea0 JavaThread "main"                              [_thread_in_vm, id=3064, stack(0x0000003074d00000,0x0000003074e00000) (1024K)]
  0x00000214b35b9e50 JavaThread "Reference Handler"          daemon [_thread_blocked, id=17048, stack(0x0000003075500000,0x0000003075600000) (1024K)]
  0x00000214b35ba8b0 JavaThread "Finalizer"                  daemon [_thread_blocked, id=23536, stack(0x0000003075600000,0x0000003075700000) (1024K)]
  0x00000214b35c04f0 JavaThread "Signal Dispatcher"          daemon [_thread_blocked, id=26820, stack(0x0000003075700000,0x0000003075800000) (1024K)]
  0x00000214b35c2210 JavaThread "Attach Listener"            daemon [_thread_blocked, id=22304, stack(0x0000003075800000,0x0000003075900000) (1024K)]
  0x00000214b35c3940 JavaThread "Service Thread"             daemon [_thread_blocked, id=9364, stack(0x0000003075900000,0x0000003075a00000) (1024K)]
  0x00000214b35cd080 JavaThread "Monitor Deflation Thread"   daemon [_thread_blocked, id=25540, stack(0x0000003075a00000,0x0000003075b00000) (1024K)]
=>0x00000214b35d1c70 JavaThread "C2 CompilerThread0"         daemon [_thread_in_native, id=13172, stack(0x0000003075b00000,0x0000003075c00000) (1024K)]
  0x00000214b35dce60 JavaThread "C1 CompilerThread0"         daemon [_thread_blocked, id=15540, stack(0x0000003075c00000,0x0000003075d00000) (1024K)]
  0x00000214b35c8f40 JavaThread "Notification Thread"        daemon [_thread_blocked, id=20340, stack(0x0000003075d00000,0x0000003075e00000) (1024K)]
  0x00000214b35c9710 JavaThread "Common-Cleaner"             daemon [_thread_blocked, id=15464, stack(0x0000003075e00000,0x0000003075f00000) (1024K)]
  0x00000214b35cbe20 JavaThread "Log4j2-TF-1-Scheduled-1"    daemon [_thread_blocked, id=23784, stack(0x0000003076100000,0x0000003076200000) (1024K)]
  0x00000247b4a30590 JavaThread "Log4j2-TF-2-Scheduled-2"    daemon [_thread_blocked, id=10976, stack(0x0000003076200000,0x0000003076300000) (1024K)]
  0x00000247b587a240 JavaThread "MemoryPrinter"              daemon [_thread_blocked, id=24952, stack(0x0000003074a00000,0x0000003074b00000) (1024K)]
  0x00000247b77e0bd0 JavaThread "reaper-1"                   daemon [_thread_in_native, id=12856, stack(0x0000003076a00000,0x0000003076b00000) (1024K)]
  0x00000247b77e0400 JavaThread "iothread-2"                 daemon [_thread_in_native, id=9456, stack(0x0000003076b00000,0x0000003076c00000) (1024K)]
Total: 16

Other Threads:
  0x00000214b35aa160 VMThread "VM Thread"                           [id=27500, stack(0x0000003075400000,0x0000003075500000) (1024K)]
  0x00000214b35979d0 WatcherThread "VM Periodic Task Thread"        [id=28560, stack(0x0000003075300000,0x0000003075400000) (1024K)]
  0x000002149a4afe60 WorkerThread "GC Thread#0"                     [id=13328, stack(0x0000003074e00000,0x0000003074f00000) (1024K)]
  0x00000247b57cc300 WorkerThread "GC Thread#1"                     [id=24060, stack(0x0000003076300000,0x0000003076400000) (1024K)]
  0x00000247b57ca4d0 WorkerThread "GC Thread#2"                     [id=5668, stack(0x0000003076400000,0x0000003076500000) (1024K)]
  0x00000247b57ccff0 WorkerThread "GC Thread#3"                     [id=25400, stack(0x0000003076500000,0x0000003076600000) (1024K)]
  0x00000247b57ca920 WorkerThread "GC Thread#4"                     [id=23052, stack(0x0000003076600000,0x0000003076700000) (1024K)]
  0x00000247b57cc750 WorkerThread "GC Thread#5"                     [id=26944, stack(0x0000003076700000,0x0000003076800000) (1024K)]
  0x00000247b57cb610 WorkerThread "GC Thread#6"                     [id=23112, stack(0x0000003076800000,0x0000003076900000) (1024K)]
  0x00000247b57cad70 WorkerThread "GC Thread#7"                     [id=16428, stack(0x0000003076900000,0x0000003076a00000) (1024K)]
  0x000002149a4fbf30 ConcurrentGCThread "G1 Main Marker"            [id=11224, stack(0x0000003074f00000,0x0000003075000000) (1024K)]
  0x000002149a4fd9c0 WorkerThread "G1 Conc#0"                       [id=26572, stack(0x0000003075000000,0x0000003075100000) (1024K)]
  0x00000247b6ee8910 WorkerThread "G1 Conc#1"                       [id=20632, stack(0x0000003077100000,0x0000003077200000) (1024K)]
  0x00000214b2db0420 ConcurrentGCThread "G1 Refine#0"               [id=16100, stack(0x0000003075100000,0x0000003075200000) (1024K)]
  0x00000247b75c7c20 ConcurrentGCThread "G1 Refine#1"               [id=21236, stack(0x0000003074b00000,0x0000003074c00000) (1024K)]
  0x00000214b2db2f40 ConcurrentGCThread "G1 Service"                [id=8784, stack(0x0000003075200000,0x0000003075300000) (1024K)]
Total: 16

Threads with active compile tasks:
C2 CompilerThread0  1059327 9073       4       java.lang.Class::descriptorString (137 bytes)
Total: 1

VM state: not at safepoint (normal execution)

VM Mutex/Monitor currently owned by a thread:  ([mutex/lock_event])
[0x00007ffafabd92e8] ThreadsLockThrottle_lock - owner thread: 0x0000021498185ea0
[0x00007ffafabd95e8] Threads_lock - owner thread: 0x0000021498185ea0

CDS archive(s) mapped at: [0x0000000094000000-0x0000000094dd0000-0x0000000094dd0000), size 14483456, SharedBaseAddress: 0x0000000094000000, ArchiveRelocationMode: 1.
Compressed class space mapped at: 0x0000000095000000-0x00000000d5000000, reserved size: 1073741824
UseCompressedClassPointers 1, UseCompactObjectHeaders 0
Narrow klass pointer bits 32, Max shift 3
Narrow klass base: 0x0000000094000000, Narrow klass shift: 0
Encoding Range: [0x0000000094000000 - 0x0000000194000000), (4294967296 bytes)
Klass Range:    [0x0000000094010000 - 0x00000000d5000000), (1090453504 bytes)
Klass ID Range:  [65536 - 1090519033) (1090453497)
Protection zone: [0x0000000094000000 - 0x0000000094010000), (65536 bytes)

GC Precious Log:
 CardTable entry size: 512
 Card Set container configuration: InlinePtr #cards 3 size 8 Array Of Cards #cards 256 size 528 Howl #buckets 8 coarsen threshold 58982 Howl Bitmap #cards 8192 size 1040 coarsen threshold 7372 Card regions per heap region 1 cards per card region 65536
 CPUs: 8 total, 8 available
 Memory: 40678M
 Large Page Support: Disabled
 NUMA Support: Disabled
 Compressed Oops: Disabled
 Heap Region Size: 32M
 Heap Min Capacity: 100G
 Heap Initial Capacity: 100G
 Heap Max Capacity: 200G
 Pre-touch: Disabled
 Parallel Workers: 8
 Concurrent Workers: 2
 Concurrent Refinement Workers: 8
 Periodic GC: Disabled

Heap:
 garbage-first heap   total reserved 209715200K, committed 145195008K, used 45383680K [0x00000214b4000000, 0x00000246b4000000)
  region size 32768K, 93 young (3047424K), 28 survivors (917504K)

Heap Regions: E=young(eden), S=young(survivor), O=old, HS=humongous(starts), HC=humongous(continues), CS=collection set, F=free, TAMS=top-at-mark-start, PB=parsable bottom
|   0|0x00000214b4000000, 0x00000214b6000000, 0x00000214b6000000|100%|HS|  |TAMS 0x00000214b6000000| PB 0x00000214b4000000| Complete |  0
|   1|0x00000214b6000000, 0x00000214b8000000, 0x00000214b8000000|100%| O|  |TAMS 0x00000214b8000000| PB 0x00000214b6000000| Untracked |  0
|   2|0x00000214b8000000, 0x00000214ba000000, 0x00000214ba000000|100%| O|  |TAMS 0x00000214ba000000| PB 0x00000214b8000000| Untracked |  0
|   3|0x00000214ba000000, 0x00000214bc000000, 0x00000214bc000000|100%| O|  |TAMS 0x00000214bc000000| PB 0x00000214ba000000| Untracked |  0
|   4|0x00000214bc000000, 0x00000214be000000, 0x00000214be000000|100%| O|  |TAMS 0x00000214be000000| PB 0x00000214bc000000| Untracked |  0
|   5|0x00000214be000000, 0x00000214c0000000, 0x00000214c0000000|100%| O|  |TAMS 0x00000214c0000000| PB 0x00000214be000000| Untracked |  0
|   6|0x00000214c0000000, 0x00000214c2000000, 0x00000214c2000000|100%| O|  |TAMS 0x00000214c2000000| PB 0x00000214c0000000| Untracked |  0
|   7|0x00000214c2000000, 0x00000214c4000000, 0x00000214c4000000|100%| O|  |TAMS 0x00000214c4000000| PB 0x00000214c2000000| Untracked |  0
|   8|0x00000214c4000000, 0x00000214c6000000, 0x00000214c6000000|100%| O|  |TAMS 0x00000214c6000000| PB 0x00000214c4000000| Untracked |  0
|   9|0x00000214c6000000, 0x00000214c8000000, 0x00000214c8000000|100%| O|  |TAMS 0x00000214c8000000| PB 0x00000214c6000000| Untracked |  0
|  10|0x00000214c8000000, 0x00000214ca000000, 0x00000214ca000000|100%| O|  |TAMS 0x00000214ca000000| PB 0x00000214c8000000| Untracked |  0
|  11|0x00000214ca000000, 0x00000214cc000000, 0x00000214cc000000|100%| O|  |TAMS 0x00000214cc000000| PB 0x00000214ca000000| Untracked |  0
|  12|0x00000214cc000000, 0x00000214ce000000, 0x00000214ce000000|100%| O|  |TAMS 0x00000214ce000000| PB 0x00000214cc000000| Untracked |  0
|  13|0x00000214ce000000, 0x00000214d0000000, 0x00000214d0000000|100%| O|  |TAMS 0x00000214d0000000| PB 0x00000214ce000000| Untracked |  0
|  14|0x00000214d0000000, 0x00000214d2000000, 0x00000214d2000000|100%| O|  |TAMS 0x00000214d2000000| PB 0x00000214d0000000| Untracked |  0
|  15|0x00000214d2000000, 0x00000214d4000000, 0x00000214d4000000|100%| O|  |TAMS 0x00000214d4000000| PB 0x00000214d2000000| Untracked |  0
|  16|0x00000214d4000000, 0x00000214d6000000, 0x00000214d6000000|100%| O|  |TAMS 0x00000214d6000000| PB 0x00000214d4000000| Untracked |  0
|  17|0x00000214d6000000, 0x00000214d8000000, 0x00000214d8000000|100%| O|  |TAMS 0x00000214d8000000| PB 0x00000214d6000000| Untracked |  0
|  18|0x00000214d8000000, 0x00000214da000000, 0x00000214da000000|100%| O|  |TAMS 0x00000214da000000| PB 0x00000214d8000000| Untracked |  0
|  19|0x00000214da000000, 0x00000214dc000000, 0x00000214dc000000|100%| O|  |TAMS 0x00000214dc000000| PB 0x00000214da000000| Untracked |  0
|  20|0x00000214dc000000, 0x00000214de000000, 0x00000214de000000|100%| O|  |TAMS 0x00000214de000000| PB 0x00000214dc000000| Untracked |  0
|  21|0x00000214de000000, 0x00000214e0000000, 0x00000214e0000000|100%| O|  |TAMS 0x00000214e0000000| PB 0x00000214de000000| Untracked |  0
|  22|0x00000214e0000000, 0x00000214e2000000, 0x00000214e2000000|100%| O|  |TAMS 0x00000214e2000000| PB 0x00000214e0000000| Untracked |  0
|  23|0x00000214e2000000, 0x00000214e4000000, 0x00000214e4000000|100%| O|  |TAMS 0x00000214e4000000| PB 0x00000214e2000000| Untracked |  0
|  24|0x00000214e4000000, 0x00000214e6000000, 0x00000214e6000000|100%| O|  |TAMS 0x00000214e6000000| PB 0x00000214e4000000| Untracked |  0
|  25|0x00000214e6000000, 0x00000214e8000000, 0x00000214e8000000|100%| O|  |TAMS 0x00000214e8000000| PB 0x00000214e6000000| Untracked |  0
|  26|0x00000214e8000000, 0x00000214ea000000, 0x00000214ea000000|100%| O|  |TAMS 0x00000214ea000000| PB 0x00000214e8000000| Untracked |  0
|  27|0x00000214ea000000, 0x00000214ec000000, 0x00000214ec000000|100%| O|  |TAMS 0x00000214ec000000| PB 0x00000214ea000000| Untracked |  0
|  28|0x00000214ec000000, 0x00000214ee000000, 0x00000214ee000000|100%| O|  |TAMS 0x00000214ee000000| PB 0x00000214ec000000| Untracked |  0
|  29|0x00000214ee000000, 0x00000214f0000000, 0x00000214f0000000|100%| O|  |TAMS 0x00000214f0000000| PB 0x00000214ee000000| Untracked |  0
|  30|0x00000214f0000000, 0x00000214f2000000, 0x00000214f2000000|100%| O|  |TAMS 0x00000214f2000000| PB 0x00000214f0000000| Untracked |  0
|  31|0x00000214f2000000, 0x00000214f4000000, 0x00000214f4000000|100%| O|  |TAMS 0x00000214f4000000| PB 0x00000214f2000000| Untracked |  0
|  32|0x00000214f4000000, 0x00000214f6000000, 0x00000214f6000000|100%| O|  |TAMS 0x00000214f6000000| PB 0x00000214f4000000| Untracked |  0
|  33|0x00000214f6000000, 0x00000214f8000000, 0x00000214f8000000|100%| O|  |TAMS 0x00000214f8000000| PB 0x00000214f6000000| Untracked |  0
|  34|0x00000214f8000000, 0x00000214fa000000, 0x00000214fa000000|100%| O|  |TAMS 0x00000214fa000000| PB 0x00000214f8000000| Untracked |  0
|  35|0x00000214fa000000, 0x00000214fc000000, 0x00000214fc000000|100%| O|  |TAMS 0x00000214fc000000| PB 0x00000214fa000000| Untracked |  0
|  36|0x00000214fc000000, 0x00000214fe000000, 0x00000214fe000000|100%| O|  |TAMS 0x00000214fe000000| PB 0x00000214fc000000| Untracked |  0
|  37|0x00000214fe000000, 0x0000021500000000, 0x0000021500000000|100%| O|  |TAMS 0x0000021500000000| PB 0x00000214fe000000| Untracked |  0
|  38|0x0000021500000000, 0x0000021502000000, 0x0000021502000000|100%| O|  |TAMS 0x0000021502000000| PB 0x0000021500000000| Untracked |  0
|  39|0x0000021502000000, 0x0000021504000000, 0x0000021504000000|100%| O|  |TAMS 0x0000021504000000| PB 0x0000021502000000| Untracked |  0
|  40|0x0000021504000000, 0x0000021506000000, 0x0000021506000000|100%| O|  |TAMS 0x0000021506000000| PB 0x0000021504000000| Untracked |  0
|  41|0x0000021506000000, 0x0000021508000000, 0x0000021508000000|100%| O|  |TAMS 0x0000021508000000| PB 0x0000021506000000| Untracked |  0
|  42|0x0000021508000000, 0x000002150a000000, 0x000002150a000000|100%| O|  |TAMS 0x000002150a000000| PB 0x0000021508000000| Untracked |  0
|  43|0x000002150a000000, 0x000002150c000000, 0x000002150c000000|100%| O|  |TAMS 0x000002150c000000| PB 0x000002150a000000| Untracked |  0
|  44|0x000002150c000000, 0x000002150e000000, 0x000002150e000000|100%| O|  |TAMS 0x000002150e000000| PB 0x000002150c000000| Untracked |  0
|  45|0x000002150e000000, 0x0000021510000000, 0x0000021510000000|100%| O|  |TAMS 0x0000021510000000| PB 0x000002150e000000| Untracked |  0
|  46|0x0000021510000000, 0x0000021512000000, 0x0000021512000000|100%| O|  |TAMS 0x0000021512000000| PB 0x0000021510000000| Untracked |  0
|  47|0x0000021512000000, 0x0000021514000000, 0x0000021514000000|100%| O|  |TAMS 0x0000021514000000| PB 0x0000021512000000| Untracked |  0
|  48|0x0000021514000000, 0x0000021516000000, 0x0000021516000000|100%| O|  |TAMS 0x0000021516000000| PB 0x0000021514000000| Untracked |  0
|  49|0x0000021516000000, 0x0000021518000000, 0x0000021518000000|100%| O|  |TAMS 0x0000021518000000| PB 0x0000021516000000| Untracked |  0
|  50|0x0000021518000000, 0x000002151a000000, 0x000002151a000000|100%| O|  |TAMS 0x000002151a000000| PB 0x0000021518000000| Untracked |  0
|  51|0x000002151a000000, 0x000002151c000000, 0x000002151c000000|100%| O|  |TAMS 0x000002151c000000| PB 0x000002151a000000| Untracked |  0
|  52|0x000002151c000000, 0x000002151e000000, 0x000002151e000000|100%| O|  |TAMS 0x000002151e000000| PB 0x000002151c000000| Untracked |  0
|  53|0x000002151e000000, 0x0000021520000000, 0x0000021520000000|100%| O|  |TAMS 0x0000021520000000| PB 0x000002151e000000| Untracked |  0
|  54|0x0000021520000000, 0x0000021522000000, 0x0000021522000000|100%| O|  |TAMS 0x0000021522000000| PB 0x0000021520000000| Untracked |  0
|  55|0x0000021522000000, 0x0000021524000000, 0x0000021524000000|100%| O|  |TAMS 0x0000021524000000| PB 0x0000021522000000| Untracked |  0
|  56|0x0000021524000000, 0x0000021526000000, 0x0000021526000000|100%| O|  |TAMS 0x0000021526000000| PB 0x0000021524000000| Untracked |  0
|  57|0x0000021526000000, 0x0000021528000000, 0x0000021528000000|100%| O|  |TAMS 0x0000021528000000| PB 0x0000021526000000| Untracked |  0
|  58|0x0000021528000000, 0x000002152a000000, 0x000002152a000000|100%| O|  |TAMS 0x000002152a000000| PB 0x0000021528000000| Untracked |  0
|  59|0x000002152a000000, 0x000002152c000000, 0x000002152c000000|100%| O|  |TAMS 0x000002152c000000| PB 0x000002152a000000| Untracked |  0
|  60|0x000002152c000000, 0x000002152e000000, 0x000002152e000000|100%| O|  |TAMS 0x000002152e000000| PB 0x000002152c000000| Untracked |  0
|  61|0x000002152e000000, 0x0000021530000000, 0x0000021530000000|100%| O|  |TAMS 0x0000021530000000| PB 0x000002152e000000| Untracked |  0
|  62|0x0000021530000000, 0x0000021532000000, 0x0000021532000000|100%| O|  |TAMS 0x0000021532000000| PB 0x0000021530000000| Untracked |  0
|  63|0x0000021532000000, 0x0000021534000000, 0x0000021534000000|100%| O|  |TAMS 0x0000021534000000| PB 0x0000021532000000| Untracked |  0
|  64|0x0000021534000000, 0x0000021536000000, 0x0000021536000000|100%| O|  |TAMS 0x0000021536000000| PB 0x0000021534000000| Untracked |  0
|  65|0x0000021536000000, 0x0000021538000000, 0x0000021538000000|100%| O|  |TAMS 0x0000021538000000| PB 0x0000021536000000| Untracked |  0
|  66|0x0000021538000000, 0x000002153a000000, 0x000002153a000000|100%| O|  |TAMS 0x000002153a000000| PB 0x0000021538000000| Untracked |  0
|  67|0x000002153a000000, 0x000002153c000000, 0x000002153c000000|100%| O|  |TAMS 0x000002153c000000| PB 0x000002153a000000| Untracked |  0
|  68|0x000002153c000000, 0x000002153e000000, 0x000002153e000000|100%| O|  |TAMS 0x000002153e000000| PB 0x000002153c000000| Untracked |  0
|  69|0x000002153e000000, 0x0000021540000000, 0x0000021540000000|100%| O|  |TAMS 0x0000021540000000| PB 0x000002153e000000| Untracked |  0
|  70|0x0000021540000000, 0x0000021542000000, 0x0000021542000000|100%| O|  |TAMS 0x0000021542000000| PB 0x0000021540000000| Untracked |  0
|  71|0x0000021542000000, 0x0000021544000000, 0x0000021544000000|100%| O|  |TAMS 0x0000021544000000| PB 0x0000021542000000| Untracked |  0
|  72|0x0000021544000000, 0x0000021546000000, 0x0000021546000000|100%| O|  |TAMS 0x0000021546000000| PB 0x0000021544000000| Untracked |  0
|  73|0x0000021546000000, 0x0000021548000000, 0x0000021548000000|100%| O|  |TAMS 0x0000021548000000| PB 0x0000021546000000| Untracked |  0
|  74|0x0000021548000000, 0x000002154a000000, 0x000002154a000000|100%| O|  |TAMS 0x000002154a000000| PB 0x0000021548000000| Untracked |  0
|  75|0x000002154a000000, 0x000002154c000000, 0x000002154c000000|100%| O|  |TAMS 0x000002154c000000| PB 0x000002154a000000| Untracked |  0
|  76|0x000002154c000000, 0x000002154e000000, 0x000002154e000000|100%| O|  |TAMS 0x000002154e000000| PB 0x000002154c000000| Untracked |  0
|  77|0x000002154e000000, 0x0000021550000000, 0x0000021550000000|100%| O|  |TAMS 0x0000021550000000| PB 0x000002154e000000| Untracked |  0
|  78|0x0000021550000000, 0x0000021552000000, 0x0000021552000000|100%| O|  |TAMS 0x0000021552000000| PB 0x0000021550000000| Untracked |  0
|  79|0x0000021552000000, 0x0000021554000000, 0x0000021554000000|100%| O|  |TAMS 0x0000021554000000| PB 0x0000021552000000| Untracked |  0
|  80|0x0000021554000000, 0x0000021556000000, 0x0000021556000000|100%| O|  |TAMS 0x0000021556000000| PB 0x0000021554000000| Untracked |  0
|  81|0x0000021556000000, 0x0000021558000000, 0x0000021558000000|100%|HS|  |TAMS 0x0000021558000000| PB 0x0000021556000000| Complete |  0
|  82|0x0000021558000000, 0x000002155a000000, 0x000002155a000000|100%|HC|  |TAMS 0x000002155a000000| PB 0x0000021558000000| Complete |  0
|  83|0x000002155a000000, 0x000002155c000000, 0x000002155c000000|100%|HC|  |TAMS 0x000002155c000000| PB 0x000002155a000000| Complete |  0
|  84|0x000002155c000000, 0x000002155e000000, 0x000002155e000000|100%|HC|  |TAMS 0x000002155e000000| PB 0x000002155c000000| Complete |  0
|  85|0x000002155e000000, 0x0000021560000000, 0x0000021560000000|100%|HC|  |TAMS 0x0000021560000000| PB 0x000002155e000000| Complete |  0
|  86|0x0000021560000000, 0x0000021562000000, 0x0000021562000000|100%| O|  |TAMS 0x0000021562000000| PB 0x0000021560000000| Untracked |  0
|  87|0x0000021562000000, 0x0000021564000000, 0x0000021564000000|100%| O|  |TAMS 0x0000021564000000| PB 0x0000021562000000| Untracked |  0
|  88|0x0000021564000000, 0x0000021566000000, 0x0000021566000000|100%| O|  |TAMS 0x0000021566000000| PB 0x0000021564000000| Untracked |  0
|  89|0x0000021566000000, 0x0000021568000000, 0x0000021568000000|100%| O|  |TAMS 0x0000021568000000| PB 0x0000021566000000| Untracked |  0
|  90|0x0000021568000000, 0x000002156a000000, 0x000002156a000000|100%| O|  |TAMS 0x000002156a000000| PB 0x0000021568000000| Untracked |  0
|  91|0x000002156a000000, 0x000002156c000000, 0x000002156c000000|100%| O|  |TAMS 0x000002156c000000| PB 0x000002156a000000| Untracked |  0
|  92|0x000002156c000000, 0x000002156e000000, 0x000002156e000000|100%| O|  |TAMS 0x000002156e000000| PB 0x000002156c000000| Untracked |  0
|  93|0x000002156e000000, 0x0000021570000000, 0x0000021570000000|100%| O|  |TAMS 0x0000021570000000| PB 0x000002156e000000| Untracked |  0
|  94|0x0000021570000000, 0x0000021572000000, 0x0000021572000000|100%| O|  |TAMS 0x0000021572000000| PB 0x0000021570000000| Untracked |  0
|  95|0x0000021572000000, 0x0000021574000000, 0x0000021574000000|100%| O|  |TAMS 0x0000021574000000| PB 0x0000021572000000| Untracked |  0
|  96|0x0000021574000000, 0x0000021576000000, 0x0000021576000000|100%| O|  |TAMS 0x0000021576000000| PB 0x0000021574000000| Untracked |  0
|  97|0x0000021576000000, 0x0000021578000000, 0x0000021578000000|100%| O|  |TAMS 0x0000021578000000| PB 0x0000021576000000| Untracked |  0
|  98|0x0000021578000000, 0x000002157a000000, 0x000002157a000000|100%| O|  |TAMS 0x000002157a000000| PB 0x0000021578000000| Untracked |  0
|  99|0x000002157a000000, 0x000002157c000000, 0x000002157c000000|100%| O|  |TAMS 0x000002157c000000| PB 0x000002157a000000| Untracked |  0
| 100|0x000002157c000000, 0x000002157e000000, 0x000002157e000000|100%| O|  |TAMS 0x000002157e000000| PB 0x000002157c000000| Untracked |  0
| 101|0x000002157e000000, 0x0000021580000000, 0x0000021580000000|100%| O|  |TAMS 0x0000021580000000| PB 0x000002157e000000| Untracked |  0
| 102|0x0000021580000000, 0x0000021582000000, 0x0000021582000000|100%| O|  |TAMS 0x0000021582000000| PB 0x0000021580000000| Untracked |  0
| 103|0x0000021582000000, 0x0000021584000000, 0x0000021584000000|100%| O|  |TAMS 0x0000021584000000| PB 0x0000021582000000| Untracked |  0
| 104|0x0000021584000000, 0x0000021586000000, 0x0000021586000000|100%| O|  |TAMS 0x0000021586000000| PB 0x0000021584000000| Untracked |  0
| 105|0x0000021586000000, 0x0000021588000000, 0x0000021588000000|100%| O|  |TAMS 0x0000021588000000| PB 0x0000021586000000| Untracked |  0
| 106|0x0000021588000000, 0x000002158a000000, 0x000002158a000000|100%| O|  |TAMS 0x000002158a000000| PB 0x0000021588000000| Untracked |  0
| 107|0x000002158a000000, 0x000002158c000000, 0x000002158c000000|100%| O|  |TAMS 0x000002158c000000| PB 0x000002158a000000| Untracked |  0
| 108|0x000002158c000000, 0x000002158e000000, 0x000002158e000000|100%| O|  |TAMS 0x000002158e000000| PB 0x000002158c000000| Untracked |  0
| 109|0x000002158e000000, 0x0000021590000000, 0x0000021590000000|100%| O|  |TAMS 0x0000021590000000| PB 0x000002158e000000| Untracked |  0
| 110|0x0000021590000000, 0x0000021592000000, 0x0000021592000000|100%| O|  |TAMS 0x0000021592000000| PB 0x0000021590000000| Untracked |  0
| 111|0x0000021592000000, 0x0000021594000000, 0x0000021594000000|100%| O|  |TAMS 0x0000021594000000| PB 0x0000021592000000| Untracked |  0
| 112|0x0000021594000000, 0x0000021596000000, 0x0000021596000000|100%| O|  |TAMS 0x0000021596000000| PB 0x0000021594000000| Untracked |  0
| 113|0x0000021596000000, 0x0000021598000000, 0x0000021598000000|100%| O|  |TAMS 0x0000021598000000| PB 0x0000021596000000| Untracked |  0
| 114|0x0000021598000000, 0x000002159a000000, 0x000002159a000000|100%| O|  |TAMS 0x000002159a000000| PB 0x0000021598000000| Untracked |  0
| 115|0x000002159a000000, 0x000002159c000000, 0x000002159c000000|100%| O|  |TAMS 0x000002159c000000| PB 0x000002159a000000| Untracked |  0
| 116|0x000002159c000000, 0x000002159e000000, 0x000002159e000000|100%| O|  |TAMS 0x000002159e000000| PB 0x000002159c000000| Untracked |  0
| 117|0x000002159e000000, 0x00000215a0000000, 0x00000215a0000000|100%| O|  |TAMS 0x00000215a0000000| PB 0x000002159e000000| Untracked |  0
| 118|0x00000215a0000000, 0x00000215a2000000, 0x00000215a2000000|100%| O|  |TAMS 0x00000215a2000000| PB 0x00000215a0000000| Untracked |  0
| 119|0x00000215a2000000, 0x00000215a4000000, 0x00000215a4000000|100%| O|  |TAMS 0x00000215a4000000| PB 0x00000215a2000000| Untracked |  0
| 120|0x00000215a4000000, 0x00000215a6000000, 0x00000215a6000000|100%| O|  |TAMS 0x00000215a6000000| PB 0x00000215a4000000| Untracked |  0
| 121|0x00000215a6000000, 0x00000215a8000000, 0x00000215a8000000|100%| O|  |TAMS 0x00000215a8000000| PB 0x00000215a6000000| Untracked |  0
| 122|0x00000215a8000000, 0x00000215aa000000, 0x00000215aa000000|100%| O|  |TAMS 0x00000215aa000000| PB 0x00000215a8000000| Untracked |  0
| 123|0x00000215aa000000, 0x00000215ac000000, 0x00000215ac000000|100%| O|  |TAMS 0x00000215ac000000| PB 0x00000215aa000000| Untracked |  0
| 124|0x00000215ac000000, 0x00000215ae000000, 0x00000215ae000000|100%| O|  |TAMS 0x00000215ae000000| PB 0x00000215ac000000| Untracked |  0
| 125|0x00000215ae000000, 0x00000215b0000000, 0x00000215b0000000|100%| O|  |TAMS 0x00000215b0000000| PB 0x00000215ae000000| Untracked |  0
| 126|0x00000215b0000000, 0x00000215b2000000, 0x00000215b2000000|100%| O|  |TAMS 0x00000215b2000000| PB 0x00000215b0000000| Untracked |  0
| 127|0x00000215b2000000, 0x00000215b4000000, 0x00000215b4000000|100%| O|  |TAMS 0x00000215b4000000| PB 0x00000215b2000000| Untracked |  0
| 128|0x00000215b4000000, 0x00000215b6000000, 0x00000215b6000000|100%| O|  |TAMS 0x00000215b6000000| PB 0x00000215b4000000| Untracked |  0
| 129|0x00000215b6000000, 0x00000215b8000000, 0x00000215b8000000|100%| O|  |TAMS 0x00000215b8000000| PB 0x00000215b6000000| Untracked |  0
| 130|0x00000215b8000000, 0x00000215ba000000, 0x00000215ba000000|100%| O|  |TAMS 0x00000215ba000000| PB 0x00000215b8000000| Untracked |  0
| 131|0x00000215ba000000, 0x00000215bc000000, 0x00000215bc000000|100%| O|  |TAMS 0x00000215bc000000| PB 0x00000215ba000000| Untracked |  0
| 132|0x00000215bc000000, 0x00000215be000000, 0x00000215be000000|100%| O|  |TAMS 0x00000215be000000| PB 0x00000215bc000000| Untracked |  0
| 133|0x00000215be000000, 0x00000215c0000000, 0x00000215c0000000|100%| O|  |TAMS 0x00000215c0000000| PB 0x00000215be000000| Untracked |  0
| 134|0x00000215c0000000, 0x00000215c2000000, 0x00000215c2000000|100%| O|  |TAMS 0x00000215c2000000| PB 0x00000215c0000000| Untracked |  0
| 135|0x00000215c2000000, 0x00000215c4000000, 0x00000215c4000000|100%| O|  |TAMS 0x00000215c4000000| PB 0x00000215c2000000| Untracked |  0
| 136|0x00000215c4000000, 0x00000215c6000000, 0x00000215c6000000|100%| O|  |TAMS 0x00000215c6000000| PB 0x00000215c4000000| Untracked |  0
| 137|0x00000215c6000000, 0x00000215c8000000, 0x00000215c8000000|100%| O|  |TAMS 0x00000215c8000000| PB 0x00000215c6000000| Untracked |  0
| 138|0x00000215c8000000, 0x00000215ca000000, 0x00000215ca000000|100%| O|  |TAMS 0x00000215ca000000| PB 0x00000215c8000000| Untracked |  0
| 139|0x00000215ca000000, 0x00000215cc000000, 0x00000215cc000000|100%| O|  |TAMS 0x00000215cc000000| PB 0x00000215ca000000| Untracked |  0
| 140|0x00000215cc000000, 0x00000215ce000000, 0x00000215ce000000|100%| O|  |TAMS 0x00000215ce000000| PB 0x00000215cc000000| Untracked |  0
| 141|0x00000215ce000000, 0x00000215d0000000, 0x00000215d0000000|100%| O|  |TAMS 0x00000215d0000000| PB 0x00000215ce000000| Untracked |  0
| 142|0x00000215d0000000, 0x00000215d2000000, 0x00000215d2000000|100%| O|  |TAMS 0x00000215d2000000| PB 0x00000215d0000000| Untracked |  0
| 143|0x00000215d2000000, 0x00000215d4000000, 0x00000215d4000000|100%| O|  |TAMS 0x00000215d4000000| PB 0x00000215d2000000| Untracked |  0
| 144|0x00000215d4000000, 0x00000215d6000000, 0x00000215d6000000|100%| O|  |TAMS 0x00000215d6000000| PB 0x00000215d4000000| Untracked |  0
| 145|0x00000215d6000000, 0x00000215d8000000, 0x00000215d8000000|100%| O|  |TAMS 0x00000215d8000000| PB 0x00000215d6000000| Untracked |  0
| 146|0x00000215d8000000, 0x00000215da000000, 0x00000215da000000|100%| O|  |TAMS 0x00000215da000000| PB 0x00000215d8000000| Untracked |  0
| 147|0x00000215da000000, 0x00000215dc000000, 0x00000215dc000000|100%| O|  |TAMS 0x00000215dc000000| PB 0x00000215da000000| Untracked |  0
| 148|0x00000215dc000000, 0x00000215de000000, 0x00000215de000000|100%| O|  |TAMS 0x00000215de000000| PB 0x00000215dc000000| Untracked |  0
| 149|0x00000215de000000, 0x00000215e0000000, 0x00000215e0000000|100%| O|  |TAMS 0x00000215e0000000| PB 0x00000215de000000| Untracked |  0
| 150|0x00000215e0000000, 0x00000215e2000000, 0x00000215e2000000|100%| O|  |TAMS 0x00000215e2000000| PB 0x00000215e0000000| Untracked |  0
| 151|0x00000215e2000000, 0x00000215e4000000, 0x00000215e4000000|100%| O|  |TAMS 0x00000215e4000000| PB 0x00000215e2000000| Untracked |  0
| 152|0x00000215e4000000, 0x00000215e6000000, 0x00000215e6000000|100%| O|  |TAMS 0x00000215e6000000| PB 0x00000215e4000000| Untracked |  0
| 153|0x00000215e6000000, 0x00000215e8000000, 0x00000215e8000000|100%| O|  |TAMS 0x00000215e8000000| PB 0x00000215e6000000| Untracked |  0
| 154|0x00000215e8000000, 0x00000215ea000000, 0x00000215ea000000|100%|HS|  |TAMS 0x00000215ea000000| PB 0x00000215e8000000| Complete |  0
| 155|0x00000215ea000000, 0x00000215ec000000, 0x00000215ec000000|100%|HC|  |TAMS 0x00000215ec000000| PB 0x00000215ea000000| Complete |  0
| 156|0x00000215ec000000, 0x00000215ee000000, 0x00000215ee000000|100%|HC|  |TAMS 0x00000215ee000000| PB 0x00000215ec000000| Complete |  0
| 157|0x00000215ee000000, 0x00000215f0000000, 0x00000215f0000000|100%|HS|  |TAMS 0x00000215f0000000| PB 0x00000215ee000000| Complete |  0
| 158|0x00000215f0000000, 0x00000215f2000000, 0x00000215f2000000|100%|HC|  |TAMS 0x00000215f2000000| PB 0x00000215f0000000| Complete |  0
| 159|0x00000215f2000000, 0x00000215f4000000, 0x00000215f4000000|100%|HC|  |TAMS 0x00000215f4000000| PB 0x00000215f2000000| Complete |  0
| 160|0x00000215f4000000, 0x00000215f6000000, 0x00000215f6000000|100%| O|  |TAMS 0x00000215f6000000| PB 0x00000215f4000000| Untracked |  0
| 161|0x00000215f6000000, 0x00000215f8000000, 0x00000215f8000000|100%| O|  |TAMS 0x00000215f8000000| PB 0x00000215f6000000| Untracked |  0
| 162|0x00000215f8000000, 0x00000215fa000000, 0x00000215fa000000|100%| O|  |TAMS 0x00000215fa000000| PB 0x00000215f8000000| Untracked |  0
| 163|0x00000215fa000000, 0x00000215fc000000, 0x00000215fc000000|100%| O|  |TAMS 0x00000215fc000000| PB 0x00000215fa000000| Untracked |  0
| 164|0x00000215fc000000, 0x00000215fe000000, 0x00000215fe000000|100%| O|  |TAMS 0x00000215fe000000| PB 0x00000215fc000000| Untracked |  0
| 165|0x00000215fe000000, 0x0000021600000000, 0x0000021600000000|100%| O|  |TAMS 0x0000021600000000| PB 0x00000215fe000000| Untracked |  0
| 166|0x0000021600000000, 0x0000021602000000, 0x0000021602000000|100%| O|  |TAMS 0x0000021602000000| PB 0x0000021600000000| Untracked |  0
| 167|0x0000021602000000, 0x0000021604000000, 0x0000021604000000|100%| O|  |TAMS 0x0000021604000000| PB 0x0000021602000000| Untracked |  0
| 168|0x0000021604000000, 0x0000021606000000, 0x0000021606000000|100%| O|  |TAMS 0x0000021606000000| PB 0x0000021604000000| Untracked |  0
| 169|0x0000021606000000, 0x0000021608000000, 0x0000021608000000|100%| O|  |TAMS 0x0000021608000000| PB 0x0000021606000000| Untracked |  0
| 170|0x0000021608000000, 0x000002160a000000, 0x000002160a000000|100%| O|  |TAMS 0x000002160a000000| PB 0x0000021608000000| Untracked |  0
| 171|0x000002160a000000, 0x000002160c000000, 0x000002160c000000|100%| O|  |TAMS 0x000002160c000000| PB 0x000002160a000000| Untracked |  0
| 172|0x000002160c000000, 0x000002160e000000, 0x000002160e000000|100%| O|  |TAMS 0x000002160e000000| PB 0x000002160c000000| Untracked |  0
| 173|0x000002160e000000, 0x0000021610000000, 0x0000021610000000|100%| O|  |TAMS 0x0000021610000000| PB 0x000002160e000000| Untracked |  0
| 174|0x0000021610000000, 0x0000021612000000, 0x0000021612000000|100%| O|  |TAMS 0x0000021612000000| PB 0x0000021610000000| Untracked |  0
| 175|0x0000021612000000, 0x0000021614000000, 0x0000021614000000|100%| O|  |TAMS 0x0000021614000000| PB 0x0000021612000000| Untracked |  0
| 176|0x0000021614000000, 0x0000021616000000, 0x0000021616000000|100%| O|  |TAMS 0x0000021616000000| PB 0x0000021614000000| Untracked |  0
| 177|0x0000021616000000, 0x0000021618000000, 0x0000021618000000|100%| O|  |TAMS 0x0000021618000000| PB 0x0000021616000000| Untracked |  0
| 178|0x0000021618000000, 0x000002161a000000, 0x000002161a000000|100%| O|  |TAMS 0x000002161a000000| PB 0x0000021618000000| Untracked |  0
| 179|0x000002161a000000, 0x000002161c000000, 0x000002161c000000|100%| O|  |TAMS 0x000002161c000000| PB 0x000002161a000000| Untracked |  0
| 180|0x000002161c000000, 0x000002161e000000, 0x000002161e000000|100%| O|  |TAMS 0x000002161e000000| PB 0x000002161c000000| Untracked |  0
| 181|0x000002161e000000, 0x0000021620000000, 0x0000021620000000|100%| O|  |TAMS 0x0000021620000000| PB 0x000002161e000000| Untracked |  0
| 182|0x0000021620000000, 0x0000021622000000, 0x0000021622000000|100%| O|  |TAMS 0x0000021622000000| PB 0x0000021620000000| Untracked |  0
| 183|0x0000021622000000, 0x0000021624000000, 0x0000021624000000|100%| O|  |TAMS 0x0000021624000000| PB 0x0000021622000000| Untracked |  0
| 184|0x0000021624000000, 0x0000021626000000, 0x0000021626000000|100%| O|  |TAMS 0x0000021626000000| PB 0x0000021624000000| Untracked |  0
| 185|0x0000021626000000, 0x0000021628000000, 0x0000021628000000|100%| O|  |TAMS 0x0000021628000000| PB 0x0000021626000000| Untracked |  0
| 186|0x0000021628000000, 0x000002162a000000, 0x000002162a000000|100%| O|  |TAMS 0x000002162a000000| PB 0x0000021628000000| Untracked |  0
| 187|0x000002162a000000, 0x000002162c000000, 0x000002162c000000|100%| O|  |TAMS 0x000002162c000000| PB 0x000002162a000000| Untracked |  0
| 188|0x000002162c000000, 0x000002162e000000, 0x000002162e000000|100%| O|  |TAMS 0x000002162e000000| PB 0x000002162c000000| Untracked |  0
| 189|0x000002162e000000, 0x0000021630000000, 0x0000021630000000|100%| O|  |TAMS 0x0000021630000000| PB 0x000002162e000000| Untracked |  0
| 190|0x0000021630000000, 0x0000021632000000, 0x0000021632000000|100%| O|  |TAMS 0x0000021632000000| PB 0x0000021630000000| Untracked |  0
| 191|0x0000021632000000, 0x0000021634000000, 0x0000021634000000|100%| O|  |TAMS 0x0000021634000000| PB 0x0000021632000000| Untracked |  0
| 192|0x0000021634000000, 0x0000021636000000, 0x0000021636000000|100%| O|  |TAMS 0x0000021636000000| PB 0x0000021634000000| Untracked |  0
| 193|0x0000021636000000, 0x0000021638000000, 0x0000021638000000|100%| O|  |TAMS 0x0000021638000000| PB 0x0000021636000000| Untracked |  0
| 194|0x0000021638000000, 0x000002163a000000, 0x000002163a000000|100%| O|  |TAMS 0x000002163a000000| PB 0x0000021638000000| Untracked |  0
| 195|0x000002163a000000, 0x000002163c000000, 0x000002163c000000|100%| O|  |TAMS 0x000002163c000000| PB 0x000002163a000000| Untracked |  0
| 196|0x000002163c000000, 0x000002163e000000, 0x000002163e000000|100%| O|  |TAMS 0x000002163e000000| PB 0x000002163c000000| Untracked |  0
| 197|0x000002163e000000, 0x0000021640000000, 0x0000021640000000|100%| O|  |TAMS 0x0000021640000000| PB 0x000002163e000000| Untracked |  0
| 198|0x0000021640000000, 0x0000021642000000, 0x0000021642000000|100%| O|  |TAMS 0x0000021642000000| PB 0x0000021640000000| Untracked |  0
| 199|0x0000021642000000, 0x0000021644000000, 0x0000021644000000|100%| O|  |TAMS 0x0000021644000000| PB 0x0000021642000000| Untracked |  0
| 200|0x0000021644000000, 0x0000021646000000, 0x0000021646000000|100%| O|  |TAMS 0x0000021646000000| PB 0x0000021644000000| Untracked |  0
| 201|0x0000021646000000, 0x0000021648000000, 0x0000021648000000|100%|HS|  |TAMS 0x0000021648000000| PB 0x0000021646000000| Complete |  0
| 202|0x0000021648000000, 0x000002164a000000, 0x000002164a000000|100%| O|  |TAMS 0x000002164a000000| PB 0x0000021648000000| Untracked |  0
| 203|0x000002164a000000, 0x000002164c000000, 0x000002164c000000|100%| O|  |TAMS 0x000002164c000000| PB 0x000002164a000000| Untracked |  0
| 204|0x000002164c000000, 0x000002164e000000, 0x000002164e000000|100%| O|  |TAMS 0x000002164e000000| PB 0x000002164c000000| Untracked |  0
| 205|0x000002164e000000, 0x0000021650000000, 0x0000021650000000|100%| O|  |TAMS 0x0000021650000000| PB 0x000002164e000000| Untracked |  0
| 206|0x0000021650000000, 0x0000021652000000, 0x0000021652000000|100%| O|  |TAMS 0x0000021652000000| PB 0x0000021650000000| Untracked |  0
| 207|0x0000021652000000, 0x0000021654000000, 0x0000021654000000|100%| O|  |TAMS 0x0000021654000000| PB 0x0000021652000000| Untracked |  0
| 208|0x0000021654000000, 0x0000021656000000, 0x0000021656000000|100%| O|  |TAMS 0x0000021656000000| PB 0x0000021654000000| Untracked |  0
| 209|0x0000021656000000, 0x0000021658000000, 0x0000021658000000|100%| O|  |TAMS 0x0000021658000000| PB 0x0000021656000000| Untracked |  0
| 210|0x0000021658000000, 0x000002165a000000, 0x000002165a000000|100%| O|  |TAMS 0x000002165a000000| PB 0x0000021658000000| Untracked |  0
| 211|0x000002165a000000, 0x000002165c000000, 0x000002165c000000|100%| O|  |TAMS 0x000002165c000000| PB 0x000002165a000000| Untracked |  0
| 212|0x000002165c000000, 0x000002165e000000, 0x000002165e000000|100%| O|  |TAMS 0x000002165e000000| PB 0x000002165c000000| Untracked |  0
| 213|0x000002165e000000, 0x0000021660000000, 0x0000021660000000|100%| O|  |TAMS 0x0000021660000000| PB 0x000002165e000000| Untracked |  0
| 214|0x0000021660000000, 0x0000021662000000, 0x0000021662000000|100%| O|  |TAMS 0x0000021662000000| PB 0x0000021660000000| Untracked |  0
| 215|0x0000021662000000, 0x0000021664000000, 0x0000021664000000|100%| O|  |TAMS 0x0000021664000000| PB 0x0000021662000000| Untracked |  0
| 216|0x0000021664000000, 0x0000021666000000, 0x0000021666000000|100%| O|  |TAMS 0x0000021666000000| PB 0x0000021664000000| Untracked |  0
| 217|0x0000021666000000, 0x0000021668000000, 0x0000021668000000|100%| O|  |TAMS 0x0000021668000000| PB 0x0000021666000000| Untracked |  0
| 218|0x0000021668000000, 0x000002166a000000, 0x000002166a000000|100%| O|  |TAMS 0x000002166a000000| PB 0x0000021668000000| Untracked |  0
| 219|0x000002166a000000, 0x000002166c000000, 0x000002166c000000|100%| O|  |TAMS 0x000002166c000000| PB 0x000002166a000000| Untracked |  0
| 220|0x000002166c000000, 0x000002166e000000, 0x000002166e000000|100%| O|  |TAMS 0x000002166e000000| PB 0x000002166c000000| Untracked |  0
| 221|0x000002166e000000, 0x0000021670000000, 0x0000021670000000|100%|HS|  |TAMS 0x0000021670000000| PB 0x000002166e000000| Complete |  0
| 222|0x0000021670000000, 0x0000021672000000, 0x0000021672000000|100%| O|  |TAMS 0x0000021672000000| PB 0x0000021670000000| Untracked |  0
| 223|0x0000021672000000, 0x0000021674000000, 0x0000021674000000|100%| O|  |TAMS 0x0000021674000000| PB 0x0000021672000000| Untracked |  0
| 224|0x0000021674000000, 0x0000021676000000, 0x0000021676000000|100%| O|  |TAMS 0x0000021676000000| PB 0x0000021674000000| Untracked |  0
| 225|0x0000021676000000, 0x0000021678000000, 0x0000021678000000|100%| O|  |TAMS 0x0000021678000000| PB 0x0000021676000000| Untracked |  0
| 226|0x0000021678000000, 0x000002167a000000, 0x000002167a000000|100%| O|  |TAMS 0x000002167a000000| PB 0x0000021678000000| Untracked |  0
| 227|0x000002167a000000, 0x000002167c000000, 0x000002167c000000|100%| O|  |TAMS 0x000002167c000000| PB 0x000002167a000000| Untracked |  0
| 228|0x000002167c000000, 0x000002167e000000, 0x000002167e000000|100%| O|  |TAMS 0x000002167e000000| PB 0x000002167c000000| Untracked |  0
| 229|0x000002167e000000, 0x0000021680000000, 0x0000021680000000|100%| O|  |TAMS 0x0000021680000000| PB 0x000002167e000000| Untracked |  0
| 230|0x0000021680000000, 0x0000021682000000, 0x0000021682000000|100%| O|  |TAMS 0x0000021682000000| PB 0x0000021680000000| Untracked |  0
| 231|0x0000021682000000, 0x0000021684000000, 0x0000021684000000|100%| O|  |TAMS 0x0000021684000000| PB 0x0000021682000000| Untracked |  0
| 232|0x0000021684000000, 0x0000021686000000, 0x0000021686000000|100%| O|  |TAMS 0x0000021686000000| PB 0x0000021684000000| Untracked |  0
| 233|0x0000021686000000, 0x0000021688000000, 0x0000021688000000|100%| O|  |TAMS 0x0000021688000000| PB 0x0000021686000000| Untracked |  0
| 234|0x0000021688000000, 0x000002168a000000, 0x000002168a000000|100%|HS|  |TAMS 0x000002168a000000| PB 0x0000021688000000| Complete |  0
| 235|0x000002168a000000, 0x000002168c000000, 0x000002168c000000|100%|HS|  |TAMS 0x000002168c000000| PB 0x000002168a000000| Complete |  0
| 236|0x000002168c000000, 0x000002168e000000, 0x000002168e000000|100%|HS|  |TAMS 0x000002168e000000| PB 0x000002168c000000| Complete |  0
| 237|0x000002168e000000, 0x0000021690000000, 0x0000021690000000|100%|HC|  |TAMS 0x0000021690000000| PB 0x000002168e000000| Complete |  0
| 238|0x0000021690000000, 0x0000021692000000, 0x0000021692000000|100%|HS|  |TAMS 0x0000021692000000| PB 0x0000021690000000| Complete |  0
| 239|0x0000021692000000, 0x0000021694000000, 0x0000021694000000|100%| O|  |TAMS 0x0000021694000000| PB 0x0000021692000000| Untracked |  0
| 240|0x0000021694000000, 0x0000021696000000, 0x0000021696000000|100%| O|  |TAMS 0x0000021696000000| PB 0x0000021694000000| Untracked |  0
| 241|0x0000021696000000, 0x0000021698000000, 0x0000021698000000|100%| O|  |TAMS 0x0000021698000000| PB 0x0000021696000000| Untracked |  0
| 242|0x0000021698000000, 0x000002169a000000, 0x000002169a000000|100%| O|  |TAMS 0x000002169a000000| PB 0x0000021698000000| Untracked |  0
| 243|0x000002169a000000, 0x000002169c000000, 0x000002169c000000|100%| O|  |TAMS 0x000002169c000000| PB 0x000002169a000000| Untracked |  0
| 244|0x000002169c000000, 0x000002169e000000, 0x000002169e000000|100%| O|  |TAMS 0x000002169e000000| PB 0x000002169c000000| Untracked |  0
| 245|0x000002169e000000, 0x00000216a0000000, 0x00000216a0000000|100%| O|  |TAMS 0x00000216a0000000| PB 0x000002169e000000| Untracked |  0
| 246|0x00000216a0000000, 0x00000216a2000000, 0x00000216a2000000|100%| O|  |TAMS 0x00000216a2000000| PB 0x00000216a0000000| Untracked |  0
| 247|0x00000216a2000000, 0x00000216a4000000, 0x00000216a4000000|100%| O|  |TAMS 0x00000216a4000000| PB 0x00000216a2000000| Untracked |  0
| 248|0x00000216a4000000, 0x00000216a6000000, 0x00000216a6000000|100%| O|  |TAMS 0x00000216a6000000| PB 0x00000216a4000000| Untracked |  0
| 249|0x00000216a6000000, 0x00000216a8000000, 0x00000216a8000000|100%| O|  |TAMS 0x00000216a8000000| PB 0x00000216a6000000| Untracked |  0
| 250|0x00000216a8000000, 0x00000216aa000000, 0x00000216aa000000|100%| O|  |TAMS 0x00000216aa000000| PB 0x00000216a8000000| Untracked |  0
| 251|0x00000216aa000000, 0x00000216ac000000, 0x00000216ac000000|100%| O|  |TAMS 0x00000216ac000000| PB 0x00000216aa000000| Untracked |  0
| 252|0x00000216ac000000, 0x00000216ae000000, 0x00000216ae000000|100%| O|  |TAMS 0x00000216ae000000| PB 0x00000216ac000000| Untracked |  0
| 253|0x00000216ae000000, 0x00000216b0000000, 0x00000216b0000000|100%| O|  |TAMS 0x00000216b0000000| PB 0x00000216ae000000| Untracked |  0
| 254|0x00000216b0000000, 0x00000216b2000000, 0x00000216b2000000|100%| O|  |TAMS 0x00000216b2000000| PB 0x00000216b0000000| Untracked |  0
| 255|0x00000216b2000000, 0x00000216b4000000, 0x00000216b4000000|100%| O|  |TAMS 0x00000216b4000000| PB 0x00000216b2000000| Untracked |  0
| 256|0x00000216b4000000, 0x00000216b6000000, 0x00000216b6000000|100%| O|  |TAMS 0x00000216b6000000| PB 0x00000216b4000000| Untracked |  0
| 257|0x00000216b6000000, 0x00000216b8000000, 0x00000216b8000000|100%| O|  |TAMS 0x00000216b8000000| PB 0x00000216b6000000| Untracked |  0
| 258|0x00000216b8000000, 0x00000216ba000000, 0x00000216ba000000|100%| O|  |TAMS 0x00000216ba000000| PB 0x00000216b8000000| Untracked |  0
| 259|0x00000216ba000000, 0x00000216bc000000, 0x00000216bc000000|100%| O|  |TAMS 0x00000216bc000000| PB 0x00000216ba000000| Untracked |  0
| 260|0x00000216bc000000, 0x00000216be000000, 0x00000216be000000|100%| O|  |TAMS 0x00000216be000000| PB 0x00000216bc000000| Untracked |  0
| 261|0x00000216be000000, 0x00000216c0000000, 0x00000216c0000000|100%| O|  |TAMS 0x00000216c0000000| PB 0x00000216be000000| Untracked |  0
| 262|0x00000216c0000000, 0x00000216c2000000, 0x00000216c2000000|100%|HS|  |TAMS 0x00000216c2000000| PB 0x00000216c0000000| Complete |  0
| 263|0x00000216c2000000, 0x00000216c4000000, 0x00000216c4000000|100%|HS|  |TAMS 0x00000216c4000000| PB 0x00000216c2000000| Complete |  0
| 264|0x00000216c4000000, 0x00000216c6000000, 0x00000216c6000000|100%|HC|  |TAMS 0x00000216c6000000| PB 0x00000216c4000000| Complete |  0
| 265|0x00000216c6000000, 0x00000216c8000000, 0x00000216c8000000|100%|HS|  |TAMS 0x00000216c8000000| PB 0x00000216c6000000| Complete |  0
| 266|0x00000216c8000000, 0x00000216ca000000, 0x00000216ca000000|100%|HC|  |TAMS 0x00000216ca000000| PB 0x00000216c8000000| Complete |  0
| 267|0x00000216ca000000, 0x00000216cc000000, 0x00000216cc000000|100%|HS|  |TAMS 0x00000216cc000000| PB 0x00000216ca000000| Complete |  0
| 268|0x00000216cc000000, 0x00000216ce000000, 0x00000216ce000000|100%|HC|  |TAMS 0x00000216ce000000| PB 0x00000216cc000000| Complete |  0
| 269|0x00000216ce000000, 0x00000216d0000000, 0x00000216d0000000|100%|HC|  |TAMS 0x00000216d0000000| PB 0x00000216ce000000| Complete |  0
| 270|0x00000216d0000000, 0x00000216d2000000, 0x00000216d2000000|100%| O|  |TAMS 0x00000216d2000000| PB 0x00000216d0000000| Untracked |  0
| 271|0x00000216d2000000, 0x00000216d4000000, 0x00000216d4000000|100%| O|  |TAMS 0x00000216d4000000| PB 0x00000216d2000000| Untracked |  0
| 272|0x00000216d4000000, 0x00000216d6000000, 0x00000216d6000000|100%| O|  |TAMS 0x00000216d6000000| PB 0x00000216d4000000| Untracked |  0
| 273|0x00000216d6000000, 0x00000216d8000000, 0x00000216d8000000|100%| O|  |TAMS 0x00000216d8000000| PB 0x00000216d6000000| Untracked |  0
| 274|0x00000216d8000000, 0x00000216da000000, 0x00000216da000000|100%| O|  |TAMS 0x00000216da000000| PB 0x00000216d8000000| Untracked |  0
| 275|0x00000216da000000, 0x00000216dc000000, 0x00000216dc000000|100%| O|  |TAMS 0x00000216dc000000| PB 0x00000216da000000| Untracked |  0
| 276|0x00000216dc000000, 0x00000216de000000, 0x00000216de000000|100%| O|  |TAMS 0x00000216de000000| PB 0x00000216dc000000| Untracked |  0
| 277|0x00000216de000000, 0x00000216e0000000, 0x00000216e0000000|100%| O|  |TAMS 0x00000216e0000000| PB 0x00000216de000000| Untracked |  0
| 278|0x00000216e0000000, 0x00000216e2000000, 0x00000216e2000000|100%| O|  |TAMS 0x00000216e2000000| PB 0x00000216e0000000| Untracked |  0
| 279|0x00000216e2000000, 0x00000216e4000000, 0x00000216e4000000|100%| O|  |TAMS 0x00000216e4000000| PB 0x00000216e2000000| Untracked |  0
| 280|0x00000216e4000000, 0x00000216e6000000, 0x00000216e6000000|100%| O|  |TAMS 0x00000216e6000000| PB 0x00000216e4000000| Untracked |  0
| 281|0x00000216e6000000, 0x00000216e8000000, 0x00000216e8000000|100%| O|  |TAMS 0x00000216e8000000| PB 0x00000216e6000000| Untracked |  0
| 282|0x00000216e8000000, 0x00000216ea000000, 0x00000216ea000000|100%|HS|  |TAMS 0x00000216ea000000| PB 0x00000216e8000000| Complete |  0
| 283|0x00000216ea000000, 0x00000216ec000000, 0x00000216ec000000|100%|HC|  |TAMS 0x00000216ec000000| PB 0x00000216ea000000| Complete |  0
| 284|0x00000216ec000000, 0x00000216ee000000, 0x00000216ee000000|100%| O|  |TAMS 0x00000216ee000000| PB 0x00000216ec000000| Untracked |  0
| 285|0x00000216ee000000, 0x00000216f0000000, 0x00000216f0000000|100%| O|  |TAMS 0x00000216f0000000| PB 0x00000216ee000000| Untracked |  0
| 286|0x00000216f0000000, 0x00000216f2000000, 0x00000216f2000000|100%| O|  |TAMS 0x00000216f2000000| PB 0x00000216f0000000| Untracked |  0
| 287|0x00000216f2000000, 0x00000216f4000000, 0x00000216f4000000|100%| O|  |TAMS 0x00000216f4000000| PB 0x00000216f2000000| Untracked |  0
| 288|0x00000216f4000000, 0x00000216f6000000, 0x00000216f6000000|100%| O|  |TAMS 0x00000216f6000000| PB 0x00000216f4000000| Untracked |  0
| 289|0x00000216f6000000, 0x00000216f8000000, 0x00000216f8000000|100%| O|  |TAMS 0x00000216f8000000| PB 0x00000216f6000000| Untracked |  0
| 290|0x00000216f8000000, 0x00000216fa000000, 0x00000216fa000000|100%| O|  |TAMS 0x00000216fa000000| PB 0x00000216f8000000| Untracked |  0
| 291|0x00000216fa000000, 0x00000216fc000000, 0x00000216fc000000|100%| O|  |TAMS 0x00000216fc000000| PB 0x00000216fa000000| Untracked |  0
| 292|0x00000216fc000000, 0x00000216fe000000, 0x00000216fe000000|100%| O|  |TAMS 0x00000216fe000000| PB 0x00000216fc000000| Untracked |  0
| 293|0x00000216fe000000, 0x0000021700000000, 0x0000021700000000|100%| O|  |TAMS 0x0000021700000000| PB 0x00000216fe000000| Untracked |  0
| 294|0x0000021700000000, 0x0000021702000000, 0x0000021702000000|100%| O|  |TAMS 0x0000021702000000| PB 0x0000021700000000| Untracked |  0
| 295|0x0000021702000000, 0x0000021704000000, 0x0000021704000000|100%| O|  |TAMS 0x0000021704000000| PB 0x0000021702000000| Untracked |  0
| 296|0x0000021704000000, 0x0000021706000000, 0x0000021706000000|100%| O|  |TAMS 0x0000021706000000| PB 0x0000021704000000| Untracked |  0
| 297|0x0000021706000000, 0x0000021708000000, 0x0000021708000000|100%| O|  |TAMS 0x0000021708000000| PB 0x0000021706000000| Untracked |  0
| 298|0x0000021708000000, 0x000002170a000000, 0x000002170a000000|100%| O|  |TAMS 0x000002170a000000| PB 0x0000021708000000| Untracked |  0
| 299|0x000002170a000000, 0x000002170c000000, 0x000002170c000000|100%| O|  |TAMS 0x000002170c000000| PB 0x000002170a000000| Untracked |  0
| 300|0x000002170c000000, 0x000002170e000000, 0x000002170e000000|100%| O|  |TAMS 0x000002170e000000| PB 0x000002170c000000| Untracked |  0
| 301|0x000002170e000000, 0x0000021710000000, 0x0000021710000000|100%| O|  |TAMS 0x0000021710000000| PB 0x000002170e000000| Untracked |  0
| 302|0x0000021710000000, 0x0000021712000000, 0x0000021712000000|100%| O|  |TAMS 0x0000021712000000| PB 0x0000021710000000| Untracked |  0
| 303|0x0000021712000000, 0x0000021714000000, 0x0000021714000000|100%| O|  |TAMS 0x0000021714000000| PB 0x0000021712000000| Untracked |  0
| 304|0x0000021714000000, 0x0000021716000000, 0x0000021716000000|100%| O|  |TAMS 0x0000021716000000| PB 0x0000021714000000| Untracked |  0
| 305|0x0000021716000000, 0x0000021718000000, 0x0000021718000000|100%| O|  |TAMS 0x0000021718000000| PB 0x0000021716000000| Untracked |  0
| 306|0x0000021718000000, 0x000002171a000000, 0x000002171a000000|100%| O|  |TAMS 0x000002171a000000| PB 0x0000021718000000| Untracked |  0
| 307|0x000002171a000000, 0x000002171c000000, 0x000002171c000000|100%| O|  |TAMS 0x000002171c000000| PB 0x000002171a000000| Untracked |  0
| 308|0x000002171c000000, 0x000002171e000000, 0x000002171e000000|100%|HS|  |TAMS 0x000002171e000000| PB 0x000002171c000000| Complete |  0
| 309|0x000002171e000000, 0x0000021720000000, 0x0000021720000000|100%| O|  |TAMS 0x0000021720000000| PB 0x000002171e000000| Untracked |  0
| 310|0x0000021720000000, 0x0000021722000000, 0x0000021722000000|100%| O|  |TAMS 0x0000021722000000| PB 0x0000021720000000| Untracked |  0
| 311|0x0000021722000000, 0x0000021724000000, 0x0000021724000000|100%| O|  |TAMS 0x0000021724000000| PB 0x0000021722000000| Untracked |  0
| 312|0x0000021724000000, 0x0000021726000000, 0x0000021726000000|100%| O|  |TAMS 0x0000021726000000| PB 0x0000021724000000| Untracked |  0
| 313|0x0000021726000000, 0x0000021728000000, 0x0000021728000000|100%| O|  |TAMS 0x0000021728000000| PB 0x0000021726000000| Untracked |  0
| 314|0x0000021728000000, 0x000002172a000000, 0x000002172a000000|100%| O|  |TAMS 0x000002172a000000| PB 0x0000021728000000| Untracked |  0
| 315|0x000002172a000000, 0x000002172c000000, 0x000002172c000000|100%| O|  |TAMS 0x000002172c000000| PB 0x000002172a000000| Untracked |  0
| 316|0x000002172c000000, 0x000002172e000000, 0x000002172e000000|100%| O|  |TAMS 0x000002172e000000| PB 0x000002172c000000| Untracked |  0
| 317|0x000002172e000000, 0x0000021730000000, 0x0000021730000000|100%| O|  |TAMS 0x0000021730000000| PB 0x000002172e000000| Untracked |  0
| 318|0x0000021730000000, 0x0000021732000000, 0x0000021732000000|100%| O|  |TAMS 0x0000021732000000| PB 0x0000021730000000| Untracked |  0
| 319|0x0000021732000000, 0x0000021734000000, 0x0000021734000000|100%| O|  |TAMS 0x0000021734000000| PB 0x0000021732000000| Untracked |  0
| 320|0x0000021734000000, 0x0000021736000000, 0x0000021736000000|100%| O|  |TAMS 0x0000021736000000| PB 0x0000021734000000| Untracked |  0
| 321|0x0000021736000000, 0x0000021738000000, 0x0000021738000000|100%|HS|  |TAMS 0x0000021738000000| PB 0x0000021736000000| Complete |  0
| 322|0x0000021738000000, 0x000002173a000000, 0x000002173a000000|100%|HC|  |TAMS 0x000002173a000000| PB 0x0000021738000000| Complete |  0
| 323|0x000002173a000000, 0x000002173c000000, 0x000002173c000000|100%| O|  |TAMS 0x000002173c000000| PB 0x000002173a000000| Untracked |  0
| 324|0x000002173c000000, 0x000002173e000000, 0x000002173e000000|100%| O|  |TAMS 0x000002173e000000| PB 0x000002173c000000| Untracked |  0
| 325|0x000002173e000000, 0x0000021740000000, 0x0000021740000000|100%| O|  |TAMS 0x0000021740000000| PB 0x000002173e000000| Untracked |  0
| 326|0x0000021740000000, 0x0000021742000000, 0x0000021742000000|100%| O|  |TAMS 0x0000021742000000| PB 0x0000021740000000| Untracked |  0
| 327|0x0000021742000000, 0x0000021744000000, 0x0000021744000000|100%| O|  |TAMS 0x0000021744000000| PB 0x0000021742000000| Untracked |  0
| 328|0x0000021744000000, 0x0000021746000000, 0x0000021746000000|100%| O|  |TAMS 0x0000021746000000| PB 0x0000021744000000| Untracked |  0
| 329|0x0000021746000000, 0x0000021748000000, 0x0000021748000000|100%| O|  |TAMS 0x0000021748000000| PB 0x0000021746000000| Untracked |  0
| 330|0x0000021748000000, 0x000002174a000000, 0x000002174a000000|100%| O|  |TAMS 0x000002174a000000| PB 0x0000021748000000| Untracked |  0
| 331|0x000002174a000000, 0x000002174c000000, 0x000002174c000000|100%| O|  |TAMS 0x000002174c000000| PB 0x000002174a000000| Untracked |  0
| 332|0x000002174c000000, 0x000002174e000000, 0x000002174e000000|100%| O|  |TAMS 0x000002174e000000| PB 0x000002174c000000| Untracked |  0
| 333|0x000002174e000000, 0x0000021750000000, 0x0000021750000000|100%| O|  |TAMS 0x0000021750000000| PB 0x000002174e000000| Untracked |  0
| 334|0x0000021750000000, 0x0000021752000000, 0x0000021752000000|100%| O|  |TAMS 0x0000021752000000| PB 0x0000021750000000| Untracked |  0
| 335|0x0000021752000000, 0x0000021754000000, 0x0000021754000000|100%| O|  |TAMS 0x0000021754000000| PB 0x0000021752000000| Untracked |  0
| 336|0x0000021754000000, 0x0000021756000000, 0x0000021756000000|100%| O|  |TAMS 0x0000021756000000| PB 0x0000021754000000| Untracked |  0
| 337|0x0000021756000000, 0x0000021758000000, 0x0000021758000000|100%| O|  |TAMS 0x0000021758000000| PB 0x0000021756000000| Untracked |  0
| 338|0x0000021758000000, 0x000002175a000000, 0x000002175a000000|100%| O|  |TAMS 0x000002175a000000| PB 0x0000021758000000| Untracked |  0
| 339|0x000002175a000000, 0x000002175c000000, 0x000002175c000000|100%| O|  |TAMS 0x000002175c000000| PB 0x000002175a000000| Untracked |  0
| 340|0x000002175c000000, 0x000002175e000000, 0x000002175e000000|100%| O|  |TAMS 0x000002175e000000| PB 0x000002175c000000| Untracked |  0
| 341|0x000002175e000000, 0x0000021760000000, 0x0000021760000000|100%| O|  |TAMS 0x0000021760000000| PB 0x000002175e000000| Untracked |  0
| 342|0x0000021760000000, 0x0000021762000000, 0x0000021762000000|100%| O|  |TAMS 0x0000021762000000| PB 0x0000021760000000| Untracked |  0
| 343|0x0000021762000000, 0x0000021764000000, 0x0000021764000000|100%| O|  |TAMS 0x0000021764000000| PB 0x0000021762000000| Untracked |  0
| 344|0x0000021764000000, 0x0000021766000000, 0x0000021766000000|100%| O|  |TAMS 0x0000021766000000| PB 0x0000021764000000| Untracked |  0
| 345|0x0000021766000000, 0x0000021768000000, 0x0000021768000000|100%| O|  |TAMS 0x0000021768000000| PB 0x0000021766000000| Untracked |  0
| 346|0x0000021768000000, 0x000002176a000000, 0x000002176a000000|100%| O|  |TAMS 0x000002176a000000| PB 0x0000021768000000| Untracked |  0
| 347|0x000002176a000000, 0x000002176c000000, 0x000002176c000000|100%| O|  |TAMS 0x000002176c000000| PB 0x000002176a000000| Untracked |  0
| 348|0x000002176c000000, 0x000002176e000000, 0x000002176e000000|100%| O|  |TAMS 0x000002176e000000| PB 0x000002176c000000| Untracked |  0
| 349|0x000002176e000000, 0x0000021770000000, 0x0000021770000000|100%| O|  |TAMS 0x0000021770000000| PB 0x000002176e000000| Untracked |  0
| 350|0x0000021770000000, 0x0000021772000000, 0x0000021772000000|100%| O|  |TAMS 0x0000021772000000| PB 0x0000021770000000| Untracked |  0
| 351|0x0000021772000000, 0x0000021774000000, 0x0000021774000000|100%| O|  |TAMS 0x0000021774000000| PB 0x0000021772000000| Untracked |  0
| 352|0x0000021774000000, 0x0000021776000000, 0x0000021776000000|100%| O|  |TAMS 0x0000021776000000| PB 0x0000021774000000| Untracked |  0
| 353|0x0000021776000000, 0x0000021778000000, 0x0000021778000000|100%| O|  |TAMS 0x0000021778000000| PB 0x0000021776000000| Untracked |  0
| 354|0x0000021778000000, 0x000002177a000000, 0x000002177a000000|100%| O|  |TAMS 0x000002177a000000| PB 0x0000021778000000| Untracked |  0
| 355|0x000002177a000000, 0x000002177c000000, 0x000002177c000000|100%| O|  |TAMS 0x000002177c000000| PB 0x000002177a000000| Untracked |  0
| 356|0x000002177c000000, 0x000002177e000000, 0x000002177e000000|100%| O|  |TAMS 0x000002177e000000| PB 0x000002177c000000| Untracked |  0
| 357|0x000002177e000000, 0x0000021780000000, 0x0000021780000000|100%| O|  |TAMS 0x0000021780000000| PB 0x000002177e000000| Untracked |  0
| 358|0x0000021780000000, 0x0000021782000000, 0x0000021782000000|100%| O|  |TAMS 0x0000021782000000| PB 0x0000021780000000| Untracked |  0
| 359|0x0000021782000000, 0x0000021784000000, 0x0000021784000000|100%|HS|  |TAMS 0x0000021784000000| PB 0x0000021782000000| Complete |  0
| 360|0x0000021784000000, 0x0000021786000000, 0x0000021786000000|100%|HC|  |TAMS 0x0000021786000000| PB 0x0000021784000000| Complete |  0
| 361|0x0000021786000000, 0x0000021788000000, 0x0000021788000000|100%|HC|  |TAMS 0x0000021788000000| PB 0x0000021786000000| Complete |  0
| 362|0x0000021788000000, 0x000002178a000000, 0x000002178a000000|100%|HS|  |TAMS 0x000002178a000000| PB 0x0000021788000000| Complete |  0
| 363|0x000002178a000000, 0x000002178c000000, 0x000002178c000000|100%|HC|  |TAMS 0x000002178c000000| PB 0x000002178a000000| Complete |  0
| 364|0x000002178c000000, 0x000002178e000000, 0x000002178e000000|100%|HC|  |TAMS 0x000002178e000000| PB 0x000002178c000000| Complete |  0
| 365|0x000002178e000000, 0x0000021790000000, 0x0000021790000000|100%|HS|  |TAMS 0x0000021790000000| PB 0x000002178e000000| Complete |  0
| 366|0x0000021790000000, 0x0000021792000000, 0x0000021792000000|100%|HC|  |TAMS 0x0000021792000000| PB 0x0000021790000000| Complete |  0
| 367|0x0000021792000000, 0x0000021794000000, 0x0000021794000000|100%|HC|  |TAMS 0x0000021794000000| PB 0x0000021792000000| Complete |  0
| 368|0x0000021794000000, 0x0000021796000000, 0x0000021796000000|100%|HC|  |TAMS 0x0000021796000000| PB 0x0000021794000000| Complete |  0
| 369|0x0000021796000000, 0x0000021798000000, 0x0000021798000000|100%|HC|  |TAMS 0x0000021798000000| PB 0x0000021796000000| Complete |  0
| 370|0x0000021798000000, 0x000002179a000000, 0x000002179a000000|100%| O|  |TAMS 0x000002179a000000| PB 0x0000021798000000| Untracked |  0
| 371|0x000002179a000000, 0x000002179c000000, 0x000002179c000000|100%| O|  |TAMS 0x000002179c000000| PB 0x000002179a000000| Untracked |  0
| 372|0x000002179c000000, 0x000002179e000000, 0x000002179e000000|100%| O|  |TAMS 0x000002179e000000| PB 0x000002179c000000| Untracked |  0
| 373|0x000002179e000000, 0x00000217a0000000, 0x00000217a0000000|100%| O|  |TAMS 0x00000217a0000000| PB 0x000002179e000000| Untracked |  0
| 374|0x00000217a0000000, 0x00000217a2000000, 0x00000217a2000000|100%| O|  |TAMS 0x00000217a2000000| PB 0x00000217a0000000| Untracked |  0
| 375|0x00000217a2000000, 0x00000217a4000000, 0x00000217a4000000|100%| O|  |TAMS 0x00000217a4000000| PB 0x00000217a2000000| Untracked |  0
| 376|0x00000217a4000000, 0x00000217a6000000, 0x00000217a6000000|100%| O|  |TAMS 0x00000217a6000000| PB 0x00000217a4000000| Untracked |  0
| 377|0x00000217a6000000, 0x00000217a8000000, 0x00000217a8000000|100%| O|  |TAMS 0x00000217a8000000| PB 0x00000217a6000000| Untracked |  0
| 378|0x00000217a8000000, 0x00000217aa000000, 0x00000217aa000000|100%| O|  |TAMS 0x00000217aa000000| PB 0x00000217a8000000| Untracked |  0
| 379|0x00000217aa000000, 0x00000217ac000000, 0x00000217ac000000|100%| O|  |TAMS 0x00000217ac000000| PB 0x00000217aa000000| Untracked |  0
| 380|0x00000217ac000000, 0x00000217ae000000, 0x00000217ae000000|100%| O|  |TAMS 0x00000217ae000000| PB 0x00000217ac000000| Untracked |  0
| 381|0x00000217ae000000, 0x00000217b0000000, 0x00000217b0000000|100%| O|  |TAMS 0x00000217b0000000| PB 0x00000217ae000000| Untracked |  0
| 382|0x00000217b0000000, 0x00000217b2000000, 0x00000217b2000000|100%| O|  |TAMS 0x00000217b2000000| PB 0x00000217b0000000| Untracked |  0
| 383|0x00000217b2000000, 0x00000217b4000000, 0x00000217b4000000|100%|HS|  |TAMS 0x00000217b4000000| PB 0x00000217b2000000| Complete |  0
| 384|0x00000217b4000000, 0x00000217b6000000, 0x00000217b6000000|100%|HC|  |TAMS 0x00000217b6000000| PB 0x00000217b4000000| Complete |  0
| 385|0x00000217b6000000, 0x00000217b8000000, 0x00000217b8000000|100%| O|  |TAMS 0x00000217b8000000| PB 0x00000217b6000000| Untracked |  0
| 386|0x00000217b8000000, 0x00000217ba000000, 0x00000217ba000000|100%| O|  |TAMS 0x00000217ba000000| PB 0x00000217b8000000| Untracked |  0
| 387|0x00000217ba000000, 0x00000217bc000000, 0x00000217bc000000|100%| O|  |TAMS 0x00000217bc000000| PB 0x00000217ba000000| Untracked |  0
| 388|0x00000217bc000000, 0x00000217be000000, 0x00000217be000000|100%| O|  |TAMS 0x00000217be000000| PB 0x00000217bc000000| Untracked |  0
| 389|0x00000217be000000, 0x00000217c0000000, 0x00000217c0000000|100%| O|  |TAMS 0x00000217c0000000| PB 0x00000217be000000| Untracked |  0
| 390|0x00000217c0000000, 0x00000217c2000000, 0x00000217c2000000|100%| O|  |TAMS 0x00000217c2000000| PB 0x00000217c0000000| Untracked |  0
| 391|0x00000217c2000000, 0x00000217c4000000, 0x00000217c4000000|100%| O|  |TAMS 0x00000217c4000000| PB 0x00000217c2000000| Untracked |  0
| 392|0x00000217c4000000, 0x00000217c6000000, 0x00000217c6000000|100%| O|  |TAMS 0x00000217c6000000| PB 0x00000217c4000000| Untracked |  0
| 393|0x00000217c6000000, 0x00000217c8000000, 0x00000217c8000000|100%| O|  |TAMS 0x00000217c8000000| PB 0x00000217c6000000| Untracked |  0
| 394|0x00000217c8000000, 0x00000217ca000000, 0x00000217ca000000|100%| O|  |TAMS 0x00000217ca000000| PB 0x00000217c8000000| Untracked |  0
| 395|0x00000217ca000000, 0x00000217cc000000, 0x00000217cc000000|100%| O|  |TAMS 0x00000217cc000000| PB 0x00000217ca000000| Untracked |  0
| 396|0x00000217cc000000, 0x00000217ce000000, 0x00000217ce000000|100%| O|  |TAMS 0x00000217ce000000| PB 0x00000217cc000000| Untracked |  0
| 397|0x00000217ce000000, 0x00000217d0000000, 0x00000217d0000000|100%| O|  |TAMS 0x00000217d0000000| PB 0x00000217ce000000| Untracked |  0
| 398|0x00000217d0000000, 0x00000217d2000000, 0x00000217d2000000|100%| O|  |TAMS 0x00000217d2000000| PB 0x00000217d0000000| Untracked |  0
| 399|0x00000217d2000000, 0x00000217d4000000, 0x00000217d4000000|100%| O|  |TAMS 0x00000217d4000000| PB 0x00000217d2000000| Untracked |  0
| 400|0x00000217d4000000, 0x00000217d6000000, 0x00000217d6000000|100%| O|  |TAMS 0x00000217d6000000| PB 0x00000217d4000000| Untracked |  0
| 401|0x00000217d6000000, 0x00000217d8000000, 0x00000217d8000000|100%| O|  |TAMS 0x00000217d8000000| PB 0x00000217d6000000| Untracked |  0
| 402|0x00000217d8000000, 0x00000217da000000, 0x00000217da000000|100%| O|  |TAMS 0x00000217da000000| PB 0x00000217d8000000| Untracked |  0
| 403|0x00000217da000000, 0x00000217dc000000, 0x00000217dc000000|100%| O|  |TAMS 0x00000217dc000000| PB 0x00000217da000000| Untracked |  0
| 404|0x00000217dc000000, 0x00000217de000000, 0x00000217de000000|100%| O|  |TAMS 0x00000217de000000| PB 0x00000217dc000000| Untracked |  0
| 405|0x00000217de000000, 0x00000217e0000000, 0x00000217e0000000|100%| O|  |TAMS 0x00000217e0000000| PB 0x00000217de000000| Untracked |  0
| 406|0x00000217e0000000, 0x00000217e2000000, 0x00000217e2000000|100%| O|  |TAMS 0x00000217e2000000| PB 0x00000217e0000000| Untracked |  0
| 407|0x00000217e2000000, 0x00000217e4000000, 0x00000217e4000000|100%| O|  |TAMS 0x00000217e4000000| PB 0x00000217e2000000| Untracked |  0
| 408|0x00000217e4000000, 0x00000217e6000000, 0x00000217e6000000|100%| O|  |TAMS 0x00000217e6000000| PB 0x00000217e4000000| Untracked |  0
| 409|0x00000217e6000000, 0x00000217e8000000, 0x00000217e8000000|100%| O|  |TAMS 0x00000217e8000000| PB 0x00000217e6000000| Untracked |  0
| 410|0x00000217e8000000, 0x00000217ea000000, 0x00000217ea000000|100%| O|  |TAMS 0x00000217ea000000| PB 0x00000217e8000000| Untracked |  0
| 411|0x00000217ea000000, 0x00000217ec000000, 0x00000217ec000000|100%| O|  |TAMS 0x00000217ec000000| PB 0x00000217ea000000| Untracked |  0
| 412|0x00000217ec000000, 0x00000217ee000000, 0x00000217ee000000|100%|HS|  |TAMS 0x00000217ee000000| PB 0x00000217ec000000| Complete |  0
| 413|0x00000217ee000000, 0x00000217f0000000, 0x00000217f0000000|100%|HC|  |TAMS 0x00000217f0000000| PB 0x00000217ee000000| Complete |  0
| 414|0x00000217f0000000, 0x00000217f2000000, 0x00000217f2000000|100%|HC|  |TAMS 0x00000217f2000000| PB 0x00000217f0000000| Complete |  0
| 415|0x00000217f2000000, 0x00000217f4000000, 0x00000217f4000000|100%| O|  |TAMS 0x00000217f4000000| PB 0x00000217f2000000| Untracked |  0
| 416|0x00000217f4000000, 0x00000217f6000000, 0x00000217f6000000|100%| O|  |TAMS 0x00000217f6000000| PB 0x00000217f4000000| Untracked |  0
| 417|0x00000217f6000000, 0x00000217f8000000, 0x00000217f8000000|100%| O|  |TAMS 0x00000217f8000000| PB 0x00000217f6000000| Untracked |  0
| 418|0x00000217f8000000, 0x00000217fa000000, 0x00000217fa000000|100%| O|  |TAMS 0x00000217fa000000| PB 0x00000217f8000000| Untracked |  0
| 419|0x00000217fa000000, 0x00000217fc000000, 0x00000217fc000000|100%| O|  |TAMS 0x00000217fc000000| PB 0x00000217fa000000| Untracked |  0
| 420|0x00000217fc000000, 0x00000217fe000000, 0x00000217fe000000|100%| O|  |TAMS 0x00000217fe000000| PB 0x00000217fc000000| Untracked |  0
| 421|0x00000217fe000000, 0x0000021800000000, 0x0000021800000000|100%| O|  |TAMS 0x0000021800000000| PB 0x00000217fe000000| Untracked |  0
| 422|0x0000021800000000, 0x0000021802000000, 0x0000021802000000|100%| O|  |TAMS 0x0000021802000000| PB 0x0000021800000000| Untracked |  0
| 423|0x0000021802000000, 0x0000021804000000, 0x0000021804000000|100%| O|  |TAMS 0x0000021804000000| PB 0x0000021802000000| Untracked |  0
| 424|0x0000021804000000, 0x0000021806000000, 0x0000021806000000|100%| O|  |TAMS 0x0000021806000000| PB 0x0000021804000000| Untracked |  0
| 425|0x0000021806000000, 0x0000021808000000, 0x0000021808000000|100%| O|  |TAMS 0x0000021808000000| PB 0x0000021806000000| Untracked |  0
| 426|0x0000021808000000, 0x000002180a000000, 0x000002180a000000|100%| O|  |TAMS 0x000002180a000000| PB 0x0000021808000000| Untracked |  0
| 427|0x000002180a000000, 0x000002180c000000, 0x000002180c000000|100%| O|  |TAMS 0x000002180c000000| PB 0x000002180a000000| Untracked |  0
| 428|0x000002180c000000, 0x000002180e000000, 0x000002180e000000|100%| O|  |TAMS 0x000002180e000000| PB 0x000002180c000000| Untracked |  0
| 429|0x000002180e000000, 0x0000021810000000, 0x0000021810000000|100%| O|  |TAMS 0x0000021810000000| PB 0x000002180e000000| Untracked |  0
| 430|0x0000021810000000, 0x0000021812000000, 0x0000021812000000|100%| O|  |TAMS 0x0000021812000000| PB 0x0000021810000000| Untracked |  0
| 431|0x0000021812000000, 0x0000021814000000, 0x0000021814000000|100%| O|  |TAMS 0x0000021814000000| PB 0x0000021812000000| Untracked |  0
| 432|0x0000021814000000, 0x0000021816000000, 0x0000021816000000|100%| O|  |TAMS 0x0000021816000000| PB 0x0000021814000000| Untracked |  0
| 433|0x0000021816000000, 0x0000021818000000, 0x0000021818000000|100%| O|  |TAMS 0x0000021818000000| PB 0x0000021816000000| Untracked |  0
| 434|0x0000021818000000, 0x000002181a000000, 0x000002181a000000|100%| O|  |TAMS 0x000002181a000000| PB 0x0000021818000000| Untracked |  0
| 435|0x000002181a000000, 0x000002181c000000, 0x000002181c000000|100%| O|  |TAMS 0x000002181c000000| PB 0x000002181a000000| Untracked |  0
| 436|0x000002181c000000, 0x000002181e000000, 0x000002181e000000|100%| O|  |TAMS 0x000002181e000000| PB 0x000002181c000000| Untracked |  0
| 437|0x000002181e000000, 0x0000021820000000, 0x0000021820000000|100%| O|  |TAMS 0x0000021820000000| PB 0x000002181e000000| Untracked |  0
| 438|0x0000021820000000, 0x0000021822000000, 0x0000021822000000|100%| O|  |TAMS 0x0000021822000000| PB 0x0000021820000000| Untracked |  0
| 439|0x0000021822000000, 0x0000021824000000, 0x0000021824000000|100%| O|  |TAMS 0x0000021824000000| PB 0x0000021822000000| Untracked |  0
| 440|0x0000021824000000, 0x0000021826000000, 0x0000021826000000|100%| O|  |TAMS 0x0000021826000000| PB 0x0000021824000000| Untracked |  0
| 441|0x0000021826000000, 0x0000021828000000, 0x0000021828000000|100%| O|  |TAMS 0x0000021828000000| PB 0x0000021826000000| Untracked |  0
| 442|0x0000021828000000, 0x000002182a000000, 0x000002182a000000|100%| O|  |TAMS 0x000002182a000000| PB 0x0000021828000000| Untracked |  0
| 443|0x000002182a000000, 0x000002182c000000, 0x000002182c000000|100%| O|  |TAMS 0x000002182c000000| PB 0x000002182a000000| Untracked |  0
| 444|0x000002182c000000, 0x000002182e000000, 0x000002182e000000|100%| O|  |TAMS 0x000002182e000000| PB 0x000002182c000000| Untracked |  0
| 445|0x000002182e000000, 0x0000021830000000, 0x0000021830000000|100%| O|  |TAMS 0x0000021830000000| PB 0x000002182e000000| Untracked |  0
| 446|0x0000021830000000, 0x0000021832000000, 0x0000021832000000|100%| O|  |TAMS 0x0000021832000000| PB 0x0000021830000000| Untracked |  0
| 447|0x0000021832000000, 0x0000021834000000, 0x0000021834000000|100%| O|  |TAMS 0x0000021834000000| PB 0x0000021832000000| Untracked |  0
| 448|0x0000021834000000, 0x0000021836000000, 0x0000021836000000|100%| O|  |TAMS 0x0000021836000000| PB 0x0000021834000000| Untracked |  0
| 449|0x0000021836000000, 0x0000021838000000, 0x0000021838000000|100%| O|  |TAMS 0x0000021838000000| PB 0x0000021836000000| Untracked |  0
| 450|0x0000021838000000, 0x000002183a000000, 0x000002183a000000|100%| O|  |TAMS 0x000002183a000000| PB 0x0000021838000000| Untracked |  0
| 451|0x000002183a000000, 0x000002183c000000, 0x000002183c000000|100%| O|  |TAMS 0x000002183c000000| PB 0x000002183a000000| Untracked |  0
| 452|0x000002183c000000, 0x000002183e000000, 0x000002183e000000|100%| O|  |TAMS 0x000002183e000000| PB 0x000002183c000000| Untracked |  0
| 453|0x000002183e000000, 0x0000021840000000, 0x0000021840000000|100%| O|  |TAMS 0x0000021840000000| PB 0x000002183e000000| Untracked |  0
| 454|0x0000021840000000, 0x0000021842000000, 0x0000021842000000|100%| O|  |TAMS 0x0000021842000000| PB 0x0000021840000000| Untracked |  0
| 455|0x0000021842000000, 0x0000021844000000, 0x0000021844000000|100%| O|  |TAMS 0x0000021844000000| PB 0x0000021842000000| Untracked |  0
| 456|0x0000021844000000, 0x0000021846000000, 0x0000021846000000|100%| O|  |TAMS 0x0000021846000000| PB 0x0000021844000000| Untracked |  0
| 457|0x0000021846000000, 0x0000021848000000, 0x0000021848000000|100%| O|  |TAMS 0x0000021848000000| PB 0x0000021846000000| Untracked |  0
| 458|0x0000021848000000, 0x000002184a000000, 0x000002184a000000|100%| O|  |TAMS 0x000002184a000000| PB 0x0000021848000000| Untracked |  0
| 459|0x000002184a000000, 0x000002184c000000, 0x000002184c000000|100%| O|  |TAMS 0x000002184c000000| PB 0x000002184a000000| Untracked |  0
| 460|0x000002184c000000, 0x000002184e000000, 0x000002184e000000|100%| O|  |TAMS 0x000002184e000000| PB 0x000002184c000000| Untracked |  0
| 461|0x000002184e000000, 0x0000021850000000, 0x0000021850000000|100%| O|  |TAMS 0x0000021850000000| PB 0x000002184e000000| Untracked |  0
| 462|0x0000021850000000, 0x0000021852000000, 0x0000021852000000|100%| O|  |TAMS 0x0000021852000000| PB 0x0000021850000000| Untracked |  0
| 463|0x0000021852000000, 0x0000021854000000, 0x0000021854000000|100%| O|  |TAMS 0x0000021854000000| PB 0x0000021852000000| Untracked |  0
| 464|0x0000021854000000, 0x0000021856000000, 0x0000021856000000|100%| O|  |TAMS 0x0000021856000000| PB 0x0000021854000000| Untracked |  0
| 465|0x0000021856000000, 0x0000021858000000, 0x0000021858000000|100%| O|  |TAMS 0x0000021858000000| PB 0x0000021856000000| Untracked |  0
| 466|0x0000021858000000, 0x000002185a000000, 0x000002185a000000|100%| O|  |TAMS 0x000002185a000000| PB 0x0000021858000000| Untracked |  0
| 467|0x000002185a000000, 0x000002185c000000, 0x000002185c000000|100%| O|  |TAMS 0x000002185c000000| PB 0x000002185a000000| Untracked |  0
| 468|0x000002185c000000, 0x000002185e000000, 0x000002185e000000|100%| O|  |TAMS 0x000002185e000000| PB 0x000002185c000000| Untracked |  0
| 469|0x000002185e000000, 0x0000021860000000, 0x0000021860000000|100%| O|  |TAMS 0x0000021860000000| PB 0x000002185e000000| Untracked |  0
| 470|0x0000021860000000, 0x0000021862000000, 0x0000021862000000|100%| O|  |TAMS 0x0000021862000000| PB 0x0000021860000000| Untracked |  0
| 471|0x0000021862000000, 0x0000021864000000, 0x0000021864000000|100%| O|  |TAMS 0x0000021864000000| PB 0x0000021862000000| Untracked |  0
| 472|0x0000021864000000, 0x0000021866000000, 0x0000021866000000|100%| O|  |TAMS 0x0000021866000000| PB 0x0000021864000000| Untracked |  0
| 473|0x0000021866000000, 0x0000021868000000, 0x0000021868000000|100%| O|  |TAMS 0x0000021868000000| PB 0x0000021866000000| Untracked |  0
| 474|0x0000021868000000, 0x000002186a000000, 0x000002186a000000|100%| O|  |TAMS 0x000002186a000000| PB 0x0000021868000000| Untracked |  0
| 475|0x000002186a000000, 0x000002186c000000, 0x000002186c000000|100%| O|  |TAMS 0x000002186c000000| PB 0x000002186a000000| Untracked |  0
| 476|0x000002186c000000, 0x000002186e000000, 0x000002186e000000|100%| O|  |TAMS 0x000002186e000000| PB 0x000002186c000000| Untracked |  0
| 477|0x000002186e000000, 0x0000021870000000, 0x0000021870000000|100%| O|  |TAMS 0x0000021870000000| PB 0x000002186e000000| Untracked |  0
| 478|0x0000021870000000, 0x0000021872000000, 0x0000021872000000|100%| O|  |TAMS 0x0000021872000000| PB 0x0000021870000000| Untracked |  0
| 479|0x0000021872000000, 0x0000021874000000, 0x0000021874000000|100%| O|  |TAMS 0x0000021874000000| PB 0x0000021872000000| Untracked |  0
| 480|0x0000021874000000, 0x0000021876000000, 0x0000021876000000|100%| O|  |TAMS 0x0000021876000000| PB 0x0000021874000000| Untracked |  0
| 481|0x0000021876000000, 0x0000021878000000, 0x0000021878000000|100%| O|  |TAMS 0x0000021878000000| PB 0x0000021876000000| Untracked |  0
| 482|0x0000021878000000, 0x000002187a000000, 0x000002187a000000|100%|HS|  |TAMS 0x000002187a000000| PB 0x0000021878000000| Complete |  0
| 483|0x000002187a000000, 0x000002187c000000, 0x000002187c000000|100%|HC|  |TAMS 0x000002187c000000| PB 0x000002187a000000| Complete |  0
| 484|0x000002187c000000, 0x000002187e000000, 0x000002187e000000|100%| O|  |TAMS 0x000002187e000000| PB 0x000002187c000000| Untracked |  0
| 485|0x000002187e000000, 0x0000021880000000, 0x0000021880000000|100%| O|  |TAMS 0x0000021880000000| PB 0x000002187e000000| Untracked |  0
| 486|0x0000021880000000, 0x0000021882000000, 0x0000021882000000|100%| O|  |TAMS 0x0000021882000000| PB 0x0000021880000000| Untracked |  0
| 487|0x0000021882000000, 0x0000021884000000, 0x0000021884000000|100%| O|  |TAMS 0x0000021884000000| PB 0x0000021882000000| Untracked |  0
| 488|0x0000021884000000, 0x0000021886000000, 0x0000021886000000|100%| O|  |TAMS 0x0000021886000000| PB 0x0000021884000000| Untracked |  0
| 489|0x0000021886000000, 0x0000021888000000, 0x0000021888000000|100%| O|  |TAMS 0x0000021888000000| PB 0x0000021886000000| Untracked |  0
| 490|0x0000021888000000, 0x000002188a000000, 0x000002188a000000|100%| O|  |TAMS 0x000002188a000000| PB 0x0000021888000000| Untracked |  0
| 491|0x000002188a000000, 0x000002188c000000, 0x000002188c000000|100%| O|  |TAMS 0x000002188c000000| PB 0x000002188a000000| Untracked |  0
| 492|0x000002188c000000, 0x000002188e000000, 0x000002188e000000|100%| O|  |TAMS 0x000002188e000000| PB 0x000002188c000000| Untracked |  0
| 493|0x000002188e000000, 0x0000021890000000, 0x0000021890000000|100%| O|  |TAMS 0x0000021890000000| PB 0x000002188e000000| Untracked |  0
| 494|0x0000021890000000, 0x0000021892000000, 0x0000021892000000|100%| O|  |TAMS 0x0000021892000000| PB 0x0000021890000000| Untracked |  0
| 495|0x0000021892000000, 0x0000021894000000, 0x0000021894000000|100%| O|  |TAMS 0x0000021894000000| PB 0x0000021892000000| Untracked |  0
| 496|0x0000021894000000, 0x0000021896000000, 0x0000021896000000|100%| O|  |TAMS 0x0000021896000000| PB 0x0000021894000000| Untracked |  0
| 497|0x0000021896000000, 0x0000021898000000, 0x0000021898000000|100%| O|  |TAMS 0x0000021898000000| PB 0x0000021896000000| Untracked |  0
| 498|0x0000021898000000, 0x000002189a000000, 0x000002189a000000|100%| O|  |TAMS 0x000002189a000000| PB 0x0000021898000000| Untracked |  0
| 499|0x000002189a000000, 0x000002189c000000, 0x000002189c000000|100%| O|  |TAMS 0x000002189c000000| PB 0x000002189a000000| Untracked |  0
| 500|0x000002189c000000, 0x000002189e000000, 0x000002189e000000|100%| O|  |TAMS 0x000002189e000000| PB 0x000002189c000000| Untracked |  0
| 501|0x000002189e000000, 0x00000218a0000000, 0x00000218a0000000|100%| O|  |TAMS 0x00000218a0000000| PB 0x000002189e000000| Untracked |  0
| 502|0x00000218a0000000, 0x00000218a2000000, 0x00000218a2000000|100%| O|  |TAMS 0x00000218a2000000| PB 0x00000218a0000000| Untracked |  0
| 503|0x00000218a2000000, 0x00000218a4000000, 0x00000218a4000000|100%| O|  |TAMS 0x00000218a4000000| PB 0x00000218a2000000| Untracked |  0
| 504|0x00000218a4000000, 0x00000218a6000000, 0x00000218a6000000|100%| O|  |TAMS 0x00000218a6000000| PB 0x00000218a4000000| Untracked |  0
| 505|0x00000218a6000000, 0x00000218a8000000, 0x00000218a8000000|100%| O|  |TAMS 0x00000218a8000000| PB 0x00000218a6000000| Untracked |  0
| 506|0x00000218a8000000, 0x00000218aa000000, 0x00000218aa000000|100%| O|  |TAMS 0x00000218aa000000| PB 0x00000218a8000000| Untracked |  0
| 507|0x00000218aa000000, 0x00000218ac000000, 0x00000218ac000000|100%| O|  |TAMS 0x00000218ac000000| PB 0x00000218aa000000| Untracked |  0
| 508|0x00000218ac000000, 0x00000218ae000000, 0x00000218ae000000|100%| O|  |TAMS 0x00000218ae000000| PB 0x00000218ac000000| Untracked |  0
| 509|0x00000218ae000000, 0x00000218b0000000, 0x00000218b0000000|100%| O|  |TAMS 0x00000218b0000000| PB 0x00000218ae000000| Untracked |  0
| 510|0x00000218b0000000, 0x00000218b2000000, 0x00000218b2000000|100%| O|  |TAMS 0x00000218b2000000| PB 0x00000218b0000000| Untracked |  0
| 511|0x00000218b2000000, 0x00000218b4000000, 0x00000218b4000000|100%|HS|  |TAMS 0x00000218b4000000| PB 0x00000218b2000000| Complete |  0
| 512|0x00000218b4000000, 0x00000218b6000000, 0x00000218b6000000|100%|HC|  |TAMS 0x00000218b6000000| PB 0x00000218b4000000| Complete |  0
| 513|0x00000218b6000000, 0x00000218b8000000, 0x00000218b8000000|100%|HC|  |TAMS 0x00000218b8000000| PB 0x00000218b6000000| Complete |  0
| 514|0x00000218b8000000, 0x00000218ba000000, 0x00000218ba000000|100%|HC|  |TAMS 0x00000218ba000000| PB 0x00000218b8000000| Complete |  0
| 515|0x00000218ba000000, 0x00000218bc000000, 0x00000218bc000000|100%|HC|  |TAMS 0x00000218bc000000| PB 0x00000218ba000000| Complete |  0
| 516|0x00000218bc000000, 0x00000218be000000, 0x00000218be000000|100%| O|  |TAMS 0x00000218be000000| PB 0x00000218bc000000| Untracked |  0
| 517|0x00000218be000000, 0x00000218c0000000, 0x00000218c0000000|100%| O|  |TAMS 0x00000218c0000000| PB 0x00000218be000000| Untracked |  0
| 518|0x00000218c0000000, 0x00000218c2000000, 0x00000218c2000000|100%| O|  |TAMS 0x00000218c2000000| PB 0x00000218c0000000| Untracked |  0
| 519|0x00000218c2000000, 0x00000218c4000000, 0x00000218c4000000|100%| O|  |TAMS 0x00000218c4000000| PB 0x00000218c2000000| Untracked |  0
| 520|0x00000218c4000000, 0x00000218c6000000, 0x00000218c6000000|100%| O|  |TAMS 0x00000218c6000000| PB 0x00000218c4000000| Untracked |  0
| 521|0x00000218c6000000, 0x00000218c8000000, 0x00000218c8000000|100%| O|  |TAMS 0x00000218c8000000| PB 0x00000218c6000000| Untracked |  0
| 522|0x00000218c8000000, 0x00000218ca000000, 0x00000218ca000000|100%| O|  |TAMS 0x00000218ca000000| PB 0x00000218c8000000| Untracked |  0
| 523|0x00000218ca000000, 0x00000218cc000000, 0x00000218cc000000|100%| O|  |TAMS 0x00000218cc000000| PB 0x00000218ca000000| Untracked |  0
| 524|0x00000218cc000000, 0x00000218ce000000, 0x00000218ce000000|100%| O|  |TAMS 0x00000218ce000000| PB 0x00000218cc000000| Untracked |  0
| 525|0x00000218ce000000, 0x00000218d0000000, 0x00000218d0000000|100%| O|  |TAMS 0x00000218d0000000| PB 0x00000218ce000000| Untracked |  0
| 526|0x00000218d0000000, 0x00000218d2000000, 0x00000218d2000000|100%| O|  |TAMS 0x00000218d2000000| PB 0x00000218d0000000| Untracked |  0
| 527|0x00000218d2000000, 0x00000218d4000000, 0x00000218d4000000|100%| O|  |TAMS 0x00000218d4000000| PB 0x00000218d2000000| Untracked |  0
| 528|0x00000218d4000000, 0x00000218d6000000, 0x00000218d6000000|100%| O|  |TAMS 0x00000218d6000000| PB 0x00000218d4000000| Untracked |  0
| 529|0x00000218d6000000, 0x00000218d8000000, 0x00000218d8000000|100%| O|  |TAMS 0x00000218d8000000| PB 0x00000218d6000000| Untracked |  0
| 530|0x00000218d8000000, 0x00000218da000000, 0x00000218da000000|100%| O|  |TAMS 0x00000218da000000| PB 0x00000218d8000000| Untracked |  0
| 531|0x00000218da000000, 0x00000218dc000000, 0x00000218dc000000|100%| O|  |TAMS 0x00000218dc000000| PB 0x00000218da000000| Untracked |  0
| 532|0x00000218dc000000, 0x00000218de000000, 0x00000218de000000|100%| O|  |TAMS 0x00000218de000000| PB 0x00000218dc000000| Untracked |  0
| 533|0x00000218de000000, 0x00000218e0000000, 0x00000218e0000000|100%| O|  |TAMS 0x00000218e0000000| PB 0x00000218de000000| Untracked |  0
| 534|0x00000218e0000000, 0x00000218e2000000, 0x00000218e2000000|100%| O|  |TAMS 0x00000218e2000000| PB 0x00000218e0000000| Untracked |  0
| 535|0x00000218e2000000, 0x00000218e4000000, 0x00000218e4000000|100%| O|  |TAMS 0x00000218e4000000| PB 0x00000218e2000000| Untracked |  0
| 536|0x00000218e4000000, 0x00000218e6000000, 0x00000218e6000000|100%| O|  |TAMS 0x00000218e6000000| PB 0x00000218e4000000| Untracked |  0
| 537|0x00000218e6000000, 0x00000218e8000000, 0x00000218e8000000|100%| O|  |TAMS 0x00000218e8000000| PB 0x00000218e6000000| Untracked |  0
| 538|0x00000218e8000000, 0x00000218ea000000, 0x00000218ea000000|100%| O|  |TAMS 0x00000218ea000000| PB 0x00000218e8000000| Untracked |  0
| 539|0x00000218ea000000, 0x00000218ec000000, 0x00000218ec000000|100%| O|  |TAMS 0x00000218ec000000| PB 0x00000218ea000000| Untracked |  0
| 540|0x00000218ec000000, 0x00000218ee000000, 0x00000218ee000000|100%| O|  |TAMS 0x00000218ee000000| PB 0x00000218ec000000| Untracked |  0
| 541|0x00000218ee000000, 0x00000218f0000000, 0x00000218f0000000|100%| O|  |TAMS 0x00000218f0000000| PB 0x00000218ee000000| Untracked |  0
| 542|0x00000218f0000000, 0x00000218f2000000, 0x00000218f2000000|100%| O|  |TAMS 0x00000218f2000000| PB 0x00000218f0000000| Untracked |  0
| 543|0x00000218f2000000, 0x00000218f4000000, 0x00000218f4000000|100%| O|  |TAMS 0x00000218f4000000| PB 0x00000218f2000000| Untracked |  0
| 544|0x00000218f4000000, 0x00000218f6000000, 0x00000218f6000000|100%| O|  |TAMS 0x00000218f6000000| PB 0x00000218f4000000| Untracked |  0
| 545|0x00000218f6000000, 0x00000218f8000000, 0x00000218f8000000|100%| O|  |TAMS 0x00000218f8000000| PB 0x00000218f6000000| Untracked |  0
| 546|0x00000218f8000000, 0x00000218fa000000, 0x00000218fa000000|100%| O|  |TAMS 0x00000218fa000000| PB 0x00000218f8000000| Untracked |  0
| 547|0x00000218fa000000, 0x00000218fc000000, 0x00000218fc000000|100%| O|  |TAMS 0x00000218fc000000| PB 0x00000218fa000000| Untracked |  0
| 548|0x00000218fc000000, 0x00000218fe000000, 0x00000218fe000000|100%| O|  |TAMS 0x00000218fe000000| PB 0x00000218fc000000| Untracked |  0
| 549|0x00000218fe000000, 0x0000021900000000, 0x0000021900000000|100%| O|  |TAMS 0x0000021900000000| PB 0x00000218fe000000| Untracked |  0
| 550|0x0000021900000000, 0x0000021902000000, 0x0000021902000000|100%| O|  |TAMS 0x0000021902000000| PB 0x0000021900000000| Untracked |  0
| 551|0x0000021902000000, 0x0000021904000000, 0x0000021904000000|100%| O|  |TAMS 0x0000021904000000| PB 0x0000021902000000| Untracked |  0
| 552|0x0000021904000000, 0x0000021906000000, 0x0000021906000000|100%| O|  |TAMS 0x0000021906000000| PB 0x0000021904000000| Untracked |  0
| 553|0x0000021906000000, 0x0000021908000000, 0x0000021908000000|100%| O|  |TAMS 0x0000021908000000| PB 0x0000021906000000| Untracked |  0
| 554|0x0000021908000000, 0x000002190a000000, 0x000002190a000000|100%| O|  |TAMS 0x000002190a000000| PB 0x0000021908000000| Untracked |  0
| 555|0x000002190a000000, 0x000002190c000000, 0x000002190c000000|100%|HS|  |TAMS 0x000002190c000000| PB 0x000002190a000000| Complete |  0
| 556|0x000002190c000000, 0x000002190e000000, 0x000002190e000000|100%|HC|  |TAMS 0x000002190e000000| PB 0x000002190c000000| Complete |  0
| 557|0x000002190e000000, 0x0000021910000000, 0x0000021910000000|100%|HC|  |TAMS 0x0000021910000000| PB 0x000002190e000000| Complete |  0
| 558|0x0000021910000000, 0x0000021912000000, 0x0000021912000000|100%|HC|  |TAMS 0x0000021912000000| PB 0x0000021910000000| Complete |  0
| 559|0x0000021912000000, 0x0000021914000000, 0x0000021914000000|100%|HC|  |TAMS 0x0000021914000000| PB 0x0000021912000000| Complete |  0
| 560|0x0000021914000000, 0x0000021916000000, 0x0000021916000000|100%|HS|  |TAMS 0x0000021916000000| PB 0x0000021914000000| Complete |  0
| 561|0x0000021916000000, 0x0000021918000000, 0x0000021918000000|100%|HC|  |TAMS 0x0000021918000000| PB 0x0000021916000000| Complete |  0
| 562|0x0000021918000000, 0x000002191a000000, 0x000002191a000000|100%|HC|  |TAMS 0x000002191a000000| PB 0x0000021918000000| Complete |  0
| 563|0x000002191a000000, 0x000002191c000000, 0x000002191c000000|100%|HC|  |TAMS 0x000002191c000000| PB 0x000002191a000000| Complete |  0
| 564|0x000002191c000000, 0x000002191e000000, 0x000002191e000000|100%|HC|  |TAMS 0x000002191e000000| PB 0x000002191c000000| Complete |  0
| 565|0x000002191e000000, 0x0000021920000000, 0x0000021920000000|100%|HS|  |TAMS 0x0000021920000000| PB 0x000002191e000000| Complete |  0
| 566|0x0000021920000000, 0x0000021922000000, 0x0000021922000000|100%|HC|  |TAMS 0x0000021922000000| PB 0x0000021920000000| Complete |  0
| 567|0x0000021922000000, 0x0000021924000000, 0x0000021924000000|100%|HC|  |TAMS 0x0000021924000000| PB 0x0000021922000000| Complete |  0
| 568|0x0000021924000000, 0x0000021926000000, 0x0000021926000000|100%|HC|  |TAMS 0x0000021926000000| PB 0x0000021924000000| Complete |  0
| 569|0x0000021926000000, 0x0000021928000000, 0x0000021928000000|100%|HC|  |TAMS 0x0000021928000000| PB 0x0000021926000000| Complete |  0
| 570|0x0000021928000000, 0x000002192a000000, 0x000002192a000000|100%|HC|  |TAMS 0x000002192a000000| PB 0x0000021928000000| Complete |  0
| 571|0x000002192a000000, 0x000002192c000000, 0x000002192c000000|100%|HC|  |TAMS 0x000002192c000000| PB 0x000002192a000000| Complete |  0
| 572|0x000002192c000000, 0x000002192e000000, 0x000002192e000000|100%|HC|  |TAMS 0x000002192e000000| PB 0x000002192c000000| Complete |  0
| 573|0x000002192e000000, 0x0000021930000000, 0x0000021930000000|100%|HC|  |TAMS 0x0000021930000000| PB 0x000002192e000000| Complete |  0
| 574|0x0000021930000000, 0x0000021932000000, 0x0000021932000000|100%| O|  |TAMS 0x0000021932000000| PB 0x0000021930000000| Untracked |  0
| 575|0x0000021932000000, 0x0000021934000000, 0x0000021934000000|100%| O|  |TAMS 0x0000021934000000| PB 0x0000021932000000| Untracked |  0
| 576|0x0000021934000000, 0x0000021936000000, 0x0000021936000000|100%| O|  |TAMS 0x0000021936000000| PB 0x0000021934000000| Untracked |  0
| 577|0x0000021936000000, 0x0000021938000000, 0x0000021938000000|100%| O|  |TAMS 0x0000021938000000| PB 0x0000021936000000| Untracked |  0
| 578|0x0000021938000000, 0x000002193a000000, 0x000002193a000000|100%| O|  |TAMS 0x000002193a000000| PB 0x0000021938000000| Untracked |  0
| 579|0x000002193a000000, 0x000002193c000000, 0x000002193c000000|100%| O|  |TAMS 0x000002193c000000| PB 0x000002193a000000| Untracked |  0
| 580|0x000002193c000000, 0x000002193e000000, 0x000002193e000000|100%| O|  |TAMS 0x000002193e000000| PB 0x000002193c000000| Untracked |  0
| 581|0x000002193e000000, 0x0000021940000000, 0x0000021940000000|100%| O|  |TAMS 0x0000021940000000| PB 0x000002193e000000| Untracked |  0
| 582|0x0000021940000000, 0x0000021942000000, 0x0000021942000000|100%| O|  |TAMS 0x0000021942000000| PB 0x0000021940000000| Untracked |  0
| 583|0x0000021942000000, 0x0000021944000000, 0x0000021944000000|100%| O|  |TAMS 0x0000021944000000| PB 0x0000021942000000| Untracked |  0
| 584|0x0000021944000000, 0x0000021946000000, 0x0000021946000000|100%| O|  |TAMS 0x0000021946000000| PB 0x0000021944000000| Untracked |  0
| 585|0x0000021946000000, 0x0000021948000000, 0x0000021948000000|100%| O|  |TAMS 0x0000021948000000| PB 0x0000021946000000| Untracked |  0
| 586|0x0000021948000000, 0x000002194a000000, 0x000002194a000000|100%| O|  |TAMS 0x000002194a000000| PB 0x0000021948000000| Untracked |  0
| 587|0x000002194a000000, 0x000002194c000000, 0x000002194c000000|100%| O|  |TAMS 0x000002194c000000| PB 0x000002194a000000| Untracked |  0
| 588|0x000002194c000000, 0x000002194e000000, 0x000002194e000000|100%| O|  |TAMS 0x000002194e000000| PB 0x000002194c000000| Untracked |  0
| 589|0x000002194e000000, 0x0000021950000000, 0x0000021950000000|100%| O|  |TAMS 0x0000021950000000| PB 0x000002194e000000| Untracked |  0
| 590|0x0000021950000000, 0x0000021952000000, 0x0000021952000000|100%| O|  |TAMS 0x0000021952000000| PB 0x0000021950000000| Untracked |  0
| 591|0x0000021952000000, 0x0000021954000000, 0x0000021954000000|100%| O|  |TAMS 0x0000021954000000| PB 0x0000021952000000| Untracked |  0
| 592|0x0000021954000000, 0x0000021956000000, 0x0000021956000000|100%| O|  |TAMS 0x0000021956000000| PB 0x0000021954000000| Untracked |  0
| 593|0x0000021956000000, 0x0000021958000000, 0x0000021958000000|100%| O|  |TAMS 0x0000021958000000| PB 0x0000021956000000| Untracked |  0
| 594|0x0000021958000000, 0x000002195a000000, 0x000002195a000000|100%| O|  |TAMS 0x000002195a000000| PB 0x0000021958000000| Untracked |  0
| 595|0x000002195a000000, 0x000002195c000000, 0x000002195c000000|100%| O|  |TAMS 0x000002195c000000| PB 0x000002195a000000| Untracked |  0
| 596|0x000002195c000000, 0x000002195e000000, 0x000002195e000000|100%| O|  |TAMS 0x000002195e000000| PB 0x000002195c000000| Untracked |  0
| 597|0x000002195e000000, 0x0000021960000000, 0x0000021960000000|100%| O|  |TAMS 0x0000021960000000| PB 0x000002195e000000| Untracked |  0
| 598|0x0000021960000000, 0x0000021962000000, 0x0000021962000000|100%| O|  |TAMS 0x0000021962000000| PB 0x0000021960000000| Untracked |  0
| 599|0x0000021962000000, 0x0000021964000000, 0x0000021964000000|100%| O|  |TAMS 0x0000021964000000| PB 0x0000021962000000| Untracked |  0
| 600|0x0000021964000000, 0x0000021966000000, 0x0000021966000000|100%| O|  |TAMS 0x0000021966000000| PB 0x0000021964000000| Untracked |  0
| 601|0x0000021966000000, 0x0000021968000000, 0x0000021968000000|100%| O|  |TAMS 0x0000021968000000| PB 0x0000021966000000| Untracked |  0
| 602|0x0000021968000000, 0x000002196a000000, 0x000002196a000000|100%| O|  |TAMS 0x000002196a000000| PB 0x0000021968000000| Untracked |  0
| 603|0x000002196a000000, 0x000002196c000000, 0x000002196c000000|100%| O|  |TAMS 0x000002196c000000| PB 0x000002196a000000| Untracked |  0
| 604|0x000002196c000000, 0x000002196e000000, 0x000002196e000000|100%| O|  |TAMS 0x000002196e000000| PB 0x000002196c000000| Untracked |  0
| 605|0x000002196e000000, 0x0000021970000000, 0x0000021970000000|100%| O|  |TAMS 0x0000021970000000| PB 0x000002196e000000| Untracked |  0
| 606|0x0000021970000000, 0x0000021972000000, 0x0000021972000000|100%| O|  |TAMS 0x0000021972000000| PB 0x0000021970000000| Untracked |  0
| 607|0x0000021972000000, 0x0000021974000000, 0x0000021974000000|100%| O|  |TAMS 0x0000021974000000| PB 0x0000021972000000| Untracked |  0
| 608|0x0000021974000000, 0x0000021976000000, 0x0000021976000000|100%| O|  |TAMS 0x0000021976000000| PB 0x0000021974000000| Untracked |  0
| 609|0x0000021976000000, 0x0000021978000000, 0x0000021978000000|100%| O|  |TAMS 0x0000021978000000| PB 0x0000021976000000| Untracked |  0
| 610|0x0000021978000000, 0x000002197a000000, 0x000002197a000000|100%| O|  |TAMS 0x000002197a000000| PB 0x0000021978000000| Untracked |  0
| 611|0x000002197a000000, 0x000002197c000000, 0x000002197c000000|100%| O|  |TAMS 0x000002197c000000| PB 0x000002197a000000| Untracked |  0
| 612|0x000002197c000000, 0x000002197e000000, 0x000002197e000000|100%| O|  |TAMS 0x000002197e000000| PB 0x000002197c000000| Untracked |  0
| 613|0x000002197e000000, 0x0000021980000000, 0x0000021980000000|100%| O|  |TAMS 0x0000021980000000| PB 0x000002197e000000| Untracked |  0
| 614|0x0000021980000000, 0x0000021982000000, 0x0000021982000000|100%| O|  |TAMS 0x0000021982000000| PB 0x0000021980000000| Untracked |  0
| 615|0x0000021982000000, 0x0000021984000000, 0x0000021984000000|100%| O|  |TAMS 0x0000021984000000| PB 0x0000021982000000| Untracked |  0
| 616|0x0000021984000000, 0x0000021986000000, 0x0000021986000000|100%| O|  |TAMS 0x0000021986000000| PB 0x0000021984000000| Untracked |  0
| 617|0x0000021986000000, 0x0000021988000000, 0x0000021988000000|100%| O|  |TAMS 0x0000021988000000| PB 0x0000021986000000| Untracked |  0
| 618|0x0000021988000000, 0x000002198a000000, 0x000002198a000000|100%| O|  |TAMS 0x000002198a000000| PB 0x0000021988000000| Untracked |  0
| 619|0x000002198a000000, 0x000002198c000000, 0x000002198c000000|100%| O|  |TAMS 0x000002198c000000| PB 0x000002198a000000| Untracked |  0
| 620|0x000002198c000000, 0x000002198e000000, 0x000002198e000000|100%| O|  |TAMS 0x000002198e000000| PB 0x000002198c000000| Untracked |  0
| 621|0x000002198e000000, 0x0000021990000000, 0x0000021990000000|100%| O|  |TAMS 0x0000021990000000| PB 0x000002198e000000| Untracked |  0
| 622|0x0000021990000000, 0x0000021992000000, 0x0000021992000000|100%| O|  |TAMS 0x0000021992000000| PB 0x0000021990000000| Untracked |  0
| 623|0x0000021992000000, 0x0000021994000000, 0x0000021994000000|100%| O|  |TAMS 0x0000021994000000| PB 0x0000021992000000| Untracked |  0
| 624|0x0000021994000000, 0x0000021996000000, 0x0000021996000000|100%| O|  |TAMS 0x0000021996000000| PB 0x0000021994000000| Untracked |  0
| 625|0x0000021996000000, 0x0000021998000000, 0x0000021998000000|100%| O|  |TAMS 0x0000021998000000| PB 0x0000021996000000| Untracked |  0
| 626|0x0000021998000000, 0x000002199a000000, 0x000002199a000000|100%| O|  |TAMS 0x000002199a000000| PB 0x0000021998000000| Untracked |  0
| 627|0x000002199a000000, 0x000002199c000000, 0x000002199c000000|100%| O|  |TAMS 0x000002199c000000| PB 0x000002199a000000| Untracked |  0
| 628|0x000002199c000000, 0x000002199e000000, 0x000002199e000000|100%| O|  |TAMS 0x000002199e000000| PB 0x000002199c000000| Untracked |  0
| 629|0x000002199e000000, 0x00000219a0000000, 0x00000219a0000000|100%| O|  |TAMS 0x00000219a0000000| PB 0x000002199e000000| Untracked |  0
| 630|0x00000219a0000000, 0x00000219a2000000, 0x00000219a2000000|100%| O|  |TAMS 0x00000219a2000000| PB 0x00000219a0000000| Untracked |  0
| 631|0x00000219a2000000, 0x00000219a4000000, 0x00000219a4000000|100%| O|  |TAMS 0x00000219a4000000| PB 0x00000219a2000000| Untracked |  0
| 632|0x00000219a4000000, 0x00000219a6000000, 0x00000219a6000000|100%| O|  |TAMS 0x00000219a6000000| PB 0x00000219a4000000| Untracked |  0
| 633|0x00000219a6000000, 0x00000219a8000000, 0x00000219a8000000|100%| O|  |TAMS 0x00000219a8000000| PB 0x00000219a6000000| Untracked |  0
| 634|0x00000219a8000000, 0x00000219aa000000, 0x00000219aa000000|100%| O|  |TAMS 0x00000219aa000000| PB 0x00000219a8000000| Untracked |  0
| 635|0x00000219aa000000, 0x00000219ac000000, 0x00000219ac000000|100%| O|  |TAMS 0x00000219ac000000| PB 0x00000219aa000000| Untracked |  0
| 636|0x00000219ac000000, 0x00000219ae000000, 0x00000219ae000000|100%| O|  |TAMS 0x00000219ae000000| PB 0x00000219ac000000| Untracked |  0
| 637|0x00000219ae000000, 0x00000219b0000000, 0x00000219b0000000|100%| O|  |TAMS 0x00000219b0000000| PB 0x00000219ae000000| Untracked |  0
| 638|0x00000219b0000000, 0x00000219b2000000, 0x00000219b2000000|100%| O|  |TAMS 0x00000219b2000000| PB 0x00000219b0000000| Untracked |  0
| 639|0x00000219b2000000, 0x00000219b4000000, 0x00000219b4000000|100%| O|  |TAMS 0x00000219b4000000| PB 0x00000219b2000000| Untracked |  0
| 640|0x00000219b4000000, 0x00000219b6000000, 0x00000219b6000000|100%| O|  |TAMS 0x00000219b6000000| PB 0x00000219b4000000| Untracked |  0
| 641|0x00000219b6000000, 0x00000219b8000000, 0x00000219b8000000|100%| O|  |TAMS 0x00000219b8000000| PB 0x00000219b6000000| Untracked |  0
| 642|0x00000219b8000000, 0x00000219ba000000, 0x00000219ba000000|100%| O|  |TAMS 0x00000219ba000000| PB 0x00000219b8000000| Untracked |  0
| 643|0x00000219ba000000, 0x00000219bc000000, 0x00000219bc000000|100%| O|  |TAMS 0x00000219bc000000| PB 0x00000219ba000000| Untracked |  0
| 644|0x00000219bc000000, 0x00000219be000000, 0x00000219be000000|100%|HS|  |TAMS 0x00000219be000000| PB 0x00000219bc000000| Complete |  0
| 645|0x00000219be000000, 0x00000219c0000000, 0x00000219c0000000|100%|HC|  |TAMS 0x00000219c0000000| PB 0x00000219be000000| Complete |  0
| 646|0x00000219c0000000, 0x00000219c2000000, 0x00000219c2000000|100%|HC|  |TAMS 0x00000219c2000000| PB 0x00000219c0000000| Complete |  0
| 647|0x00000219c2000000, 0x00000219c4000000, 0x00000219c4000000|100%| O|  |TAMS 0x00000219c4000000| PB 0x00000219c2000000| Untracked |  0
| 648|0x00000219c4000000, 0x00000219c6000000, 0x00000219c6000000|100%| O|  |TAMS 0x00000219c6000000| PB 0x00000219c4000000| Untracked |  0
| 649|0x00000219c6000000, 0x00000219c8000000, 0x00000219c8000000|100%| O|  |TAMS 0x00000219c8000000| PB 0x00000219c6000000| Untracked |  0
| 650|0x00000219c8000000, 0x00000219ca000000, 0x00000219ca000000|100%| O|  |TAMS 0x00000219ca000000| PB 0x00000219c8000000| Untracked |  0
| 651|0x00000219ca000000, 0x00000219cc000000, 0x00000219cc000000|100%| O|  |TAMS 0x00000219cc000000| PB 0x00000219ca000000| Untracked |  0
| 652|0x00000219cc000000, 0x00000219ce000000, 0x00000219ce000000|100%| O|  |TAMS 0x00000219ce000000| PB 0x00000219cc000000| Untracked |  0
| 653|0x00000219ce000000, 0x00000219d0000000, 0x00000219d0000000|100%| O|  |TAMS 0x00000219d0000000| PB 0x00000219ce000000| Untracked |  0
| 654|0x00000219d0000000, 0x00000219d2000000, 0x00000219d2000000|100%| O|  |TAMS 0x00000219d2000000| PB 0x00000219d0000000| Untracked |  0
| 655|0x00000219d2000000, 0x00000219d4000000, 0x00000219d4000000|100%| O|  |TAMS 0x00000219d4000000| PB 0x00000219d2000000| Untracked |  0
| 656|0x00000219d4000000, 0x00000219d6000000, 0x00000219d6000000|100%| O|  |TAMS 0x00000219d6000000| PB 0x00000219d4000000| Untracked |  0
| 657|0x00000219d6000000, 0x00000219d8000000, 0x00000219d8000000|100%| O|  |TAMS 0x00000219d8000000| PB 0x00000219d6000000| Untracked |  0
| 658|0x00000219d8000000, 0x00000219da000000, 0x00000219da000000|100%| O|  |TAMS 0x00000219da000000| PB 0x00000219d8000000| Untracked |  0
| 659|0x00000219da000000, 0x00000219dc000000, 0x00000219dc000000|100%| O|  |TAMS 0x00000219dc000000| PB 0x00000219da000000| Untracked |  0
| 660|0x00000219dc000000, 0x00000219de000000, 0x00000219de000000|100%| O|  |TAMS 0x00000219de000000| PB 0x00000219dc000000| Untracked |  0
| 661|0x00000219de000000, 0x00000219e0000000, 0x00000219e0000000|100%| O|  |TAMS 0x00000219e0000000| PB 0x00000219de000000| Untracked |  0
| 662|0x00000219e0000000, 0x00000219e2000000, 0x00000219e2000000|100%| O|  |TAMS 0x00000219e2000000| PB 0x00000219e0000000| Untracked |  0
| 663|0x00000219e2000000, 0x00000219e4000000, 0x00000219e4000000|100%| O|  |TAMS 0x00000219e4000000| PB 0x00000219e2000000| Untracked |  0
| 664|0x00000219e4000000, 0x00000219e6000000, 0x00000219e6000000|100%| O|  |TAMS 0x00000219e6000000| PB 0x00000219e4000000| Untracked |  0
| 665|0x00000219e6000000, 0x00000219e8000000, 0x00000219e8000000|100%| O|  |TAMS 0x00000219e8000000| PB 0x00000219e6000000| Untracked |  0
| 666|0x00000219e8000000, 0x00000219ea000000, 0x00000219ea000000|100%| O|  |TAMS 0x00000219ea000000| PB 0x00000219e8000000| Untracked |  0
| 667|0x00000219ea000000, 0x00000219ec000000, 0x00000219ec000000|100%| O|  |TAMS 0x00000219ec000000| PB 0x00000219ea000000| Untracked |  0
| 668|0x00000219ec000000, 0x00000219ee000000, 0x00000219ee000000|100%| O|  |TAMS 0x00000219ee000000| PB 0x00000219ec000000| Untracked |  0
| 669|0x00000219ee000000, 0x00000219f0000000, 0x00000219f0000000|100%| O|  |TAMS 0x00000219f0000000| PB 0x00000219ee000000| Untracked |  0
| 670|0x00000219f0000000, 0x00000219f2000000, 0x00000219f2000000|100%| O|  |TAMS 0x00000219f2000000| PB 0x00000219f0000000| Untracked |  0
| 671|0x00000219f2000000, 0x00000219f4000000, 0x00000219f4000000|100%| O|  |TAMS 0x00000219f4000000| PB 0x00000219f2000000| Untracked |  0
| 672|0x00000219f4000000, 0x00000219f6000000, 0x00000219f6000000|100%| O|  |TAMS 0x00000219f6000000| PB 0x00000219f4000000| Untracked |  0
| 673|0x00000219f6000000, 0x00000219f8000000, 0x00000219f8000000|100%| O|  |TAMS 0x00000219f8000000| PB 0x00000219f6000000| Untracked |  0
| 674|0x00000219f8000000, 0x00000219fa000000, 0x00000219fa000000|100%| O|  |TAMS 0x00000219fa000000| PB 0x00000219f8000000| Untracked |  0
| 675|0x00000219fa000000, 0x00000219fc000000, 0x00000219fc000000|100%| O|  |TAMS 0x00000219fc000000| PB 0x00000219fa000000| Untracked |  0
| 676|0x00000219fc000000, 0x00000219fe000000, 0x00000219fe000000|100%| O|  |TAMS 0x00000219fe000000| PB 0x00000219fc000000| Untracked |  0
| 677|0x00000219fe000000, 0x0000021a00000000, 0x0000021a00000000|100%| O|  |TAMS 0x0000021a00000000| PB 0x00000219fe000000| Untracked |  0
| 678|0x0000021a00000000, 0x0000021a02000000, 0x0000021a02000000|100%| O|  |TAMS 0x0000021a02000000| PB 0x0000021a00000000| Untracked |  0
| 679|0x0000021a02000000, 0x0000021a04000000, 0x0000021a04000000|100%| O|  |TAMS 0x0000021a04000000| PB 0x0000021a02000000| Untracked |  0
| 680|0x0000021a04000000, 0x0000021a06000000, 0x0000021a06000000|100%| O|  |TAMS 0x0000021a06000000| PB 0x0000021a04000000| Untracked |  0
| 681|0x0000021a06000000, 0x0000021a08000000, 0x0000021a08000000|100%| O|  |TAMS 0x0000021a08000000| PB 0x0000021a06000000| Untracked |  0
| 682|0x0000021a08000000, 0x0000021a0a000000, 0x0000021a0a000000|100%| O|  |TAMS 0x0000021a0a000000| PB 0x0000021a08000000| Untracked |  0
| 683|0x0000021a0a000000, 0x0000021a0c000000, 0x0000021a0c000000|100%| O|  |TAMS 0x0000021a0c000000| PB 0x0000021a0a000000| Untracked |  0
| 684|0x0000021a0c000000, 0x0000021a0e000000, 0x0000021a0e000000|100%| O|  |TAMS 0x0000021a0e000000| PB 0x0000021a0c000000| Untracked |  0
| 685|0x0000021a0e000000, 0x0000021a10000000, 0x0000021a10000000|100%| O|  |TAMS 0x0000021a10000000| PB 0x0000021a0e000000| Untracked |  0
| 686|0x0000021a10000000, 0x0000021a12000000, 0x0000021a12000000|100%| O|  |TAMS 0x0000021a12000000| PB 0x0000021a10000000| Untracked |  0
| 687|0x0000021a12000000, 0x0000021a14000000, 0x0000021a14000000|100%| O|  |TAMS 0x0000021a14000000| PB 0x0000021a12000000| Untracked |  0
| 688|0x0000021a14000000, 0x0000021a16000000, 0x0000021a16000000|100%| O|  |TAMS 0x0000021a16000000| PB 0x0000021a14000000| Untracked |  0
| 689|0x0000021a16000000, 0x0000021a18000000, 0x0000021a18000000|100%|HS|  |TAMS 0x0000021a18000000| PB 0x0000021a16000000| Complete |  0
| 690|0x0000021a18000000, 0x0000021a1a000000, 0x0000021a1a000000|100%|HS|  |TAMS 0x0000021a1a000000| PB 0x0000021a18000000| Complete |  0
| 691|0x0000021a1a000000, 0x0000021a1c000000, 0x0000021a1c000000|100%|HS|  |TAMS 0x0000021a1c000000| PB 0x0000021a1a000000| Complete |  0
| 692|0x0000021a1c000000, 0x0000021a1e000000, 0x0000021a1e000000|100%|HS|  |TAMS 0x0000021a1e000000| PB 0x0000021a1c000000| Complete |  0
| 693|0x0000021a1e000000, 0x0000021a20000000, 0x0000021a20000000|100%|HC|  |TAMS 0x0000021a20000000| PB 0x0000021a1e000000| Complete |  0
| 694|0x0000021a20000000, 0x0000021a22000000, 0x0000021a22000000|100%|HS|  |TAMS 0x0000021a22000000| PB 0x0000021a20000000| Complete |  0
| 695|0x0000021a22000000, 0x0000021a24000000, 0x0000021a24000000|100%|HC|  |TAMS 0x0000021a24000000| PB 0x0000021a22000000| Complete |  0
| 696|0x0000021a24000000, 0x0000021a26000000, 0x0000021a26000000|100%| O|  |TAMS 0x0000021a26000000| PB 0x0000021a24000000| Untracked |  0
| 697|0x0000021a26000000, 0x0000021a28000000, 0x0000021a28000000|100%| O|  |TAMS 0x0000021a28000000| PB 0x0000021a26000000| Untracked |  0
| 698|0x0000021a28000000, 0x0000021a2a000000, 0x0000021a2a000000|100%| O|  |TAMS 0x0000021a2a000000| PB 0x0000021a28000000| Untracked |  0
| 699|0x0000021a2a000000, 0x0000021a2c000000, 0x0000021a2c000000|100%| O|  |TAMS 0x0000021a2c000000| PB 0x0000021a2a000000| Untracked |  0
| 700|0x0000021a2c000000, 0x0000021a2e000000, 0x0000021a2e000000|100%| O|  |TAMS 0x0000021a2e000000| PB 0x0000021a2c000000| Untracked |  0
| 701|0x0000021a2e000000, 0x0000021a30000000, 0x0000021a30000000|100%| O|  |TAMS 0x0000021a30000000| PB 0x0000021a2e000000| Untracked |  0
| 702|0x0000021a30000000, 0x0000021a32000000, 0x0000021a32000000|100%| O|  |TAMS 0x0000021a32000000| PB 0x0000021a30000000| Untracked |  0
| 703|0x0000021a32000000, 0x0000021a34000000, 0x0000021a34000000|100%| O|  |TAMS 0x0000021a34000000| PB 0x0000021a32000000| Untracked |  0
| 704|0x0000021a34000000, 0x0000021a36000000, 0x0000021a36000000|100%| O|  |TAMS 0x0000021a36000000| PB 0x0000021a34000000| Untracked |  0
| 705|0x0000021a36000000, 0x0000021a38000000, 0x0000021a38000000|100%| O|  |TAMS 0x0000021a38000000| PB 0x0000021a36000000| Untracked |  0
| 706|0x0000021a38000000, 0x0000021a3a000000, 0x0000021a3a000000|100%| O|  |TAMS 0x0000021a3a000000| PB 0x0000021a38000000| Untracked |  0
| 707|0x0000021a3a000000, 0x0000021a3c000000, 0x0000021a3c000000|100%| O|  |TAMS 0x0000021a3c000000| PB 0x0000021a3a000000| Untracked |  0
| 708|0x0000021a3c000000, 0x0000021a3e000000, 0x0000021a3e000000|100%| O|  |TAMS 0x0000021a3e000000| PB 0x0000021a3c000000| Untracked |  0
| 709|0x0000021a3e000000, 0x0000021a40000000, 0x0000021a40000000|100%| O|  |TAMS 0x0000021a40000000| PB 0x0000021a3e000000| Untracked |  0
| 710|0x0000021a40000000, 0x0000021a42000000, 0x0000021a42000000|100%| O|  |TAMS 0x0000021a42000000| PB 0x0000021a40000000| Untracked |  0
| 711|0x0000021a42000000, 0x0000021a44000000, 0x0000021a44000000|100%| O|  |TAMS 0x0000021a44000000| PB 0x0000021a42000000| Untracked |  0
| 712|0x0000021a44000000, 0x0000021a46000000, 0x0000021a46000000|100%| O|  |TAMS 0x0000021a46000000| PB 0x0000021a44000000| Untracked |  0
| 713|0x0000021a46000000, 0x0000021a48000000, 0x0000021a48000000|100%| O|  |TAMS 0x0000021a48000000| PB 0x0000021a46000000| Untracked |  0
| 714|0x0000021a48000000, 0x0000021a4a000000, 0x0000021a4a000000|100%| O|  |TAMS 0x0000021a4a000000| PB 0x0000021a48000000| Untracked |  0
| 715|0x0000021a4a000000, 0x0000021a4c000000, 0x0000021a4c000000|100%| O|  |TAMS 0x0000021a4c000000| PB 0x0000021a4a000000| Untracked |  0
| 716|0x0000021a4c000000, 0x0000021a4e000000, 0x0000021a4e000000|100%| O|  |TAMS 0x0000021a4e000000| PB 0x0000021a4c000000| Untracked |  0
| 717|0x0000021a4e000000, 0x0000021a50000000, 0x0000021a50000000|100%| O|  |TAMS 0x0000021a50000000| PB 0x0000021a4e000000| Untracked |  0
| 718|0x0000021a50000000, 0x0000021a52000000, 0x0000021a52000000|100%| O|  |TAMS 0x0000021a52000000| PB 0x0000021a50000000| Untracked |  0
| 719|0x0000021a52000000, 0x0000021a54000000, 0x0000021a54000000|100%| O|  |TAMS 0x0000021a54000000| PB 0x0000021a52000000| Untracked |  0
| 720|0x0000021a54000000, 0x0000021a56000000, 0x0000021a56000000|100%| O|  |TAMS 0x0000021a56000000| PB 0x0000021a54000000| Untracked |  0
| 721|0x0000021a56000000, 0x0000021a58000000, 0x0000021a58000000|100%| O|  |TAMS 0x0000021a58000000| PB 0x0000021a56000000| Untracked |  0
| 722|0x0000021a58000000, 0x0000021a5a000000, 0x0000021a5a000000|100%| O|  |TAMS 0x0000021a5a000000| PB 0x0000021a58000000| Untracked |  0
| 723|0x0000021a5a000000, 0x0000021a5c000000, 0x0000021a5c000000|100%| O|  |TAMS 0x0000021a5c000000| PB 0x0000021a5a000000| Untracked |  0
| 724|0x0000021a5c000000, 0x0000021a5e000000, 0x0000021a5e000000|100%| O|  |TAMS 0x0000021a5e000000| PB 0x0000021a5c000000| Untracked |  0
| 725|0x0000021a5e000000, 0x0000021a60000000, 0x0000021a60000000|100%|HS|  |TAMS 0x0000021a60000000| PB 0x0000021a5e000000| Complete |  0
| 726|0x0000021a60000000, 0x0000021a62000000, 0x0000021a62000000|100%|HS|  |TAMS 0x0000021a62000000| PB 0x0000021a60000000| Complete |  0
| 727|0x0000021a62000000, 0x0000021a64000000, 0x0000021a64000000|100%|HC|  |TAMS 0x0000021a64000000| PB 0x0000021a62000000| Complete |  0
| 728|0x0000021a64000000, 0x0000021a66000000, 0x0000021a66000000|100%|HC|  |TAMS 0x0000021a66000000| PB 0x0000021a64000000| Complete |  0
| 729|0x0000021a66000000, 0x0000021a68000000, 0x0000021a68000000|100%|HS|  |TAMS 0x0000021a68000000| PB 0x0000021a66000000| Complete |  0
| 730|0x0000021a68000000, 0x0000021a6a000000, 0x0000021a6a000000|100%|HC|  |TAMS 0x0000021a6a000000| PB 0x0000021a68000000| Complete |  0
| 731|0x0000021a6a000000, 0x0000021a6c000000, 0x0000021a6c000000|100%|HC|  |TAMS 0x0000021a6c000000| PB 0x0000021a6a000000| Complete |  0
| 732|0x0000021a6c000000, 0x0000021a6e000000, 0x0000021a6e000000|100%| O|  |TAMS 0x0000021a6e000000| PB 0x0000021a6c000000| Untracked |  0
| 733|0x0000021a6e000000, 0x0000021a70000000, 0x0000021a70000000|100%| O|  |TAMS 0x0000021a70000000| PB 0x0000021a6e000000| Untracked |  0
| 734|0x0000021a70000000, 0x0000021a72000000, 0x0000021a72000000|100%| O|  |TAMS 0x0000021a72000000| PB 0x0000021a70000000| Untracked |  0
| 735|0x0000021a72000000, 0x0000021a74000000, 0x0000021a74000000|100%| O|  |TAMS 0x0000021a74000000| PB 0x0000021a72000000| Untracked |  0
| 736|0x0000021a74000000, 0x0000021a76000000, 0x0000021a76000000|100%| O|  |TAMS 0x0000021a76000000| PB 0x0000021a74000000| Untracked |  0
| 737|0x0000021a76000000, 0x0000021a78000000, 0x0000021a78000000|100%| O|  |TAMS 0x0000021a78000000| PB 0x0000021a76000000| Untracked |  0
| 738|0x0000021a78000000, 0x0000021a7a000000, 0x0000021a7a000000|100%| O|  |TAMS 0x0000021a7a000000| PB 0x0000021a78000000| Untracked |  0
| 739|0x0000021a7a000000, 0x0000021a7c000000, 0x0000021a7c000000|100%| O|  |TAMS 0x0000021a7c000000| PB 0x0000021a7a000000| Untracked |  0
| 740|0x0000021a7c000000, 0x0000021a7e000000, 0x0000021a7e000000|100%| O|  |TAMS 0x0000021a7e000000| PB 0x0000021a7c000000| Untracked |  0
| 741|0x0000021a7e000000, 0x0000021a80000000, 0x0000021a80000000|100%| O|  |TAMS 0x0000021a80000000| PB 0x0000021a7e000000| Untracked |  0
| 742|0x0000021a80000000, 0x0000021a82000000, 0x0000021a82000000|100%| O|  |TAMS 0x0000021a82000000| PB 0x0000021a80000000| Untracked |  0
| 743|0x0000021a82000000, 0x0000021a84000000, 0x0000021a84000000|100%| O|  |TAMS 0x0000021a84000000| PB 0x0000021a82000000| Untracked |  0
| 744|0x0000021a84000000, 0x0000021a86000000, 0x0000021a86000000|100%| O|  |TAMS 0x0000021a86000000| PB 0x0000021a84000000| Untracked |  0
| 745|0x0000021a86000000, 0x0000021a88000000, 0x0000021a88000000|100%| O|  |TAMS 0x0000021a88000000| PB 0x0000021a86000000| Untracked |  0
| 746|0x0000021a88000000, 0x0000021a8a000000, 0x0000021a8a000000|100%| O|  |TAMS 0x0000021a8a000000| PB 0x0000021a88000000| Untracked |  0
| 747|0x0000021a8a000000, 0x0000021a8c000000, 0x0000021a8c000000|100%| O|  |TAMS 0x0000021a8c000000| PB 0x0000021a8a000000| Untracked |  0
| 748|0x0000021a8c000000, 0x0000021a8e000000, 0x0000021a8e000000|100%| O|  |TAMS 0x0000021a8e000000| PB 0x0000021a8c000000| Untracked |  0
| 749|0x0000021a8e000000, 0x0000021a90000000, 0x0000021a90000000|100%| O|  |TAMS 0x0000021a90000000| PB 0x0000021a8e000000| Untracked |  0
| 750|0x0000021a90000000, 0x0000021a92000000, 0x0000021a92000000|100%| O|  |TAMS 0x0000021a92000000| PB 0x0000021a90000000| Untracked |  0
| 751|0x0000021a92000000, 0x0000021a94000000, 0x0000021a94000000|100%| O|  |TAMS 0x0000021a94000000| PB 0x0000021a92000000| Untracked |  0
| 752|0x0000021a94000000, 0x0000021a96000000, 0x0000021a96000000|100%| O|  |TAMS 0x0000021a96000000| PB 0x0000021a94000000| Untracked |  0
| 753|0x0000021a96000000, 0x0000021a98000000, 0x0000021a98000000|100%| O|  |TAMS 0x0000021a98000000| PB 0x0000021a96000000| Untracked |  0
| 754|0x0000021a98000000, 0x0000021a9a000000, 0x0000021a9a000000|100%| O|  |TAMS 0x0000021a9a000000| PB 0x0000021a98000000| Untracked |  0
| 755|0x0000021a9a000000, 0x0000021a9c000000, 0x0000021a9c000000|100%| O|  |TAMS 0x0000021a9c000000| PB 0x0000021a9a000000| Untracked |  0
| 756|0x0000021a9c000000, 0x0000021a9e000000, 0x0000021a9e000000|100%|HS|  |TAMS 0x0000021a9e000000| PB 0x0000021a9c000000| Complete |  0
| 757|0x0000021a9e000000, 0x0000021aa0000000, 0x0000021aa0000000|100%|HC|  |TAMS 0x0000021aa0000000| PB 0x0000021a9e000000| Complete |  0
| 758|0x0000021aa0000000, 0x0000021aa2000000, 0x0000021aa2000000|100%| O|  |TAMS 0x0000021aa2000000| PB 0x0000021aa0000000| Untracked |  0
| 759|0x0000021aa2000000, 0x0000021aa4000000, 0x0000021aa4000000|100%| O|  |TAMS 0x0000021aa4000000| PB 0x0000021aa2000000| Untracked |  0
| 760|0x0000021aa4000000, 0x0000021aa6000000, 0x0000021aa6000000|100%| O|  |TAMS 0x0000021aa6000000| PB 0x0000021aa4000000| Untracked |  0
| 761|0x0000021aa6000000, 0x0000021aa8000000, 0x0000021aa8000000|100%| O|  |TAMS 0x0000021aa8000000| PB 0x0000021aa6000000| Untracked |  0
| 762|0x0000021aa8000000, 0x0000021aaa000000, 0x0000021aaa000000|100%| O|  |TAMS 0x0000021aaa000000| PB 0x0000021aa8000000| Untracked |  0
| 763|0x0000021aaa000000, 0x0000021aac000000, 0x0000021aac000000|100%| O|  |TAMS 0x0000021aac000000| PB 0x0000021aaa000000| Untracked |  0
| 764|0x0000021aac000000, 0x0000021aae000000, 0x0000021aae000000|100%| O|  |TAMS 0x0000021aae000000| PB 0x0000021aac000000| Untracked |  0
| 765|0x0000021aae000000, 0x0000021ab0000000, 0x0000021ab0000000|100%| O|  |TAMS 0x0000021ab0000000| PB 0x0000021aae000000| Untracked |  0
| 766|0x0000021ab0000000, 0x0000021ab2000000, 0x0000021ab2000000|100%| O|  |TAMS 0x0000021ab2000000| PB 0x0000021ab0000000| Untracked |  0
| 767|0x0000021ab2000000, 0x0000021ab4000000, 0x0000021ab4000000|100%| O|  |TAMS 0x0000021ab4000000| PB 0x0000021ab2000000| Untracked |  0
| 768|0x0000021ab4000000, 0x0000021ab6000000, 0x0000021ab6000000|100%| O|  |TAMS 0x0000021ab6000000| PB 0x0000021ab4000000| Untracked |  0
| 769|0x0000021ab6000000, 0x0000021ab8000000, 0x0000021ab8000000|100%| O|  |TAMS 0x0000021ab8000000| PB 0x0000021ab6000000| Untracked |  0
| 770|0x0000021ab8000000, 0x0000021aba000000, 0x0000021aba000000|100%| O|  |TAMS 0x0000021aba000000| PB 0x0000021ab8000000| Untracked |  0
| 771|0x0000021aba000000, 0x0000021abc000000, 0x0000021abc000000|100%| O|  |TAMS 0x0000021abc000000| PB 0x0000021aba000000| Untracked |  0
| 772|0x0000021abc000000, 0x0000021abe000000, 0x0000021abe000000|100%| O|  |TAMS 0x0000021abe000000| PB 0x0000021abc000000| Untracked |  0
| 773|0x0000021abe000000, 0x0000021ac0000000, 0x0000021ac0000000|100%| O|  |TAMS 0x0000021ac0000000| PB 0x0000021abe000000| Untracked |  0
| 774|0x0000021ac0000000, 0x0000021ac2000000, 0x0000021ac2000000|100%| O|  |TAMS 0x0000021ac2000000| PB 0x0000021ac0000000| Untracked |  0
| 775|0x0000021ac2000000, 0x0000021ac4000000, 0x0000021ac4000000|100%| O|  |TAMS 0x0000021ac4000000| PB 0x0000021ac2000000| Untracked |  0
| 776|0x0000021ac4000000, 0x0000021ac6000000, 0x0000021ac6000000|100%| O|  |TAMS 0x0000021ac6000000| PB 0x0000021ac4000000| Untracked |  0
| 777|0x0000021ac6000000, 0x0000021ac8000000, 0x0000021ac8000000|100%| O|  |TAMS 0x0000021ac8000000| PB 0x0000021ac6000000| Untracked |  0
| 778|0x0000021ac8000000, 0x0000021aca000000, 0x0000021aca000000|100%| O|  |TAMS 0x0000021aca000000| PB 0x0000021ac8000000| Untracked |  0
| 779|0x0000021aca000000, 0x0000021acc000000, 0x0000021acc000000|100%| O|  |TAMS 0x0000021acc000000| PB 0x0000021aca000000| Untracked |  0
| 780|0x0000021acc000000, 0x0000021ace000000, 0x0000021ace000000|100%| O|  |TAMS 0x0000021ace000000| PB 0x0000021acc000000| Untracked |  0
| 781|0x0000021ace000000, 0x0000021ad0000000, 0x0000021ad0000000|100%| O|  |TAMS 0x0000021ad0000000| PB 0x0000021ace000000| Untracked |  0
| 782|0x0000021ad0000000, 0x0000021ad2000000, 0x0000021ad2000000|100%| O|  |TAMS 0x0000021ad2000000| PB 0x0000021ad0000000| Untracked |  0
| 783|0x0000021ad2000000, 0x0000021ad4000000, 0x0000021ad4000000|100%| O|  |TAMS 0x0000021ad4000000| PB 0x0000021ad2000000| Untracked |  0
| 784|0x0000021ad4000000, 0x0000021ad6000000, 0x0000021ad6000000|100%|HS|  |TAMS 0x0000021ad6000000| PB 0x0000021ad4000000| Complete |  0
| 785|0x0000021ad6000000, 0x0000021ad8000000, 0x0000021ad8000000|100%|HC|  |TAMS 0x0000021ad8000000| PB 0x0000021ad6000000| Complete |  0
| 786|0x0000021ad8000000, 0x0000021ada000000, 0x0000021ada000000|100%| O|  |TAMS 0x0000021ada000000| PB 0x0000021ad8000000| Untracked |  0
| 787|0x0000021ada000000, 0x0000021adc000000, 0x0000021adc000000|100%| O|  |TAMS 0x0000021adc000000| PB 0x0000021ada000000| Untracked |  0
| 788|0x0000021adc000000, 0x0000021ade000000, 0x0000021ade000000|100%| O|  |TAMS 0x0000021ade000000| PB 0x0000021adc000000| Untracked |  0
| 789|0x0000021ade000000, 0x0000021ae0000000, 0x0000021ae0000000|100%| O|  |TAMS 0x0000021ae0000000| PB 0x0000021ade000000| Untracked |  0
| 790|0x0000021ae0000000, 0x0000021ae2000000, 0x0000021ae2000000|100%| O|  |TAMS 0x0000021ae2000000| PB 0x0000021ae0000000| Untracked |  0
| 791|0x0000021ae2000000, 0x0000021ae4000000, 0x0000021ae4000000|100%| O|  |TAMS 0x0000021ae4000000| PB 0x0000021ae2000000| Untracked |  0
| 792|0x0000021ae4000000, 0x0000021ae6000000, 0x0000021ae6000000|100%| O|  |TAMS 0x0000021ae6000000| PB 0x0000021ae4000000| Untracked |  0
| 793|0x0000021ae6000000, 0x0000021ae8000000, 0x0000021ae8000000|100%| O|  |TAMS 0x0000021ae8000000| PB 0x0000021ae6000000| Untracked |  0
| 794|0x0000021ae8000000, 0x0000021aea000000, 0x0000021aea000000|100%| O|  |TAMS 0x0000021aea000000| PB 0x0000021ae8000000| Untracked |  0
| 795|0x0000021aea000000, 0x0000021aec000000, 0x0000021aec000000|100%| O|  |TAMS 0x0000021aec000000| PB 0x0000021aea000000| Untracked |  0
| 796|0x0000021aec000000, 0x0000021aee000000, 0x0000021aee000000|100%| O|  |TAMS 0x0000021aee000000| PB 0x0000021aec000000| Untracked |  0
| 797|0x0000021aee000000, 0x0000021af0000000, 0x0000021af0000000|100%| O|  |TAMS 0x0000021af0000000| PB 0x0000021aee000000| Untracked |  0
| 798|0x0000021af0000000, 0x0000021af2000000, 0x0000021af2000000|100%| O|  |TAMS 0x0000021af2000000| PB 0x0000021af0000000| Untracked |  0
| 799|0x0000021af2000000, 0x0000021af4000000, 0x0000021af4000000|100%| O|  |TAMS 0x0000021af4000000| PB 0x0000021af2000000| Untracked |  0
| 800|0x0000021af4000000, 0x0000021af6000000, 0x0000021af6000000|100%| O|  |TAMS 0x0000021af6000000| PB 0x0000021af4000000| Untracked |  0
| 801|0x0000021af6000000, 0x0000021af8000000, 0x0000021af8000000|100%| O|  |TAMS 0x0000021af8000000| PB 0x0000021af6000000| Untracked |  0
| 802|0x0000021af8000000, 0x0000021afa000000, 0x0000021afa000000|100%| O|  |TAMS 0x0000021afa000000| PB 0x0000021af8000000| Untracked |  0
| 803|0x0000021afa000000, 0x0000021afc000000, 0x0000021afc000000|100%| O|  |TAMS 0x0000021afc000000| PB 0x0000021afa000000| Untracked |  0
| 804|0x0000021afc000000, 0x0000021afe000000, 0x0000021afe000000|100%| O|  |TAMS 0x0000021afe000000| PB 0x0000021afc000000| Untracked |  0
| 805|0x0000021afe000000, 0x0000021b00000000, 0x0000021b00000000|100%| O|  |TAMS 0x0000021b00000000| PB 0x0000021afe000000| Untracked |  0
| 806|0x0000021b00000000, 0x0000021b02000000, 0x0000021b02000000|100%| O|  |TAMS 0x0000021b02000000| PB 0x0000021b00000000| Untracked |  0
| 807|0x0000021b02000000, 0x0000021b04000000, 0x0000021b04000000|100%| O|  |TAMS 0x0000021b04000000| PB 0x0000021b02000000| Untracked |  0
| 808|0x0000021b04000000, 0x0000021b06000000, 0x0000021b06000000|100%| O|  |TAMS 0x0000021b06000000| PB 0x0000021b04000000| Untracked |  0
| 809|0x0000021b06000000, 0x0000021b08000000, 0x0000021b08000000|100%| O|  |TAMS 0x0000021b08000000| PB 0x0000021b06000000| Untracked |  0
| 810|0x0000021b08000000, 0x0000021b0a000000, 0x0000021b0a000000|100%| O|  |TAMS 0x0000021b0a000000| PB 0x0000021b08000000| Untracked |  0
| 811|0x0000021b0a000000, 0x0000021b0c000000, 0x0000021b0c000000|100%| O|  |TAMS 0x0000021b0c000000| PB 0x0000021b0a000000| Untracked |  0
| 812|0x0000021b0c000000, 0x0000021b0e000000, 0x0000021b0e000000|100%|HS|  |TAMS 0x0000021b0e000000| PB 0x0000021b0c000000| Complete |  0
| 813|0x0000021b0e000000, 0x0000021b10000000, 0x0000021b10000000|100%|HC|  |TAMS 0x0000021b10000000| PB 0x0000021b0e000000| Complete |  0
| 814|0x0000021b10000000, 0x0000021b12000000, 0x0000021b12000000|100%|HC|  |TAMS 0x0000021b12000000| PB 0x0000021b10000000| Complete |  0
| 815|0x0000021b12000000, 0x0000021b14000000, 0x0000021b14000000|100%|HC|  |TAMS 0x0000021b14000000| PB 0x0000021b12000000| Complete |  0
| 816|0x0000021b14000000, 0x0000021b16000000, 0x0000021b16000000|100%|HC|  |TAMS 0x0000021b16000000| PB 0x0000021b14000000| Complete |  0
| 817|0x0000021b16000000, 0x0000021b18000000, 0x0000021b18000000|100%|HS|  |TAMS 0x0000021b18000000| PB 0x0000021b16000000| Complete |  0
| 818|0x0000021b18000000, 0x0000021b1a000000, 0x0000021b1a000000|100%|HC|  |TAMS 0x0000021b1a000000| PB 0x0000021b18000000| Complete |  0
| 819|0x0000021b1a000000, 0x0000021b1c000000, 0x0000021b1c000000|100%|HC|  |TAMS 0x0000021b1c000000| PB 0x0000021b1a000000| Complete |  0
| 820|0x0000021b1c000000, 0x0000021b1e000000, 0x0000021b1e000000|100%|HC|  |TAMS 0x0000021b1e000000| PB 0x0000021b1c000000| Complete |  0
| 821|0x0000021b1e000000, 0x0000021b20000000, 0x0000021b20000000|100%|HC|  |TAMS 0x0000021b20000000| PB 0x0000021b1e000000| Complete |  0
| 822|0x0000021b20000000, 0x0000021b22000000, 0x0000021b22000000|100%|HS|  |TAMS 0x0000021b22000000| PB 0x0000021b20000000| Complete |  0
| 823|0x0000021b22000000, 0x0000021b24000000, 0x0000021b24000000|100%|HC|  |TAMS 0x0000021b24000000| PB 0x0000021b22000000| Complete |  0
| 824|0x0000021b24000000, 0x0000021b26000000, 0x0000021b26000000|100%|HC|  |TAMS 0x0000021b26000000| PB 0x0000021b24000000| Complete |  0
| 825|0x0000021b26000000, 0x0000021b28000000, 0x0000021b28000000|100%| O|  |TAMS 0x0000021b28000000| PB 0x0000021b26000000| Untracked |  0
| 826|0x0000021b28000000, 0x0000021b2a000000, 0x0000021b2a000000|100%| O|  |TAMS 0x0000021b2a000000| PB 0x0000021b28000000| Untracked |  0
| 827|0x0000021b2a000000, 0x0000021b2c000000, 0x0000021b2c000000|100%| O|  |TAMS 0x0000021b2c000000| PB 0x0000021b2a000000| Untracked |  0
| 828|0x0000021b2c000000, 0x0000021b2e000000, 0x0000021b2e000000|100%| O|  |TAMS 0x0000021b2e000000| PB 0x0000021b2c000000| Untracked |  0
| 829|0x0000021b2e000000, 0x0000021b30000000, 0x0000021b30000000|100%| O|  |TAMS 0x0000021b30000000| PB 0x0000021b2e000000| Untracked |  0
| 830|0x0000021b30000000, 0x0000021b32000000, 0x0000021b32000000|100%| O|  |TAMS 0x0000021b32000000| PB 0x0000021b30000000| Untracked |  0
| 831|0x0000021b32000000, 0x0000021b34000000, 0x0000021b34000000|100%| O|  |TAMS 0x0000021b34000000| PB 0x0000021b32000000| Untracked |  0
| 832|0x0000021b34000000, 0x0000021b36000000, 0x0000021b36000000|100%| O|  |TAMS 0x0000021b36000000| PB 0x0000021b34000000| Untracked |  0
| 833|0x0000021b36000000, 0x0000021b38000000, 0x0000021b38000000|100%| O|  |TAMS 0x0000021b38000000| PB 0x0000021b36000000| Untracked |  0
| 834|0x0000021b38000000, 0x0000021b3a000000, 0x0000021b3a000000|100%| O|  |TAMS 0x0000021b3a000000| PB 0x0000021b38000000| Untracked |  0
| 835|0x0000021b3a000000, 0x0000021b3c000000, 0x0000021b3c000000|100%| O|  |TAMS 0x0000021b3c000000| PB 0x0000021b3a000000| Untracked |  0
| 836|0x0000021b3c000000, 0x0000021b3e000000, 0x0000021b3e000000|100%| O|  |TAMS 0x0000021b3e000000| PB 0x0000021b3c000000| Untracked |  0
| 837|0x0000021b3e000000, 0x0000021b40000000, 0x0000021b40000000|100%| O|  |TAMS 0x0000021b40000000| PB 0x0000021b3e000000| Untracked |  0
| 838|0x0000021b40000000, 0x0000021b42000000, 0x0000021b42000000|100%| O|  |TAMS 0x0000021b42000000| PB 0x0000021b40000000| Untracked |  0
| 839|0x0000021b42000000, 0x0000021b44000000, 0x0000021b44000000|100%| O|  |TAMS 0x0000021b44000000| PB 0x0000021b42000000| Untracked |  0
| 840|0x0000021b44000000, 0x0000021b46000000, 0x0000021b46000000|100%| O|  |TAMS 0x0000021b46000000| PB 0x0000021b44000000| Untracked |  0
| 841|0x0000021b46000000, 0x0000021b48000000, 0x0000021b48000000|100%| O|  |TAMS 0x0000021b48000000| PB 0x0000021b46000000| Untracked |  0
| 842|0x0000021b48000000, 0x0000021b4a000000, 0x0000021b4a000000|100%| O|  |TAMS 0x0000021b4a000000| PB 0x0000021b48000000| Untracked |  0
| 843|0x0000021b4a000000, 0x0000021b4c000000, 0x0000021b4c000000|100%| O|  |TAMS 0x0000021b4c000000| PB 0x0000021b4a000000| Untracked |  0
| 844|0x0000021b4c000000, 0x0000021b4e000000, 0x0000021b4e000000|100%| O|  |TAMS 0x0000021b4e000000| PB 0x0000021b4c000000| Untracked |  0
| 845|0x0000021b4e000000, 0x0000021b50000000, 0x0000021b50000000|100%| O|  |TAMS 0x0000021b50000000| PB 0x0000021b4e000000| Untracked |  0
| 846|0x0000021b50000000, 0x0000021b52000000, 0x0000021b52000000|100%| O|  |TAMS 0x0000021b52000000| PB 0x0000021b50000000| Untracked |  0
| 847|0x0000021b52000000, 0x0000021b54000000, 0x0000021b54000000|100%| O|  |TAMS 0x0000021b54000000| PB 0x0000021b52000000| Untracked |  0
| 848|0x0000021b54000000, 0x0000021b56000000, 0x0000021b56000000|100%| O|  |TAMS 0x0000021b56000000| PB 0x0000021b54000000| Untracked |  0
| 849|0x0000021b56000000, 0x0000021b58000000, 0x0000021b58000000|100%| O|  |TAMS 0x0000021b58000000| PB 0x0000021b56000000| Untracked |  0
| 850|0x0000021b58000000, 0x0000021b5a000000, 0x0000021b5a000000|100%| O|  |TAMS 0x0000021b5a000000| PB 0x0000021b58000000| Untracked |  0
| 851|0x0000021b5a000000, 0x0000021b5c000000, 0x0000021b5c000000|100%| O|  |TAMS 0x0000021b5c000000| PB 0x0000021b5a000000| Untracked |  0
| 852|0x0000021b5c000000, 0x0000021b5e000000, 0x0000021b5e000000|100%|HS|  |TAMS 0x0000021b5e000000| PB 0x0000021b5c000000| Complete |  0
| 853|0x0000021b5e000000, 0x0000021b60000000, 0x0000021b60000000|100%|HC|  |TAMS 0x0000021b60000000| PB 0x0000021b5e000000| Complete |  0
| 854|0x0000021b60000000, 0x0000021b62000000, 0x0000021b62000000|100%|HC|  |TAMS 0x0000021b62000000| PB 0x0000021b60000000| Complete |  0
| 855|0x0000021b62000000, 0x0000021b64000000, 0x0000021b64000000|100%|HC|  |TAMS 0x0000021b64000000| PB 0x0000021b62000000| Complete |  0
| 856|0x0000021b64000000, 0x0000021b66000000, 0x0000021b66000000|100%|HS|  |TAMS 0x0000021b66000000| PB 0x0000021b64000000| Complete |  0
| 857|0x0000021b66000000, 0x0000021b68000000, 0x0000021b68000000|100%|HC|  |TAMS 0x0000021b68000000| PB 0x0000021b66000000| Complete |  0
| 858|0x0000021b68000000, 0x0000021b6a000000, 0x0000021b6a000000|100%|HC|  |TAMS 0x0000021b6a000000| PB 0x0000021b68000000| Complete |  0
| 859|0x0000021b6a000000, 0x0000021b6c000000, 0x0000021b6c000000|100%|HC|  |TAMS 0x0000021b6c000000| PB 0x0000021b6a000000| Complete |  0
| 860|0x0000021b6c000000, 0x0000021b6e000000, 0x0000021b6e000000|100%|HC|  |TAMS 0x0000021b6e000000| PB 0x0000021b6c000000| Complete |  0
| 861|0x0000021b6e000000, 0x0000021b70000000, 0x0000021b70000000|100%|HC|  |TAMS 0x0000021b70000000| PB 0x0000021b6e000000| Complete |  0
| 862|0x0000021b70000000, 0x0000021b72000000, 0x0000021b72000000|100%|HS|  |TAMS 0x0000021b72000000| PB 0x0000021b70000000| Complete |  0
| 863|0x0000021b72000000, 0x0000021b74000000, 0x0000021b74000000|100%|HC|  |TAMS 0x0000021b74000000| PB 0x0000021b72000000| Complete |  0
| 864|0x0000021b74000000, 0x0000021b76000000, 0x0000021b76000000|100%|HC|  |TAMS 0x0000021b76000000| PB 0x0000021b74000000| Complete |  0
| 865|0x0000021b76000000, 0x0000021b78000000, 0x0000021b78000000|100%|HS|  |TAMS 0x0000021b78000000| PB 0x0000021b76000000| Complete |  0
| 866|0x0000021b78000000, 0x0000021b7a000000, 0x0000021b7a000000|100%|HC|  |TAMS 0x0000021b7a000000| PB 0x0000021b78000000| Complete |  0
| 867|0x0000021b7a000000, 0x0000021b7c000000, 0x0000021b7c000000|100%|HC|  |TAMS 0x0000021b7c000000| PB 0x0000021b7a000000| Complete |  0
| 868|0x0000021b7c000000, 0x0000021b7e000000, 0x0000021b7e000000|100%|HC|  |TAMS 0x0000021b7e000000| PB 0x0000021b7c000000| Complete |  0
| 869|0x0000021b7e000000, 0x0000021b80000000, 0x0000021b80000000|100%|HC|  |TAMS 0x0000021b80000000| PB 0x0000021b7e000000| Complete |  0
| 870|0x0000021b80000000, 0x0000021b82000000, 0x0000021b82000000|100%| O|  |TAMS 0x0000021b82000000| PB 0x0000021b80000000| Untracked |  0
| 871|0x0000021b82000000, 0x0000021b84000000, 0x0000021b84000000|100%| O|  |TAMS 0x0000021b84000000| PB 0x0000021b82000000| Untracked |  0
| 872|0x0000021b84000000, 0x0000021b86000000, 0x0000021b86000000|100%| O|  |TAMS 0x0000021b86000000| PB 0x0000021b84000000| Untracked |  0
| 873|0x0000021b86000000, 0x0000021b88000000, 0x0000021b88000000|100%| O|  |TAMS 0x0000021b88000000| PB 0x0000021b86000000| Untracked |  0
| 874|0x0000021b88000000, 0x0000021b8a000000, 0x0000021b8a000000|100%| O|  |TAMS 0x0000021b8a000000| PB 0x0000021b88000000| Untracked |  0
| 875|0x0000021b8a000000, 0x0000021b8c000000, 0x0000021b8c000000|100%| O|  |TAMS 0x0000021b8c000000| PB 0x0000021b8a000000| Untracked |  0
| 876|0x0000021b8c000000, 0x0000021b8e000000, 0x0000021b8e000000|100%| O|  |TAMS 0x0000021b8e000000| PB 0x0000021b8c000000| Untracked |  0
| 877|0x0000021b8e000000, 0x0000021b90000000, 0x0000021b90000000|100%| O|  |TAMS 0x0000021b90000000| PB 0x0000021b8e000000| Untracked |  0
| 878|0x0000021b90000000, 0x0000021b92000000, 0x0000021b92000000|100%| O|  |TAMS 0x0000021b92000000| PB 0x0000021b90000000| Untracked |  0
| 879|0x0000021b92000000, 0x0000021b94000000, 0x0000021b94000000|100%| O|  |TAMS 0x0000021b94000000| PB 0x0000021b92000000| Untracked |  0
| 880|0x0000021b94000000, 0x0000021b96000000, 0x0000021b96000000|100%| O|  |TAMS 0x0000021b96000000| PB 0x0000021b94000000| Untracked |  0
| 881|0x0000021b96000000, 0x0000021b98000000, 0x0000021b98000000|100%| O|  |TAMS 0x0000021b98000000| PB 0x0000021b96000000| Untracked |  0
| 882|0x0000021b98000000, 0x0000021b9a000000, 0x0000021b9a000000|100%| O|  |TAMS 0x0000021b9a000000| PB 0x0000021b98000000| Untracked |  0
| 883|0x0000021b9a000000, 0x0000021b9c000000, 0x0000021b9c000000|100%| O|  |TAMS 0x0000021b9c000000| PB 0x0000021b9a000000| Untracked |  0
| 884|0x0000021b9c000000, 0x0000021b9e000000, 0x0000021b9e000000|100%| O|  |TAMS 0x0000021b9e000000| PB 0x0000021b9c000000| Untracked |  0
| 885|0x0000021b9e000000, 0x0000021ba0000000, 0x0000021ba0000000|100%| O|  |TAMS 0x0000021ba0000000| PB 0x0000021b9e000000| Untracked |  0
| 886|0x0000021ba0000000, 0x0000021ba2000000, 0x0000021ba2000000|100%| O|  |TAMS 0x0000021ba2000000| PB 0x0000021ba0000000| Untracked |  0
| 887|0x0000021ba2000000, 0x0000021ba4000000, 0x0000021ba4000000|100%| O|  |TAMS 0x0000021ba4000000| PB 0x0000021ba2000000| Untracked |  0
| 888|0x0000021ba4000000, 0x0000021ba6000000, 0x0000021ba6000000|100%| O|  |TAMS 0x0000021ba6000000| PB 0x0000021ba4000000| Untracked |  0
| 889|0x0000021ba6000000, 0x0000021ba8000000, 0x0000021ba8000000|100%| O|  |TAMS 0x0000021ba8000000| PB 0x0000021ba6000000| Untracked |  0
| 890|0x0000021ba8000000, 0x0000021baa000000, 0x0000021baa000000|100%| O|  |TAMS 0x0000021baa000000| PB 0x0000021ba8000000| Untracked |  0
| 891|0x0000021baa000000, 0x0000021bac000000, 0x0000021bac000000|100%| O|  |TAMS 0x0000021bac000000| PB 0x0000021baa000000| Untracked |  0
| 892|0x0000021bac000000, 0x0000021bae000000, 0x0000021bae000000|100%| O|  |TAMS 0x0000021bae000000| PB 0x0000021bac000000| Untracked |  0
| 893|0x0000021bae000000, 0x0000021bb0000000, 0x0000021bb0000000|100%| O|  |TAMS 0x0000021bb0000000| PB 0x0000021bae000000| Untracked |  0
| 894|0x0000021bb0000000, 0x0000021bb2000000, 0x0000021bb2000000|100%| O|  |TAMS 0x0000021bb2000000| PB 0x0000021bb0000000| Untracked |  0
| 895|0x0000021bb2000000, 0x0000021bb4000000, 0x0000021bb4000000|100%| O|  |TAMS 0x0000021bb4000000| PB 0x0000021bb2000000| Untracked |  0
| 896|0x0000021bb4000000, 0x0000021bb6000000, 0x0000021bb6000000|100%| O|  |TAMS 0x0000021bb6000000| PB 0x0000021bb4000000| Untracked |  0
| 897|0x0000021bb6000000, 0x0000021bb8000000, 0x0000021bb8000000|100%| O|  |TAMS 0x0000021bb8000000| PB 0x0000021bb6000000| Untracked |  0
| 898|0x0000021bb8000000, 0x0000021bba000000, 0x0000021bba000000|100%| O|  |TAMS 0x0000021bba000000| PB 0x0000021bb8000000| Untracked |  0
| 899|0x0000021bba000000, 0x0000021bbc000000, 0x0000021bbc000000|100%| O|  |TAMS 0x0000021bbc000000| PB 0x0000021bba000000| Untracked |  0
| 900|0x0000021bbc000000, 0x0000021bbe000000, 0x0000021bbe000000|100%| O|  |TAMS 0x0000021bbe000000| PB 0x0000021bbc000000| Untracked |  0
| 901|0x0000021bbe000000, 0x0000021bc0000000, 0x0000021bc0000000|100%| O|  |TAMS 0x0000021bc0000000| PB 0x0000021bbe000000| Untracked |  0
| 902|0x0000021bc0000000, 0x0000021bc2000000, 0x0000021bc2000000|100%| O|  |TAMS 0x0000021bc2000000| PB 0x0000021bc0000000| Untracked |  0
| 903|0x0000021bc2000000, 0x0000021bc4000000, 0x0000021bc4000000|100%| O|  |TAMS 0x0000021bc4000000| PB 0x0000021bc2000000| Untracked |  0
| 904|0x0000021bc4000000, 0x0000021bc6000000, 0x0000021bc6000000|100%| O|  |TAMS 0x0000021bc6000000| PB 0x0000021bc4000000| Untracked |  0
| 905|0x0000021bc6000000, 0x0000021bc8000000, 0x0000021bc8000000|100%| O|  |TAMS 0x0000021bc8000000| PB 0x0000021bc6000000| Untracked |  0
| 906|0x0000021bc8000000, 0x0000021bca000000, 0x0000021bca000000|100%| O|  |TAMS 0x0000021bca000000| PB 0x0000021bc8000000| Untracked |  0
| 907|0x0000021bca000000, 0x0000021bcc000000, 0x0000021bcc000000|100%| O|  |TAMS 0x0000021bcc000000| PB 0x0000021bca000000| Untracked |  0
| 908|0x0000021bcc000000, 0x0000021bce000000, 0x0000021bce000000|100%| O|  |TAMS 0x0000021bce000000| PB 0x0000021bcc000000| Untracked |  0
| 909|0x0000021bce000000, 0x0000021bd0000000, 0x0000021bd0000000|100%| O|  |TAMS 0x0000021bd0000000| PB 0x0000021bce000000| Untracked |  0
| 910|0x0000021bd0000000, 0x0000021bd2000000, 0x0000021bd2000000|100%| O|  |TAMS 0x0000021bd2000000| PB 0x0000021bd0000000| Untracked |  0
| 911|0x0000021bd2000000, 0x0000021bd4000000, 0x0000021bd4000000|100%| O|  |TAMS 0x0000021bd4000000| PB 0x0000021bd2000000| Untracked |  0
| 912|0x0000021bd4000000, 0x0000021bd6000000, 0x0000021bd6000000|100%| O|  |TAMS 0x0000021bd6000000| PB 0x0000021bd4000000| Untracked |  0
| 913|0x0000021bd6000000, 0x0000021bd8000000, 0x0000021bd8000000|100%| O|  |TAMS 0x0000021bd8000000| PB 0x0000021bd6000000| Untracked |  0
| 914|0x0000021bd8000000, 0x0000021bda000000, 0x0000021bda000000|100%| O|  |TAMS 0x0000021bda000000| PB 0x0000021bd8000000| Untracked |  0
| 915|0x0000021bda000000, 0x0000021bdc000000, 0x0000021bdc000000|100%| O|  |TAMS 0x0000021bdc000000| PB 0x0000021bda000000| Untracked |  0
| 916|0x0000021bdc000000, 0x0000021bde000000, 0x0000021bde000000|100%| O|  |TAMS 0x0000021bde000000| PB 0x0000021bdc000000| Untracked |  0
| 917|0x0000021bde000000, 0x0000021be0000000, 0x0000021be0000000|100%| O|  |TAMS 0x0000021be0000000| PB 0x0000021bde000000| Untracked |  0
| 918|0x0000021be0000000, 0x0000021be2000000, 0x0000021be2000000|100%| O|  |TAMS 0x0000021be2000000| PB 0x0000021be0000000| Untracked |  0
| 919|0x0000021be2000000, 0x0000021be4000000, 0x0000021be4000000|100%| O|  |TAMS 0x0000021be4000000| PB 0x0000021be2000000| Untracked |  0
| 920|0x0000021be4000000, 0x0000021be6000000, 0x0000021be6000000|100%| O|  |TAMS 0x0000021be6000000| PB 0x0000021be4000000| Untracked |  0
| 921|0x0000021be6000000, 0x0000021be8000000, 0x0000021be8000000|100%| O|  |TAMS 0x0000021be8000000| PB 0x0000021be6000000| Untracked |  0
| 922|0x0000021be8000000, 0x0000021bea000000, 0x0000021bea000000|100%| O|  |TAMS 0x0000021bea000000| PB 0x0000021be8000000| Untracked |  0
| 923|0x0000021bea000000, 0x0000021bec000000, 0x0000021bec000000|100%| O|  |TAMS 0x0000021bec000000| PB 0x0000021bea000000| Untracked |  0
| 924|0x0000021bec000000, 0x0000021bee000000, 0x0000021bee000000|100%| O|  |TAMS 0x0000021bee000000| PB 0x0000021bec000000| Untracked |  0
| 925|0x0000021bee000000, 0x0000021bf0000000, 0x0000021bf0000000|100%| O|  |TAMS 0x0000021bf0000000| PB 0x0000021bee000000| Untracked |  0
| 926|0x0000021bf0000000, 0x0000021bf2000000, 0x0000021bf2000000|100%| O|  |TAMS 0x0000021bf2000000| PB 0x0000021bf0000000| Untracked |  0
| 927|0x0000021bf2000000, 0x0000021bf4000000, 0x0000021bf4000000|100%| O|  |TAMS 0x0000021bf4000000| PB 0x0000021bf2000000| Untracked |  0
| 928|0x0000021bf4000000, 0x0000021bf6000000, 0x0000021bf6000000|100%| O|  |TAMS 0x0000021bf6000000| PB 0x0000021bf4000000| Untracked |  0
| 929|0x0000021bf6000000, 0x0000021bf8000000, 0x0000021bf8000000|100%| O|  |TAMS 0x0000021bf8000000| PB 0x0000021bf6000000| Untracked |  0
| 930|0x0000021bf8000000, 0x0000021bfa000000, 0x0000021bfa000000|100%| O|  |TAMS 0x0000021bfa000000| PB 0x0000021bf8000000| Untracked |  0
| 931|0x0000021bfa000000, 0x0000021bfc000000, 0x0000021bfc000000|100%| O|  |TAMS 0x0000021bfc000000| PB 0x0000021bfa000000| Untracked |  0
| 932|0x0000021bfc000000, 0x0000021bfe000000, 0x0000021bfe000000|100%| O|  |TAMS 0x0000021bfe000000| PB 0x0000021bfc000000| Untracked |  0
| 933|0x0000021bfe000000, 0x0000021c00000000, 0x0000021c00000000|100%| O|  |TAMS 0x0000021c00000000| PB 0x0000021bfe000000| Untracked |  0
| 934|0x0000021c00000000, 0x0000021c02000000, 0x0000021c02000000|100%| O|  |TAMS 0x0000021c02000000| PB 0x0000021c00000000| Untracked |  0
| 935|0x0000021c02000000, 0x0000021c04000000, 0x0000021c04000000|100%| O|  |TAMS 0x0000021c04000000| PB 0x0000021c02000000| Untracked |  0
| 936|0x0000021c04000000, 0x0000021c06000000, 0x0000021c06000000|100%| O|  |TAMS 0x0000021c06000000| PB 0x0000021c04000000| Untracked |  0
| 937|0x0000021c06000000, 0x0000021c08000000, 0x0000021c08000000|100%| O|  |TAMS 0x0000021c08000000| PB 0x0000021c06000000| Untracked |  0
| 938|0x0000021c08000000, 0x0000021c0a000000, 0x0000021c0a000000|100%| O|  |TAMS 0x0000021c0a000000| PB 0x0000021c08000000| Untracked |  0
| 939|0x0000021c0a000000, 0x0000021c0c000000, 0x0000021c0c000000|100%| O|  |TAMS 0x0000021c0c000000| PB 0x0000021c0a000000| Untracked |  0
| 940|0x0000021c0c000000, 0x0000021c0e000000, 0x0000021c0e000000|100%| O|  |TAMS 0x0000021c0e000000| PB 0x0000021c0c000000| Untracked |  0
| 941|0x0000021c0e000000, 0x0000021c10000000, 0x0000021c10000000|100%| O|  |TAMS 0x0000021c10000000| PB 0x0000021c0e000000| Untracked |  0
| 942|0x0000021c10000000, 0x0000021c12000000, 0x0000021c12000000|100%| O|  |TAMS 0x0000021c12000000| PB 0x0000021c10000000| Untracked |  0
| 943|0x0000021c12000000, 0x0000021c14000000, 0x0000021c14000000|100%| O|  |TAMS 0x0000021c14000000| PB 0x0000021c12000000| Untracked |  0
| 944|0x0000021c14000000, 0x0000021c16000000, 0x0000021c16000000|100%| O|  |TAMS 0x0000021c16000000| PB 0x0000021c14000000| Untracked |  0
| 945|0x0000021c16000000, 0x0000021c18000000, 0x0000021c18000000|100%| O|  |TAMS 0x0000021c18000000| PB 0x0000021c16000000| Untracked |  0
| 946|0x0000021c18000000, 0x0000021c1a000000, 0x0000021c1a000000|100%| O|  |TAMS 0x0000021c1a000000| PB 0x0000021c18000000| Untracked |  0
| 947|0x0000021c1a000000, 0x0000021c1c000000, 0x0000021c1c000000|100%| O|  |TAMS 0x0000021c1c000000| PB 0x0000021c1a000000| Untracked |  0
| 948|0x0000021c1c000000, 0x0000021c1e000000, 0x0000021c1e000000|100%| O|  |TAMS 0x0000021c1e000000| PB 0x0000021c1c000000| Untracked |  0
| 949|0x0000021c1e000000, 0x0000021c20000000, 0x0000021c20000000|100%| O|  |TAMS 0x0000021c20000000| PB 0x0000021c1e000000| Untracked |  0
| 950|0x0000021c20000000, 0x0000021c22000000, 0x0000021c22000000|100%| O|  |TAMS 0x0000021c22000000| PB 0x0000021c20000000| Untracked |  0
| 951|0x0000021c22000000, 0x0000021c24000000, 0x0000021c24000000|100%| O|  |TAMS 0x0000021c24000000| PB 0x0000021c22000000| Untracked |  0
| 952|0x0000021c24000000, 0x0000021c26000000, 0x0000021c26000000|100%| O|  |TAMS 0x0000021c26000000| PB 0x0000021c24000000| Untracked |  0
| 953|0x0000021c26000000, 0x0000021c28000000, 0x0000021c28000000|100%| O|  |TAMS 0x0000021c28000000| PB 0x0000021c26000000| Untracked |  0
| 954|0x0000021c28000000, 0x0000021c2a000000, 0x0000021c2a000000|100%| O|  |TAMS 0x0000021c2a000000| PB 0x0000021c28000000| Untracked |  0
| 955|0x0000021c2a000000, 0x0000021c2c000000, 0x0000021c2c000000|100%| O|  |TAMS 0x0000021c2c000000| PB 0x0000021c2a000000| Untracked |  0
| 956|0x0000021c2c000000, 0x0000021c2e000000, 0x0000021c2e000000|100%| O|  |TAMS 0x0000021c2e000000| PB 0x0000021c2c000000| Untracked |  0
| 957|0x0000021c2e000000, 0x0000021c30000000, 0x0000021c30000000|100%| O|  |TAMS 0x0000021c30000000| PB 0x0000021c2e000000| Untracked |  0
| 958|0x0000021c30000000, 0x0000021c32000000, 0x0000021c32000000|100%| O|  |TAMS 0x0000021c32000000| PB 0x0000021c30000000| Untracked |  0
| 959|0x0000021c32000000, 0x0000021c34000000, 0x0000021c34000000|100%| O|  |TAMS 0x0000021c34000000| PB 0x0000021c32000000| Untracked |  0
| 960|0x0000021c34000000, 0x0000021c36000000, 0x0000021c36000000|100%| O|  |TAMS 0x0000021c36000000| PB 0x0000021c34000000| Untracked |  0
| 961|0x0000021c36000000, 0x0000021c38000000, 0x0000021c38000000|100%| O|  |TAMS 0x0000021c38000000| PB 0x0000021c36000000| Untracked |  0
| 962|0x0000021c38000000, 0x0000021c3a000000, 0x0000021c3a000000|100%| O|  |TAMS 0x0000021c3a000000| PB 0x0000021c38000000| Untracked |  0
| 963|0x0000021c3a000000, 0x0000021c3c000000, 0x0000021c3c000000|100%| O|  |TAMS 0x0000021c3c000000| PB 0x0000021c3a000000| Untracked |  0
| 964|0x0000021c3c000000, 0x0000021c3e000000, 0x0000021c3e000000|100%| O|  |TAMS 0x0000021c3e000000| PB 0x0000021c3c000000| Untracked |  0
| 965|0x0000021c3e000000, 0x0000021c40000000, 0x0000021c40000000|100%| O|  |TAMS 0x0000021c40000000| PB 0x0000021c3e000000| Untracked |  0
| 966|0x0000021c40000000, 0x0000021c42000000, 0x0000021c42000000|100%| O|  |TAMS 0x0000021c42000000| PB 0x0000021c40000000| Untracked |  0
| 967|0x0000021c42000000, 0x0000021c44000000, 0x0000021c44000000|100%| O|  |TAMS 0x0000021c44000000| PB 0x0000021c42000000| Untracked |  0
| 968|0x0000021c44000000, 0x0000021c46000000, 0x0000021c46000000|100%| O|  |TAMS 0x0000021c46000000| PB 0x0000021c44000000| Untracked |  0
| 969|0x0000021c46000000, 0x0000021c48000000, 0x0000021c48000000|100%| O|  |TAMS 0x0000021c48000000| PB 0x0000021c46000000| Untracked |  0
| 970|0x0000021c48000000, 0x0000021c4a000000, 0x0000021c4a000000|100%| O|  |TAMS 0x0000021c4a000000| PB 0x0000021c48000000| Untracked |  0
| 971|0x0000021c4a000000, 0x0000021c4c000000, 0x0000021c4c000000|100%| O|  |TAMS 0x0000021c4c000000| PB 0x0000021c4a000000| Untracked |  0
| 972|0x0000021c4c000000, 0x0000021c4e000000, 0x0000021c4e000000|100%| O|  |TAMS 0x0000021c4e000000| PB 0x0000021c4c000000| Untracked |  0
| 973|0x0000021c4e000000, 0x0000021c50000000, 0x0000021c50000000|100%| O|  |TAMS 0x0000021c50000000| PB 0x0000021c4e000000| Untracked |  0
| 974|0x0000021c50000000, 0x0000021c52000000, 0x0000021c52000000|100%| O|  |TAMS 0x0000021c52000000| PB 0x0000021c50000000| Untracked |  0
| 975|0x0000021c52000000, 0x0000021c54000000, 0x0000021c54000000|100%| O|  |TAMS 0x0000021c54000000| PB 0x0000021c52000000| Untracked |  0
| 976|0x0000021c54000000, 0x0000021c56000000, 0x0000021c56000000|100%| O|  |TAMS 0x0000021c56000000| PB 0x0000021c54000000| Untracked |  0
| 977|0x0000021c56000000, 0x0000021c58000000, 0x0000021c58000000|100%| O|  |TAMS 0x0000021c58000000| PB 0x0000021c56000000| Untracked |  0
| 978|0x0000021c58000000, 0x0000021c5a000000, 0x0000021c5a000000|100%| O|  |TAMS 0x0000021c5a000000| PB 0x0000021c58000000| Untracked |  0
| 979|0x0000021c5a000000, 0x0000021c5c000000, 0x0000021c5c000000|100%| O|  |TAMS 0x0000021c5c000000| PB 0x0000021c5a000000| Untracked |  0
| 980|0x0000021c5c000000, 0x0000021c5e000000, 0x0000021c5e000000|100%| O|  |TAMS 0x0000021c5e000000| PB 0x0000021c5c000000| Untracked |  0
| 981|0x0000021c5e000000, 0x0000021c60000000, 0x0000021c60000000|100%| O|  |TAMS 0x0000021c60000000| PB 0x0000021c5e000000| Untracked |  0
| 982|0x0000021c60000000, 0x0000021c62000000, 0x0000021c62000000|100%| O|  |TAMS 0x0000021c62000000| PB 0x0000021c60000000| Untracked |  0
| 983|0x0000021c62000000, 0x0000021c64000000, 0x0000021c64000000|100%| O|  |TAMS 0x0000021c64000000| PB 0x0000021c62000000| Untracked |  0
| 984|0x0000021c64000000, 0x0000021c66000000, 0x0000021c66000000|100%| O|  |TAMS 0x0000021c66000000| PB 0x0000021c64000000| Untracked |  0
| 985|0x0000021c66000000, 0x0000021c68000000, 0x0000021c68000000|100%| O|  |TAMS 0x0000021c68000000| PB 0x0000021c66000000| Untracked |  0
| 986|0x0000021c68000000, 0x0000021c6a000000, 0x0000021c6a000000|100%| O|  |TAMS 0x0000021c6a000000| PB 0x0000021c68000000| Untracked |  0
| 987|0x0000021c6a000000, 0x0000021c6c000000, 0x0000021c6c000000|100%| O|  |TAMS 0x0000021c6c000000| PB 0x0000021c6a000000| Untracked |  0
| 988|0x0000021c6c000000, 0x0000021c6e000000, 0x0000021c6e000000|100%| O|  |TAMS 0x0000021c6e000000| PB 0x0000021c6c000000| Untracked |  0
| 989|0x0000021c6e000000, 0x0000021c70000000, 0x0000021c70000000|100%| O|  |TAMS 0x0000021c70000000| PB 0x0000021c6e000000| Untracked |  0
| 990|0x0000021c70000000, 0x0000021c72000000, 0x0000021c72000000|100%| O|  |TAMS 0x0000021c72000000| PB 0x0000021c70000000| Untracked |  0
| 991|0x0000021c72000000, 0x0000021c74000000, 0x0000021c74000000|100%| O|  |TAMS 0x0000021c74000000| PB 0x0000021c72000000| Untracked |  0
| 992|0x0000021c74000000, 0x0000021c76000000, 0x0000021c76000000|100%| O|  |TAMS 0x0000021c76000000| PB 0x0000021c74000000| Untracked |  0
| 993|0x0000021c76000000, 0x0000021c78000000, 0x0000021c78000000|100%| O|  |TAMS 0x0000021c78000000| PB 0x0000021c76000000| Untracked |  0
| 994|0x0000021c78000000, 0x0000021c7a000000, 0x0000021c7a000000|100%| O|  |TAMS 0x0000021c7a000000| PB 0x0000021c78000000| Untracked |  0
| 995|0x0000021c7a000000, 0x0000021c7c000000, 0x0000021c7c000000|100%| O|  |TAMS 0x0000021c7c000000| PB 0x0000021c7a000000| Untracked |  0
| 996|0x0000021c7c000000, 0x0000021c7e000000, 0x0000021c7e000000|100%| O|  |TAMS 0x0000021c7e000000| PB 0x0000021c7c000000| Untracked |  0
| 997|0x0000021c7e000000, 0x0000021c80000000, 0x0000021c80000000|100%| O|  |TAMS 0x0000021c80000000| PB 0x0000021c7e000000| Untracked |  0
| 998|0x0000021c80000000, 0x0000021c82000000, 0x0000021c82000000|100%| O|  |TAMS 0x0000021c82000000| PB 0x0000021c80000000| Untracked |  0
| 999|0x0000021c82000000, 0x0000021c84000000, 0x0000021c84000000|100%| O|  |TAMS 0x0000021c84000000| PB 0x0000021c82000000| Untracked |  0
|1000|0x0000021c84000000, 0x0000021c86000000, 0x0000021c86000000|100%| O|  |TAMS 0x0000021c86000000| PB 0x0000021c84000000| Untracked |  0
|1001|0x0000021c86000000, 0x0000021c88000000, 0x0000021c88000000|100%| O|  |TAMS 0x0000021c88000000| PB 0x0000021c86000000| Untracked |  0
|1002|0x0000021c88000000, 0x0000021c8a000000, 0x0000021c8a000000|100%| O|  |TAMS 0x0000021c8a000000| PB 0x0000021c88000000| Untracked |  0
|1003|0x0000021c8a000000, 0x0000021c8c000000, 0x0000021c8c000000|100%| O|  |TAMS 0x0000021c8c000000| PB 0x0000021c8a000000| Untracked |  0
|1004|0x0000021c8c000000, 0x0000021c8e000000, 0x0000021c8e000000|100%| O|  |TAMS 0x0000021c8e000000| PB 0x0000021c8c000000| Untracked |  0
|1005|0x0000021c8e000000, 0x0000021c90000000, 0x0000021c90000000|100%| O|  |TAMS 0x0000021c90000000| PB 0x0000021c8e000000| Untracked |  0
|1006|0x0000021c90000000, 0x0000021c92000000, 0x0000021c92000000|100%| O|  |TAMS 0x0000021c92000000| PB 0x0000021c90000000| Untracked |  0
|1007|0x0000021c92000000, 0x0000021c94000000, 0x0000021c94000000|100%| O|  |TAMS 0x0000021c94000000| PB 0x0000021c92000000| Untracked |  0
|1008|0x0000021c94000000, 0x0000021c96000000, 0x0000021c96000000|100%|HS|  |TAMS 0x0000021c96000000| PB 0x0000021c94000000| Complete |  0
|1009|0x0000021c96000000, 0x0000021c98000000, 0x0000021c98000000|100%|HC|  |TAMS 0x0000021c98000000| PB 0x0000021c96000000| Complete |  0
|1010|0x0000021c98000000, 0x0000021c9a000000, 0x0000021c9a000000|100%|HS|  |TAMS 0x0000021c9a000000| PB 0x0000021c98000000| Complete |  0
|1011|0x0000021c9a000000, 0x0000021c9c000000, 0x0000021c9c000000|100%|HC|  |TAMS 0x0000021c9c000000| PB 0x0000021c9a000000| Complete |  0
|1012|0x0000021c9c000000, 0x0000021c9e000000, 0x0000021c9e000000|100%|HC|  |TAMS 0x0000021c9e000000| PB 0x0000021c9c000000| Complete |  0
|1013|0x0000021c9e000000, 0x0000021ca0000000, 0x0000021ca0000000|100%|HC|  |TAMS 0x0000021ca0000000| PB 0x0000021c9e000000| Complete |  0
|1014|0x0000021ca0000000, 0x0000021ca2000000, 0x0000021ca2000000|100%|HS|  |TAMS 0x0000021ca2000000| PB 0x0000021ca0000000| Complete |  0
|1015|0x0000021ca2000000, 0x0000021ca4000000, 0x0000021ca4000000|100%|HC|  |TAMS 0x0000021ca4000000| PB 0x0000021ca2000000| Complete |  0
|1016|0x0000021ca4000000, 0x0000021ca6000000, 0x0000021ca6000000|100%|HC|  |TAMS 0x0000021ca6000000| PB 0x0000021ca4000000| Complete |  0
|1017|0x0000021ca6000000, 0x0000021ca8000000, 0x0000021ca8000000|100%|HC|  |TAMS 0x0000021ca8000000| PB 0x0000021ca6000000| Complete |  0
|1018|0x0000021ca8000000, 0x0000021caa000000, 0x0000021caa000000|100%|HS|  |TAMS 0x0000021caa000000| PB 0x0000021ca8000000| Complete |  0
|1019|0x0000021caa000000, 0x0000021cac000000, 0x0000021cac000000|100%|HS|  |TAMS 0x0000021cac000000| PB 0x0000021caa000000| Complete |  0
|1020|0x0000021cac000000, 0x0000021cae000000, 0x0000021cae000000|100%|HC|  |TAMS 0x0000021cae000000| PB 0x0000021cac000000| Complete |  0
|1021|0x0000021cae000000, 0x0000021cb0000000, 0x0000021cb0000000|100%|HC|  |TAMS 0x0000021cb0000000| PB 0x0000021cae000000| Complete |  0
|1022|0x0000021cb0000000, 0x0000021cb2000000, 0x0000021cb2000000|100%|HC|  |TAMS 0x0000021cb2000000| PB 0x0000021cb0000000| Complete |  0
|1023|0x0000021cb2000000, 0x0000021cb4000000, 0x0000021cb4000000|100%|HS|  |TAMS 0x0000021cb4000000| PB 0x0000021cb2000000| Complete |  0
|1024|0x0000021cb4000000, 0x0000021cb6000000, 0x0000021cb6000000|100%|HC|  |TAMS 0x0000021cb6000000| PB 0x0000021cb4000000| Complete |  0
|1025|0x0000021cb6000000, 0x0000021cb8000000, 0x0000021cb8000000|100%|HS|  |TAMS 0x0000021cb8000000| PB 0x0000021cb6000000| Complete |  0
|1026|0x0000021cb8000000, 0x0000021cba000000, 0x0000021cba000000|100%|HC|  |TAMS 0x0000021cba000000| PB 0x0000021cb8000000| Complete |  0
|1027|0x0000021cba000000, 0x0000021cbc000000, 0x0000021cbc000000|100%|HS|  |TAMS 0x0000021cbc000000| PB 0x0000021cba000000| Complete |  0
|1028|0x0000021cbc000000, 0x0000021cbe000000, 0x0000021cbe000000|100%|HC|  |TAMS 0x0000021cbe000000| PB 0x0000021cbc000000| Complete |  0
|1029|0x0000021cbe000000, 0x0000021cc0000000, 0x0000021cc0000000|100%|HS|  |TAMS 0x0000021cc0000000| PB 0x0000021cbe000000| Complete |  0
|1030|0x0000021cc0000000, 0x0000021cc2000000, 0x0000021cc2000000|100%|HC|  |TAMS 0x0000021cc2000000| PB 0x0000021cc0000000| Complete |  0
|1031|0x0000021cc2000000, 0x0000021cc4000000, 0x0000021cc4000000|100%|HS|  |TAMS 0x0000021cc4000000| PB 0x0000021cc2000000| Complete |  0
|1032|0x0000021cc4000000, 0x0000021cc6000000, 0x0000021cc6000000|100%|HC|  |TAMS 0x0000021cc6000000| PB 0x0000021cc4000000| Complete |  0
|1033|0x0000021cc6000000, 0x0000021cc8000000, 0x0000021cc8000000|100%|HS|  |TAMS 0x0000021cc8000000| PB 0x0000021cc6000000| Complete |  0
|1034|0x0000021cc8000000, 0x0000021cca000000, 0x0000021cca000000|100%|HC|  |TAMS 0x0000021cca000000| PB 0x0000021cc8000000| Complete |  0
|1035|0x0000021cca000000, 0x0000021ccc000000, 0x0000021ccc000000|100%|HS|  |TAMS 0x0000021ccc000000| PB 0x0000021cca000000| Complete |  0
|1036|0x0000021ccc000000, 0x0000021cce000000, 0x0000021cce000000|100%|HC|  |TAMS 0x0000021cce000000| PB 0x0000021ccc000000| Complete |  0
|1037|0x0000021cce000000, 0x0000021cd0000000, 0x0000021cd0000000|100%|HS|  |TAMS 0x0000021cd0000000| PB 0x0000021cce000000| Complete |  0
|1038|0x0000021cd0000000, 0x0000021cd2000000, 0x0000021cd2000000|100%|HC|  |TAMS 0x0000021cd2000000| PB 0x0000021cd0000000| Complete |  0
|1039|0x0000021cd2000000, 0x0000021cd4000000, 0x0000021cd4000000|100%|HS|  |TAMS 0x0000021cd4000000| PB 0x0000021cd2000000| Complete |  0
|1040|0x0000021cd4000000, 0x0000021cd6000000, 0x0000021cd6000000|100%|HC|  |TAMS 0x0000021cd6000000| PB 0x0000021cd4000000| Complete |  0
|1041|0x0000021cd6000000, 0x0000021cd8000000, 0x0000021cd8000000|100%|HS|  |TAMS 0x0000021cd8000000| PB 0x0000021cd6000000| Complete |  0
|1042|0x0000021cd8000000, 0x0000021cda000000, 0x0000021cda000000|100%|HC|  |TAMS 0x0000021cda000000| PB 0x0000021cd8000000| Complete |  0
|1043|0x0000021cda000000, 0x0000021cdc000000, 0x0000021cdc000000|100%|HC|  |TAMS 0x0000021cdc000000| PB 0x0000021cda000000| Complete |  0
|1044|0x0000021cdc000000, 0x0000021cde000000, 0x0000021cde000000|100%|HC|  |TAMS 0x0000021cde000000| PB 0x0000021cdc000000| Complete |  0
|1045|0x0000021cde000000, 0x0000021ce0000000, 0x0000021ce0000000|100%|HS|  |TAMS 0x0000021ce0000000| PB 0x0000021cde000000| Complete |  0
|1046|0x0000021ce0000000, 0x0000021ce2000000, 0x0000021ce2000000|100%|HC|  |TAMS 0x0000021ce2000000| PB 0x0000021ce0000000| Complete |  0
|1047|0x0000021ce2000000, 0x0000021ce4000000, 0x0000021ce4000000|100%|HC|  |TAMS 0x0000021ce4000000| PB 0x0000021ce2000000| Complete |  0
|1048|0x0000021ce4000000, 0x0000021ce6000000, 0x0000021ce6000000|100%|HC|  |TAMS 0x0000021ce6000000| PB 0x0000021ce4000000| Complete |  0
|1049|0x0000021ce6000000, 0x0000021ce8000000, 0x0000021ce8000000|100%|HS|  |TAMS 0x0000021ce8000000| PB 0x0000021ce6000000| Complete |  0
|1050|0x0000021ce8000000, 0x0000021cea000000, 0x0000021cea000000|100%|HC|  |TAMS 0x0000021cea000000| PB 0x0000021ce8000000| Complete |  0
|1051|0x0000021cea000000, 0x0000021cec000000, 0x0000021cec000000|100%|HS|  |TAMS 0x0000021cec000000| PB 0x0000021cea000000| Complete |  0
|1052|0x0000021cec000000, 0x0000021cee000000, 0x0000021cee000000|100%|HC|  |TAMS 0x0000021cee000000| PB 0x0000021cec000000| Complete |  0
|1053|0x0000021cee000000, 0x0000021cf0000000, 0x0000021cf0000000|100%|HS|  |TAMS 0x0000021cf0000000| PB 0x0000021cee000000| Complete |  0
|1054|0x0000021cf0000000, 0x0000021cf2000000, 0x0000021cf2000000|100%|HC|  |TAMS 0x0000021cf2000000| PB 0x0000021cf0000000| Complete |  0
|1055|0x0000021cf2000000, 0x0000021cf4000000, 0x0000021cf4000000|100%|HS|  |TAMS 0x0000021cf4000000| PB 0x0000021cf2000000| Complete |  0
|1056|0x0000021cf4000000, 0x0000021cf6000000, 0x0000021cf6000000|100%|HC|  |TAMS 0x0000021cf6000000| PB 0x0000021cf4000000| Complete |  0
|1057|0x0000021cf6000000, 0x0000021cf8000000, 0x0000021cf8000000|100%|HS|  |TAMS 0x0000021cf8000000| PB 0x0000021cf6000000| Complete |  0
|1058|0x0000021cf8000000, 0x0000021cfa000000, 0x0000021cfa000000|100%|HC|  |TAMS 0x0000021cfa000000| PB 0x0000021cf8000000| Complete |  0
|1059|0x0000021cfa000000, 0x0000021cfc000000, 0x0000021cfc000000|100%|HS|  |TAMS 0x0000021cfc000000| PB 0x0000021cfa000000| Complete |  0
|1060|0x0000021cfc000000, 0x0000021cfe000000, 0x0000021cfe000000|100%|HC|  |TAMS 0x0000021cfe000000| PB 0x0000021cfc000000| Complete |  0
|1061|0x0000021cfe000000, 0x0000021d00000000, 0x0000021d00000000|100%|HS|  |TAMS 0x0000021d00000000| PB 0x0000021cfe000000| Complete |  0
|1062|0x0000021d00000000, 0x0000021d02000000, 0x0000021d02000000|100%|HC|  |TAMS 0x0000021d02000000| PB 0x0000021d00000000| Complete |  0
|1063|0x0000021d02000000, 0x0000021d04000000, 0x0000021d04000000|100%|HS|  |TAMS 0x0000021d04000000| PB 0x0000021d02000000| Complete |  0
|1064|0x0000021d04000000, 0x0000021d06000000, 0x0000021d06000000|100%|HC|  |TAMS 0x0000021d06000000| PB 0x0000021d04000000| Complete |  0
|1065|0x0000021d06000000, 0x0000021d08000000, 0x0000021d08000000|100%| O|  |TAMS 0x0000021d08000000| PB 0x0000021d06000000| Untracked |  0
|1066|0x0000021d08000000, 0x0000021d0a000000, 0x0000021d0a000000|100%| O|  |TAMS 0x0000021d0a000000| PB 0x0000021d08000000| Untracked |  0
|1067|0x0000021d0a000000, 0x0000021d0c000000, 0x0000021d0c000000|100%| O|  |TAMS 0x0000021d0c000000| PB 0x0000021d0a000000| Untracked |  0
|1068|0x0000021d0c000000, 0x0000021d0e000000, 0x0000021d0e000000|100%| O|  |TAMS 0x0000021d0e000000| PB 0x0000021d0c000000| Untracked |  0
|1069|0x0000021d0e000000, 0x0000021d10000000, 0x0000021d10000000|100%| O|  |TAMS 0x0000021d10000000| PB 0x0000021d0e000000| Untracked |  0
|1070|0x0000021d10000000, 0x0000021d12000000, 0x0000021d12000000|100%| O|  |TAMS 0x0000021d12000000| PB 0x0000021d10000000| Untracked |  0
|1071|0x0000021d12000000, 0x0000021d14000000, 0x0000021d14000000|100%| O|  |TAMS 0x0000021d14000000| PB 0x0000021d12000000| Untracked |  0
|1072|0x0000021d14000000, 0x0000021d16000000, 0x0000021d16000000|100%| O|  |TAMS 0x0000021d16000000| PB 0x0000021d14000000| Untracked |  0
|1073|0x0000021d16000000, 0x0000021d18000000, 0x0000021d18000000|100%| O|  |TAMS 0x0000021d18000000| PB 0x0000021d16000000| Untracked |  0
|1074|0x0000021d18000000, 0x0000021d1a000000, 0x0000021d1a000000|100%| O|  |TAMS 0x0000021d1a000000| PB 0x0000021d18000000| Untracked |  0
|1075|0x0000021d1a000000, 0x0000021d1c000000, 0x0000021d1c000000|100%| O|  |TAMS 0x0000021d1c000000| PB 0x0000021d1a000000| Untracked |  0
|1076|0x0000021d1c000000, 0x0000021d1e000000, 0x0000021d1e000000|100%| O|  |TAMS 0x0000021d1e000000| PB 0x0000021d1c000000| Untracked |  0
|1077|0x0000021d1e000000, 0x0000021d20000000, 0x0000021d20000000|100%| O|  |TAMS 0x0000021d20000000| PB 0x0000021d1e000000| Untracked |  0
|1078|0x0000021d20000000, 0x0000021d22000000, 0x0000021d22000000|100%| O|  |TAMS 0x0000021d22000000| PB 0x0000021d20000000| Untracked |  0
|1079|0x0000021d22000000, 0x0000021d24000000, 0x0000021d24000000|100%| O|  |TAMS 0x0000021d24000000| PB 0x0000021d22000000| Untracked |  0
|1080|0x0000021d24000000, 0x0000021d26000000, 0x0000021d26000000|100%| O|  |TAMS 0x0000021d26000000| PB 0x0000021d24000000| Untracked |  0
|1081|0x0000021d26000000, 0x0000021d28000000, 0x0000021d28000000|100%| O|  |TAMS 0x0000021d28000000| PB 0x0000021d26000000| Untracked |  0
|1082|0x0000021d28000000, 0x0000021d2a000000, 0x0000021d2a000000|100%| O|  |TAMS 0x0000021d2a000000| PB 0x0000021d28000000| Untracked |  0
|1083|0x0000021d2a000000, 0x0000021d2c000000, 0x0000021d2c000000|100%| O|  |TAMS 0x0000021d2c000000| PB 0x0000021d2a000000| Untracked |  0
|1084|0x0000021d2c000000, 0x0000021d2e000000, 0x0000021d2e000000|100%| O|  |TAMS 0x0000021d2e000000| PB 0x0000021d2c000000| Untracked |  0
|1085|0x0000021d2e000000, 0x0000021d30000000, 0x0000021d30000000|100%| O|  |TAMS 0x0000021d30000000| PB 0x0000021d2e000000| Untracked |  0
|1086|0x0000021d30000000, 0x0000021d32000000, 0x0000021d32000000|100%| O|  |TAMS 0x0000021d32000000| PB 0x0000021d30000000| Untracked |  0
|1087|0x0000021d32000000, 0x0000021d34000000, 0x0000021d34000000|100%| O|  |TAMS 0x0000021d34000000| PB 0x0000021d32000000| Untracked |  0
|1088|0x0000021d34000000, 0x0000021d36000000, 0x0000021d36000000|100%| O|  |TAMS 0x0000021d36000000| PB 0x0000021d34000000| Untracked |  0
|1089|0x0000021d36000000, 0x0000021d38000000, 0x0000021d38000000|100%| O|  |TAMS 0x0000021d38000000| PB 0x0000021d36000000| Untracked |  0
|1090|0x0000021d38000000, 0x0000021d3a000000, 0x0000021d3a000000|100%| O|  |TAMS 0x0000021d3a000000| PB 0x0000021d38000000| Untracked |  0
|1091|0x0000021d3a000000, 0x0000021d3c000000, 0x0000021d3c000000|100%| O|  |TAMS 0x0000021d3c000000| PB 0x0000021d3a000000| Untracked |  0
|1092|0x0000021d3c000000, 0x0000021d3e000000, 0x0000021d3e000000|100%| O|  |TAMS 0x0000021d3e000000| PB 0x0000021d3c000000| Untracked |  0
|1093|0x0000021d3e000000, 0x0000021d40000000, 0x0000021d40000000|100%| O|  |TAMS 0x0000021d40000000| PB 0x0000021d3e000000| Untracked |  0
|1094|0x0000021d40000000, 0x0000021d42000000, 0x0000021d42000000|100%| O|  |TAMS 0x0000021d42000000| PB 0x0000021d40000000| Untracked |  0
|1095|0x0000021d42000000, 0x0000021d44000000, 0x0000021d44000000|100%| O|  |TAMS 0x0000021d44000000| PB 0x0000021d42000000| Untracked |  0
|1096|0x0000021d44000000, 0x0000021d46000000, 0x0000021d46000000|100%| O|  |TAMS 0x0000021d46000000| PB 0x0000021d44000000| Untracked |  0
|1097|0x0000021d46000000, 0x0000021d48000000, 0x0000021d48000000|100%| O|  |TAMS 0x0000021d48000000| PB 0x0000021d46000000| Untracked |  0
|1098|0x0000021d48000000, 0x0000021d4a000000, 0x0000021d4a000000|100%| O|  |TAMS 0x0000021d4a000000| PB 0x0000021d48000000| Untracked |  0
|1099|0x0000021d4a000000, 0x0000021d4c000000, 0x0000021d4c000000|100%| O|  |TAMS 0x0000021d4c000000| PB 0x0000021d4a000000| Untracked |  0
|1100|0x0000021d4c000000, 0x0000021d4e000000, 0x0000021d4e000000|100%| O|  |TAMS 0x0000021d4e000000| PB 0x0000021d4c000000| Untracked |  0
|1101|0x0000021d4e000000, 0x0000021d50000000, 0x0000021d50000000|100%| O|  |TAMS 0x0000021d50000000| PB 0x0000021d4e000000| Untracked |  0
|1102|0x0000021d50000000, 0x0000021d52000000, 0x0000021d52000000|100%| O|  |TAMS 0x0000021d52000000| PB 0x0000021d50000000| Untracked |  0
|1103|0x0000021d52000000, 0x0000021d54000000, 0x0000021d54000000|100%| O|  |TAMS 0x0000021d54000000| PB 0x0000021d52000000| Untracked |  0
|1104|0x0000021d54000000, 0x0000021d56000000, 0x0000021d56000000|100%| O|  |TAMS 0x0000021d56000000| PB 0x0000021d54000000| Untracked |  0
|1105|0x0000021d56000000, 0x0000021d58000000, 0x0000021d58000000|100%| O|  |TAMS 0x0000021d58000000| PB 0x0000021d56000000| Untracked |  0
|1106|0x0000021d58000000, 0x0000021d5a000000, 0x0000021d5a000000|100%| O|  |TAMS 0x0000021d5a000000| PB 0x0000021d58000000| Untracked |  0
|1107|0x0000021d5a000000, 0x0000021d5c000000, 0x0000021d5c000000|100%| O|  |TAMS 0x0000021d5c000000| PB 0x0000021d5a000000| Untracked |  0
|1108|0x0000021d5c000000, 0x0000021d5e000000, 0x0000021d5e000000|100%| O|  |TAMS 0x0000021d5e000000| PB 0x0000021d5c000000| Untracked |  0
|1109|0x0000021d5e000000, 0x0000021d60000000, 0x0000021d60000000|100%| O|  |TAMS 0x0000021d60000000| PB 0x0000021d5e000000| Untracked |  0
|1110|0x0000021d60000000, 0x0000021d62000000, 0x0000021d62000000|100%| O|  |TAMS 0x0000021d62000000| PB 0x0000021d60000000| Untracked |  0
|1111|0x0000021d62000000, 0x0000021d64000000, 0x0000021d64000000|100%| O|  |TAMS 0x0000021d64000000| PB 0x0000021d62000000| Untracked |  0
|1112|0x0000021d64000000, 0x0000021d66000000, 0x0000021d66000000|100%| O|  |TAMS 0x0000021d66000000| PB 0x0000021d64000000| Untracked |  0
|1113|0x0000021d66000000, 0x0000021d68000000, 0x0000021d68000000|100%| O|  |TAMS 0x0000021d68000000| PB 0x0000021d66000000| Untracked |  0
|1114|0x0000021d68000000, 0x0000021d6a000000, 0x0000021d6a000000|100%| O|  |TAMS 0x0000021d6a000000| PB 0x0000021d68000000| Untracked |  0
|1115|0x0000021d6a000000, 0x0000021d6c000000, 0x0000021d6c000000|100%| O|  |TAMS 0x0000021d6c000000| PB 0x0000021d6a000000| Untracked |  0
|1116|0x0000021d6c000000, 0x0000021d6e000000, 0x0000021d6e000000|100%| O|  |TAMS 0x0000021d6e000000| PB 0x0000021d6c000000| Untracked |  0
|1117|0x0000021d6e000000, 0x0000021d70000000, 0x0000021d70000000|100%| O|  |TAMS 0x0000021d70000000| PB 0x0000021d6e000000| Untracked |  0
|1118|0x0000021d70000000, 0x0000021d72000000, 0x0000021d72000000|100%| O|  |TAMS 0x0000021d72000000| PB 0x0000021d70000000| Untracked |  0
|1119|0x0000021d72000000, 0x0000021d74000000, 0x0000021d74000000|100%| O|  |TAMS 0x0000021d74000000| PB 0x0000021d72000000| Untracked |  0
|1120|0x0000021d74000000, 0x0000021d76000000, 0x0000021d76000000|100%| O|  |TAMS 0x0000021d76000000| PB 0x0000021d74000000| Untracked |  0
|1121|0x0000021d76000000, 0x0000021d78000000, 0x0000021d78000000|100%| O|  |TAMS 0x0000021d78000000| PB 0x0000021d76000000| Untracked |  0
|1122|0x0000021d78000000, 0x0000021d7a000000, 0x0000021d7a000000|100%| O|  |TAMS 0x0000021d7a000000| PB 0x0000021d78000000| Untracked |  0
|1123|0x0000021d7a000000, 0x0000021d7c000000, 0x0000021d7c000000|100%| O|  |TAMS 0x0000021d7c000000| PB 0x0000021d7a000000| Untracked |  0
|1124|0x0000021d7c000000, 0x0000021d7e000000, 0x0000021d7e000000|100%| O|  |TAMS 0x0000021d7e000000| PB 0x0000021d7c000000| Untracked |  0
|1125|0x0000021d7e000000, 0x0000021d80000000, 0x0000021d80000000|100%| O|  |TAMS 0x0000021d80000000| PB 0x0000021d7e000000| Untracked |  0
|1126|0x0000021d80000000, 0x0000021d82000000, 0x0000021d82000000|100%| O|  |TAMS 0x0000021d82000000| PB 0x0000021d80000000| Untracked |  0
|1127|0x0000021d82000000, 0x0000021d84000000, 0x0000021d84000000|100%| O|  |TAMS 0x0000021d84000000| PB 0x0000021d82000000| Untracked |  0
|1128|0x0000021d84000000, 0x0000021d86000000, 0x0000021d86000000|100%| O|  |TAMS 0x0000021d86000000| PB 0x0000021d84000000| Untracked |  0
|1129|0x0000021d86000000, 0x0000021d88000000, 0x0000021d88000000|100%| O|  |TAMS 0x0000021d88000000| PB 0x0000021d86000000| Untracked |  0
|1130|0x0000021d88000000, 0x0000021d8a000000, 0x0000021d8a000000|100%| O|  |TAMS 0x0000021d8a000000| PB 0x0000021d88000000| Untracked |  0
|1131|0x0000021d8a000000, 0x0000021d8c000000, 0x0000021d8c000000|100%| O|  |TAMS 0x0000021d8c000000| PB 0x0000021d8a000000| Untracked |  0
|1132|0x0000021d8c000000, 0x0000021d8e000000, 0x0000021d8e000000|100%| O|  |TAMS 0x0000021d8e000000| PB 0x0000021d8c000000| Untracked |  0
|1133|0x0000021d8e000000, 0x0000021d90000000, 0x0000021d90000000|100%| O|  |TAMS 0x0000021d90000000| PB 0x0000021d8e000000| Untracked |  0
|1134|0x0000021d90000000, 0x0000021d92000000, 0x0000021d92000000|100%| O|  |TAMS 0x0000021d92000000| PB 0x0000021d90000000| Untracked |  0
|1135|0x0000021d92000000, 0x0000021d94000000, 0x0000021d94000000|100%| O|  |TAMS 0x0000021d94000000| PB 0x0000021d92000000| Untracked |  0
|1136|0x0000021d94000000, 0x0000021d96000000, 0x0000021d96000000|100%| O|  |TAMS 0x0000021d96000000| PB 0x0000021d94000000| Untracked |  0
|1137|0x0000021d96000000, 0x0000021d98000000, 0x0000021d98000000|100%| O|  |TAMS 0x0000021d98000000| PB 0x0000021d96000000| Untracked |  0
|1138|0x0000021d98000000, 0x0000021d9a000000, 0x0000021d9a000000|100%| O|  |TAMS 0x0000021d9a000000| PB 0x0000021d98000000| Untracked |  0
|1139|0x0000021d9a000000, 0x0000021d9c000000, 0x0000021d9c000000|100%| O|  |TAMS 0x0000021d9c000000| PB 0x0000021d9a000000| Untracked |  0
|1140|0x0000021d9c000000, 0x0000021d9e000000, 0x0000021d9e000000|100%| O|  |TAMS 0x0000021d9e000000| PB 0x0000021d9c000000| Untracked |  0
|1141|0x0000021d9e000000, 0x0000021da0000000, 0x0000021da0000000|100%| O|  |TAMS 0x0000021da0000000| PB 0x0000021d9e000000| Untracked |  0
|1142|0x0000021da0000000, 0x0000021da2000000, 0x0000021da2000000|100%| O|  |TAMS 0x0000021da2000000| PB 0x0000021da0000000| Untracked |  0
|1143|0x0000021da2000000, 0x0000021da4000000, 0x0000021da4000000|100%| O|  |TAMS 0x0000021da4000000| PB 0x0000021da2000000| Untracked |  0
|1144|0x0000021da4000000, 0x0000021da6000000, 0x0000021da6000000|100%| O|  |TAMS 0x0000021da6000000| PB 0x0000021da4000000| Untracked |  0
|1145|0x0000021da6000000, 0x0000021da8000000, 0x0000021da8000000|100%| O|  |TAMS 0x0000021da8000000| PB 0x0000021da6000000| Untracked |  0
|1146|0x0000021da8000000, 0x0000021daa000000, 0x0000021daa000000|100%| O|  |TAMS 0x0000021daa000000| PB 0x0000021da8000000| Untracked |  0
|1147|0x0000021daa000000, 0x0000021dac000000, 0x0000021dac000000|100%| O|  |TAMS 0x0000021dac000000| PB 0x0000021daa000000| Untracked |  0
|1148|0x0000021dac000000, 0x0000021dae000000, 0x0000021dae000000|100%| O|  |TAMS 0x0000021dae000000| PB 0x0000021dac000000| Untracked |  0
|1149|0x0000021dae000000, 0x0000021db0000000, 0x0000021db0000000|100%| O|  |TAMS 0x0000021db0000000| PB 0x0000021dae000000| Untracked |  0
|1150|0x0000021db0000000, 0x0000021db2000000, 0x0000021db2000000|100%| O|  |TAMS 0x0000021db2000000| PB 0x0000021db0000000| Untracked |  0
|1151|0x0000021db2000000, 0x0000021db4000000, 0x0000021db4000000|100%| O|  |TAMS 0x0000021db4000000| PB 0x0000021db2000000| Untracked |  0
|1152|0x0000021db4000000, 0x0000021db6000000, 0x0000021db6000000|100%| O|  |TAMS 0x0000021db6000000| PB 0x0000021db4000000| Untracked |  0
|1153|0x0000021db6000000, 0x0000021db8000000, 0x0000021db8000000|100%| O|  |TAMS 0x0000021db8000000| PB 0x0000021db6000000| Untracked |  0
|1154|0x0000021db8000000, 0x0000021dba000000, 0x0000021dba000000|100%| O|  |TAMS 0x0000021dba000000| PB 0x0000021db8000000| Untracked |  0
|1155|0x0000021dba000000, 0x0000021dbc000000, 0x0000021dbc000000|100%| O|  |TAMS 0x0000021dbc000000| PB 0x0000021dba000000| Untracked |  0
|1156|0x0000021dbc000000, 0x0000021dbe000000, 0x0000021dbe000000|100%| O|  |TAMS 0x0000021dbe000000| PB 0x0000021dbc000000| Untracked |  0
|1157|0x0000021dbe000000, 0x0000021dc0000000, 0x0000021dc0000000|100%| O|  |TAMS 0x0000021dc0000000| PB 0x0000021dbe000000| Untracked |  0
|1158|0x0000021dc0000000, 0x0000021dc2000000, 0x0000021dc2000000|100%| O|  |TAMS 0x0000021dc2000000| PB 0x0000021dc0000000| Untracked |  0
|1159|0x0000021dc2000000, 0x0000021dc4000000, 0x0000021dc4000000|100%| O|  |TAMS 0x0000021dc4000000| PB 0x0000021dc2000000| Untracked |  0
|1160|0x0000021dc4000000, 0x0000021dc6000000, 0x0000021dc6000000|100%| O|  |TAMS 0x0000021dc6000000| PB 0x0000021dc4000000| Untracked |  0
|1161|0x0000021dc6000000, 0x0000021dc8000000, 0x0000021dc8000000|100%| O|  |TAMS 0x0000021dc8000000| PB 0x0000021dc6000000| Untracked |  0
|1162|0x0000021dc8000000, 0x0000021dca000000, 0x0000021dca000000|100%| O|  |TAMS 0x0000021dca000000| PB 0x0000021dc8000000| Untracked |  0
|1163|0x0000021dca000000, 0x0000021dcc000000, 0x0000021dcc000000|100%| O|  |TAMS 0x0000021dcc000000| PB 0x0000021dca000000| Untracked |  0
|1164|0x0000021dcc000000, 0x0000021dce000000, 0x0000021dce000000|100%| O|  |TAMS 0x0000021dce000000| PB 0x0000021dcc000000| Untracked |  0
|1165|0x0000021dce000000, 0x0000021dd0000000, 0x0000021dd0000000|100%| O|  |TAMS 0x0000021dd0000000| PB 0x0000021dce000000| Untracked |  0
|1166|0x0000021dd0000000, 0x0000021dd2000000, 0x0000021dd2000000|100%| O|  |TAMS 0x0000021dd1000000| PB 0x0000021dd0000000| Untracked |  0
|1167|0x0000021dd2000000, 0x0000021dd4000000, 0x0000021dd4000000|100%|HS|  |TAMS 0x0000021dd4000000| PB 0x0000021dd2000000| Complete |  0
|1168|0x0000021dd4000000, 0x0000021dd6000000, 0x0000021dd6000000|100%|HS|  |TAMS 0x0000021dd6000000| PB 0x0000021dd4000000| Complete |  0
|1169|0x0000021dd6000000, 0x0000021dd8000000, 0x0000021dd8000000|100%|HS|  |TAMS 0x0000021dd8000000| PB 0x0000021dd6000000| Complete |  0
|1170|0x0000021dd8000000, 0x0000021dda000000, 0x0000021dda000000|100%|HC|  |TAMS 0x0000021dda000000| PB 0x0000021dd8000000| Complete |  0
|1171|0x0000021dda000000, 0x0000021ddc000000, 0x0000021ddc000000|100%|HC|  |TAMS 0x0000021ddc000000| PB 0x0000021dda000000| Complete |  0
|1172|0x0000021ddc000000, 0x0000021dde000000, 0x0000021dde000000|100%|HC|  |TAMS 0x0000021dde000000| PB 0x0000021ddc000000| Complete |  0
|1173|0x0000021dde000000, 0x0000021de0000000, 0x0000021de0000000|100%|HS|  |TAMS 0x0000021de0000000| PB 0x0000021dde000000| Complete |  0
|1174|0x0000021de0000000, 0x0000021de2000000, 0x0000021de2000000|100%|HC|  |TAMS 0x0000021de2000000| PB 0x0000021de0000000| Complete |  0
|1175|0x0000021de2000000, 0x0000021de4000000, 0x0000021de4000000|100%|HS|  |TAMS 0x0000021de4000000| PB 0x0000021de2000000| Complete |  0
|1176|0x0000021de4000000, 0x0000021de6000000, 0x0000021de6000000|100%|HC|  |TAMS 0x0000021de6000000| PB 0x0000021de4000000| Complete |  0
|1177|0x0000021de6000000, 0x0000021de8000000, 0x0000021de8000000|100%|HS|  |TAMS 0x0000021de8000000| PB 0x0000021de6000000| Complete |  0
|1178|0x0000021de8000000, 0x0000021dea000000, 0x0000021dea000000|100%|HC|  |TAMS 0x0000021dea000000| PB 0x0000021de8000000| Complete |  0
|1179|0x0000021dea000000, 0x0000021dec000000, 0x0000021dec000000|100%| O|  |TAMS 0x0000021dea000000| PB 0x0000021dea000000| Untracked |  0
|1180|0x0000021dec000000, 0x0000021dee000000, 0x0000021dee000000|100%| O|  |TAMS 0x0000021dec000000| PB 0x0000021dec000000| Untracked |  0
|1181|0x0000021dee000000, 0x0000021df0000000, 0x0000021df0000000|100%| O|  |TAMS 0x0000021dee000000| PB 0x0000021dee000000| Untracked |  0
|1182|0x0000021df0000000, 0x0000021df2000000, 0x0000021df2000000|100%| O|  |TAMS 0x0000021df0000000| PB 0x0000021df0000000| Untracked |  0
|1183|0x0000021df2000000, 0x0000021df4000000, 0x0000021df4000000|100%| O|  |TAMS 0x0000021df2000000| PB 0x0000021df2000000| Untracked |  0
|1184|0x0000021df4000000, 0x0000021df6000000, 0x0000021df6000000|100%| O|  |TAMS 0x0000021df4000000| PB 0x0000021df4000000| Untracked |  0
|1185|0x0000021df6000000, 0x0000021df8000000, 0x0000021df8000000|100%| O|  |TAMS 0x0000021df6000000| PB 0x0000021df6000000| Untracked |  0
|1186|0x0000021df8000000, 0x0000021dfa000000, 0x0000021dfa000000|100%| O|  |TAMS 0x0000021df8000000| PB 0x0000021df8000000| Untracked |  0
|1187|0x0000021dfa000000, 0x0000021dfc000000, 0x0000021dfc000000|100%| O|  |TAMS 0x0000021dfa000000| PB 0x0000021dfa000000| Untracked |  0
|1188|0x0000021dfc000000, 0x0000021dfe000000, 0x0000021dfe000000|100%| O|  |TAMS 0x0000021dfc000000| PB 0x0000021dfc000000| Untracked |  0
|1189|0x0000021dfe000000, 0x0000021e00000000, 0x0000021e00000000|100%| O|  |TAMS 0x0000021dfe000000| PB 0x0000021dfe000000| Untracked |  0
|1190|0x0000021e00000000, 0x0000021e02000000, 0x0000021e02000000|100%| O|  |TAMS 0x0000021e00000000| PB 0x0000021e00000000| Untracked |  0
|1191|0x0000021e02000000, 0x0000021e04000000, 0x0000021e04000000|100%| O|  |TAMS 0x0000021e02000000| PB 0x0000021e02000000| Untracked |  0
|1192|0x0000021e04000000, 0x0000021e06000000, 0x0000021e06000000|100%| O|  |TAMS 0x0000021e04000000| PB 0x0000021e04000000| Untracked |  0
|1193|0x0000021e06000000, 0x0000021e08000000, 0x0000021e08000000|100%| O|  |TAMS 0x0000021e06000000| PB 0x0000021e06000000| Untracked |  0
|1194|0x0000021e08000000, 0x0000021e0a000000, 0x0000021e0a000000|100%| O|  |TAMS 0x0000021e08000000| PB 0x0000021e08000000| Untracked |  0
|1195|0x0000021e0a000000, 0x0000021e0c000000, 0x0000021e0c000000|100%| O|  |TAMS 0x0000021e0a000000| PB 0x0000021e0a000000| Untracked |  0
|1196|0x0000021e0c000000, 0x0000021e0e000000, 0x0000021e0e000000|100%| O|  |TAMS 0x0000021e0c000000| PB 0x0000021e0c000000| Untracked |  0
|1197|0x0000021e0e000000, 0x0000021e10000000, 0x0000021e10000000|100%| O|  |TAMS 0x0000021e0e000000| PB 0x0000021e0e000000| Untracked |  0
|1198|0x0000021e10000000, 0x0000021e12000000, 0x0000021e12000000|100%| O|  |TAMS 0x0000021e10000000| PB 0x0000021e10000000| Untracked |  0
|1199|0x0000021e12000000, 0x0000021e14000000, 0x0000021e14000000|100%| O|  |TAMS 0x0000021e12000000| PB 0x0000021e12000000| Untracked |  0
|1200|0x0000021e14000000, 0x0000021e16000000, 0x0000021e16000000|100%| O|  |TAMS 0x0000021e14000000| PB 0x0000021e14000000| Untracked |  0
|1201|0x0000021e16000000, 0x0000021e18000000, 0x0000021e18000000|100%| O|  |TAMS 0x0000021e16000000| PB 0x0000021e16000000| Untracked |  0
|1202|0x0000021e18000000, 0x0000021e1a000000, 0x0000021e1a000000|100%| O|  |TAMS 0x0000021e18000000| PB 0x0000021e18000000| Untracked |  0
|1203|0x0000021e1a000000, 0x0000021e1c000000, 0x0000021e1c000000|100%| O|  |TAMS 0x0000021e1a000000| PB 0x0000021e1a000000| Untracked |  0
|1204|0x0000021e1c000000, 0x0000021e1e000000, 0x0000021e1e000000|100%| O|  |TAMS 0x0000021e1c000000| PB 0x0000021e1c000000| Untracked |  0
|1205|0x0000021e1e000000, 0x0000021e20000000, 0x0000021e20000000|100%| O|  |TAMS 0x0000021e1e000000| PB 0x0000021e1e000000| Untracked |  0
|1206|0x0000021e20000000, 0x0000021e22000000, 0x0000021e22000000|100%| O|  |TAMS 0x0000021e20000000| PB 0x0000021e20000000| Untracked |  0
|1207|0x0000021e22000000, 0x0000021e24000000, 0x0000021e24000000|100%| O|  |TAMS 0x0000021e22000000| PB 0x0000021e22000000| Untracked |  0
|1208|0x0000021e24000000, 0x0000021e26000000, 0x0000021e26000000|100%| O|  |TAMS 0x0000021e24000000| PB 0x0000021e24000000| Untracked |  0
|1209|0x0000021e26000000, 0x0000021e28000000, 0x0000021e28000000|100%| O|  |TAMS 0x0000021e26000000| PB 0x0000021e26000000| Untracked |  0
|1210|0x0000021e28000000, 0x0000021e2a000000, 0x0000021e2a000000|100%| O|  |TAMS 0x0000021e28000000| PB 0x0000021e28000000| Untracked |  0
|1211|0x0000021e2a000000, 0x0000021e2c000000, 0x0000021e2c000000|100%| O|  |TAMS 0x0000021e2a000000| PB 0x0000021e2a000000| Untracked |  0
|1212|0x0000021e2c000000, 0x0000021e2e000000, 0x0000021e2e000000|100%| O|  |TAMS 0x0000021e2c000000| PB 0x0000021e2c000000| Untracked |  0
|1213|0x0000021e2e000000, 0x0000021e30000000, 0x0000021e30000000|100%| O|  |TAMS 0x0000021e2e000000| PB 0x0000021e2e000000| Untracked |  0
|1214|0x0000021e30000000, 0x0000021e32000000, 0x0000021e32000000|100%| O|  |TAMS 0x0000021e30000000| PB 0x0000021e30000000| Untracked |  0
|1215|0x0000021e32000000, 0x0000021e34000000, 0x0000021e34000000|100%| O|  |TAMS 0x0000021e32000000| PB 0x0000021e32000000| Untracked |  0
|1216|0x0000021e34000000, 0x0000021e36000000, 0x0000021e36000000|100%| O|  |TAMS 0x0000021e34000000| PB 0x0000021e34000000| Untracked |  0
|1217|0x0000021e36000000, 0x0000021e38000000, 0x0000021e38000000|100%| O|  |TAMS 0x0000021e36000000| PB 0x0000021e36000000| Untracked |  0
|1218|0x0000021e38000000, 0x0000021e3a000000, 0x0000021e3a000000|100%| O|  |TAMS 0x0000021e38000000| PB 0x0000021e38000000| Untracked |  0
|1219|0x0000021e3a000000, 0x0000021e3c000000, 0x0000021e3c000000|100%| O|  |TAMS 0x0000021e3a000000| PB 0x0000021e3a000000| Untracked |  0
|1220|0x0000021e3c000000, 0x0000021e3e000000, 0x0000021e3e000000|100%| O|  |TAMS 0x0000021e3c000000| PB 0x0000021e3c000000| Untracked |  0
|1221|0x0000021e3e000000, 0x0000021e40000000, 0x0000021e40000000|100%| O|  |TAMS 0x0000021e3e000000| PB 0x0000021e3e000000| Untracked |  0
|1222|0x0000021e40000000, 0x0000021e42000000, 0x0000021e42000000|100%| O|  |TAMS 0x0000021e40000000| PB 0x0000021e40000000| Untracked |  0
|1223|0x0000021e42000000, 0x0000021e44000000, 0x0000021e44000000|100%| O|  |TAMS 0x0000021e42000000| PB 0x0000021e42000000| Untracked |  0
|1224|0x0000021e44000000, 0x0000021e46000000, 0x0000021e46000000|100%| O|  |TAMS 0x0000021e44000000| PB 0x0000021e44000000| Untracked |  0
|1225|0x0000021e46000000, 0x0000021e48000000, 0x0000021e48000000|100%| O|  |TAMS 0x0000021e46000000| PB 0x0000021e46000000| Untracked |  0
|1226|0x0000021e48000000, 0x0000021e4a000000, 0x0000021e4a000000|100%| O|  |TAMS 0x0000021e48000000| PB 0x0000021e48000000| Untracked |  0
|1227|0x0000021e4a000000, 0x0000021e4c000000, 0x0000021e4c000000|100%| O|  |TAMS 0x0000021e4a000000| PB 0x0000021e4a000000| Untracked |  0
|1228|0x0000021e4c000000, 0x0000021e4e000000, 0x0000021e4e000000|100%| O|  |TAMS 0x0000021e4c000000| PB 0x0000021e4c000000| Untracked |  0
|1229|0x0000021e4e000000, 0x0000021e50000000, 0x0000021e50000000|100%| O|  |TAMS 0x0000021e4e000000| PB 0x0000021e4e000000| Untracked |  0
|1230|0x0000021e50000000, 0x0000021e52000000, 0x0000021e52000000|100%| O|  |TAMS 0x0000021e50000000| PB 0x0000021e50000000| Untracked |  0
|1231|0x0000021e52000000, 0x0000021e54000000, 0x0000021e54000000|100%| O|  |TAMS 0x0000021e52000000| PB 0x0000021e52000000| Untracked |  0
|1232|0x0000021e54000000, 0x0000021e56000000, 0x0000021e56000000|100%| O|  |TAMS 0x0000021e54000000| PB 0x0000021e54000000| Untracked |  0
|1233|0x0000021e56000000, 0x0000021e58000000, 0x0000021e58000000|100%| O|  |TAMS 0x0000021e56000000| PB 0x0000021e56000000| Untracked |  0
|1234|0x0000021e58000000, 0x0000021e5a000000, 0x0000021e5a000000|100%| O|  |TAMS 0x0000021e58000000| PB 0x0000021e58000000| Untracked |  0
|1235|0x0000021e5a000000, 0x0000021e5c000000, 0x0000021e5c000000|100%| O|  |TAMS 0x0000021e5a000000| PB 0x0000021e5a000000| Untracked |  0
|1236|0x0000021e5c000000, 0x0000021e5e000000, 0x0000021e5e000000|100%| O|  |TAMS 0x0000021e5c000000| PB 0x0000021e5c000000| Untracked |  0
|1237|0x0000021e5e000000, 0x0000021e60000000, 0x0000021e60000000|100%| O|  |TAMS 0x0000021e5e000000| PB 0x0000021e5e000000| Untracked |  0
|1238|0x0000021e60000000, 0x0000021e62000000, 0x0000021e62000000|100%| O|  |TAMS 0x0000021e60000000| PB 0x0000021e60000000| Untracked |  0
|1239|0x0000021e62000000, 0x0000021e64000000, 0x0000021e64000000|100%| O|  |TAMS 0x0000021e62000000| PB 0x0000021e62000000| Untracked |  0
|1240|0x0000021e64000000, 0x0000021e66000000, 0x0000021e66000000|100%| O|  |TAMS 0x0000021e64000000| PB 0x0000021e64000000| Untracked |  0
|1241|0x0000021e66000000, 0x0000021e68000000, 0x0000021e68000000|100%| O|  |TAMS 0x0000021e66000000| PB 0x0000021e66000000| Untracked |  0
|1242|0x0000021e68000000, 0x0000021e6a000000, 0x0000021e6a000000|100%| O|  |TAMS 0x0000021e68000000| PB 0x0000021e68000000| Untracked |  0
|1243|0x0000021e6a000000, 0x0000021e6c000000, 0x0000021e6c000000|100%| O|  |TAMS 0x0000021e6a000000| PB 0x0000021e6a000000| Untracked |  0
|1244|0x0000021e6c000000, 0x0000021e6e000000, 0x0000021e6e000000|100%| O|  |TAMS 0x0000021e6c000000| PB 0x0000021e6c000000| Untracked |  0
|1245|0x0000021e6e000000, 0x0000021e70000000, 0x0000021e70000000|100%| O|  |TAMS 0x0000021e6e000000| PB 0x0000021e6e000000| Untracked |  0
|1246|0x0000021e70000000, 0x0000021e72000000, 0x0000021e72000000|100%| O|  |TAMS 0x0000021e70000000| PB 0x0000021e70000000| Untracked |  0
|1247|0x0000021e72000000, 0x0000021e74000000, 0x0000021e74000000|100%| O|  |TAMS 0x0000021e72000000| PB 0x0000021e72000000| Untracked |  0
|1248|0x0000021e74000000, 0x0000021e76000000, 0x0000021e76000000|100%| O|  |TAMS 0x0000021e74000000| PB 0x0000021e74000000| Untracked |  0
|1249|0x0000021e76000000, 0x0000021e78000000, 0x0000021e78000000|100%| O|  |TAMS 0x0000021e76000000| PB 0x0000021e76000000| Untracked |  0
|1250|0x0000021e78000000, 0x0000021e7a000000, 0x0000021e7a000000|100%| O|  |TAMS 0x0000021e78000000| PB 0x0000021e78000000| Untracked |  0
|1251|0x0000021e7a000000, 0x0000021e7c000000, 0x0000021e7c000000|100%| O|  |TAMS 0x0000021e7a000000| PB 0x0000021e7a000000| Untracked |  0
|1252|0x0000021e7c000000, 0x0000021e7e000000, 0x0000021e7e000000|100%| O|  |TAMS 0x0000021e7c000000| PB 0x0000021e7c000000| Untracked |  0
|1253|0x0000021e7e000000, 0x0000021e80000000, 0x0000021e80000000|100%| O|  |TAMS 0x0000021e7e000000| PB 0x0000021e7e000000| Untracked |  0
|1254|0x0000021e80000000, 0x0000021e82000000, 0x0000021e82000000|100%| O|  |TAMS 0x0000021e80000000| PB 0x0000021e80000000| Untracked |  0
|1255|0x0000021e82000000, 0x0000021e84000000, 0x0000021e84000000|100%| O|  |TAMS 0x0000021e82000000| PB 0x0000021e82000000| Untracked |  0
|1256|0x0000021e84000000, 0x0000021e86000000, 0x0000021e86000000|100%| O|  |TAMS 0x0000021e84000000| PB 0x0000021e84000000| Untracked |  0
|1257|0x0000021e86000000, 0x0000021e88000000, 0x0000021e88000000|100%| O|  |TAMS 0x0000021e86000000| PB 0x0000021e86000000| Untracked |  0
|1258|0x0000021e88000000, 0x0000021e8a000000, 0x0000021e8a000000|100%| O|  |TAMS 0x0000021e88000000| PB 0x0000021e88000000| Untracked |  0
|1259|0x0000021e8a000000, 0x0000021e8c000000, 0x0000021e8c000000|100%| O|  |TAMS 0x0000021e8a000000| PB 0x0000021e8a000000| Untracked |  0
|1260|0x0000021e8c000000, 0x0000021e8e000000, 0x0000021e8e000000|100%| O|  |TAMS 0x0000021e8c000000| PB 0x0000021e8c000000| Untracked |  0
|1261|0x0000021e8e000000, 0x0000021e90000000, 0x0000021e90000000|100%| O|  |TAMS 0x0000021e8e000000| PB 0x0000021e8e000000| Untracked |  0
|1262|0x0000021e90000000, 0x0000021e92000000, 0x0000021e92000000|100%| O|  |TAMS 0x0000021e90000000| PB 0x0000021e90000000| Untracked |  0
|1263|0x0000021e92000000, 0x0000021e94000000, 0x0000021e94000000|100%| O|  |TAMS 0x0000021e92000000| PB 0x0000021e92000000| Untracked |  0
|1264|0x0000021e94000000, 0x0000021e96000000, 0x0000021e96000000|100%| O|  |TAMS 0x0000021e94000000| PB 0x0000021e94000000| Untracked |  0
|1265|0x0000021e96000000, 0x0000021e98000000, 0x0000021e98000000|100%| O|  |TAMS 0x0000021e96000000| PB 0x0000021e96000000| Untracked |  0
|1266|0x0000021e98000000, 0x0000021e9a000000, 0x0000021e9a000000|100%| O|  |TAMS 0x0000021e98000000| PB 0x0000021e98000000| Untracked |  0
|1267|0x0000021e9a000000, 0x0000021e9c000000, 0x0000021e9c000000|100%| O|  |TAMS 0x0000021e9a000000| PB 0x0000021e9a000000| Untracked |  0
|1268|0x0000021e9c000000, 0x0000021e9e000000, 0x0000021e9e000000|100%| O|  |TAMS 0x0000021e9c000000| PB 0x0000021e9c000000| Untracked |  0
|1269|0x0000021e9e000000, 0x0000021ea0000000, 0x0000021ea0000000|100%| O|  |TAMS 0x0000021e9e000000| PB 0x0000021e9e000000| Untracked |  0
|1270|0x0000021ea0000000, 0x0000021ea2000000, 0x0000021ea2000000|100%| O|  |TAMS 0x0000021ea0000000| PB 0x0000021ea0000000| Untracked |  0
|1271|0x0000021ea2000000, 0x0000021ea4000000, 0x0000021ea4000000|100%| O|  |TAMS 0x0000021ea2000000| PB 0x0000021ea2000000| Untracked |  0
|1272|0x0000021ea4000000, 0x0000021ea6000000, 0x0000021ea6000000|100%| O|  |TAMS 0x0000021ea4000000| PB 0x0000021ea4000000| Untracked |  0
|1273|0x0000021ea6000000, 0x0000021ea8000000, 0x0000021ea8000000|100%| O|  |TAMS 0x0000021ea6000000| PB 0x0000021ea6000000| Untracked |  0
|1274|0x0000021ea8000000, 0x0000021eaa000000, 0x0000021eaa000000|100%| O|  |TAMS 0x0000021ea8000000| PB 0x0000021ea8000000| Untracked |  0
|1275|0x0000021eaa000000, 0x0000021eac000000, 0x0000021eac000000|100%| O|  |TAMS 0x0000021eaa000000| PB 0x0000021eaa000000| Untracked |  0
|1276|0x0000021eac000000, 0x0000021eae000000, 0x0000021eae000000|100%| O|  |TAMS 0x0000021eac000000| PB 0x0000021eac000000| Untracked |  0
|1277|0x0000021eae000000, 0x0000021eb0000000, 0x0000021eb0000000|100%| O|  |TAMS 0x0000021eae000000| PB 0x0000021eae000000| Untracked |  0
|1278|0x0000021eb0000000, 0x0000021eb2000000, 0x0000021eb2000000|100%| O|  |TAMS 0x0000021eb0000000| PB 0x0000021eb0000000| Untracked |  0
|1279|0x0000021eb2000000, 0x0000021eb4000000, 0x0000021eb4000000|100%| O|  |TAMS 0x0000021eb2000000| PB 0x0000021eb2000000| Untracked |  0
|1280|0x0000021eb4000000, 0x0000021eb6000000, 0x0000021eb6000000|100%| O|  |TAMS 0x0000021eb4000000| PB 0x0000021eb4000000| Untracked |  0
|1281|0x0000021eb6000000, 0x0000021eb8000000, 0x0000021eb8000000|100%| O|  |TAMS 0x0000021eb6000000| PB 0x0000021eb6000000| Untracked |  0
|1282|0x0000021eb8000000, 0x0000021eba000000, 0x0000021eba000000|100%| O|  |TAMS 0x0000021eb8000000| PB 0x0000021eb8000000| Untracked |  0
|1283|0x0000021eba000000, 0x0000021ebc000000, 0x0000021ebc000000|100%| O|  |TAMS 0x0000021eba000000| PB 0x0000021eba000000| Untracked |  0
|1284|0x0000021ebc000000, 0x0000021ebe000000, 0x0000021ebe000000|100%| O|  |TAMS 0x0000021ebc000000| PB 0x0000021ebc000000| Untracked |  0
|1285|0x0000021ebe000000, 0x0000021ec0000000, 0x0000021ec0000000|100%| O|  |TAMS 0x0000021ebe000000| PB 0x0000021ebe000000| Untracked |  0
|1286|0x0000021ec0000000, 0x0000021ec2000000, 0x0000021ec2000000|100%| O|  |TAMS 0x0000021ec0000000| PB 0x0000021ec0000000| Untracked |  0
|1287|0x0000021ec2000000, 0x0000021ec4000000, 0x0000021ec4000000|100%| O|  |TAMS 0x0000021ec2000000| PB 0x0000021ec2000000| Untracked |  0
|1288|0x0000021ec4000000, 0x0000021ec6000000, 0x0000021ec6000000|100%| O|  |TAMS 0x0000021ec4000000| PB 0x0000021ec4000000| Untracked |  0
|1289|0x0000021ec6000000, 0x0000021ec8000000, 0x0000021ec8000000|100%| O|  |TAMS 0x0000021ec6000000| PB 0x0000021ec6000000| Untracked |  0
|1290|0x0000021ec8000000, 0x0000021eca000000, 0x0000021eca000000|100%| O|  |TAMS 0x0000021ec8000000| PB 0x0000021ec8000000| Untracked |  0
|1291|0x0000021eca000000, 0x0000021ecc000000, 0x0000021ecc000000|100%| O|  |TAMS 0x0000021eca000000| PB 0x0000021eca000000| Untracked |  0
|1292|0x0000021ecc000000, 0x0000021ece000000, 0x0000021ece000000|100%| O|  |TAMS 0x0000021ecc000000| PB 0x0000021ecc000000| Untracked |  0
|1293|0x0000021ece000000, 0x0000021ece000000, 0x0000021ed0000000|  0%| F|  |TAMS 0x0000021ece000000| PB 0x0000021ece000000| Untracked |  0
|1294|0x0000021ed0000000, 0x0000021ed0000000, 0x0000021ed2000000|  0%| F|  |TAMS 0x0000021ed0000000| PB 0x0000021ed0000000| Untracked |  0
|1295|0x0000021ed2000000, 0x0000021ed2000000, 0x0000021ed4000000|  0%| F|  |TAMS 0x0000021ed2000000| PB 0x0000021ed2000000| Untracked |  0
|1296|0x0000021ed4000000, 0x0000021ed4000000, 0x0000021ed6000000|  0%| F|  |TAMS 0x0000021ed4000000| PB 0x0000021ed4000000| Untracked |  0
|1297|0x0000021ed6000000, 0x0000021ed6000000, 0x0000021ed8000000|  0%| F|  |TAMS 0x0000021ed6000000| PB 0x0000021ed6000000| Untracked |  0
|1298|0x0000021ed8000000, 0x0000021ed8000000, 0x0000021eda000000|  0%| F|  |TAMS 0x0000021ed8000000| PB 0x0000021ed8000000| Untracked |  0
|1299|0x0000021eda000000, 0x0000021eda000000, 0x0000021edc000000|  0%| F|  |TAMS 0x0000021eda000000| PB 0x0000021eda000000| Untracked |  0
|1300|0x0000021edc000000, 0x0000021edc000000, 0x0000021ede000000|  0%| F|  |TAMS 0x0000021edc000000| PB 0x0000021edc000000| Untracked |  0
|1301|0x0000021ede000000, 0x0000021ede000000, 0x0000021ee0000000|  0%| F|  |TAMS 0x0000021ede000000| PB 0x0000021ede000000| Untracked |  0
|1302|0x0000021ee0000000, 0x0000021ee0000000, 0x0000021ee2000000|  0%| F|  |TAMS 0x0000021ee0000000| PB 0x0000021ee0000000| Untracked |  0
|1303|0x0000021ee2000000, 0x0000021ee2000000, 0x0000021ee4000000|  0%| F|  |TAMS 0x0000021ee2000000| PB 0x0000021ee2000000| Untracked |  0
|1304|0x0000021ee4000000, 0x0000021ee4000000, 0x0000021ee6000000|  0%| F|  |TAMS 0x0000021ee4000000| PB 0x0000021ee4000000| Untracked |  0
|1305|0x0000021ee6000000, 0x0000021ee6000000, 0x0000021ee8000000|  0%| F|  |TAMS 0x0000021ee6000000| PB 0x0000021ee6000000| Untracked |  0
|1306|0x0000021ee8000000, 0x0000021ee8000000, 0x0000021eea000000|  0%| F|  |TAMS 0x0000021ee8000000| PB 0x0000021ee8000000| Untracked |  0
|1307|0x0000021eea000000, 0x0000021eea000000, 0x0000021eec000000|  0%| F|  |TAMS 0x0000021eea000000| PB 0x0000021eea000000| Untracked |  0
|1308|0x0000021eec000000, 0x0000021eec000000, 0x0000021eee000000|  0%| F|  |TAMS 0x0000021eec000000| PB 0x0000021eec000000| Untracked |  0
|1309|0x0000021eee000000, 0x0000021eee000000, 0x0000021ef0000000|  0%| F|  |TAMS 0x0000021eee000000| PB 0x0000021eee000000| Untracked |  0
|1310|0x0000021ef0000000, 0x0000021ef0000000, 0x0000021ef2000000|  0%| F|  |TAMS 0x0000021ef0000000| PB 0x0000021ef0000000| Untracked |  0
|1311|0x0000021ef2000000, 0x0000021ef2000000, 0x0000021ef4000000|  0%| F|  |TAMS 0x0000021ef2000000| PB 0x0000021ef2000000| Untracked |  0
|1312|0x0000021ef4000000, 0x0000021ef4000000, 0x0000021ef6000000|  0%| F|  |TAMS 0x0000021ef4000000| PB 0x0000021ef4000000| Untracked |  0
|1313|0x0000021ef6000000, 0x0000021ef6000000, 0x0000021ef8000000|  0%| F|  |TAMS 0x0000021ef6000000| PB 0x0000021ef6000000| Untracked |  0
|1314|0x0000021ef8000000, 0x0000021ef8000000, 0x0000021efa000000|  0%| F|  |TAMS 0x0000021ef8000000| PB 0x0000021ef8000000| Untracked |  0
|1315|0x0000021efa000000, 0x0000021efa000000, 0x0000021efc000000|  0%| F|  |TAMS 0x0000021efa000000| PB 0x0000021efa000000| Untracked |  0
|1316|0x0000021efc000000, 0x0000021efc000000, 0x0000021efe000000|  0%| F|  |TAMS 0x0000021efc000000| PB 0x0000021efc000000| Untracked |  0
|1317|0x0000021efe000000, 0x0000021efe000000, 0x0000021f00000000|  0%| F|  |TAMS 0x0000021efe000000| PB 0x0000021efe000000| Untracked |  0
|1318|0x0000021f00000000, 0x0000021f00000000, 0x0000021f02000000|  0%| F|  |TAMS 0x0000021f00000000| PB 0x0000021f00000000| Untracked |  0
|1319|0x0000021f02000000, 0x0000021f02000000, 0x0000021f04000000|  0%| F|  |TAMS 0x0000021f02000000| PB 0x0000021f02000000| Untracked |  0
|1320|0x0000021f04000000, 0x0000021f04000000, 0x0000021f06000000|  0%| F|  |TAMS 0x0000021f04000000| PB 0x0000021f04000000| Untracked |  0
|1321|0x0000021f06000000, 0x0000021f06000000, 0x0000021f08000000|  0%| F|  |TAMS 0x0000021f06000000| PB 0x0000021f06000000| Untracked |  0
|1322|0x0000021f08000000, 0x0000021f08000000, 0x0000021f0a000000|  0%| F|  |TAMS 0x0000021f08000000| PB 0x0000021f08000000| Untracked |  0
|1323|0x0000021f0a000000, 0x0000021f0a000000, 0x0000021f0c000000|  0%| F|  |TAMS 0x0000021f0a000000| PB 0x0000021f0a000000| Untracked |  0
|1324|0x0000021f0c000000, 0x0000021f0c000000, 0x0000021f0e000000|  0%| F|  |TAMS 0x0000021f0c000000| PB 0x0000021f0c000000| Untracked |  0
|1325|0x0000021f0e000000, 0x0000021f0e000000, 0x0000021f10000000|  0%| F|  |TAMS 0x0000021f0e000000| PB 0x0000021f0e000000| Untracked |  0
|1326|0x0000021f10000000, 0x0000021f10000000, 0x0000021f12000000|  0%| F|  |TAMS 0x0000021f10000000| PB 0x0000021f10000000| Untracked |  0
|1327|0x0000021f12000000, 0x0000021f12000000, 0x0000021f14000000|  0%| F|  |TAMS 0x0000021f12000000| PB 0x0000021f12000000| Untracked |  0
|1328|0x0000021f14000000, 0x0000021f14000000, 0x0000021f16000000|  0%| F|  |TAMS 0x0000021f14000000| PB 0x0000021f14000000| Untracked |  0
|1329|0x0000021f16000000, 0x0000021f16000000, 0x0000021f18000000|  0%| F|  |TAMS 0x0000021f16000000| PB 0x0000021f16000000| Untracked |  0
|1330|0x0000021f18000000, 0x0000021f18000000, 0x0000021f1a000000|  0%| F|  |TAMS 0x0000021f18000000| PB 0x0000021f18000000| Untracked |  0
|1331|0x0000021f1a000000, 0x0000021f1a000000, 0x0000021f1c000000|  0%| F|  |TAMS 0x0000021f1a000000| PB 0x0000021f1a000000| Untracked |  0
|1332|0x0000021f1c000000, 0x0000021f1c000000, 0x0000021f1e000000|  0%| F|  |TAMS 0x0000021f1c000000| PB 0x0000021f1c000000| Untracked |  0
|1333|0x0000021f1e000000, 0x0000021f1e000000, 0x0000021f20000000|  0%| F|  |TAMS 0x0000021f1e000000| PB 0x0000021f1e000000| Untracked |  0
|1334|0x0000021f20000000, 0x0000021f20000000, 0x0000021f22000000|  0%| F|  |TAMS 0x0000021f20000000| PB 0x0000021f20000000| Untracked |  0
|1335|0x0000021f22000000, 0x0000021f22000000, 0x0000021f24000000|  0%| F|  |TAMS 0x0000021f22000000| PB 0x0000021f22000000| Untracked |  0
|1336|0x0000021f24000000, 0x0000021f24000000, 0x0000021f26000000|  0%| F|  |TAMS 0x0000021f24000000| PB 0x0000021f24000000| Untracked |  0
|1337|0x0000021f26000000, 0x0000021f26000000, 0x0000021f28000000|  0%| F|  |TAMS 0x0000021f26000000| PB 0x0000021f26000000| Untracked |  0
|1338|0x0000021f28000000, 0x0000021f28000000, 0x0000021f2a000000|  0%| F|  |TAMS 0x0000021f28000000| PB 0x0000021f28000000| Untracked |  0
|1339|0x0000021f2a000000, 0x0000021f2a000000, 0x0000021f2c000000|  0%| F|  |TAMS 0x0000021f2a000000| PB 0x0000021f2a000000| Untracked |  0
|1340|0x0000021f2c000000, 0x0000021f2c000000, 0x0000021f2e000000|  0%| F|  |TAMS 0x0000021f2c000000| PB 0x0000021f2c000000| Untracked |  0
|1341|0x0000021f2e000000, 0x0000021f2e000000, 0x0000021f30000000|  0%| F|  |TAMS 0x0000021f2e000000| PB 0x0000021f2e000000| Untracked |  0
|1342|0x0000021f30000000, 0x0000021f30000000, 0x0000021f32000000|  0%| F|  |TAMS 0x0000021f30000000| PB 0x0000021f30000000| Untracked |  0
|1343|0x0000021f32000000, 0x0000021f32000000, 0x0000021f34000000|  0%| F|  |TAMS 0x0000021f32000000| PB 0x0000021f32000000| Untracked |  0
|1344|0x0000021f34000000, 0x0000021f34000000, 0x0000021f36000000|  0%| F|  |TAMS 0x0000021f34000000| PB 0x0000021f34000000| Untracked |  0
|1345|0x0000021f36000000, 0x0000021f36000000, 0x0000021f38000000|  0%| F|  |TAMS 0x0000021f36000000| PB 0x0000021f36000000| Untracked |  0
|1346|0x0000021f38000000, 0x0000021f38000000, 0x0000021f3a000000|  0%| F|  |TAMS 0x0000021f38000000| PB 0x0000021f38000000| Untracked |  0
|1347|0x0000021f3a000000, 0x0000021f3a000000, 0x0000021f3c000000|  0%| F|  |TAMS 0x0000021f3a000000| PB 0x0000021f3a000000| Untracked |  0
|1348|0x0000021f3c000000, 0x0000021f3c000000, 0x0000021f3e000000|  0%| F|  |TAMS 0x0000021f3c000000| PB 0x0000021f3c000000| Untracked |  0
|1349|0x0000021f3e000000, 0x0000021f3e000000, 0x0000021f40000000|  0%| F|  |TAMS 0x0000021f3e000000| PB 0x0000021f3e000000| Untracked |  0
|1350|0x0000021f40000000, 0x0000021f40000000, 0x0000021f42000000|  0%| F|  |TAMS 0x0000021f40000000| PB 0x0000021f40000000| Untracked |  0
|1351|0x0000021f42000000, 0x0000021f42000000, 0x0000021f44000000|  0%| F|  |TAMS 0x0000021f42000000| PB 0x0000021f42000000| Untracked |  0
|1352|0x0000021f44000000, 0x0000021f44000000, 0x0000021f46000000|  0%| F|  |TAMS 0x0000021f44000000| PB 0x0000021f44000000| Untracked |  0
|1353|0x0000021f46000000, 0x0000021f46000000, 0x0000021f48000000|  0%| F|  |TAMS 0x0000021f46000000| PB 0x0000021f46000000| Untracked |  0
|1354|0x0000021f48000000, 0x0000021f48000000, 0x0000021f4a000000|  0%| F|  |TAMS 0x0000021f48000000| PB 0x0000021f48000000| Untracked |  0
|1355|0x0000021f4a000000, 0x0000021f4a000000, 0x0000021f4c000000|  0%| F|  |TAMS 0x0000021f4a000000| PB 0x0000021f4a000000| Untracked |  0
|1356|0x0000021f4c000000, 0x0000021f4c000000, 0x0000021f4e000000|  0%| F|  |TAMS 0x0000021f4c000000| PB 0x0000021f4c000000| Untracked |  0
|1357|0x0000021f4e000000, 0x0000021f4e000000, 0x0000021f50000000|  0%| F|  |TAMS 0x0000021f4e000000| PB 0x0000021f4e000000| Untracked |  0
|1358|0x0000021f50000000, 0x0000021f50000000, 0x0000021f52000000|  0%| F|  |TAMS 0x0000021f50000000| PB 0x0000021f50000000| Untracked |  0
|1359|0x0000021f52000000, 0x0000021f52000000, 0x0000021f54000000|  0%| F|  |TAMS 0x0000021f52000000| PB 0x0000021f52000000| Untracked |  0
|1360|0x0000021f54000000, 0x0000021f54000000, 0x0000021f56000000|  0%| F|  |TAMS 0x0000021f54000000| PB 0x0000021f54000000| Untracked |  0
|1361|0x0000021f56000000, 0x0000021f56000000, 0x0000021f58000000|  0%| F|  |TAMS 0x0000021f56000000| PB 0x0000021f56000000| Untracked |  0
|1362|0x0000021f58000000, 0x0000021f58000000, 0x0000021f5a000000|  0%| F|  |TAMS 0x0000021f58000000| PB 0x0000021f58000000| Untracked |  0
|1363|0x0000021f5a000000, 0x0000021f5a000000, 0x0000021f5c000000|  0%| F|  |TAMS 0x0000021f5a000000| PB 0x0000021f5a000000| Untracked |  0
|1364|0x0000021f5c000000, 0x0000021f5c000000, 0x0000021f5e000000|  0%| F|  |TAMS 0x0000021f5c000000| PB 0x0000021f5c000000| Untracked |  0
|1365|0x0000021f5e000000, 0x0000021f5e000000, 0x0000021f60000000|  0%| F|  |TAMS 0x0000021f5e000000| PB 0x0000021f5e000000| Untracked |  0
|1366|0x0000021f60000000, 0x0000021f60000000, 0x0000021f62000000|  0%| F|  |TAMS 0x0000021f60000000| PB 0x0000021f60000000| Untracked |  0
|1367|0x0000021f62000000, 0x0000021f62000000, 0x0000021f64000000|  0%| F|  |TAMS 0x0000021f62000000| PB 0x0000021f62000000| Untracked |  0
|1368|0x0000021f64000000, 0x0000021f64000000, 0x0000021f66000000|  0%| F|  |TAMS 0x0000021f64000000| PB 0x0000021f64000000| Untracked |  0
|1369|0x0000021f66000000, 0x0000021f66000000, 0x0000021f68000000|  0%| F|  |TAMS 0x0000021f66000000| PB 0x0000021f66000000| Untracked |  0
|1370|0x0000021f68000000, 0x0000021f68000000, 0x0000021f6a000000|  0%| F|  |TAMS 0x0000021f68000000| PB 0x0000021f68000000| Untracked |  0
|1371|0x0000021f6a000000, 0x0000021f6a000000, 0x0000021f6c000000|  0%| F|  |TAMS 0x0000021f6a000000| PB 0x0000021f6a000000| Untracked |  0
|1372|0x0000021f6c000000, 0x0000021f6c000000, 0x0000021f6e000000|  0%| F|  |TAMS 0x0000021f6c000000| PB 0x0000021f6c000000| Untracked |  0
|1373|0x0000021f6e000000, 0x0000021f6e000000, 0x0000021f70000000|  0%| F|  |TAMS 0x0000021f6e000000| PB 0x0000021f6e000000| Untracked |  0
|1374|0x0000021f70000000, 0x0000021f70000000, 0x0000021f72000000|  0%| F|  |TAMS 0x0000021f70000000| PB 0x0000021f70000000| Untracked |  0
|1375|0x0000021f72000000, 0x0000021f72000000, 0x0000021f74000000|  0%| F|  |TAMS 0x0000021f72000000| PB 0x0000021f72000000| Untracked |  0
|1376|0x0000021f74000000, 0x0000021f74000000, 0x0000021f76000000|  0%| F|  |TAMS 0x0000021f74000000| PB 0x0000021f74000000| Untracked |  0
|1377|0x0000021f76000000, 0x0000021f76000000, 0x0000021f78000000|  0%| F|  |TAMS 0x0000021f76000000| PB 0x0000021f76000000| Untracked |  0
|1378|0x0000021f78000000, 0x0000021f78000000, 0x0000021f7a000000|  0%| F|  |TAMS 0x0000021f78000000| PB 0x0000021f78000000| Untracked |  0
|1379|0x0000021f7a000000, 0x0000021f7a000000, 0x0000021f7c000000|  0%| F|  |TAMS 0x0000021f7a000000| PB 0x0000021f7a000000| Untracked |  0
|1380|0x0000021f7c000000, 0x0000021f7c000000, 0x0000021f7e000000|  0%| F|  |TAMS 0x0000021f7c000000| PB 0x0000021f7c000000| Untracked |  0
|1381|0x0000021f7e000000, 0x0000021f7e000000, 0x0000021f80000000|  0%| F|  |TAMS 0x0000021f7e000000| PB 0x0000021f7e000000| Untracked |  0
|1382|0x0000021f80000000, 0x0000021f80000000, 0x0000021f82000000|  0%| F|  |TAMS 0x0000021f80000000| PB 0x0000021f80000000| Untracked |  0
|1383|0x0000021f82000000, 0x0000021f82000000, 0x0000021f84000000|  0%| F|  |TAMS 0x0000021f82000000| PB 0x0000021f82000000| Untracked |  0
|1384|0x0000021f84000000, 0x0000021f84000000, 0x0000021f86000000|  0%| F|  |TAMS 0x0000021f84000000| PB 0x0000021f84000000| Untracked |  0
|1385|0x0000021f86000000, 0x0000021f86000000, 0x0000021f88000000|  0%| F|  |TAMS 0x0000021f86000000| PB 0x0000021f86000000| Untracked |  0
|1386|0x0000021f88000000, 0x0000021f88000000, 0x0000021f8a000000|  0%| F|  |TAMS 0x0000021f88000000| PB 0x0000021f88000000| Untracked |  0
|1387|0x0000021f8a000000, 0x0000021f8a000000, 0x0000021f8c000000|  0%| F|  |TAMS 0x0000021f8a000000| PB 0x0000021f8a000000| Untracked |  0
|1388|0x0000021f8c000000, 0x0000021f8c000000, 0x0000021f8e000000|  0%| F|  |TAMS 0x0000021f8c000000| PB 0x0000021f8c000000| Untracked |  0
|1389|0x0000021f8e000000, 0x0000021f8e000000, 0x0000021f90000000|  0%| F|  |TAMS 0x0000021f8e000000| PB 0x0000021f8e000000| Untracked |  0
|1390|0x0000021f90000000, 0x0000021f90000000, 0x0000021f92000000|  0%| F|  |TAMS 0x0000021f90000000| PB 0x0000021f90000000| Untracked |  0
|1391|0x0000021f92000000, 0x0000021f92000000, 0x0000021f94000000|  0%| F|  |TAMS 0x0000021f92000000| PB 0x0000021f92000000| Untracked |  0
|1392|0x0000021f94000000, 0x0000021f94000000, 0x0000021f96000000|  0%| F|  |TAMS 0x0000021f94000000| PB 0x0000021f94000000| Untracked |  0
|1393|0x0000021f96000000, 0x0000021f96000000, 0x0000021f98000000|  0%| F|  |TAMS 0x0000021f96000000| PB 0x0000021f96000000| Untracked |  0
|1394|0x0000021f98000000, 0x0000021f98000000, 0x0000021f9a000000|  0%| F|  |TAMS 0x0000021f98000000| PB 0x0000021f98000000| Untracked |  0
|1395|0x0000021f9a000000, 0x0000021f9a000000, 0x0000021f9c000000|  0%| F|  |TAMS 0x0000021f9a000000| PB 0x0000021f9a000000| Untracked |  0
|1396|0x0000021f9c000000, 0x0000021f9c000000, 0x0000021f9e000000|  0%| F|  |TAMS 0x0000021f9c000000| PB 0x0000021f9c000000| Untracked |  0
|1397|0x0000021f9e000000, 0x0000021f9e000000, 0x0000021fa0000000|  0%| F|  |TAMS 0x0000021f9e000000| PB 0x0000021f9e000000| Untracked |  0
|1398|0x0000021fa0000000, 0x0000021fa0000000, 0x0000021fa2000000|  0%| F|  |TAMS 0x0000021fa0000000| PB 0x0000021fa0000000| Untracked |  0
|1399|0x0000021fa2000000, 0x0000021fa2000000, 0x0000021fa4000000|  0%| F|  |TAMS 0x0000021fa2000000| PB 0x0000021fa2000000| Untracked |  0
|1400|0x0000021fa4000000, 0x0000021fa4000000, 0x0000021fa6000000|  0%| F|  |TAMS 0x0000021fa4000000| PB 0x0000021fa4000000| Untracked |  0
|1401|0x0000021fa6000000, 0x0000021fa6000000, 0x0000021fa8000000|  0%| F|  |TAMS 0x0000021fa6000000| PB 0x0000021fa6000000| Untracked |  0
|1402|0x0000021fa8000000, 0x0000021fa8000000, 0x0000021faa000000|  0%| F|  |TAMS 0x0000021fa8000000| PB 0x0000021fa8000000| Untracked |  0
|1403|0x0000021faa000000, 0x0000021faa000000, 0x0000021fac000000|  0%| F|  |TAMS 0x0000021faa000000| PB 0x0000021faa000000| Untracked |  0
|1404|0x0000021fac000000, 0x0000021fac000000, 0x0000021fae000000|  0%| F|  |TAMS 0x0000021fac000000| PB 0x0000021fac000000| Untracked |  0
|1405|0x0000021fae000000, 0x0000021fae000000, 0x0000021fb0000000|  0%| F|  |TAMS 0x0000021fae000000| PB 0x0000021fae000000| Untracked |  0
|1406|0x0000021fb0000000, 0x0000021fb0000000, 0x0000021fb2000000|  0%| F|  |TAMS 0x0000021fb0000000| PB 0x0000021fb0000000| Untracked |  0
|1407|0x0000021fb2000000, 0x0000021fb2000000, 0x0000021fb4000000|  0%| F|  |TAMS 0x0000021fb2000000| PB 0x0000021fb2000000| Untracked |  0
|1408|0x0000021fb4000000, 0x0000021fb4000000, 0x0000021fb6000000|  0%| F|  |TAMS 0x0000021fb4000000| PB 0x0000021fb4000000| Untracked |  0
|1409|0x0000021fb6000000, 0x0000021fb6000000, 0x0000021fb8000000|  0%| F|  |TAMS 0x0000021fb6000000| PB 0x0000021fb6000000| Untracked |  0
|1410|0x0000021fb8000000, 0x0000021fb8000000, 0x0000021fba000000|  0%| F|  |TAMS 0x0000021fb8000000| PB 0x0000021fb8000000| Untracked |  0
|1411|0x0000021fba000000, 0x0000021fba000000, 0x0000021fbc000000|  0%| F|  |TAMS 0x0000021fba000000| PB 0x0000021fba000000| Untracked |  0
|1412|0x0000021fbc000000, 0x0000021fbc000000, 0x0000021fbe000000|  0%| F|  |TAMS 0x0000021fbc000000| PB 0x0000021fbc000000| Untracked |  0
|1413|0x0000021fbe000000, 0x0000021fbe000000, 0x0000021fc0000000|  0%| F|  |TAMS 0x0000021fbe000000| PB 0x0000021fbe000000| Untracked |  0
|1414|0x0000021fc0000000, 0x0000021fc0000000, 0x0000021fc2000000|  0%| F|  |TAMS 0x0000021fc0000000| PB 0x0000021fc0000000| Untracked |  0
|1415|0x0000021fc2000000, 0x0000021fc2000000, 0x0000021fc4000000|  0%| F|  |TAMS 0x0000021fc2000000| PB 0x0000021fc2000000| Untracked |  0
|1416|0x0000021fc4000000, 0x0000021fc4000000, 0x0000021fc6000000|  0%| F|  |TAMS 0x0000021fc4000000| PB 0x0000021fc4000000| Untracked |  0
|1417|0x0000021fc6000000, 0x0000021fc6000000, 0x0000021fc8000000|  0%| F|  |TAMS 0x0000021fc6000000| PB 0x0000021fc6000000| Untracked |  0
|1418|0x0000021fc8000000, 0x0000021fc8000000, 0x0000021fca000000|  0%| F|  |TAMS 0x0000021fc8000000| PB 0x0000021fc8000000| Untracked |  0
|1419|0x0000021fca000000, 0x0000021fca000000, 0x0000021fcc000000|  0%| F|  |TAMS 0x0000021fca000000| PB 0x0000021fca000000| Untracked |  0
|1420|0x0000021fcc000000, 0x0000021fcc000000, 0x0000021fce000000|  0%| F|  |TAMS 0x0000021fcc000000| PB 0x0000021fcc000000| Untracked |  0
|1421|0x0000021fce000000, 0x0000021fce000000, 0x0000021fd0000000|  0%| F|  |TAMS 0x0000021fce000000| PB 0x0000021fce000000| Untracked |  0
|1422|0x0000021fd0000000, 0x0000021fd0000000, 0x0000021fd2000000|  0%| F|  |TAMS 0x0000021fd0000000| PB 0x0000021fd0000000| Untracked |  0
|1423|0x0000021fd2000000, 0x0000021fd2000000, 0x0000021fd4000000|  0%| F|  |TAMS 0x0000021fd2000000| PB 0x0000021fd2000000| Untracked |  0
|1424|0x0000021fd4000000, 0x0000021fd4000000, 0x0000021fd6000000|  0%| F|  |TAMS 0x0000021fd4000000| PB 0x0000021fd4000000| Untracked |  0
|1425|0x0000021fd6000000, 0x0000021fd6000000, 0x0000021fd8000000|  0%| F|  |TAMS 0x0000021fd6000000| PB 0x0000021fd6000000| Untracked |  0
|1426|0x0000021fd8000000, 0x0000021fd8000000, 0x0000021fda000000|  0%| F|  |TAMS 0x0000021fd8000000| PB 0x0000021fd8000000| Untracked |  0
|1427|0x0000021fda000000, 0x0000021fda000000, 0x0000021fdc000000|  0%| F|  |TAMS 0x0000021fda000000| PB 0x0000021fda000000| Untracked |  0
|1428|0x0000021fdc000000, 0x0000021fdc000000, 0x0000021fde000000|  0%| F|  |TAMS 0x0000021fdc000000| PB 0x0000021fdc000000| Untracked |  0
|1429|0x0000021fde000000, 0x0000021fde000000, 0x0000021fe0000000|  0%| F|  |TAMS 0x0000021fde000000| PB 0x0000021fde000000| Untracked |  0
|1430|0x0000021fe0000000, 0x0000021fe0000000, 0x0000021fe2000000|  0%| F|  |TAMS 0x0000021fe0000000| PB 0x0000021fe0000000| Untracked |  0
|1431|0x0000021fe2000000, 0x0000021fe2000000, 0x0000021fe4000000|  0%| F|  |TAMS 0x0000021fe2000000| PB 0x0000021fe2000000| Untracked |  0
|1432|0x0000021fe4000000, 0x0000021fe4000000, 0x0000021fe6000000|  0%| F|  |TAMS 0x0000021fe4000000| PB 0x0000021fe4000000| Untracked |  0
|1433|0x0000021fe6000000, 0x0000021fe6000000, 0x0000021fe8000000|  0%| F|  |TAMS 0x0000021fe6000000| PB 0x0000021fe6000000| Untracked |  0
|1434|0x0000021fe8000000, 0x0000021fe8000000, 0x0000021fea000000|  0%| F|  |TAMS 0x0000021fe8000000| PB 0x0000021fe8000000| Untracked |  0
|1435|0x0000021fea000000, 0x0000021fea000000, 0x0000021fec000000|  0%| F|  |TAMS 0x0000021fea000000| PB 0x0000021fea000000| Untracked |  0
|1436|0x0000021fec000000, 0x0000021fec000000, 0x0000021fee000000|  0%| F|  |TAMS 0x0000021fec000000| PB 0x0000021fec000000| Untracked |  0
|1437|0x0000021fee000000, 0x0000021fee000000, 0x0000021ff0000000|  0%| F|  |TAMS 0x0000021fee000000| PB 0x0000021fee000000| Untracked |  0
|1438|0x0000021ff0000000, 0x0000021ff0000000, 0x0000021ff2000000|  0%| F|  |TAMS 0x0000021ff0000000| PB 0x0000021ff0000000| Untracked |  0
|1439|0x0000021ff2000000, 0x0000021ff2000000, 0x0000021ff4000000|  0%| F|  |TAMS 0x0000021ff2000000| PB 0x0000021ff2000000| Untracked |  0
|1440|0x0000021ff4000000, 0x0000021ff4000000, 0x0000021ff6000000|  0%| F|  |TAMS 0x0000021ff4000000| PB 0x0000021ff4000000| Untracked |  0
|1441|0x0000021ff6000000, 0x0000021ff6000000, 0x0000021ff8000000|  0%| F|  |TAMS 0x0000021ff6000000| PB 0x0000021ff6000000| Untracked |  0
|1442|0x0000021ff8000000, 0x0000021ff8000000, 0x0000021ffa000000|  0%| F|  |TAMS 0x0000021ff8000000| PB 0x0000021ff8000000| Untracked |  0
|1443|0x0000021ffa000000, 0x0000021ffa000000, 0x0000021ffc000000|  0%| F|  |TAMS 0x0000021ffa000000| PB 0x0000021ffa000000| Untracked |  0
|1444|0x0000021ffc000000, 0x0000021ffc000000, 0x0000021ffe000000|  0%| F|  |TAMS 0x0000021ffc000000| PB 0x0000021ffc000000| Untracked |  0
|1445|0x0000021ffe000000, 0x0000021ffe000000, 0x0000022000000000|  0%| F|  |TAMS 0x0000021ffe000000| PB 0x0000021ffe000000| Untracked |  0
|1446|0x0000022000000000, 0x0000022000000000, 0x0000022002000000|  0%| F|  |TAMS 0x0000022000000000| PB 0x0000022000000000| Untracked |  0
|1447|0x0000022002000000, 0x0000022002000000, 0x0000022004000000|  0%| F|  |TAMS 0x0000022002000000| PB 0x0000022002000000| Untracked |  0
|1448|0x0000022004000000, 0x0000022004000000, 0x0000022006000000|  0%| F|  |TAMS 0x0000022004000000| PB 0x0000022004000000| Untracked |  0
|1449|0x0000022006000000, 0x0000022006000000, 0x0000022008000000|  0%| F|  |TAMS 0x0000022006000000| PB 0x0000022006000000| Untracked |  0
|1450|0x0000022008000000, 0x0000022008000000, 0x000002200a000000|  0%| F|  |TAMS 0x0000022008000000| PB 0x0000022008000000| Untracked |  0
|1451|0x000002200a000000, 0x000002200a000000, 0x000002200c000000|  0%| F|  |TAMS 0x000002200a000000| PB 0x000002200a000000| Untracked |  0
|1452|0x000002200c000000, 0x000002200c000000, 0x000002200e000000|  0%| F|  |TAMS 0x000002200c000000| PB 0x000002200c000000| Untracked |  0
|1453|0x000002200e000000, 0x000002200e000000, 0x0000022010000000|  0%| F|  |TAMS 0x000002200e000000| PB 0x000002200e000000| Untracked |  0
|1454|0x0000022010000000, 0x0000022010000000, 0x0000022012000000|  0%| F|  |TAMS 0x0000022010000000| PB 0x0000022010000000| Untracked |  0
|1455|0x0000022012000000, 0x0000022012000000, 0x0000022014000000|  0%| F|  |TAMS 0x0000022012000000| PB 0x0000022012000000| Untracked |  0
|1456|0x0000022014000000, 0x0000022014000000, 0x0000022016000000|  0%| F|  |TAMS 0x0000022014000000| PB 0x0000022014000000| Untracked |  0
|1457|0x0000022016000000, 0x0000022016000000, 0x0000022018000000|  0%| F|  |TAMS 0x0000022016000000| PB 0x0000022016000000| Untracked |  0
|1458|0x0000022018000000, 0x0000022018000000, 0x000002201a000000|  0%| F|  |TAMS 0x0000022018000000| PB 0x0000022018000000| Untracked |  0
|1459|0x000002201a000000, 0x000002201a000000, 0x000002201c000000|  0%| F|  |TAMS 0x000002201a000000| PB 0x000002201a000000| Untracked |  0
|1460|0x000002201c000000, 0x000002201c000000, 0x000002201e000000|  0%| F|  |TAMS 0x000002201c000000| PB 0x000002201c000000| Untracked |  0
|1461|0x000002201e000000, 0x000002201e000000, 0x0000022020000000|  0%| F|  |TAMS 0x000002201e000000| PB 0x000002201e000000| Untracked |  0
|1462|0x0000022020000000, 0x0000022020000000, 0x0000022022000000|  0%| F|  |TAMS 0x0000022020000000| PB 0x0000022020000000| Untracked |  0
|1463|0x0000022022000000, 0x0000022022000000, 0x0000022024000000|  0%| F|  |TAMS 0x0000022022000000| PB 0x0000022022000000| Untracked |  0
|1464|0x0000022024000000, 0x0000022024000000, 0x0000022026000000|  0%| F|  |TAMS 0x0000022024000000| PB 0x0000022024000000| Untracked |  0
|1465|0x0000022026000000, 0x0000022026000000, 0x0000022028000000|  0%| F|  |TAMS 0x0000022026000000| PB 0x0000022026000000| Untracked |  0
|1466|0x0000022028000000, 0x0000022028000000, 0x000002202a000000|  0%| F|  |TAMS 0x0000022028000000| PB 0x0000022028000000| Untracked |  0
|1467|0x000002202a000000, 0x000002202a000000, 0x000002202c000000|  0%| F|  |TAMS 0x000002202a000000| PB 0x000002202a000000| Untracked |  0
|1468|0x000002202c000000, 0x000002202c000000, 0x000002202e000000|  0%| F|  |TAMS 0x000002202c000000| PB 0x000002202c000000| Untracked |  0
|1469|0x000002202e000000, 0x000002202e000000, 0x0000022030000000|  0%| F|  |TAMS 0x000002202e000000| PB 0x000002202e000000| Untracked |  0
|1470|0x0000022030000000, 0x0000022030000000, 0x0000022032000000|  0%| F|  |TAMS 0x0000022030000000| PB 0x0000022030000000| Untracked |  0
|1471|0x0000022032000000, 0x0000022032000000, 0x0000022034000000|  0%| F|  |TAMS 0x0000022032000000| PB 0x0000022032000000| Untracked |  0
|1472|0x0000022034000000, 0x0000022034000000, 0x0000022036000000|  0%| F|  |TAMS 0x0000022034000000| PB 0x0000022034000000| Untracked |  0
|1473|0x0000022036000000, 0x0000022036000000, 0x0000022038000000|  0%| F|  |TAMS 0x0000022036000000| PB 0x0000022036000000| Untracked |  0
|1474|0x0000022038000000, 0x0000022038000000, 0x000002203a000000|  0%| F|  |TAMS 0x0000022038000000| PB 0x0000022038000000| Untracked |  0
|1475|0x000002203a000000, 0x000002203a000000, 0x000002203c000000|  0%| F|  |TAMS 0x000002203a000000| PB 0x000002203a000000| Untracked |  0
|1476|0x000002203c000000, 0x000002203c000000, 0x000002203e000000|  0%| F|  |TAMS 0x000002203c000000| PB 0x000002203c000000| Untracked |  0
|1477|0x000002203e000000, 0x000002203e000000, 0x0000022040000000|  0%| F|  |TAMS 0x000002203e000000| PB 0x000002203e000000| Untracked |  0
|1478|0x0000022040000000, 0x0000022040000000, 0x0000022042000000|  0%| F|  |TAMS 0x0000022040000000| PB 0x0000022040000000| Untracked |  0
|1479|0x0000022042000000, 0x0000022042000000, 0x0000022044000000|  0%| F|  |TAMS 0x0000022042000000| PB 0x0000022042000000| Untracked |  0
|1480|0x0000022044000000, 0x0000022044000000, 0x0000022046000000|  0%| F|  |TAMS 0x0000022044000000| PB 0x0000022044000000| Untracked |  0
|1481|0x0000022046000000, 0x0000022046000000, 0x0000022048000000|  0%| F|  |TAMS 0x0000022046000000| PB 0x0000022046000000| Untracked |  0
|1482|0x0000022048000000, 0x0000022048000000, 0x000002204a000000|  0%| F|  |TAMS 0x0000022048000000| PB 0x0000022048000000| Untracked |  0
|1483|0x000002204a000000, 0x000002204a000000, 0x000002204c000000|  0%| F|  |TAMS 0x000002204a000000| PB 0x000002204a000000| Untracked |  0
|1484|0x000002204c000000, 0x000002204c000000, 0x000002204e000000|  0%| F|  |TAMS 0x000002204c000000| PB 0x000002204c000000| Untracked |  0
|1485|0x000002204e000000, 0x000002204e000000, 0x0000022050000000|  0%| F|  |TAMS 0x000002204e000000| PB 0x000002204e000000| Untracked |  0
|1486|0x0000022050000000, 0x0000022050000000, 0x0000022052000000|  0%| F|  |TAMS 0x0000022050000000| PB 0x0000022050000000| Untracked |  0
|1487|0x0000022052000000, 0x0000022052000000, 0x0000022054000000|  0%| F|  |TAMS 0x0000022052000000| PB 0x0000022052000000| Untracked |  0
|1488|0x0000022054000000, 0x0000022054000000, 0x0000022056000000|  0%| F|  |TAMS 0x0000022054000000| PB 0x0000022054000000| Untracked |  0
|1489|0x0000022056000000, 0x0000022056000000, 0x0000022058000000|  0%| F|  |TAMS 0x0000022056000000| PB 0x0000022056000000| Untracked |  0
|1490|0x0000022058000000, 0x0000022058000000, 0x000002205a000000|  0%| F|  |TAMS 0x0000022058000000| PB 0x0000022058000000| Untracked |  0
|1491|0x000002205a000000, 0x000002205a000000, 0x000002205c000000|  0%| F|  |TAMS 0x000002205a000000| PB 0x000002205a000000| Untracked |  0
|1492|0x000002205c000000, 0x000002205c000000, 0x000002205e000000|  0%| F|  |TAMS 0x000002205c000000| PB 0x000002205c000000| Untracked |  0
|1493|0x000002205e000000, 0x000002205e000000, 0x0000022060000000|  0%| F|  |TAMS 0x000002205e000000| PB 0x000002205e000000| Untracked |  0
|1494|0x0000022060000000, 0x0000022060000000, 0x0000022062000000|  0%| F|  |TAMS 0x0000022060000000| PB 0x0000022060000000| Untracked |  0
|1495|0x0000022062000000, 0x0000022062000000, 0x0000022064000000|  0%| F|  |TAMS 0x0000022062000000| PB 0x0000022062000000| Untracked |  0
|1496|0x0000022064000000, 0x0000022064000000, 0x0000022066000000|  0%| F|  |TAMS 0x0000022064000000| PB 0x0000022064000000| Untracked |  0
|1497|0x0000022066000000, 0x0000022066000000, 0x0000022068000000|  0%| F|  |TAMS 0x0000022066000000| PB 0x0000022066000000| Untracked |  0
|1498|0x0000022068000000, 0x0000022068000000, 0x000002206a000000|  0%| F|  |TAMS 0x0000022068000000| PB 0x0000022068000000| Untracked |  0
|1499|0x000002206a000000, 0x000002206a000000, 0x000002206c000000|  0%| F|  |TAMS 0x000002206a000000| PB 0x000002206a000000| Untracked |  0
|1500|0x000002206c000000, 0x000002206c000000, 0x000002206e000000|  0%| F|  |TAMS 0x000002206c000000| PB 0x000002206c000000| Untracked |  0
|1501|0x000002206e000000, 0x000002206e000000, 0x0000022070000000|  0%| F|  |TAMS 0x000002206e000000| PB 0x000002206e000000| Untracked |  0
|1502|0x0000022070000000, 0x0000022070000000, 0x0000022072000000|  0%| F|  |TAMS 0x0000022070000000| PB 0x0000022070000000| Untracked |  0
|1503|0x0000022072000000, 0x0000022072000000, 0x0000022074000000|  0%| F|  |TAMS 0x0000022072000000| PB 0x0000022072000000| Untracked |  0
|1504|0x0000022074000000, 0x0000022074000000, 0x0000022076000000|  0%| F|  |TAMS 0x0000022074000000| PB 0x0000022074000000| Untracked |  0
|1505|0x0000022076000000, 0x0000022076000000, 0x0000022078000000|  0%| F|  |TAMS 0x0000022076000000| PB 0x0000022076000000| Untracked |  0
|1506|0x0000022078000000, 0x0000022078000000, 0x000002207a000000|  0%| F|  |TAMS 0x0000022078000000| PB 0x0000022078000000| Untracked |  0
|1507|0x000002207a000000, 0x000002207a000000, 0x000002207c000000|  0%| F|  |TAMS 0x000002207a000000| PB 0x000002207a000000| Untracked |  0
|1508|0x000002207c000000, 0x000002207c000000, 0x000002207e000000|  0%| F|  |TAMS 0x000002207c000000| PB 0x000002207c000000| Untracked |  0
|1509|0x000002207e000000, 0x000002207e000000, 0x0000022080000000|  0%| F|  |TAMS 0x000002207e000000| PB 0x000002207e000000| Untracked |  0
|1510|0x0000022080000000, 0x0000022080000000, 0x0000022082000000|  0%| F|  |TAMS 0x0000022080000000| PB 0x0000022080000000| Untracked |  0
|1511|0x0000022082000000, 0x0000022082000000, 0x0000022084000000|  0%| F|  |TAMS 0x0000022082000000| PB 0x0000022082000000| Untracked |  0
|1512|0x0000022084000000, 0x0000022084000000, 0x0000022086000000|  0%| F|  |TAMS 0x0000022084000000| PB 0x0000022084000000| Untracked |  0
|1513|0x0000022086000000, 0x0000022086000000, 0x0000022088000000|  0%| F|  |TAMS 0x0000022086000000| PB 0x0000022086000000| Untracked |  0
|1514|0x0000022088000000, 0x0000022088000000, 0x000002208a000000|  0%| F|  |TAMS 0x0000022088000000| PB 0x0000022088000000| Untracked |  0
|1515|0x000002208a000000, 0x000002208a000000, 0x000002208c000000|  0%| F|  |TAMS 0x000002208a000000| PB 0x000002208a000000| Untracked |  0
|1516|0x000002208c000000, 0x000002208c000000, 0x000002208e000000|  0%| F|  |TAMS 0x000002208c000000| PB 0x000002208c000000| Untracked |  0
|1517|0x000002208e000000, 0x000002208e000000, 0x0000022090000000|  0%| F|  |TAMS 0x000002208e000000| PB 0x000002208e000000| Untracked |  0
|1518|0x0000022090000000, 0x0000022090000000, 0x0000022092000000|  0%| F|  |TAMS 0x0000022090000000| PB 0x0000022090000000| Untracked |  0
|1519|0x0000022092000000, 0x0000022092000000, 0x0000022094000000|  0%| F|  |TAMS 0x0000022092000000| PB 0x0000022092000000| Untracked |  0
|1520|0x0000022094000000, 0x0000022094000000, 0x0000022096000000|  0%| F|  |TAMS 0x0000022094000000| PB 0x0000022094000000| Untracked |  0
|1521|0x0000022096000000, 0x0000022096000000, 0x0000022098000000|  0%| F|  |TAMS 0x0000022096000000| PB 0x0000022096000000| Untracked |  0
|1522|0x0000022098000000, 0x0000022098000000, 0x000002209a000000|  0%| F|  |TAMS 0x0000022098000000| PB 0x0000022098000000| Untracked |  0
|1523|0x000002209a000000, 0x000002209a000000, 0x000002209c000000|  0%| F|  |TAMS 0x000002209a000000| PB 0x000002209a000000| Untracked |  0
|1524|0x000002209c000000, 0x000002209c000000, 0x000002209e000000|  0%| F|  |TAMS 0x000002209c000000| PB 0x000002209c000000| Untracked |  0
|1525|0x000002209e000000, 0x000002209e000000, 0x00000220a0000000|  0%| F|  |TAMS 0x000002209e000000| PB 0x000002209e000000| Untracked |  0
|1526|0x00000220a0000000, 0x00000220a0000000, 0x00000220a2000000|  0%| F|  |TAMS 0x00000220a0000000| PB 0x00000220a0000000| Untracked |  0
|1527|0x00000220a2000000, 0x00000220a2000000, 0x00000220a4000000|  0%| F|  |TAMS 0x00000220a2000000| PB 0x00000220a2000000| Untracked |  0
|1528|0x00000220a4000000, 0x00000220a4000000, 0x00000220a6000000|  0%| F|  |TAMS 0x00000220a4000000| PB 0x00000220a4000000| Untracked |  0
|1529|0x00000220a6000000, 0x00000220a6000000, 0x00000220a8000000|  0%| F|  |TAMS 0x00000220a6000000| PB 0x00000220a6000000| Untracked |  0
|1530|0x00000220a8000000, 0x00000220a8000000, 0x00000220aa000000|  0%| F|  |TAMS 0x00000220a8000000| PB 0x00000220a8000000| Untracked |  0
|1531|0x00000220aa000000, 0x00000220aa000000, 0x00000220ac000000|  0%| F|  |TAMS 0x00000220aa000000| PB 0x00000220aa000000| Untracked |  0
|1532|0x00000220ac000000, 0x00000220ac000000, 0x00000220ae000000|  0%| F|  |TAMS 0x00000220ac000000| PB 0x00000220ac000000| Untracked |  0
|1533|0x00000220ae000000, 0x00000220ae000000, 0x00000220b0000000|  0%| F|  |TAMS 0x00000220ae000000| PB 0x00000220ae000000| Untracked |  0
|1534|0x00000220b0000000, 0x00000220b0000000, 0x00000220b2000000|  0%| F|  |TAMS 0x00000220b0000000| PB 0x00000220b0000000| Untracked |  0
|1535|0x00000220b2000000, 0x00000220b2000000, 0x00000220b4000000|  0%| F|  |TAMS 0x00000220b2000000| PB 0x00000220b2000000| Untracked |  0
|1536|0x00000220b4000000, 0x00000220b4000000, 0x00000220b6000000|  0%| F|  |TAMS 0x00000220b4000000| PB 0x00000220b4000000| Untracked |  0
|1537|0x00000220b6000000, 0x00000220b6000000, 0x00000220b8000000|  0%| F|  |TAMS 0x00000220b6000000| PB 0x00000220b6000000| Untracked |  0
|1538|0x00000220b8000000, 0x00000220b8000000, 0x00000220ba000000|  0%| F|  |TAMS 0x00000220b8000000| PB 0x00000220b8000000| Untracked |  0
|1539|0x00000220ba000000, 0x00000220ba000000, 0x00000220bc000000|  0%| F|  |TAMS 0x00000220ba000000| PB 0x00000220ba000000| Untracked |  0
|1540|0x00000220bc000000, 0x00000220bc000000, 0x00000220be000000|  0%| F|  |TAMS 0x00000220bc000000| PB 0x00000220bc000000| Untracked |  0
|1541|0x00000220be000000, 0x00000220be000000, 0x00000220c0000000|  0%| F|  |TAMS 0x00000220be000000| PB 0x00000220be000000| Untracked |  0
|1542|0x00000220c0000000, 0x00000220c0000000, 0x00000220c2000000|  0%| F|  |TAMS 0x00000220c0000000| PB 0x00000220c0000000| Untracked |  0
|1543|0x00000220c2000000, 0x00000220c2000000, 0x00000220c4000000|  0%| F|  |TAMS 0x00000220c2000000| PB 0x00000220c2000000| Untracked |  0
|1544|0x00000220c4000000, 0x00000220c4000000, 0x00000220c6000000|  0%| F|  |TAMS 0x00000220c4000000| PB 0x00000220c4000000| Untracked |  0
|1545|0x00000220c6000000, 0x00000220c6000000, 0x00000220c8000000|  0%| F|  |TAMS 0x00000220c6000000| PB 0x00000220c6000000| Untracked |  0
|1546|0x00000220c8000000, 0x00000220c8000000, 0x00000220ca000000|  0%| F|  |TAMS 0x00000220c8000000| PB 0x00000220c8000000| Untracked |  0
|1547|0x00000220ca000000, 0x00000220ca000000, 0x00000220cc000000|  0%| F|  |TAMS 0x00000220ca000000| PB 0x00000220ca000000| Untracked |  0
|1548|0x00000220cc000000, 0x00000220cc000000, 0x00000220ce000000|  0%| F|  |TAMS 0x00000220cc000000| PB 0x00000220cc000000| Untracked |  0
|1549|0x00000220ce000000, 0x00000220ce000000, 0x00000220d0000000|  0%| F|  |TAMS 0x00000220ce000000| PB 0x00000220ce000000| Untracked |  0
|1550|0x00000220d0000000, 0x00000220d0000000, 0x00000220d2000000|  0%| F|  |TAMS 0x00000220d0000000| PB 0x00000220d0000000| Untracked |  0
|1551|0x00000220d2000000, 0x00000220d2000000, 0x00000220d4000000|  0%| F|  |TAMS 0x00000220d2000000| PB 0x00000220d2000000| Untracked |  0
|1552|0x00000220d4000000, 0x00000220d4000000, 0x00000220d6000000|  0%| F|  |TAMS 0x00000220d4000000| PB 0x00000220d4000000| Untracked |  0
|1553|0x00000220d6000000, 0x00000220d6000000, 0x00000220d8000000|  0%| F|  |TAMS 0x00000220d6000000| PB 0x00000220d6000000| Untracked |  0
|1554|0x00000220d8000000, 0x00000220d8000000, 0x00000220da000000|  0%| F|  |TAMS 0x00000220d8000000| PB 0x00000220d8000000| Untracked |  0
|1555|0x00000220da000000, 0x00000220da000000, 0x00000220dc000000|  0%| F|  |TAMS 0x00000220da000000| PB 0x00000220da000000| Untracked |  0
|1556|0x00000220dc000000, 0x00000220dc000000, 0x00000220de000000|  0%| F|  |TAMS 0x00000220dc000000| PB 0x00000220dc000000| Untracked |  0
|1557|0x00000220de000000, 0x00000220de000000, 0x00000220e0000000|  0%| F|  |TAMS 0x00000220de000000| PB 0x00000220de000000| Untracked |  0
|1558|0x00000220e0000000, 0x00000220e0000000, 0x00000220e2000000|  0%| F|  |TAMS 0x00000220e0000000| PB 0x00000220e0000000| Untracked |  0
|1559|0x00000220e2000000, 0x00000220e2000000, 0x00000220e4000000|  0%| F|  |TAMS 0x00000220e2000000| PB 0x00000220e2000000| Untracked |  0
|1560|0x00000220e4000000, 0x00000220e4000000, 0x00000220e6000000|  0%| F|  |TAMS 0x00000220e4000000| PB 0x00000220e4000000| Untracked |  0
|1561|0x00000220e6000000, 0x00000220e6000000, 0x00000220e8000000|  0%| F|  |TAMS 0x00000220e6000000| PB 0x00000220e6000000| Untracked |  0
|1562|0x00000220e8000000, 0x00000220e8000000, 0x00000220ea000000|  0%| F|  |TAMS 0x00000220e8000000| PB 0x00000220e8000000| Untracked |  0
|1563|0x00000220ea000000, 0x00000220ea000000, 0x00000220ec000000|  0%| F|  |TAMS 0x00000220ea000000| PB 0x00000220ea000000| Untracked |  0
|1564|0x00000220ec000000, 0x00000220ec000000, 0x00000220ee000000|  0%| F|  |TAMS 0x00000220ec000000| PB 0x00000220ec000000| Untracked |  0
|1565|0x00000220ee000000, 0x00000220ee000000, 0x00000220f0000000|  0%| F|  |TAMS 0x00000220ee000000| PB 0x00000220ee000000| Untracked |  0
|1566|0x00000220f0000000, 0x00000220f0000000, 0x00000220f2000000|  0%| F|  |TAMS 0x00000220f0000000| PB 0x00000220f0000000| Untracked |  0
|1567|0x00000220f2000000, 0x00000220f2000000, 0x00000220f4000000|  0%| F|  |TAMS 0x00000220f2000000| PB 0x00000220f2000000| Untracked |  0
|1568|0x00000220f4000000, 0x00000220f4000000, 0x00000220f6000000|  0%| F|  |TAMS 0x00000220f4000000| PB 0x00000220f4000000| Untracked |  0
|1569|0x00000220f6000000, 0x00000220f6000000, 0x00000220f8000000|  0%| F|  |TAMS 0x00000220f6000000| PB 0x00000220f6000000| Untracked |  0
|1570|0x00000220f8000000, 0x00000220f8000000, 0x00000220fa000000|  0%| F|  |TAMS 0x00000220f8000000| PB 0x00000220f8000000| Untracked |  0
|1571|0x00000220fa000000, 0x00000220fa000000, 0x00000220fc000000|  0%| F|  |TAMS 0x00000220fa000000| PB 0x00000220fa000000| Untracked |  0
|1572|0x00000220fc000000, 0x00000220fc000000, 0x00000220fe000000|  0%| F|  |TAMS 0x00000220fc000000| PB 0x00000220fc000000| Untracked |  0
|1573|0x00000220fe000000, 0x00000220fe000000, 0x0000022100000000|  0%| F|  |TAMS 0x00000220fe000000| PB 0x00000220fe000000| Untracked |  0
|1574|0x0000022100000000, 0x0000022100000000, 0x0000022102000000|  0%| F|  |TAMS 0x0000022100000000| PB 0x0000022100000000| Untracked |  0
|1575|0x0000022102000000, 0x0000022102000000, 0x0000022104000000|  0%| F|  |TAMS 0x0000022102000000| PB 0x0000022102000000| Untracked |  0
|1576|0x0000022104000000, 0x0000022104000000, 0x0000022106000000|  0%| F|  |TAMS 0x0000022104000000| PB 0x0000022104000000| Untracked |  0
|1577|0x0000022106000000, 0x0000022106000000, 0x0000022108000000|  0%| F|  |TAMS 0x0000022106000000| PB 0x0000022106000000| Untracked |  0
|1578|0x0000022108000000, 0x0000022108000000, 0x000002210a000000|  0%| F|  |TAMS 0x0000022108000000| PB 0x0000022108000000| Untracked |  0
|1579|0x000002210a000000, 0x000002210a000000, 0x000002210c000000|  0%| F|  |TAMS 0x000002210a000000| PB 0x000002210a000000| Untracked |  0
|1580|0x000002210c000000, 0x000002210c000000, 0x000002210e000000|  0%| F|  |TAMS 0x000002210c000000| PB 0x000002210c000000| Untracked |  0
|1581|0x000002210e000000, 0x000002210e000000, 0x0000022110000000|  0%| F|  |TAMS 0x000002210e000000| PB 0x000002210e000000| Untracked |  0
|1582|0x0000022110000000, 0x0000022110000000, 0x0000022112000000|  0%| F|  |TAMS 0x0000022110000000| PB 0x0000022110000000| Untracked |  0
|1583|0x0000022112000000, 0x0000022112000000, 0x0000022114000000|  0%| F|  |TAMS 0x0000022112000000| PB 0x0000022112000000| Untracked |  0
|1584|0x0000022114000000, 0x0000022114000000, 0x0000022116000000|  0%| F|  |TAMS 0x0000022114000000| PB 0x0000022114000000| Untracked |  0
|1585|0x0000022116000000, 0x0000022116000000, 0x0000022118000000|  0%| F|  |TAMS 0x0000022116000000| PB 0x0000022116000000| Untracked |  0
|1586|0x0000022118000000, 0x0000022118000000, 0x000002211a000000|  0%| F|  |TAMS 0x0000022118000000| PB 0x0000022118000000| Untracked |  0
|1587|0x000002211a000000, 0x000002211a000000, 0x000002211c000000|  0%| F|  |TAMS 0x000002211a000000| PB 0x000002211a000000| Untracked |  0
|1588|0x000002211c000000, 0x000002211c000000, 0x000002211e000000|  0%| F|  |TAMS 0x000002211c000000| PB 0x000002211c000000| Untracked |  0
|1589|0x000002211e000000, 0x000002211e000000, 0x0000022120000000|  0%| F|  |TAMS 0x000002211e000000| PB 0x000002211e000000| Untracked |  0
|1590|0x0000022120000000, 0x0000022120000000, 0x0000022122000000|  0%| F|  |TAMS 0x0000022120000000| PB 0x0000022120000000| Untracked |  0
|1591|0x0000022122000000, 0x0000022122000000, 0x0000022124000000|  0%| F|  |TAMS 0x0000022122000000| PB 0x0000022122000000| Untracked |  0
|1592|0x0000022124000000, 0x0000022124000000, 0x0000022126000000|  0%| F|  |TAMS 0x0000022124000000| PB 0x0000022124000000| Untracked |  0
|1593|0x0000022126000000, 0x0000022126000000, 0x0000022128000000|  0%| F|  |TAMS 0x0000022126000000| PB 0x0000022126000000| Untracked |  0
|1594|0x0000022128000000, 0x0000022128000000, 0x000002212a000000|  0%| F|  |TAMS 0x0000022128000000| PB 0x0000022128000000| Untracked |  0
|1595|0x000002212a000000, 0x000002212a000000, 0x000002212c000000|  0%| F|  |TAMS 0x000002212a000000| PB 0x000002212a000000| Untracked |  0
|1596|0x000002212c000000, 0x000002212c000000, 0x000002212e000000|  0%| F|  |TAMS 0x000002212c000000| PB 0x000002212c000000| Untracked |  0
|1597|0x000002212e000000, 0x000002212e000000, 0x0000022130000000|  0%| F|  |TAMS 0x000002212e000000| PB 0x000002212e000000| Untracked |  0
|1598|0x0000022130000000, 0x0000022130000000, 0x0000022132000000|  0%| F|  |TAMS 0x0000022130000000| PB 0x0000022130000000| Untracked |  0
|1599|0x0000022132000000, 0x0000022132000000, 0x0000022134000000|  0%| F|  |TAMS 0x0000022132000000| PB 0x0000022132000000| Untracked |  0
|1600|0x0000022134000000, 0x0000022134000000, 0x0000022136000000|  0%| F|  |TAMS 0x0000022134000000| PB 0x0000022134000000| Untracked |  0
|1601|0x0000022136000000, 0x0000022136000000, 0x0000022138000000|  0%| F|  |TAMS 0x0000022136000000| PB 0x0000022136000000| Untracked |  0
|1602|0x0000022138000000, 0x0000022138000000, 0x000002213a000000|  0%| F|  |TAMS 0x0000022138000000| PB 0x0000022138000000| Untracked |  0
|1603|0x000002213a000000, 0x000002213a000000, 0x000002213c000000|  0%| F|  |TAMS 0x000002213a000000| PB 0x000002213a000000| Untracked |  0
|1604|0x000002213c000000, 0x000002213c000000, 0x000002213e000000|  0%| F|  |TAMS 0x000002213c000000| PB 0x000002213c000000| Untracked |  0
|1605|0x000002213e000000, 0x000002213e000000, 0x0000022140000000|  0%| F|  |TAMS 0x000002213e000000| PB 0x000002213e000000| Untracked |  0
|1606|0x0000022140000000, 0x0000022140000000, 0x0000022142000000|  0%| F|  |TAMS 0x0000022140000000| PB 0x0000022140000000| Untracked |  0
|1607|0x0000022142000000, 0x0000022142000000, 0x0000022144000000|  0%| F|  |TAMS 0x0000022142000000| PB 0x0000022142000000| Untracked |  0
|1608|0x0000022144000000, 0x0000022144000000, 0x0000022146000000|  0%| F|  |TAMS 0x0000022144000000| PB 0x0000022144000000| Untracked |  0
|1609|0x0000022146000000, 0x0000022146000000, 0x0000022148000000|  0%| F|  |TAMS 0x0000022146000000| PB 0x0000022146000000| Untracked |  0
|1610|0x0000022148000000, 0x0000022148000000, 0x000002214a000000|  0%| F|  |TAMS 0x0000022148000000| PB 0x0000022148000000| Untracked |  0
|1611|0x000002214a000000, 0x000002214a000000, 0x000002214c000000|  0%| F|  |TAMS 0x000002214a000000| PB 0x000002214a000000| Untracked |  0
|1612|0x000002214c000000, 0x000002214c000000, 0x000002214e000000|  0%| F|  |TAMS 0x000002214c000000| PB 0x000002214c000000| Untracked |  0
|1613|0x000002214e000000, 0x000002214e000000, 0x0000022150000000|  0%| F|  |TAMS 0x000002214e000000| PB 0x000002214e000000| Untracked |  0
|1614|0x0000022150000000, 0x0000022150000000, 0x0000022152000000|  0%| F|  |TAMS 0x0000022150000000| PB 0x0000022150000000| Untracked |  0
|1615|0x0000022152000000, 0x0000022152000000, 0x0000022154000000|  0%| F|  |TAMS 0x0000022152000000| PB 0x0000022152000000| Untracked |  0
|1616|0x0000022154000000, 0x0000022154000000, 0x0000022156000000|  0%| F|  |TAMS 0x0000022154000000| PB 0x0000022154000000| Untracked |  0
|1617|0x0000022156000000, 0x0000022156000000, 0x0000022158000000|  0%| F|  |TAMS 0x0000022156000000| PB 0x0000022156000000| Untracked |  0
|1618|0x0000022158000000, 0x0000022158000000, 0x000002215a000000|  0%| F|  |TAMS 0x0000022158000000| PB 0x0000022158000000| Untracked |  0
|1619|0x000002215a000000, 0x000002215a000000, 0x000002215c000000|  0%| F|  |TAMS 0x000002215a000000| PB 0x000002215a000000| Untracked |  0
|1620|0x000002215c000000, 0x000002215c000000, 0x000002215e000000|  0%| F|  |TAMS 0x000002215c000000| PB 0x000002215c000000| Untracked |  0
|1621|0x000002215e000000, 0x000002215e000000, 0x0000022160000000|  0%| F|  |TAMS 0x000002215e000000| PB 0x000002215e000000| Untracked |  0
|1622|0x0000022160000000, 0x0000022160000000, 0x0000022162000000|  0%| F|  |TAMS 0x0000022160000000| PB 0x0000022160000000| Untracked |  0
|1623|0x0000022162000000, 0x0000022162000000, 0x0000022164000000|  0%| F|  |TAMS 0x0000022162000000| PB 0x0000022162000000| Untracked |  0
|1624|0x0000022164000000, 0x0000022164000000, 0x0000022166000000|  0%| F|  |TAMS 0x0000022164000000| PB 0x0000022164000000| Untracked |  0
|1625|0x0000022166000000, 0x0000022166000000, 0x0000022168000000|  0%| F|  |TAMS 0x0000022166000000| PB 0x0000022166000000| Untracked |  0
|1626|0x0000022168000000, 0x0000022168000000, 0x000002216a000000|  0%| F|  |TAMS 0x0000022168000000| PB 0x0000022168000000| Untracked |  0
|1627|0x000002216a000000, 0x000002216a000000, 0x000002216c000000|  0%| F|  |TAMS 0x000002216a000000| PB 0x000002216a000000| Untracked |  0
|1628|0x000002216c000000, 0x000002216c000000, 0x000002216e000000|  0%| F|  |TAMS 0x000002216c000000| PB 0x000002216c000000| Untracked |  0
|1629|0x000002216e000000, 0x000002216e000000, 0x0000022170000000|  0%| F|  |TAMS 0x000002216e000000| PB 0x000002216e000000| Untracked |  0
|1630|0x0000022170000000, 0x0000022170000000, 0x0000022172000000|  0%| F|  |TAMS 0x0000022170000000| PB 0x0000022170000000| Untracked |  0
|1631|0x0000022172000000, 0x0000022172000000, 0x0000022174000000|  0%| F|  |TAMS 0x0000022172000000| PB 0x0000022172000000| Untracked |  0
|1632|0x0000022174000000, 0x0000022174000000, 0x0000022176000000|  0%| F|  |TAMS 0x0000022174000000| PB 0x0000022174000000| Untracked |  0
|1633|0x0000022176000000, 0x0000022176000000, 0x0000022178000000|  0%| F|  |TAMS 0x0000022176000000| PB 0x0000022176000000| Untracked |  0
|1634|0x0000022178000000, 0x0000022178000000, 0x000002217a000000|  0%| F|  |TAMS 0x0000022178000000| PB 0x0000022178000000| Untracked |  0
|1635|0x000002217a000000, 0x000002217a000000, 0x000002217c000000|  0%| F|  |TAMS 0x000002217a000000| PB 0x000002217a000000| Untracked |  0
|1636|0x000002217c000000, 0x000002217c000000, 0x000002217e000000|  0%| F|  |TAMS 0x000002217c000000| PB 0x000002217c000000| Untracked |  0
|1637|0x000002217e000000, 0x000002217e000000, 0x0000022180000000|  0%| F|  |TAMS 0x000002217e000000| PB 0x000002217e000000| Untracked |  0
|1638|0x0000022180000000, 0x0000022180000000, 0x0000022182000000|  0%| F|  |TAMS 0x0000022180000000| PB 0x0000022180000000| Untracked |  0
|1639|0x0000022182000000, 0x0000022182000000, 0x0000022184000000|  0%| F|  |TAMS 0x0000022182000000| PB 0x0000022182000000| Untracked |  0
|1640|0x0000022184000000, 0x0000022184000000, 0x0000022186000000|  0%| F|  |TAMS 0x0000022184000000| PB 0x0000022184000000| Untracked |  0
|1641|0x0000022186000000, 0x0000022186000000, 0x0000022188000000|  0%| F|  |TAMS 0x0000022186000000| PB 0x0000022186000000| Untracked |  0
|1642|0x0000022188000000, 0x0000022188000000, 0x000002218a000000|  0%| F|  |TAMS 0x0000022188000000| PB 0x0000022188000000| Untracked |  0
|1643|0x000002218a000000, 0x000002218a000000, 0x000002218c000000|  0%| F|  |TAMS 0x000002218a000000| PB 0x000002218a000000| Untracked |  0
|1644|0x000002218c000000, 0x000002218c000000, 0x000002218e000000|  0%| F|  |TAMS 0x000002218c000000| PB 0x000002218c000000| Untracked |  0
|1645|0x000002218e000000, 0x000002218e000000, 0x0000022190000000|  0%| F|  |TAMS 0x000002218e000000| PB 0x000002218e000000| Untracked |  0
|1646|0x0000022190000000, 0x0000022190000000, 0x0000022192000000|  0%| F|  |TAMS 0x0000022190000000| PB 0x0000022190000000| Untracked |  0
|1647|0x0000022192000000, 0x0000022192000000, 0x0000022194000000|  0%| F|  |TAMS 0x0000022192000000| PB 0x0000022192000000| Untracked |  0
|1648|0x0000022194000000, 0x0000022194000000, 0x0000022196000000|  0%| F|  |TAMS 0x0000022194000000| PB 0x0000022194000000| Untracked |  0
|1649|0x0000022196000000, 0x0000022196000000, 0x0000022198000000|  0%| F|  |TAMS 0x0000022196000000| PB 0x0000022196000000| Untracked |  0
|1650|0x0000022198000000, 0x0000022198000000, 0x000002219a000000|  0%| F|  |TAMS 0x0000022198000000| PB 0x0000022198000000| Untracked |  0
|1651|0x000002219a000000, 0x000002219a000000, 0x000002219c000000|  0%| F|  |TAMS 0x000002219a000000| PB 0x000002219a000000| Untracked |  0
|1652|0x000002219c000000, 0x000002219c000000, 0x000002219e000000|  0%| F|  |TAMS 0x000002219c000000| PB 0x000002219c000000| Untracked |  0
|1653|0x000002219e000000, 0x000002219e000000, 0x00000221a0000000|  0%| F|  |TAMS 0x000002219e000000| PB 0x000002219e000000| Untracked |  0
|1654|0x00000221a0000000, 0x00000221a0000000, 0x00000221a2000000|  0%| F|  |TAMS 0x00000221a0000000| PB 0x00000221a0000000| Untracked |  0
|1655|0x00000221a2000000, 0x00000221a2000000, 0x00000221a4000000|  0%| F|  |TAMS 0x00000221a2000000| PB 0x00000221a2000000| Untracked |  0
|1656|0x00000221a4000000, 0x00000221a4000000, 0x00000221a6000000|  0%| F|  |TAMS 0x00000221a4000000| PB 0x00000221a4000000| Untracked |  0
|1657|0x00000221a6000000, 0x00000221a6000000, 0x00000221a8000000|  0%| F|  |TAMS 0x00000221a6000000| PB 0x00000221a6000000| Untracked |  0
|1658|0x00000221a8000000, 0x00000221a8000000, 0x00000221aa000000|  0%| F|  |TAMS 0x00000221a8000000| PB 0x00000221a8000000| Untracked |  0
|1659|0x00000221aa000000, 0x00000221aa000000, 0x00000221ac000000|  0%| F|  |TAMS 0x00000221aa000000| PB 0x00000221aa000000| Untracked |  0
|1660|0x00000221ac000000, 0x00000221ac000000, 0x00000221ae000000|  0%| F|  |TAMS 0x00000221ac000000| PB 0x00000221ac000000| Untracked |  0
|1661|0x00000221ae000000, 0x00000221ae000000, 0x00000221b0000000|  0%| F|  |TAMS 0x00000221ae000000| PB 0x00000221ae000000| Untracked |  0
|1662|0x00000221b0000000, 0x00000221b0000000, 0x00000221b2000000|  0%| F|  |TAMS 0x00000221b0000000| PB 0x00000221b0000000| Untracked |  0
|1663|0x00000221b2000000, 0x00000221b2000000, 0x00000221b4000000|  0%| F|  |TAMS 0x00000221b2000000| PB 0x00000221b2000000| Untracked |  0
|1664|0x00000221b4000000, 0x00000221b4000000, 0x00000221b6000000|  0%| F|  |TAMS 0x00000221b4000000| PB 0x00000221b4000000| Untracked |  0
|1665|0x00000221b6000000, 0x00000221b6000000, 0x00000221b8000000|  0%| F|  |TAMS 0x00000221b6000000| PB 0x00000221b6000000| Untracked |  0
|1666|0x00000221b8000000, 0x00000221b8000000, 0x00000221ba000000|  0%| F|  |TAMS 0x00000221b8000000| PB 0x00000221b8000000| Untracked |  0
|1667|0x00000221ba000000, 0x00000221ba000000, 0x00000221bc000000|  0%| F|  |TAMS 0x00000221ba000000| PB 0x00000221ba000000| Untracked |  0
|1668|0x00000221bc000000, 0x00000221bc000000, 0x00000221be000000|  0%| F|  |TAMS 0x00000221bc000000| PB 0x00000221bc000000| Untracked |  0
|1669|0x00000221be000000, 0x00000221be000000, 0x00000221c0000000|  0%| F|  |TAMS 0x00000221be000000| PB 0x00000221be000000| Untracked |  0
|1670|0x00000221c0000000, 0x00000221c0000000, 0x00000221c2000000|  0%| F|  |TAMS 0x00000221c0000000| PB 0x00000221c0000000| Untracked |  0
|1671|0x00000221c2000000, 0x00000221c2000000, 0x00000221c4000000|  0%| F|  |TAMS 0x00000221c2000000| PB 0x00000221c2000000| Untracked |  0
|1672|0x00000221c4000000, 0x00000221c4000000, 0x00000221c6000000|  0%| F|  |TAMS 0x00000221c4000000| PB 0x00000221c4000000| Untracked |  0
|1673|0x00000221c6000000, 0x00000221c6000000, 0x00000221c8000000|  0%| F|  |TAMS 0x00000221c6000000| PB 0x00000221c6000000| Untracked |  0
|1674|0x00000221c8000000, 0x00000221c8000000, 0x00000221ca000000|  0%| F|  |TAMS 0x00000221c8000000| PB 0x00000221c8000000| Untracked |  0
|1675|0x00000221ca000000, 0x00000221ca000000, 0x00000221cc000000|  0%| F|  |TAMS 0x00000221ca000000| PB 0x00000221ca000000| Untracked |  0
|1676|0x00000221cc000000, 0x00000221cc000000, 0x00000221ce000000|  0%| F|  |TAMS 0x00000221cc000000| PB 0x00000221cc000000| Untracked |  0
|1677|0x00000221ce000000, 0x00000221ce000000, 0x00000221d0000000|  0%| F|  |TAMS 0x00000221ce000000| PB 0x00000221ce000000| Untracked |  0
|1678|0x00000221d0000000, 0x00000221d0000000, 0x00000221d2000000|  0%| F|  |TAMS 0x00000221d0000000| PB 0x00000221d0000000| Untracked |  0
|1679|0x00000221d2000000, 0x00000221d2000000, 0x00000221d4000000|  0%| F|  |TAMS 0x00000221d2000000| PB 0x00000221d2000000| Untracked |  0
|1680|0x00000221d4000000, 0x00000221d4000000, 0x00000221d6000000|  0%| F|  |TAMS 0x00000221d4000000| PB 0x00000221d4000000| Untracked |  0
|1681|0x00000221d6000000, 0x00000221d6000000, 0x00000221d8000000|  0%| F|  |TAMS 0x00000221d6000000| PB 0x00000221d6000000| Untracked |  0
|1682|0x00000221d8000000, 0x00000221d8000000, 0x00000221da000000|  0%| F|  |TAMS 0x00000221d8000000| PB 0x00000221d8000000| Untracked |  0
|1683|0x00000221da000000, 0x00000221da000000, 0x00000221dc000000|  0%| F|  |TAMS 0x00000221da000000| PB 0x00000221da000000| Untracked |  0
|1684|0x00000221dc000000, 0x00000221dc000000, 0x00000221de000000|  0%| F|  |TAMS 0x00000221dc000000| PB 0x00000221dc000000| Untracked |  0
|1685|0x00000221de000000, 0x00000221de000000, 0x00000221e0000000|  0%| F|  |TAMS 0x00000221de000000| PB 0x00000221de000000| Untracked |  0
|1686|0x00000221e0000000, 0x00000221e0000000, 0x00000221e2000000|  0%| F|  |TAMS 0x00000221e0000000| PB 0x00000221e0000000| Untracked |  0
|1687|0x00000221e2000000, 0x00000221e2000000, 0x00000221e4000000|  0%| F|  |TAMS 0x00000221e2000000| PB 0x00000221e2000000| Untracked |  0
|1688|0x00000221e4000000, 0x00000221e4000000, 0x00000221e6000000|  0%| F|  |TAMS 0x00000221e4000000| PB 0x00000221e4000000| Untracked |  0
|1689|0x00000221e6000000, 0x00000221e6000000, 0x00000221e8000000|  0%| F|  |TAMS 0x00000221e6000000| PB 0x00000221e6000000| Untracked |  0
|1690|0x00000221e8000000, 0x00000221e8000000, 0x00000221ea000000|  0%| F|  |TAMS 0x00000221e8000000| PB 0x00000221e8000000| Untracked |  0
|1691|0x00000221ea000000, 0x00000221ea000000, 0x00000221ec000000|  0%| F|  |TAMS 0x00000221ea000000| PB 0x00000221ea000000| Untracked |  0
|1692|0x00000221ec000000, 0x00000221ec000000, 0x00000221ee000000|  0%| F|  |TAMS 0x00000221ec000000| PB 0x00000221ec000000| Untracked |  0
|1693|0x00000221ee000000, 0x00000221ee000000, 0x00000221f0000000|  0%| F|  |TAMS 0x00000221ee000000| PB 0x00000221ee000000| Untracked |  0
|1694|0x00000221f0000000, 0x00000221f0000000, 0x00000221f2000000|  0%| F|  |TAMS 0x00000221f0000000| PB 0x00000221f0000000| Untracked |  0
|1695|0x00000221f2000000, 0x00000221f2000000, 0x00000221f4000000|  0%| F|  |TAMS 0x00000221f2000000| PB 0x00000221f2000000| Untracked |  0
|1696|0x00000221f4000000, 0x00000221f4000000, 0x00000221f6000000|  0%| F|  |TAMS 0x00000221f4000000| PB 0x00000221f4000000| Untracked |  0
|1697|0x00000221f6000000, 0x00000221f6000000, 0x00000221f8000000|  0%| F|  |TAMS 0x00000221f6000000| PB 0x00000221f6000000| Untracked |  0
|1698|0x00000221f8000000, 0x00000221f8000000, 0x00000221fa000000|  0%| F|  |TAMS 0x00000221f8000000| PB 0x00000221f8000000| Untracked |  0
|1699|0x00000221fa000000, 0x00000221fa000000, 0x00000221fc000000|  0%| F|  |TAMS 0x00000221fa000000| PB 0x00000221fa000000| Untracked |  0
|1700|0x00000221fc000000, 0x00000221fc000000, 0x00000221fe000000|  0%| F|  |TAMS 0x00000221fc000000| PB 0x00000221fc000000| Untracked |  0
|1701|0x00000221fe000000, 0x00000221fe000000, 0x0000022200000000|  0%| F|  |TAMS 0x00000221fe000000| PB 0x00000221fe000000| Untracked |  0
|1702|0x0000022200000000, 0x0000022200000000, 0x0000022202000000|  0%| F|  |TAMS 0x0000022200000000| PB 0x0000022200000000| Untracked |  0
|1703|0x0000022202000000, 0x0000022202000000, 0x0000022204000000|  0%| F|  |TAMS 0x0000022202000000| PB 0x0000022202000000| Untracked |  0
|1704|0x0000022204000000, 0x0000022204000000, 0x0000022206000000|  0%| F|  |TAMS 0x0000022204000000| PB 0x0000022204000000| Untracked |  0
|1705|0x0000022206000000, 0x0000022206000000, 0x0000022208000000|  0%| F|  |TAMS 0x0000022206000000| PB 0x0000022206000000| Untracked |  0
|1706|0x0000022208000000, 0x0000022208000000, 0x000002220a000000|  0%| F|  |TAMS 0x0000022208000000| PB 0x0000022208000000| Untracked |  0
|1707|0x000002220a000000, 0x000002220a000000, 0x000002220c000000|  0%| F|  |TAMS 0x000002220a000000| PB 0x000002220a000000| Untracked |  0
|1708|0x000002220c000000, 0x000002220c000000, 0x000002220e000000|  0%| F|  |TAMS 0x000002220c000000| PB 0x000002220c000000| Untracked |  0
|1709|0x000002220e000000, 0x000002220e000000, 0x0000022210000000|  0%| F|  |TAMS 0x000002220e000000| PB 0x000002220e000000| Untracked |  0
|1710|0x0000022210000000, 0x0000022210000000, 0x0000022212000000|  0%| F|  |TAMS 0x0000022210000000| PB 0x0000022210000000| Untracked |  0
|1711|0x0000022212000000, 0x0000022212000000, 0x0000022214000000|  0%| F|  |TAMS 0x0000022212000000| PB 0x0000022212000000| Untracked |  0
|1712|0x0000022214000000, 0x0000022214000000, 0x0000022216000000|  0%| F|  |TAMS 0x0000022214000000| PB 0x0000022214000000| Untracked |  0
|1713|0x0000022216000000, 0x0000022216000000, 0x0000022218000000|  0%| F|  |TAMS 0x0000022216000000| PB 0x0000022216000000| Untracked |  0
|1714|0x0000022218000000, 0x0000022218000000, 0x000002221a000000|  0%| F|  |TAMS 0x0000022218000000| PB 0x0000022218000000| Untracked |  0
|1715|0x000002221a000000, 0x000002221a000000, 0x000002221c000000|  0%| F|  |TAMS 0x000002221a000000| PB 0x000002221a000000| Untracked |  0
|1716|0x000002221c000000, 0x000002221c000000, 0x000002221e000000|  0%| F|  |TAMS 0x000002221c000000| PB 0x000002221c000000| Untracked |  0
|1717|0x000002221e000000, 0x000002221e000000, 0x0000022220000000|  0%| F|  |TAMS 0x000002221e000000| PB 0x000002221e000000| Untracked |  0
|1718|0x0000022220000000, 0x0000022220000000, 0x0000022222000000|  0%| F|  |TAMS 0x0000022220000000| PB 0x0000022220000000| Untracked |  0
|1719|0x0000022222000000, 0x0000022222000000, 0x0000022224000000|  0%| F|  |TAMS 0x0000022222000000| PB 0x0000022222000000| Untracked |  0
|1720|0x0000022224000000, 0x0000022224000000, 0x0000022226000000|  0%| F|  |TAMS 0x0000022224000000| PB 0x0000022224000000| Untracked |  0
|1721|0x0000022226000000, 0x0000022226000000, 0x0000022228000000|  0%| F|  |TAMS 0x0000022226000000| PB 0x0000022226000000| Untracked |  0
|1722|0x0000022228000000, 0x0000022228000000, 0x000002222a000000|  0%| F|  |TAMS 0x0000022228000000| PB 0x0000022228000000| Untracked |  0
|1723|0x000002222a000000, 0x000002222a000000, 0x000002222c000000|  0%| F|  |TAMS 0x000002222a000000| PB 0x000002222a000000| Untracked |  0
|1724|0x000002222c000000, 0x000002222c000000, 0x000002222e000000|  0%| F|  |TAMS 0x000002222c000000| PB 0x000002222c000000| Untracked |  0
|1725|0x000002222e000000, 0x000002222e000000, 0x0000022230000000|  0%| F|  |TAMS 0x000002222e000000| PB 0x000002222e000000| Untracked |  0
|1726|0x0000022230000000, 0x0000022230000000, 0x0000022232000000|  0%| F|  |TAMS 0x0000022230000000| PB 0x0000022230000000| Untracked |  0
|1727|0x0000022232000000, 0x0000022232000000, 0x0000022234000000|  0%| F|  |TAMS 0x0000022232000000| PB 0x0000022232000000| Untracked |  0
|1728|0x0000022234000000, 0x0000022234000000, 0x0000022236000000|  0%| F|  |TAMS 0x0000022234000000| PB 0x0000022234000000| Untracked |  0
|1729|0x0000022236000000, 0x0000022236000000, 0x0000022238000000|  0%| F|  |TAMS 0x0000022236000000| PB 0x0000022236000000| Untracked |  0
|1730|0x0000022238000000, 0x0000022238000000, 0x000002223a000000|  0%| F|  |TAMS 0x0000022238000000| PB 0x0000022238000000| Untracked |  0
|1731|0x000002223a000000, 0x000002223a000000, 0x000002223c000000|  0%| F|  |TAMS 0x000002223a000000| PB 0x000002223a000000| Untracked |  0
|1732|0x000002223c000000, 0x000002223c000000, 0x000002223e000000|  0%| F|  |TAMS 0x000002223c000000| PB 0x000002223c000000| Untracked |  0
|1733|0x000002223e000000, 0x000002223e000000, 0x0000022240000000|  0%| F|  |TAMS 0x000002223e000000| PB 0x000002223e000000| Untracked |  0
|1734|0x0000022240000000, 0x0000022240000000, 0x0000022242000000|  0%| F|  |TAMS 0x0000022240000000| PB 0x0000022240000000| Untracked |  0
|1735|0x0000022242000000, 0x0000022242000000, 0x0000022244000000|  0%| F|  |TAMS 0x0000022242000000| PB 0x0000022242000000| Untracked |  0
|1736|0x0000022244000000, 0x0000022244000000, 0x0000022246000000|  0%| F|  |TAMS 0x0000022244000000| PB 0x0000022244000000| Untracked |  0
|1737|0x0000022246000000, 0x0000022246000000, 0x0000022248000000|  0%| F|  |TAMS 0x0000022246000000| PB 0x0000022246000000| Untracked |  0
|1738|0x0000022248000000, 0x0000022248000000, 0x000002224a000000|  0%| F|  |TAMS 0x0000022248000000| PB 0x0000022248000000| Untracked |  0
|1739|0x000002224a000000, 0x000002224a000000, 0x000002224c000000|  0%| F|  |TAMS 0x000002224a000000| PB 0x000002224a000000| Untracked |  0
|1740|0x000002224c000000, 0x000002224c000000, 0x000002224e000000|  0%| F|  |TAMS 0x000002224c000000| PB 0x000002224c000000| Untracked |  0
|1741|0x000002224e000000, 0x000002224e000000, 0x0000022250000000|  0%| F|  |TAMS 0x000002224e000000| PB 0x000002224e000000| Untracked |  0
|1742|0x0000022250000000, 0x0000022250000000, 0x0000022252000000|  0%| F|  |TAMS 0x0000022250000000| PB 0x0000022250000000| Untracked |  0
|1743|0x0000022252000000, 0x0000022252000000, 0x0000022254000000|  0%| F|  |TAMS 0x0000022252000000| PB 0x0000022252000000| Untracked |  0
|1744|0x0000022254000000, 0x0000022254000000, 0x0000022256000000|  0%| F|  |TAMS 0x0000022254000000| PB 0x0000022254000000| Untracked |  0
|1745|0x0000022256000000, 0x0000022256000000, 0x0000022258000000|  0%| F|  |TAMS 0x0000022256000000| PB 0x0000022256000000| Untracked |  0
|1746|0x0000022258000000, 0x0000022258000000, 0x000002225a000000|  0%| F|  |TAMS 0x0000022258000000| PB 0x0000022258000000| Untracked |  0
|1747|0x000002225a000000, 0x000002225a000000, 0x000002225c000000|  0%| F|  |TAMS 0x000002225a000000| PB 0x000002225a000000| Untracked |  0
|1748|0x000002225c000000, 0x000002225c000000, 0x000002225e000000|  0%| F|  |TAMS 0x000002225c000000| PB 0x000002225c000000| Untracked |  0
|1749|0x000002225e000000, 0x000002225e000000, 0x0000022260000000|  0%| F|  |TAMS 0x000002225e000000| PB 0x000002225e000000| Untracked |  0
|1750|0x0000022260000000, 0x0000022260000000, 0x0000022262000000|  0%| F|  |TAMS 0x0000022260000000| PB 0x0000022260000000| Untracked |  0
|1751|0x0000022262000000, 0x0000022262000000, 0x0000022264000000|  0%| F|  |TAMS 0x0000022262000000| PB 0x0000022262000000| Untracked |  0
|1752|0x0000022264000000, 0x0000022264000000, 0x0000022266000000|  0%| F|  |TAMS 0x0000022264000000| PB 0x0000022264000000| Untracked |  0
|1753|0x0000022266000000, 0x0000022266000000, 0x0000022268000000|  0%| F|  |TAMS 0x0000022266000000| PB 0x0000022266000000| Untracked |  0
|1754|0x0000022268000000, 0x0000022268000000, 0x000002226a000000|  0%| F|  |TAMS 0x0000022268000000| PB 0x0000022268000000| Untracked |  0
|1755|0x000002226a000000, 0x000002226a000000, 0x000002226c000000|  0%| F|  |TAMS 0x000002226a000000| PB 0x000002226a000000| Untracked |  0
|1756|0x000002226c000000, 0x000002226c000000, 0x000002226e000000|  0%| F|  |TAMS 0x000002226c000000| PB 0x000002226c000000| Untracked |  0
|1757|0x000002226e000000, 0x000002226e000000, 0x0000022270000000|  0%| F|  |TAMS 0x000002226e000000| PB 0x000002226e000000| Untracked |  0
|1758|0x0000022270000000, 0x0000022270000000, 0x0000022272000000|  0%| F|  |TAMS 0x0000022270000000| PB 0x0000022270000000| Untracked |  0
|1759|0x0000022272000000, 0x0000022272000000, 0x0000022274000000|  0%| F|  |TAMS 0x0000022272000000| PB 0x0000022272000000| Untracked |  0
|1760|0x0000022274000000, 0x0000022274000000, 0x0000022276000000|  0%| F|  |TAMS 0x0000022274000000| PB 0x0000022274000000| Untracked |  0
|1761|0x0000022276000000, 0x0000022276000000, 0x0000022278000000|  0%| F|  |TAMS 0x0000022276000000| PB 0x0000022276000000| Untracked |  0
|1762|0x0000022278000000, 0x0000022278000000, 0x000002227a000000|  0%| F|  |TAMS 0x0000022278000000| PB 0x0000022278000000| Untracked |  0
|1763|0x000002227a000000, 0x000002227a000000, 0x000002227c000000|  0%| F|  |TAMS 0x000002227a000000| PB 0x000002227a000000| Untracked |  0
|1764|0x000002227c000000, 0x000002227c000000, 0x000002227e000000|  0%| F|  |TAMS 0x000002227c000000| PB 0x000002227c000000| Untracked |  0
|1765|0x000002227e000000, 0x000002227e000000, 0x0000022280000000|  0%| F|  |TAMS 0x000002227e000000| PB 0x000002227e000000| Untracked |  0
|1766|0x0000022280000000, 0x0000022280000000, 0x0000022282000000|  0%| F|  |TAMS 0x0000022280000000| PB 0x0000022280000000| Untracked |  0
|1767|0x0000022282000000, 0x0000022282000000, 0x0000022284000000|  0%| F|  |TAMS 0x0000022282000000| PB 0x0000022282000000| Untracked |  0
|1768|0x0000022284000000, 0x0000022284000000, 0x0000022286000000|  0%| F|  |TAMS 0x0000022284000000| PB 0x0000022284000000| Untracked |  0
|1769|0x0000022286000000, 0x0000022286000000, 0x0000022288000000|  0%| F|  |TAMS 0x0000022286000000| PB 0x0000022286000000| Untracked |  0
|1770|0x0000022288000000, 0x0000022288000000, 0x000002228a000000|  0%| F|  |TAMS 0x0000022288000000| PB 0x0000022288000000| Untracked |  0
|1771|0x000002228a000000, 0x000002228a000000, 0x000002228c000000|  0%| F|  |TAMS 0x000002228a000000| PB 0x000002228a000000| Untracked |  0
|1772|0x000002228c000000, 0x000002228c000000, 0x000002228e000000|  0%| F|  |TAMS 0x000002228c000000| PB 0x000002228c000000| Untracked |  0
|1773|0x000002228e000000, 0x000002228e000000, 0x0000022290000000|  0%| F|  |TAMS 0x000002228e000000| PB 0x000002228e000000| Untracked |  0
|1774|0x0000022290000000, 0x0000022290000000, 0x0000022292000000|  0%| F|  |TAMS 0x0000022290000000| PB 0x0000022290000000| Untracked |  0
|1775|0x0000022292000000, 0x0000022292000000, 0x0000022294000000|  0%| F|  |TAMS 0x0000022292000000| PB 0x0000022292000000| Untracked |  0
|1776|0x0000022294000000, 0x0000022294000000, 0x0000022296000000|  0%| F|  |TAMS 0x0000022294000000| PB 0x0000022294000000| Untracked |  0
|1777|0x0000022296000000, 0x0000022296000000, 0x0000022298000000|  0%| F|  |TAMS 0x0000022296000000| PB 0x0000022296000000| Untracked |  0
|1778|0x0000022298000000, 0x0000022298000000, 0x000002229a000000|  0%| F|  |TAMS 0x0000022298000000| PB 0x0000022298000000| Untracked |  0
|1779|0x000002229a000000, 0x000002229a000000, 0x000002229c000000|  0%| F|  |TAMS 0x000002229a000000| PB 0x000002229a000000| Untracked |  0
|1780|0x000002229c000000, 0x000002229c000000, 0x000002229e000000|  0%| F|  |TAMS 0x000002229c000000| PB 0x000002229c000000| Untracked |  0
|1781|0x000002229e000000, 0x000002229e000000, 0x00000222a0000000|  0%| F|  |TAMS 0x000002229e000000| PB 0x000002229e000000| Untracked |  0
|1782|0x00000222a0000000, 0x00000222a0000000, 0x00000222a2000000|  0%| F|  |TAMS 0x00000222a0000000| PB 0x00000222a0000000| Untracked |  0
|1783|0x00000222a2000000, 0x00000222a2000000, 0x00000222a4000000|  0%| F|  |TAMS 0x00000222a2000000| PB 0x00000222a2000000| Untracked |  0
|1784|0x00000222a4000000, 0x00000222a4000000, 0x00000222a6000000|  0%| F|  |TAMS 0x00000222a4000000| PB 0x00000222a4000000| Untracked |  0
|1785|0x00000222a6000000, 0x00000222a6000000, 0x00000222a8000000|  0%| F|  |TAMS 0x00000222a6000000| PB 0x00000222a6000000| Untracked |  0
|1786|0x00000222a8000000, 0x00000222a8000000, 0x00000222aa000000|  0%| F|  |TAMS 0x00000222a8000000| PB 0x00000222a8000000| Untracked |  0
|1787|0x00000222aa000000, 0x00000222aa000000, 0x00000222ac000000|  0%| F|  |TAMS 0x00000222aa000000| PB 0x00000222aa000000| Untracked |  0
|1788|0x00000222ac000000, 0x00000222ac000000, 0x00000222ae000000|  0%| F|  |TAMS 0x00000222ac000000| PB 0x00000222ac000000| Untracked |  0
|1789|0x00000222ae000000, 0x00000222ae000000, 0x00000222b0000000|  0%| F|  |TAMS 0x00000222ae000000| PB 0x00000222ae000000| Untracked |  0
|1790|0x00000222b0000000, 0x00000222b0000000, 0x00000222b2000000|  0%| F|  |TAMS 0x00000222b0000000| PB 0x00000222b0000000| Untracked |  0
|1791|0x00000222b2000000, 0x00000222b2000000, 0x00000222b4000000|  0%| F|  |TAMS 0x00000222b2000000| PB 0x00000222b2000000| Untracked |  0
|1792|0x00000222b4000000, 0x00000222b4000000, 0x00000222b6000000|  0%| F|  |TAMS 0x00000222b4000000| PB 0x00000222b4000000| Untracked |  0
|1793|0x00000222b6000000, 0x00000222b6000000, 0x00000222b8000000|  0%| F|  |TAMS 0x00000222b6000000| PB 0x00000222b6000000| Untracked |  0
|1794|0x00000222b8000000, 0x00000222b8000000, 0x00000222ba000000|  0%| F|  |TAMS 0x00000222b8000000| PB 0x00000222b8000000| Untracked |  0
|1795|0x00000222ba000000, 0x00000222ba000000, 0x00000222bc000000|  0%| F|  |TAMS 0x00000222ba000000| PB 0x00000222ba000000| Untracked |  0
|1796|0x00000222bc000000, 0x00000222bc000000, 0x00000222be000000|  0%| F|  |TAMS 0x00000222bc000000| PB 0x00000222bc000000| Untracked |  0
|1797|0x00000222be000000, 0x00000222be000000, 0x00000222c0000000|  0%| F|  |TAMS 0x00000222be000000| PB 0x00000222be000000| Untracked |  0
|1798|0x00000222c0000000, 0x00000222c0000000, 0x00000222c2000000|  0%| F|  |TAMS 0x00000222c0000000| PB 0x00000222c0000000| Untracked |  0
|1799|0x00000222c2000000, 0x00000222c2000000, 0x00000222c4000000|  0%| F|  |TAMS 0x00000222c2000000| PB 0x00000222c2000000| Untracked |  0
|1800|0x00000222c4000000, 0x00000222c4000000, 0x00000222c6000000|  0%| F|  |TAMS 0x00000222c4000000| PB 0x00000222c4000000| Untracked |  0
|1801|0x00000222c6000000, 0x00000222c6000000, 0x00000222c8000000|  0%| F|  |TAMS 0x00000222c6000000| PB 0x00000222c6000000| Untracked |  0
|1802|0x00000222c8000000, 0x00000222c8000000, 0x00000222ca000000|  0%| F|  |TAMS 0x00000222c8000000| PB 0x00000222c8000000| Untracked |  0
|1803|0x00000222ca000000, 0x00000222ca000000, 0x00000222cc000000|  0%| F|  |TAMS 0x00000222ca000000| PB 0x00000222ca000000| Untracked |  0
|1804|0x00000222cc000000, 0x00000222cc000000, 0x00000222ce000000|  0%| F|  |TAMS 0x00000222cc000000| PB 0x00000222cc000000| Untracked |  0
|1805|0x00000222ce000000, 0x00000222ce000000, 0x00000222d0000000|  0%| F|  |TAMS 0x00000222ce000000| PB 0x00000222ce000000| Untracked |  0
|1806|0x00000222d0000000, 0x00000222d0000000, 0x00000222d2000000|  0%| F|  |TAMS 0x00000222d0000000| PB 0x00000222d0000000| Untracked |  0
|1807|0x00000222d2000000, 0x00000222d2000000, 0x00000222d4000000|  0%| F|  |TAMS 0x00000222d2000000| PB 0x00000222d2000000| Untracked |  0
|1808|0x00000222d4000000, 0x00000222d4000000, 0x00000222d6000000|  0%| F|  |TAMS 0x00000222d4000000| PB 0x00000222d4000000| Untracked |  0
|1809|0x00000222d6000000, 0x00000222d6000000, 0x00000222d8000000|  0%| F|  |TAMS 0x00000222d6000000| PB 0x00000222d6000000| Untracked |  0
|1810|0x00000222d8000000, 0x00000222d8000000, 0x00000222da000000|  0%| F|  |TAMS 0x00000222d8000000| PB 0x00000222d8000000| Untracked |  0
|1811|0x00000222da000000, 0x00000222da000000, 0x00000222dc000000|  0%| F|  |TAMS 0x00000222da000000| PB 0x00000222da000000| Untracked |  0
|1812|0x00000222dc000000, 0x00000222dc000000, 0x00000222de000000|  0%| F|  |TAMS 0x00000222dc000000| PB 0x00000222dc000000| Untracked |  0
|1813|0x00000222de000000, 0x00000222de000000, 0x00000222e0000000|  0%| F|  |TAMS 0x00000222de000000| PB 0x00000222de000000| Untracked |  0
|1814|0x00000222e0000000, 0x00000222e0000000, 0x00000222e2000000|  0%| F|  |TAMS 0x00000222e0000000| PB 0x00000222e0000000| Untracked |  0
|1815|0x00000222e2000000, 0x00000222e2000000, 0x00000222e4000000|  0%| F|  |TAMS 0x00000222e2000000| PB 0x00000222e2000000| Untracked |  0
|1816|0x00000222e4000000, 0x00000222e4000000, 0x00000222e6000000|  0%| F|  |TAMS 0x00000222e4000000| PB 0x00000222e4000000| Untracked |  0
|1817|0x00000222e6000000, 0x00000222e6000000, 0x00000222e8000000|  0%| F|  |TAMS 0x00000222e6000000| PB 0x00000222e6000000| Untracked |  0
|1818|0x00000222e8000000, 0x00000222e8000000, 0x00000222ea000000|  0%| F|  |TAMS 0x00000222e8000000| PB 0x00000222e8000000| Untracked |  0
|1819|0x00000222ea000000, 0x00000222ea000000, 0x00000222ec000000|  0%| F|  |TAMS 0x00000222ea000000| PB 0x00000222ea000000| Untracked |  0
|1820|0x00000222ec000000, 0x00000222ec000000, 0x00000222ee000000|  0%| F|  |TAMS 0x00000222ec000000| PB 0x00000222ec000000| Untracked |  0
|1821|0x00000222ee000000, 0x00000222ee000000, 0x00000222f0000000|  0%| F|  |TAMS 0x00000222ee000000| PB 0x00000222ee000000| Untracked |  0
|1822|0x00000222f0000000, 0x00000222f0000000, 0x00000222f2000000|  0%| F|  |TAMS 0x00000222f0000000| PB 0x00000222f0000000| Untracked |  0
|1823|0x00000222f2000000, 0x00000222f2000000, 0x00000222f4000000|  0%| F|  |TAMS 0x00000222f2000000| PB 0x00000222f2000000| Untracked |  0
|1824|0x00000222f4000000, 0x00000222f4000000, 0x00000222f6000000|  0%| F|  |TAMS 0x00000222f4000000| PB 0x00000222f4000000| Untracked |  0
|1825|0x00000222f6000000, 0x00000222f6000000, 0x00000222f8000000|  0%| F|  |TAMS 0x00000222f6000000| PB 0x00000222f6000000| Untracked |  0
|1826|0x00000222f8000000, 0x00000222f8000000, 0x00000222fa000000|  0%| F|  |TAMS 0x00000222f8000000| PB 0x00000222f8000000| Untracked |  0
|1827|0x00000222fa000000, 0x00000222fa000000, 0x00000222fc000000|  0%| F|  |TAMS 0x00000222fa000000| PB 0x00000222fa000000| Untracked |  0
|1828|0x00000222fc000000, 0x00000222fc000000, 0x00000222fe000000|  0%| F|  |TAMS 0x00000222fc000000| PB 0x00000222fc000000| Untracked |  0
|1829|0x00000222fe000000, 0x00000222fe000000, 0x0000022300000000|  0%| F|  |TAMS 0x00000222fe000000| PB 0x00000222fe000000| Untracked |  0
|1830|0x0000022300000000, 0x0000022300000000, 0x0000022302000000|  0%| F|  |TAMS 0x0000022300000000| PB 0x0000022300000000| Untracked |  0
|1831|0x0000022302000000, 0x0000022302000000, 0x0000022304000000|  0%| F|  |TAMS 0x0000022302000000| PB 0x0000022302000000| Untracked |  0
|1832|0x0000022304000000, 0x0000022304000000, 0x0000022306000000|  0%| F|  |TAMS 0x0000022304000000| PB 0x0000022304000000| Untracked |  0
|1833|0x0000022306000000, 0x0000022306000000, 0x0000022308000000|  0%| F|  |TAMS 0x0000022306000000| PB 0x0000022306000000| Untracked |  0
|1834|0x0000022308000000, 0x0000022308000000, 0x000002230a000000|  0%| F|  |TAMS 0x0000022308000000| PB 0x0000022308000000| Untracked |  0
|1835|0x000002230a000000, 0x000002230a000000, 0x000002230c000000|  0%| F|  |TAMS 0x000002230a000000| PB 0x000002230a000000| Untracked |  0
|1836|0x000002230c000000, 0x000002230c000000, 0x000002230e000000|  0%| F|  |TAMS 0x000002230c000000| PB 0x000002230c000000| Untracked |  0
|1837|0x000002230e000000, 0x000002230e000000, 0x0000022310000000|  0%| F|  |TAMS 0x000002230e000000| PB 0x000002230e000000| Untracked |  0
|1838|0x0000022310000000, 0x0000022310000000, 0x0000022312000000|  0%| F|  |TAMS 0x0000022310000000| PB 0x0000022310000000| Untracked |  0
|1839|0x0000022312000000, 0x0000022312000000, 0x0000022314000000|  0%| F|  |TAMS 0x0000022312000000| PB 0x0000022312000000| Untracked |  0
|1840|0x0000022314000000, 0x0000022314000000, 0x0000022316000000|  0%| F|  |TAMS 0x0000022314000000| PB 0x0000022314000000| Untracked |  0
|1841|0x0000022316000000, 0x0000022316000000, 0x0000022318000000|  0%| F|  |TAMS 0x0000022316000000| PB 0x0000022316000000| Untracked |  0
|1842|0x0000022318000000, 0x0000022318000000, 0x000002231a000000|  0%| F|  |TAMS 0x0000022318000000| PB 0x0000022318000000| Untracked |  0
|1843|0x000002231a000000, 0x000002231a000000, 0x000002231c000000|  0%| F|  |TAMS 0x000002231a000000| PB 0x000002231a000000| Untracked |  0
|1844|0x000002231c000000, 0x000002231c000000, 0x000002231e000000|  0%| F|  |TAMS 0x000002231c000000| PB 0x000002231c000000| Untracked |  0
|1845|0x000002231e000000, 0x000002231e000000, 0x0000022320000000|  0%| F|  |TAMS 0x000002231e000000| PB 0x000002231e000000| Untracked |  0
|1846|0x0000022320000000, 0x0000022320000000, 0x0000022322000000|  0%| F|  |TAMS 0x0000022320000000| PB 0x0000022320000000| Untracked |  0
|1847|0x0000022322000000, 0x0000022322000000, 0x0000022324000000|  0%| F|  |TAMS 0x0000022322000000| PB 0x0000022322000000| Untracked |  0
|1848|0x0000022324000000, 0x0000022324000000, 0x0000022326000000|  0%| F|  |TAMS 0x0000022324000000| PB 0x0000022324000000| Untracked |  0
|1849|0x0000022326000000, 0x0000022326000000, 0x0000022328000000|  0%| F|  |TAMS 0x0000022326000000| PB 0x0000022326000000| Untracked |  0
|1850|0x0000022328000000, 0x0000022328000000, 0x000002232a000000|  0%| F|  |TAMS 0x0000022328000000| PB 0x0000022328000000| Untracked |  0
|1851|0x000002232a000000, 0x000002232a000000, 0x000002232c000000|  0%| F|  |TAMS 0x000002232a000000| PB 0x000002232a000000| Untracked |  0
|1852|0x000002232c000000, 0x000002232c000000, 0x000002232e000000|  0%| F|  |TAMS 0x000002232c000000| PB 0x000002232c000000| Untracked |  0
|1853|0x000002232e000000, 0x000002232e000000, 0x0000022330000000|  0%| F|  |TAMS 0x000002232e000000| PB 0x000002232e000000| Untracked |  0
|1854|0x0000022330000000, 0x0000022330000000, 0x0000022332000000|  0%| F|  |TAMS 0x0000022330000000| PB 0x0000022330000000| Untracked |  0
|1855|0x0000022332000000, 0x0000022332000000, 0x0000022334000000|  0%| F|  |TAMS 0x0000022332000000| PB 0x0000022332000000| Untracked |  0
|1856|0x0000022334000000, 0x0000022334000000, 0x0000022336000000|  0%| F|  |TAMS 0x0000022334000000| PB 0x0000022334000000| Untracked |  0
|1857|0x0000022336000000, 0x0000022336000000, 0x0000022338000000|  0%| F|  |TAMS 0x0000022336000000| PB 0x0000022336000000| Untracked |  0
|1858|0x0000022338000000, 0x0000022338000000, 0x000002233a000000|  0%| F|  |TAMS 0x0000022338000000| PB 0x0000022338000000| Untracked |  0
|1859|0x000002233a000000, 0x000002233a000000, 0x000002233c000000|  0%| F|  |TAMS 0x000002233a000000| PB 0x000002233a000000| Untracked |  0
|1860|0x000002233c000000, 0x000002233c000000, 0x000002233e000000|  0%| F|  |TAMS 0x000002233c000000| PB 0x000002233c000000| Untracked |  0
|1861|0x000002233e000000, 0x000002233e000000, 0x0000022340000000|  0%| F|  |TAMS 0x000002233e000000| PB 0x000002233e000000| Untracked |  0
|1862|0x0000022340000000, 0x0000022340000000, 0x0000022342000000|  0%| F|  |TAMS 0x0000022340000000| PB 0x0000022340000000| Untracked |  0
|1863|0x0000022342000000, 0x0000022342000000, 0x0000022344000000|  0%| F|  |TAMS 0x0000022342000000| PB 0x0000022342000000| Untracked |  0
|1864|0x0000022344000000, 0x0000022344000000, 0x0000022346000000|  0%| F|  |TAMS 0x0000022344000000| PB 0x0000022344000000| Untracked |  0
|1865|0x0000022346000000, 0x0000022346000000, 0x0000022348000000|  0%| F|  |TAMS 0x0000022346000000| PB 0x0000022346000000| Untracked |  0
|1866|0x0000022348000000, 0x0000022348000000, 0x000002234a000000|  0%| F|  |TAMS 0x0000022348000000| PB 0x0000022348000000| Untracked |  0
|1867|0x000002234a000000, 0x000002234a000000, 0x000002234c000000|  0%| F|  |TAMS 0x000002234a000000| PB 0x000002234a000000| Untracked |  0
|1868|0x000002234c000000, 0x000002234c000000, 0x000002234e000000|  0%| F|  |TAMS 0x000002234c000000| PB 0x000002234c000000| Untracked |  0
|1869|0x000002234e000000, 0x000002234e000000, 0x0000022350000000|  0%| F|  |TAMS 0x000002234e000000| PB 0x000002234e000000| Untracked |  0
|1870|0x0000022350000000, 0x0000022350000000, 0x0000022352000000|  0%| F|  |TAMS 0x0000022350000000| PB 0x0000022350000000| Untracked |  0
|1871|0x0000022352000000, 0x0000022352000000, 0x0000022354000000|  0%| F|  |TAMS 0x0000022352000000| PB 0x0000022352000000| Untracked |  0
|1872|0x0000022354000000, 0x0000022354000000, 0x0000022356000000|  0%| F|  |TAMS 0x0000022354000000| PB 0x0000022354000000| Untracked |  0
|1873|0x0000022356000000, 0x0000022356000000, 0x0000022358000000|  0%| F|  |TAMS 0x0000022356000000| PB 0x0000022356000000| Untracked |  0
|1874|0x0000022358000000, 0x0000022358000000, 0x000002235a000000|  0%| F|  |TAMS 0x0000022358000000| PB 0x0000022358000000| Untracked |  0
|1875|0x000002235a000000, 0x000002235a000000, 0x000002235c000000|  0%| F|  |TAMS 0x000002235a000000| PB 0x000002235a000000| Untracked |  0
|1876|0x000002235c000000, 0x000002235c000000, 0x000002235e000000|  0%| F|  |TAMS 0x000002235c000000| PB 0x000002235c000000| Untracked |  0
|1877|0x000002235e000000, 0x000002235e000000, 0x0000022360000000|  0%| F|  |TAMS 0x000002235e000000| PB 0x000002235e000000| Untracked |  0
|1878|0x0000022360000000, 0x0000022360000000, 0x0000022362000000|  0%| F|  |TAMS 0x0000022360000000| PB 0x0000022360000000| Untracked |  0
|1879|0x0000022362000000, 0x0000022362000000, 0x0000022364000000|  0%| F|  |TAMS 0x0000022362000000| PB 0x0000022362000000| Untracked |  0
|1880|0x0000022364000000, 0x0000022364000000, 0x0000022366000000|  0%| F|  |TAMS 0x0000022364000000| PB 0x0000022364000000| Untracked |  0
|1881|0x0000022366000000, 0x0000022366000000, 0x0000022368000000|  0%| F|  |TAMS 0x0000022366000000| PB 0x0000022366000000| Untracked |  0
|1882|0x0000022368000000, 0x0000022368000000, 0x000002236a000000|  0%| F|  |TAMS 0x0000022368000000| PB 0x0000022368000000| Untracked |  0
|1883|0x000002236a000000, 0x000002236a000000, 0x000002236c000000|  0%| F|  |TAMS 0x000002236a000000| PB 0x000002236a000000| Untracked |  0
|1884|0x000002236c000000, 0x000002236c000000, 0x000002236e000000|  0%| F|  |TAMS 0x000002236c000000| PB 0x000002236c000000| Untracked |  0
|1885|0x000002236e000000, 0x000002236e000000, 0x0000022370000000|  0%| F|  |TAMS 0x000002236e000000| PB 0x000002236e000000| Untracked |  0
|1886|0x0000022370000000, 0x0000022370000000, 0x0000022372000000|  0%| F|  |TAMS 0x0000022370000000| PB 0x0000022370000000| Untracked |  0
|1887|0x0000022372000000, 0x0000022372000000, 0x0000022374000000|  0%| F|  |TAMS 0x0000022372000000| PB 0x0000022372000000| Untracked |  0
|1888|0x0000022374000000, 0x0000022374000000, 0x0000022376000000|  0%| F|  |TAMS 0x0000022374000000| PB 0x0000022374000000| Untracked |  0
|1889|0x0000022376000000, 0x0000022376000000, 0x0000022378000000|  0%| F|  |TAMS 0x0000022376000000| PB 0x0000022376000000| Untracked |  0
|1890|0x0000022378000000, 0x0000022378000000, 0x000002237a000000|  0%| F|  |TAMS 0x0000022378000000| PB 0x0000022378000000| Untracked |  0
|1891|0x000002237a000000, 0x000002237a000000, 0x000002237c000000|  0%| F|  |TAMS 0x000002237a000000| PB 0x000002237a000000| Untracked |  0
|1892|0x000002237c000000, 0x000002237c000000, 0x000002237e000000|  0%| F|  |TAMS 0x000002237c000000| PB 0x000002237c000000| Untracked |  0
|1893|0x000002237e000000, 0x000002237e000000, 0x0000022380000000|  0%| F|  |TAMS 0x000002237e000000| PB 0x000002237e000000| Untracked |  0
|1894|0x0000022380000000, 0x0000022380000000, 0x0000022382000000|  0%| F|  |TAMS 0x0000022380000000| PB 0x0000022380000000| Untracked |  0
|1895|0x0000022382000000, 0x0000022382000000, 0x0000022384000000|  0%| F|  |TAMS 0x0000022382000000| PB 0x0000022382000000| Untracked |  0
|1896|0x0000022384000000, 0x0000022384000000, 0x0000022386000000|  0%| F|  |TAMS 0x0000022384000000| PB 0x0000022384000000| Untracked |  0
|1897|0x0000022386000000, 0x0000022386000000, 0x0000022388000000|  0%| F|  |TAMS 0x0000022386000000| PB 0x0000022386000000| Untracked |  0
|1898|0x0000022388000000, 0x0000022388000000, 0x000002238a000000|  0%| F|  |TAMS 0x0000022388000000| PB 0x0000022388000000| Untracked |  0
|1899|0x000002238a000000, 0x000002238a000000, 0x000002238c000000|  0%| F|  |TAMS 0x000002238a000000| PB 0x000002238a000000| Untracked |  0
|1900|0x000002238c000000, 0x000002238c000000, 0x000002238e000000|  0%| F|  |TAMS 0x000002238c000000| PB 0x000002238c000000| Untracked |  0
|1901|0x000002238e000000, 0x000002238e000000, 0x0000022390000000|  0%| F|  |TAMS 0x000002238e000000| PB 0x000002238e000000| Untracked |  0
|1902|0x0000022390000000, 0x0000022390000000, 0x0000022392000000|  0%| F|  |TAMS 0x0000022390000000| PB 0x0000022390000000| Untracked |  0
|1903|0x0000022392000000, 0x0000022392000000, 0x0000022394000000|  0%| F|  |TAMS 0x0000022392000000| PB 0x0000022392000000| Untracked |  0
|1904|0x0000022394000000, 0x0000022394000000, 0x0000022396000000|  0%| F|  |TAMS 0x0000022394000000| PB 0x0000022394000000| Untracked |  0
|1905|0x0000022396000000, 0x0000022396000000, 0x0000022398000000|  0%| F|  |TAMS 0x0000022396000000| PB 0x0000022396000000| Untracked |  0
|1906|0x0000022398000000, 0x0000022398000000, 0x000002239a000000|  0%| F|  |TAMS 0x0000022398000000| PB 0x0000022398000000| Untracked |  0
|1907|0x000002239a000000, 0x000002239a000000, 0x000002239c000000|  0%| F|  |TAMS 0x000002239a000000| PB 0x000002239a000000| Untracked |  0
|1908|0x000002239c000000, 0x000002239c000000, 0x000002239e000000|  0%| F|  |TAMS 0x000002239c000000| PB 0x000002239c000000| Untracked |  0
|1909|0x000002239e000000, 0x000002239e000000, 0x00000223a0000000|  0%| F|  |TAMS 0x000002239e000000| PB 0x000002239e000000| Untracked |  0
|1910|0x00000223a0000000, 0x00000223a0000000, 0x00000223a2000000|  0%| F|  |TAMS 0x00000223a0000000| PB 0x00000223a0000000| Untracked |  0
|1911|0x00000223a2000000, 0x00000223a2000000, 0x00000223a4000000|  0%| F|  |TAMS 0x00000223a2000000| PB 0x00000223a2000000| Untracked |  0
|1912|0x00000223a4000000, 0x00000223a4000000, 0x00000223a6000000|  0%| F|  |TAMS 0x00000223a4000000| PB 0x00000223a4000000| Untracked |  0
|1913|0x00000223a6000000, 0x00000223a6000000, 0x00000223a8000000|  0%| F|  |TAMS 0x00000223a6000000| PB 0x00000223a6000000| Untracked |  0
|1914|0x00000223a8000000, 0x00000223a8000000, 0x00000223aa000000|  0%| F|  |TAMS 0x00000223a8000000| PB 0x00000223a8000000| Untracked |  0
|1915|0x00000223aa000000, 0x00000223aa000000, 0x00000223ac000000|  0%| F|  |TAMS 0x00000223aa000000| PB 0x00000223aa000000| Untracked |  0
|1916|0x00000223ac000000, 0x00000223ac000000, 0x00000223ae000000|  0%| F|  |TAMS 0x00000223ac000000| PB 0x00000223ac000000| Untracked |  0
|1917|0x00000223ae000000, 0x00000223ae000000, 0x00000223b0000000|  0%| F|  |TAMS 0x00000223ae000000| PB 0x00000223ae000000| Untracked |  0
|1918|0x00000223b0000000, 0x00000223b0000000, 0x00000223b2000000|  0%| F|  |TAMS 0x00000223b0000000| PB 0x00000223b0000000| Untracked |  0
|1919|0x00000223b2000000, 0x00000223b2000000, 0x00000223b4000000|  0%| F|  |TAMS 0x00000223b2000000| PB 0x00000223b2000000| Untracked |  0
|1920|0x00000223b4000000, 0x00000223b4000000, 0x00000223b6000000|  0%| F|  |TAMS 0x00000223b4000000| PB 0x00000223b4000000| Untracked |  0
|1921|0x00000223b6000000, 0x00000223b6000000, 0x00000223b8000000|  0%| F|  |TAMS 0x00000223b6000000| PB 0x00000223b6000000| Untracked |  0
|1922|0x00000223b8000000, 0x00000223b8000000, 0x00000223ba000000|  0%| F|  |TAMS 0x00000223b8000000| PB 0x00000223b8000000| Untracked |  0
|1923|0x00000223ba000000, 0x00000223ba000000, 0x00000223bc000000|  0%| F|  |TAMS 0x00000223ba000000| PB 0x00000223ba000000| Untracked |  0
|1924|0x00000223bc000000, 0x00000223bc000000, 0x00000223be000000|  0%| F|  |TAMS 0x00000223bc000000| PB 0x00000223bc000000| Untracked |  0
|1925|0x00000223be000000, 0x00000223be000000, 0x00000223c0000000|  0%| F|  |TAMS 0x00000223be000000| PB 0x00000223be000000| Untracked |  0
|1926|0x00000223c0000000, 0x00000223c0000000, 0x00000223c2000000|  0%| F|  |TAMS 0x00000223c0000000| PB 0x00000223c0000000| Untracked |  0
|1927|0x00000223c2000000, 0x00000223c2000000, 0x00000223c4000000|  0%| F|  |TAMS 0x00000223c2000000| PB 0x00000223c2000000| Untracked |  0
|1928|0x00000223c4000000, 0x00000223c4000000, 0x00000223c6000000|  0%| F|  |TAMS 0x00000223c4000000| PB 0x00000223c4000000| Untracked |  0
|1929|0x00000223c6000000, 0x00000223c6000000, 0x00000223c8000000|  0%| F|  |TAMS 0x00000223c6000000| PB 0x00000223c6000000| Untracked |  0
|1930|0x00000223c8000000, 0x00000223c8000000, 0x00000223ca000000|  0%| F|  |TAMS 0x00000223c8000000| PB 0x00000223c8000000| Untracked |  0
|1931|0x00000223ca000000, 0x00000223ca000000, 0x00000223cc000000|  0%| F|  |TAMS 0x00000223ca000000| PB 0x00000223ca000000| Untracked |  0
|1932|0x00000223cc000000, 0x00000223cc000000, 0x00000223ce000000|  0%| F|  |TAMS 0x00000223cc000000| PB 0x00000223cc000000| Untracked |  0
|1933|0x00000223ce000000, 0x00000223ce000000, 0x00000223d0000000|  0%| F|  |TAMS 0x00000223ce000000| PB 0x00000223ce000000| Untracked |  0
|1934|0x00000223d0000000, 0x00000223d0000000, 0x00000223d2000000|  0%| F|  |TAMS 0x00000223d0000000| PB 0x00000223d0000000| Untracked |  0
|1935|0x00000223d2000000, 0x00000223d2000000, 0x00000223d4000000|  0%| F|  |TAMS 0x00000223d2000000| PB 0x00000223d2000000| Untracked |  0
|1936|0x00000223d4000000, 0x00000223d4000000, 0x00000223d6000000|  0%| F|  |TAMS 0x00000223d4000000| PB 0x00000223d4000000| Untracked |  0
|1937|0x00000223d6000000, 0x00000223d6000000, 0x00000223d8000000|  0%| F|  |TAMS 0x00000223d6000000| PB 0x00000223d6000000| Untracked |  0
|1938|0x00000223d8000000, 0x00000223d8000000, 0x00000223da000000|  0%| F|  |TAMS 0x00000223d8000000| PB 0x00000223d8000000| Untracked |  0
|1939|0x00000223da000000, 0x00000223da000000, 0x00000223dc000000|  0%| F|  |TAMS 0x00000223da000000| PB 0x00000223da000000| Untracked |  0
|1940|0x00000223dc000000, 0x00000223dc000000, 0x00000223de000000|  0%| F|  |TAMS 0x00000223dc000000| PB 0x00000223dc000000| Untracked |  0
|1941|0x00000223de000000, 0x00000223de000000, 0x00000223e0000000|  0%| F|  |TAMS 0x00000223de000000| PB 0x00000223de000000| Untracked |  0
|1942|0x00000223e0000000, 0x00000223e0000000, 0x00000223e2000000|  0%| F|  |TAMS 0x00000223e0000000| PB 0x00000223e0000000| Untracked |  0
|1943|0x00000223e2000000, 0x00000223e2000000, 0x00000223e4000000|  0%| F|  |TAMS 0x00000223e2000000| PB 0x00000223e2000000| Untracked |  0
|1944|0x00000223e4000000, 0x00000223e4000000, 0x00000223e6000000|  0%| F|  |TAMS 0x00000223e4000000| PB 0x00000223e4000000| Untracked |  0
|1945|0x00000223e6000000, 0x00000223e6000000, 0x00000223e8000000|  0%| F|  |TAMS 0x00000223e6000000| PB 0x00000223e6000000| Untracked |  0
|1946|0x00000223e8000000, 0x00000223e8000000, 0x00000223ea000000|  0%| F|  |TAMS 0x00000223e8000000| PB 0x00000223e8000000| Untracked |  0
|1947|0x00000223ea000000, 0x00000223ea000000, 0x00000223ec000000|  0%| F|  |TAMS 0x00000223ea000000| PB 0x00000223ea000000| Untracked |  0
|1948|0x00000223ec000000, 0x00000223ec000000, 0x00000223ee000000|  0%| F|  |TAMS 0x00000223ec000000| PB 0x00000223ec000000| Untracked |  0
|1949|0x00000223ee000000, 0x00000223ee000000, 0x00000223f0000000|  0%| F|  |TAMS 0x00000223ee000000| PB 0x00000223ee000000| Untracked |  0
|1950|0x00000223f0000000, 0x00000223f0000000, 0x00000223f2000000|  0%| F|  |TAMS 0x00000223f0000000| PB 0x00000223f0000000| Untracked |  0
|1951|0x00000223f2000000, 0x00000223f2000000, 0x00000223f4000000|  0%| F|  |TAMS 0x00000223f2000000| PB 0x00000223f2000000| Untracked |  0
|1952|0x00000223f4000000, 0x00000223f4000000, 0x00000223f6000000|  0%| F|  |TAMS 0x00000223f4000000| PB 0x00000223f4000000| Untracked |  0
|1953|0x00000223f6000000, 0x00000223f6000000, 0x00000223f8000000|  0%| F|  |TAMS 0x00000223f6000000| PB 0x00000223f6000000| Untracked |  0
|1954|0x00000223f8000000, 0x00000223f8000000, 0x00000223fa000000|  0%| F|  |TAMS 0x00000223f8000000| PB 0x00000223f8000000| Untracked |  0
|1955|0x00000223fa000000, 0x00000223fa000000, 0x00000223fc000000|  0%| F|  |TAMS 0x00000223fa000000| PB 0x00000223fa000000| Untracked |  0
|1956|0x00000223fc000000, 0x00000223fc000000, 0x00000223fe000000|  0%| F|  |TAMS 0x00000223fc000000| PB 0x00000223fc000000| Untracked |  0
|1957|0x00000223fe000000, 0x00000223fe000000, 0x0000022400000000|  0%| F|  |TAMS 0x00000223fe000000| PB 0x00000223fe000000| Untracked |  0
|1958|0x0000022400000000, 0x0000022400000000, 0x0000022402000000|  0%| F|  |TAMS 0x0000022400000000| PB 0x0000022400000000| Untracked |  0
|1959|0x0000022402000000, 0x0000022402000000, 0x0000022404000000|  0%| F|  |TAMS 0x0000022402000000| PB 0x0000022402000000| Untracked |  0
|1960|0x0000022404000000, 0x0000022404000000, 0x0000022406000000|  0%| F|  |TAMS 0x0000022404000000| PB 0x0000022404000000| Untracked |  0
|1961|0x0000022406000000, 0x0000022406000000, 0x0000022408000000|  0%| F|  |TAMS 0x0000022406000000| PB 0x0000022406000000| Untracked |  0
|1962|0x0000022408000000, 0x0000022408000000, 0x000002240a000000|  0%| F|  |TAMS 0x0000022408000000| PB 0x0000022408000000| Untracked |  0
|1963|0x000002240a000000, 0x000002240a000000, 0x000002240c000000|  0%| F|  |TAMS 0x000002240a000000| PB 0x000002240a000000| Untracked |  0
|1964|0x000002240c000000, 0x000002240c000000, 0x000002240e000000|  0%| F|  |TAMS 0x000002240c000000| PB 0x000002240c000000| Untracked |  0
|1965|0x000002240e000000, 0x000002240e000000, 0x0000022410000000|  0%| F|  |TAMS 0x000002240e000000| PB 0x000002240e000000| Untracked |  0
|1966|0x0000022410000000, 0x0000022410000000, 0x0000022412000000|  0%| F|  |TAMS 0x0000022410000000| PB 0x0000022410000000| Untracked |  0
|1967|0x0000022412000000, 0x0000022412000000, 0x0000022414000000|  0%| F|  |TAMS 0x0000022412000000| PB 0x0000022412000000| Untracked |  0
|1968|0x0000022414000000, 0x0000022414000000, 0x0000022416000000|  0%| F|  |TAMS 0x0000022414000000| PB 0x0000022414000000| Untracked |  0
|1969|0x0000022416000000, 0x0000022416000000, 0x0000022418000000|  0%| F|  |TAMS 0x0000022416000000| PB 0x0000022416000000| Untracked |  0
|1970|0x0000022418000000, 0x0000022418000000, 0x000002241a000000|  0%| F|  |TAMS 0x0000022418000000| PB 0x0000022418000000| Untracked |  0
|1971|0x000002241a000000, 0x000002241a000000, 0x000002241c000000|  0%| F|  |TAMS 0x000002241a000000| PB 0x000002241a000000| Untracked |  0
|1972|0x000002241c000000, 0x000002241c000000, 0x000002241e000000|  0%| F|  |TAMS 0x000002241c000000| PB 0x000002241c000000| Untracked |  0
|1973|0x000002241e000000, 0x000002241e000000, 0x0000022420000000|  0%| F|  |TAMS 0x000002241e000000| PB 0x000002241e000000| Untracked |  0
|1974|0x0000022420000000, 0x0000022420000000, 0x0000022422000000|  0%| F|  |TAMS 0x0000022420000000| PB 0x0000022420000000| Untracked |  0
|1975|0x0000022422000000, 0x0000022422000000, 0x0000022424000000|  0%| F|  |TAMS 0x0000022422000000| PB 0x0000022422000000| Untracked |  0
|1976|0x0000022424000000, 0x0000022424000000, 0x0000022426000000|  0%| F|  |TAMS 0x0000022424000000| PB 0x0000022424000000| Untracked |  0
|1977|0x0000022426000000, 0x0000022426000000, 0x0000022428000000|  0%| F|  |TAMS 0x0000022426000000| PB 0x0000022426000000| Untracked |  0
|1978|0x0000022428000000, 0x0000022428000000, 0x000002242a000000|  0%| F|  |TAMS 0x0000022428000000| PB 0x0000022428000000| Untracked |  0
|1979|0x000002242a000000, 0x000002242a000000, 0x000002242c000000|  0%| F|  |TAMS 0x000002242a000000| PB 0x000002242a000000| Untracked |  0
|1980|0x000002242c000000, 0x000002242c000000, 0x000002242e000000|  0%| F|  |TAMS 0x000002242c000000| PB 0x000002242c000000| Untracked |  0
|1981|0x000002242e000000, 0x000002242e000000, 0x0000022430000000|  0%| F|  |TAMS 0x000002242e000000| PB 0x000002242e000000| Untracked |  0
|1982|0x0000022430000000, 0x0000022430000000, 0x0000022432000000|  0%| F|  |TAMS 0x0000022430000000| PB 0x0000022430000000| Untracked |  0
|1983|0x0000022432000000, 0x0000022432000000, 0x0000022434000000|  0%| F|  |TAMS 0x0000022432000000| PB 0x0000022432000000| Untracked |  0
|1984|0x0000022434000000, 0x0000022434000000, 0x0000022436000000|  0%| F|  |TAMS 0x0000022434000000| PB 0x0000022434000000| Untracked |  0
|1985|0x0000022436000000, 0x0000022436000000, 0x0000022438000000|  0%| F|  |TAMS 0x0000022436000000| PB 0x0000022436000000| Untracked |  0
|1986|0x0000022438000000, 0x0000022438000000, 0x000002243a000000|  0%| F|  |TAMS 0x0000022438000000| PB 0x0000022438000000| Untracked |  0
|1987|0x000002243a000000, 0x000002243a000000, 0x000002243c000000|  0%| F|  |TAMS 0x000002243a000000| PB 0x000002243a000000| Untracked |  0
|1988|0x000002243c000000, 0x000002243c000000, 0x000002243e000000|  0%| F|  |TAMS 0x000002243c000000| PB 0x000002243c000000| Untracked |  0
|1989|0x000002243e000000, 0x000002243e000000, 0x0000022440000000|  0%| F|  |TAMS 0x000002243e000000| PB 0x000002243e000000| Untracked |  0
|1990|0x0000022440000000, 0x0000022440000000, 0x0000022442000000|  0%| F|  |TAMS 0x0000022440000000| PB 0x0000022440000000| Untracked |  0
|1991|0x0000022442000000, 0x0000022442000000, 0x0000022444000000|  0%| F|  |TAMS 0x0000022442000000| PB 0x0000022442000000| Untracked |  0
|1992|0x0000022444000000, 0x0000022444000000, 0x0000022446000000|  0%| F|  |TAMS 0x0000022444000000| PB 0x0000022444000000| Untracked |  0
|1993|0x0000022446000000, 0x0000022446000000, 0x0000022448000000|  0%| F|  |TAMS 0x0000022446000000| PB 0x0000022446000000| Untracked |  0
|1994|0x0000022448000000, 0x0000022448000000, 0x000002244a000000|  0%| F|  |TAMS 0x0000022448000000| PB 0x0000022448000000| Untracked |  0
|1995|0x000002244a000000, 0x000002244a000000, 0x000002244c000000|  0%| F|  |TAMS 0x000002244a000000| PB 0x000002244a000000| Untracked |  0
|1996|0x000002244c000000, 0x000002244c000000, 0x000002244e000000|  0%| F|  |TAMS 0x000002244c000000| PB 0x000002244c000000| Untracked |  0
|1997|0x000002244e000000, 0x000002244e000000, 0x0000022450000000|  0%| F|  |TAMS 0x000002244e000000| PB 0x000002244e000000| Untracked |  0
|1998|0x0000022450000000, 0x0000022450000000, 0x0000022452000000|  0%| F|  |TAMS 0x0000022450000000| PB 0x0000022450000000| Untracked |  0
|1999|0x0000022452000000, 0x0000022452000000, 0x0000022454000000|  0%| F|  |TAMS 0x0000022452000000| PB 0x0000022452000000| Untracked |  0
|2000|0x0000022454000000, 0x0000022454000000, 0x0000022456000000|  0%| F|  |TAMS 0x0000022454000000| PB 0x0000022454000000| Untracked |  0
|2001|0x0000022456000000, 0x0000022456000000, 0x0000022458000000|  0%| F|  |TAMS 0x0000022456000000| PB 0x0000022456000000| Untracked |  0
|2002|0x0000022458000000, 0x0000022458000000, 0x000002245a000000|  0%| F|  |TAMS 0x0000022458000000| PB 0x0000022458000000| Untracked |  0
|2003|0x000002245a000000, 0x000002245a000000, 0x000002245c000000|  0%| F|  |TAMS 0x000002245a000000| PB 0x000002245a000000| Untracked |  0
|2004|0x000002245c000000, 0x000002245c000000, 0x000002245e000000|  0%| F|  |TAMS 0x000002245c000000| PB 0x000002245c000000| Untracked |  0
|2005|0x000002245e000000, 0x000002245e000000, 0x0000022460000000|  0%| F|  |TAMS 0x000002245e000000| PB 0x000002245e000000| Untracked |  0
|2006|0x0000022460000000, 0x0000022460000000, 0x0000022462000000|  0%| F|  |TAMS 0x0000022460000000| PB 0x0000022460000000| Untracked |  0
|2007|0x0000022462000000, 0x0000022462000000, 0x0000022464000000|  0%| F|  |TAMS 0x0000022462000000| PB 0x0000022462000000| Untracked |  0
|2008|0x0000022464000000, 0x0000022464000000, 0x0000022466000000|  0%| F|  |TAMS 0x0000022464000000| PB 0x0000022464000000| Untracked |  0
|2009|0x0000022466000000, 0x0000022466000000, 0x0000022468000000|  0%| F|  |TAMS 0x0000022466000000| PB 0x0000022466000000| Untracked |  0
|2010|0x0000022468000000, 0x0000022468000000, 0x000002246a000000|  0%| F|  |TAMS 0x0000022468000000| PB 0x0000022468000000| Untracked |  0
|2011|0x000002246a000000, 0x000002246a000000, 0x000002246c000000|  0%| F|  |TAMS 0x000002246a000000| PB 0x000002246a000000| Untracked |  0
|2012|0x000002246c000000, 0x000002246c000000, 0x000002246e000000|  0%| F|  |TAMS 0x000002246c000000| PB 0x000002246c000000| Untracked |  0
|2013|0x000002246e000000, 0x000002246e000000, 0x0000022470000000|  0%| F|  |TAMS 0x000002246e000000| PB 0x000002246e000000| Untracked |  0
|2014|0x0000022470000000, 0x0000022470000000, 0x0000022472000000|  0%| F|  |TAMS 0x0000022470000000| PB 0x0000022470000000| Untracked |  0
|2015|0x0000022472000000, 0x0000022472000000, 0x0000022474000000|  0%| F|  |TAMS 0x0000022472000000| PB 0x0000022472000000| Untracked |  0
|2016|0x0000022474000000, 0x0000022474000000, 0x0000022476000000|  0%| F|  |TAMS 0x0000022474000000| PB 0x0000022474000000| Untracked |  0
|2017|0x0000022476000000, 0x0000022476000000, 0x0000022478000000|  0%| F|  |TAMS 0x0000022476000000| PB 0x0000022476000000| Untracked |  0
|2018|0x0000022478000000, 0x0000022478000000, 0x000002247a000000|  0%| F|  |TAMS 0x0000022478000000| PB 0x0000022478000000| Untracked |  0
|2019|0x000002247a000000, 0x000002247a000000, 0x000002247c000000|  0%| F|  |TAMS 0x000002247a000000| PB 0x000002247a000000| Untracked |  0
|2020|0x000002247c000000, 0x000002247c000000, 0x000002247e000000|  0%| F|  |TAMS 0x000002247c000000| PB 0x000002247c000000| Untracked |  0
|2021|0x000002247e000000, 0x000002247e000000, 0x0000022480000000|  0%| F|  |TAMS 0x000002247e000000| PB 0x000002247e000000| Untracked |  0
|2022|0x0000022480000000, 0x0000022480000000, 0x0000022482000000|  0%| F|  |TAMS 0x0000022480000000| PB 0x0000022480000000| Untracked |  0
|2023|0x0000022482000000, 0x0000022482000000, 0x0000022484000000|  0%| F|  |TAMS 0x0000022482000000| PB 0x0000022482000000| Untracked |  0
|2024|0x0000022484000000, 0x0000022484000000, 0x0000022486000000|  0%| F|  |TAMS 0x0000022484000000| PB 0x0000022484000000| Untracked |  0
|2025|0x0000022486000000, 0x0000022486000000, 0x0000022488000000|  0%| F|  |TAMS 0x0000022486000000| PB 0x0000022486000000| Untracked |  0
|2026|0x0000022488000000, 0x0000022488000000, 0x000002248a000000|  0%| F|  |TAMS 0x0000022488000000| PB 0x0000022488000000| Untracked |  0
|2027|0x000002248a000000, 0x000002248a000000, 0x000002248c000000|  0%| F|  |TAMS 0x000002248a000000| PB 0x000002248a000000| Untracked |  0
|2028|0x000002248c000000, 0x000002248c000000, 0x000002248e000000|  0%| F|  |TAMS 0x000002248c000000| PB 0x000002248c000000| Untracked |  0
|2029|0x000002248e000000, 0x000002248e000000, 0x0000022490000000|  0%| F|  |TAMS 0x000002248e000000| PB 0x000002248e000000| Untracked |  0
|2030|0x0000022490000000, 0x0000022490000000, 0x0000022492000000|  0%| F|  |TAMS 0x0000022490000000| PB 0x0000022490000000| Untracked |  0
|2031|0x0000022492000000, 0x0000022492000000, 0x0000022494000000|  0%| F|  |TAMS 0x0000022492000000| PB 0x0000022492000000| Untracked |  0
|2032|0x0000022494000000, 0x0000022494000000, 0x0000022496000000|  0%| F|  |TAMS 0x0000022494000000| PB 0x0000022494000000| Untracked |  0
|2033|0x0000022496000000, 0x0000022496000000, 0x0000022498000000|  0%| F|  |TAMS 0x0000022496000000| PB 0x0000022496000000| Untracked |  0
|2034|0x0000022498000000, 0x0000022498000000, 0x000002249a000000|  0%| F|  |TAMS 0x0000022498000000| PB 0x0000022498000000| Untracked |  0
|2035|0x000002249a000000, 0x000002249a000000, 0x000002249c000000|  0%| F|  |TAMS 0x000002249a000000| PB 0x000002249a000000| Untracked |  0
|2036|0x000002249c000000, 0x000002249c000000, 0x000002249e000000|  0%| F|  |TAMS 0x000002249c000000| PB 0x000002249c000000| Untracked |  0
|2037|0x000002249e000000, 0x000002249e000000, 0x00000224a0000000|  0%| F|  |TAMS 0x000002249e000000| PB 0x000002249e000000| Untracked |  0
|2038|0x00000224a0000000, 0x00000224a0000000, 0x00000224a2000000|  0%| F|  |TAMS 0x00000224a0000000| PB 0x00000224a0000000| Untracked |  0
|2039|0x00000224a2000000, 0x00000224a2000000, 0x00000224a4000000|  0%| F|  |TAMS 0x00000224a2000000| PB 0x00000224a2000000| Untracked |  0
|2040|0x00000224a4000000, 0x00000224a4000000, 0x00000224a6000000|  0%| F|  |TAMS 0x00000224a4000000| PB 0x00000224a4000000| Untracked |  0
|2041|0x00000224a6000000, 0x00000224a6000000, 0x00000224a8000000|  0%| F|  |TAMS 0x00000224a6000000| PB 0x00000224a6000000| Untracked |  0
|2042|0x00000224a8000000, 0x00000224a8000000, 0x00000224aa000000|  0%| F|  |TAMS 0x00000224a8000000| PB 0x00000224a8000000| Untracked |  0
|2043|0x00000224aa000000, 0x00000224aa000000, 0x00000224ac000000|  0%| F|  |TAMS 0x00000224aa000000| PB 0x00000224aa000000| Untracked |  0
|2044|0x00000224ac000000, 0x00000224ac000000, 0x00000224ae000000|  0%| F|  |TAMS 0x00000224ac000000| PB 0x00000224ac000000| Untracked |  0
|2045|0x00000224ae000000, 0x00000224ae000000, 0x00000224b0000000|  0%| F|  |TAMS 0x00000224ae000000| PB 0x00000224ae000000| Untracked |  0
|2046|0x00000224b0000000, 0x00000224b0000000, 0x00000224b2000000|  0%| F|  |TAMS 0x00000224b0000000| PB 0x00000224b0000000| Untracked |  0
|2047|0x00000224b2000000, 0x00000224b2000000, 0x00000224b4000000|  0%| F|  |TAMS 0x00000224b2000000| PB 0x00000224b2000000| Untracked |  0
|2048|0x00000224b4000000, 0x00000224b4000000, 0x00000224b6000000|  0%| F|  |TAMS 0x00000224b4000000| PB 0x00000224b4000000| Untracked |  0
|2049|0x00000224b6000000, 0x00000224b6000000, 0x00000224b8000000|  0%| F|  |TAMS 0x00000224b6000000| PB 0x00000224b6000000| Untracked |  0
|2050|0x00000224b8000000, 0x00000224b8000000, 0x00000224ba000000|  0%| F|  |TAMS 0x00000224b8000000| PB 0x00000224b8000000| Untracked |  0
|2051|0x00000224ba000000, 0x00000224ba000000, 0x00000224bc000000|  0%| F|  |TAMS 0x00000224ba000000| PB 0x00000224ba000000| Untracked |  0
|2052|0x00000224bc000000, 0x00000224bc000000, 0x00000224be000000|  0%| F|  |TAMS 0x00000224bc000000| PB 0x00000224bc000000| Untracked |  0
|2053|0x00000224be000000, 0x00000224be000000, 0x00000224c0000000|  0%| F|  |TAMS 0x00000224be000000| PB 0x00000224be000000| Untracked |  0
|2054|0x00000224c0000000, 0x00000224c0000000, 0x00000224c2000000|  0%| F|  |TAMS 0x00000224c0000000| PB 0x00000224c0000000| Untracked |  0
|2055|0x00000224c2000000, 0x00000224c2000000, 0x00000224c4000000|  0%| F|  |TAMS 0x00000224c2000000| PB 0x00000224c2000000| Untracked |  0
|2056|0x00000224c4000000, 0x00000224c4000000, 0x00000224c6000000|  0%| F|  |TAMS 0x00000224c4000000| PB 0x00000224c4000000| Untracked |  0
|2057|0x00000224c6000000, 0x00000224c6000000, 0x00000224c8000000|  0%| F|  |TAMS 0x00000224c6000000| PB 0x00000224c6000000| Untracked |  0
|2058|0x00000224c8000000, 0x00000224c8000000, 0x00000224ca000000|  0%| F|  |TAMS 0x00000224c8000000| PB 0x00000224c8000000| Untracked |  0
|2059|0x00000224ca000000, 0x00000224ca000000, 0x00000224cc000000|  0%| F|  |TAMS 0x00000224ca000000| PB 0x00000224ca000000| Untracked |  0
|2060|0x00000224cc000000, 0x00000224cc000000, 0x00000224ce000000|  0%| F|  |TAMS 0x00000224cc000000| PB 0x00000224cc000000| Untracked |  0
|2061|0x00000224ce000000, 0x00000224ce000000, 0x00000224d0000000|  0%| F|  |TAMS 0x00000224ce000000| PB 0x00000224ce000000| Untracked |  0
|2062|0x00000224d0000000, 0x00000224d0000000, 0x00000224d2000000|  0%| F|  |TAMS 0x00000224d0000000| PB 0x00000224d0000000| Untracked |  0
|2063|0x00000224d2000000, 0x00000224d2000000, 0x00000224d4000000|  0%| F|  |TAMS 0x00000224d2000000| PB 0x00000224d2000000| Untracked |  0
|2064|0x00000224d4000000, 0x00000224d4000000, 0x00000224d6000000|  0%| F|  |TAMS 0x00000224d4000000| PB 0x00000224d4000000| Untracked |  0
|2065|0x00000224d6000000, 0x00000224d6000000, 0x00000224d8000000|  0%| F|  |TAMS 0x00000224d6000000| PB 0x00000224d6000000| Untracked |  0
|2066|0x00000224d8000000, 0x00000224d8000000, 0x00000224da000000|  0%| F|  |TAMS 0x00000224d8000000| PB 0x00000224d8000000| Untracked |  0
|2067|0x00000224da000000, 0x00000224da000000, 0x00000224dc000000|  0%| F|  |TAMS 0x00000224da000000| PB 0x00000224da000000| Untracked |  0
|2068|0x00000224dc000000, 0x00000224dc000000, 0x00000224de000000|  0%| F|  |TAMS 0x00000224dc000000| PB 0x00000224dc000000| Untracked |  0
|2069|0x00000224de000000, 0x00000224de000000, 0x00000224e0000000|  0%| F|  |TAMS 0x00000224de000000| PB 0x00000224de000000| Untracked |  0
|2070|0x00000224e0000000, 0x00000224e0000000, 0x00000224e2000000|  0%| F|  |TAMS 0x00000224e0000000| PB 0x00000224e0000000| Untracked |  0
|2071|0x00000224e2000000, 0x00000224e2000000, 0x00000224e4000000|  0%| F|  |TAMS 0x00000224e2000000| PB 0x00000224e2000000| Untracked |  0
|2072|0x00000224e4000000, 0x00000224e4000000, 0x00000224e6000000|  0%| F|  |TAMS 0x00000224e4000000| PB 0x00000224e4000000| Untracked |  0
|2073|0x00000224e6000000, 0x00000224e6000000, 0x00000224e8000000|  0%| F|  |TAMS 0x00000224e6000000| PB 0x00000224e6000000| Untracked |  0
|2074|0x00000224e8000000, 0x00000224e8000000, 0x00000224ea000000|  0%| F|  |TAMS 0x00000224e8000000| PB 0x00000224e8000000| Untracked |  0
|2075|0x00000224ea000000, 0x00000224ea000000, 0x00000224ec000000|  0%| F|  |TAMS 0x00000224ea000000| PB 0x00000224ea000000| Untracked |  0
|2076|0x00000224ec000000, 0x00000224ec000000, 0x00000224ee000000|  0%| F|  |TAMS 0x00000224ec000000| PB 0x00000224ec000000| Untracked |  0
|2077|0x00000224ee000000, 0x00000224ee000000, 0x00000224f0000000|  0%| F|  |TAMS 0x00000224ee000000| PB 0x00000224ee000000| Untracked |  0
|2078|0x00000224f0000000, 0x00000224f0000000, 0x00000224f2000000|  0%| F|  |TAMS 0x00000224f0000000| PB 0x00000224f0000000| Untracked |  0
|2079|0x00000224f2000000, 0x00000224f2000000, 0x00000224f4000000|  0%| F|  |TAMS 0x00000224f2000000| PB 0x00000224f2000000| Untracked |  0
|2080|0x00000224f4000000, 0x00000224f4000000, 0x00000224f6000000|  0%| F|  |TAMS 0x00000224f4000000| PB 0x00000224f4000000| Untracked |  0
|2081|0x00000224f6000000, 0x00000224f6000000, 0x00000224f8000000|  0%| F|  |TAMS 0x00000224f6000000| PB 0x00000224f6000000| Untracked |  0
|2082|0x00000224f8000000, 0x00000224f8000000, 0x00000224fa000000|  0%| F|  |TAMS 0x00000224f8000000| PB 0x00000224f8000000| Untracked |  0
|2083|0x00000224fa000000, 0x00000224fa000000, 0x00000224fc000000|  0%| F|  |TAMS 0x00000224fa000000| PB 0x00000224fa000000| Untracked |  0
|2084|0x00000224fc000000, 0x00000224fc000000, 0x00000224fe000000|  0%| F|  |TAMS 0x00000224fc000000| PB 0x00000224fc000000| Untracked |  0
|2085|0x00000224fe000000, 0x00000224fe000000, 0x0000022500000000|  0%| F|  |TAMS 0x00000224fe000000| PB 0x00000224fe000000| Untracked |  0
|2086|0x0000022500000000, 0x0000022500000000, 0x0000022502000000|  0%| F|  |TAMS 0x0000022500000000| PB 0x0000022500000000| Untracked |  0
|2087|0x0000022502000000, 0x0000022502000000, 0x0000022504000000|  0%| F|  |TAMS 0x0000022502000000| PB 0x0000022502000000| Untracked |  0
|2088|0x0000022504000000, 0x0000022504000000, 0x0000022506000000|  0%| F|  |TAMS 0x0000022504000000| PB 0x0000022504000000| Untracked |  0
|2089|0x0000022506000000, 0x0000022506000000, 0x0000022508000000|  0%| F|  |TAMS 0x0000022506000000| PB 0x0000022506000000| Untracked |  0
|2090|0x0000022508000000, 0x0000022508000000, 0x000002250a000000|  0%| F|  |TAMS 0x0000022508000000| PB 0x0000022508000000| Untracked |  0
|2091|0x000002250a000000, 0x000002250a000000, 0x000002250c000000|  0%| F|  |TAMS 0x000002250a000000| PB 0x000002250a000000| Untracked |  0
|2092|0x000002250c000000, 0x000002250c000000, 0x000002250e000000|  0%| F|  |TAMS 0x000002250c000000| PB 0x000002250c000000| Untracked |  0
|2093|0x000002250e000000, 0x000002250e000000, 0x0000022510000000|  0%| F|  |TAMS 0x000002250e000000| PB 0x000002250e000000| Untracked |  0
|2094|0x0000022510000000, 0x0000022510000000, 0x0000022512000000|  0%| F|  |TAMS 0x0000022510000000| PB 0x0000022510000000| Untracked |  0
|2095|0x0000022512000000, 0x0000022512000000, 0x0000022514000000|  0%| F|  |TAMS 0x0000022512000000| PB 0x0000022512000000| Untracked |  0
|2096|0x0000022514000000, 0x0000022514000000, 0x0000022516000000|  0%| F|  |TAMS 0x0000022514000000| PB 0x0000022514000000| Untracked |  0
|2097|0x0000022516000000, 0x0000022516000000, 0x0000022518000000|  0%| F|  |TAMS 0x0000022516000000| PB 0x0000022516000000| Untracked |  0
|2098|0x0000022518000000, 0x0000022518000000, 0x000002251a000000|  0%| F|  |TAMS 0x0000022518000000| PB 0x0000022518000000| Untracked |  0
|2099|0x000002251a000000, 0x000002251a000000, 0x000002251c000000|  0%| F|  |TAMS 0x000002251a000000| PB 0x000002251a000000| Untracked |  0
|2100|0x000002251c000000, 0x000002251c000000, 0x000002251e000000|  0%| F|  |TAMS 0x000002251c000000| PB 0x000002251c000000| Untracked |  0
|2101|0x000002251e000000, 0x000002251e000000, 0x0000022520000000|  0%| F|  |TAMS 0x000002251e000000| PB 0x000002251e000000| Untracked |  0
|2102|0x0000022520000000, 0x0000022520000000, 0x0000022522000000|  0%| F|  |TAMS 0x0000022520000000| PB 0x0000022520000000| Untracked |  0
|2103|0x0000022522000000, 0x0000022522000000, 0x0000022524000000|  0%| F|  |TAMS 0x0000022522000000| PB 0x0000022522000000| Untracked |  0
|2104|0x0000022524000000, 0x0000022524000000, 0x0000022526000000|  0%| F|  |TAMS 0x0000022524000000| PB 0x0000022524000000| Untracked |  0
|2105|0x0000022526000000, 0x0000022526000000, 0x0000022528000000|  0%| F|  |TAMS 0x0000022526000000| PB 0x0000022526000000| Untracked |  0
|2106|0x0000022528000000, 0x0000022528000000, 0x000002252a000000|  0%| F|  |TAMS 0x0000022528000000| PB 0x0000022528000000| Untracked |  0
|2107|0x000002252a000000, 0x000002252a000000, 0x000002252c000000|  0%| F|  |TAMS 0x000002252a000000| PB 0x000002252a000000| Untracked |  0
|2108|0x000002252c000000, 0x000002252c000000, 0x000002252e000000|  0%| F|  |TAMS 0x000002252c000000| PB 0x000002252c000000| Untracked |  0
|2109|0x000002252e000000, 0x000002252e000000, 0x0000022530000000|  0%| F|  |TAMS 0x000002252e000000| PB 0x000002252e000000| Untracked |  0
|2110|0x0000022530000000, 0x0000022530000000, 0x0000022532000000|  0%| F|  |TAMS 0x0000022530000000| PB 0x0000022530000000| Untracked |  0
|2111|0x0000022532000000, 0x0000022532000000, 0x0000022534000000|  0%| F|  |TAMS 0x0000022532000000| PB 0x0000022532000000| Untracked |  0
|2112|0x0000022534000000, 0x0000022534000000, 0x0000022536000000|  0%| F|  |TAMS 0x0000022534000000| PB 0x0000022534000000| Untracked |  0
|2113|0x0000022536000000, 0x0000022536000000, 0x0000022538000000|  0%| F|  |TAMS 0x0000022536000000| PB 0x0000022536000000| Untracked |  0
|2114|0x0000022538000000, 0x0000022538000000, 0x000002253a000000|  0%| F|  |TAMS 0x0000022538000000| PB 0x0000022538000000| Untracked |  0
|2115|0x000002253a000000, 0x000002253a000000, 0x000002253c000000|  0%| F|  |TAMS 0x000002253a000000| PB 0x000002253a000000| Untracked |  0
|2116|0x000002253c000000, 0x000002253c000000, 0x000002253e000000|  0%| F|  |TAMS 0x000002253c000000| PB 0x000002253c000000| Untracked |  0
|2117|0x000002253e000000, 0x000002253e000000, 0x0000022540000000|  0%| F|  |TAMS 0x000002253e000000| PB 0x000002253e000000| Untracked |  0
|2118|0x0000022540000000, 0x0000022540000000, 0x0000022542000000|  0%| F|  |TAMS 0x0000022540000000| PB 0x0000022540000000| Untracked |  0
|2119|0x0000022542000000, 0x0000022542000000, 0x0000022544000000|  0%| F|  |TAMS 0x0000022542000000| PB 0x0000022542000000| Untracked |  0
|2120|0x0000022544000000, 0x0000022544000000, 0x0000022546000000|  0%| F|  |TAMS 0x0000022544000000| PB 0x0000022544000000| Untracked |  0
|2121|0x0000022546000000, 0x0000022546000000, 0x0000022548000000|  0%| F|  |TAMS 0x0000022546000000| PB 0x0000022546000000| Untracked |  0
|2122|0x0000022548000000, 0x0000022548000000, 0x000002254a000000|  0%| F|  |TAMS 0x0000022548000000| PB 0x0000022548000000| Untracked |  0
|2123|0x000002254a000000, 0x000002254a000000, 0x000002254c000000|  0%| F|  |TAMS 0x000002254a000000| PB 0x000002254a000000| Untracked |  0
|2124|0x000002254c000000, 0x000002254c000000, 0x000002254e000000|  0%| F|  |TAMS 0x000002254c000000| PB 0x000002254c000000| Untracked |  0
|2125|0x000002254e000000, 0x000002254e000000, 0x0000022550000000|  0%| F|  |TAMS 0x000002254e000000| PB 0x000002254e000000| Untracked |  0
|2126|0x0000022550000000, 0x0000022550000000, 0x0000022552000000|  0%| F|  |TAMS 0x0000022550000000| PB 0x0000022550000000| Untracked |  0
|2127|0x0000022552000000, 0x0000022552000000, 0x0000022554000000|  0%| F|  |TAMS 0x0000022552000000| PB 0x0000022552000000| Untracked |  0
|2128|0x0000022554000000, 0x0000022554000000, 0x0000022556000000|  0%| F|  |TAMS 0x0000022554000000| PB 0x0000022554000000| Untracked |  0
|2129|0x0000022556000000, 0x0000022556000000, 0x0000022558000000|  0%| F|  |TAMS 0x0000022556000000| PB 0x0000022556000000| Untracked |  0
|2130|0x0000022558000000, 0x0000022558000000, 0x000002255a000000|  0%| F|  |TAMS 0x0000022558000000| PB 0x0000022558000000| Untracked |  0
|2131|0x000002255a000000, 0x000002255a000000, 0x000002255c000000|  0%| F|  |TAMS 0x000002255a000000| PB 0x000002255a000000| Untracked |  0
|2132|0x000002255c000000, 0x000002255c000000, 0x000002255e000000|  0%| F|  |TAMS 0x000002255c000000| PB 0x000002255c000000| Untracked |  0
|2133|0x000002255e000000, 0x000002255e000000, 0x0000022560000000|  0%| F|  |TAMS 0x000002255e000000| PB 0x000002255e000000| Untracked |  0
|2134|0x0000022560000000, 0x0000022560000000, 0x0000022562000000|  0%| F|  |TAMS 0x0000022560000000| PB 0x0000022560000000| Untracked |  0
|2135|0x0000022562000000, 0x0000022562000000, 0x0000022564000000|  0%| F|  |TAMS 0x0000022562000000| PB 0x0000022562000000| Untracked |  0
|2136|0x0000022564000000, 0x0000022564000000, 0x0000022566000000|  0%| F|  |TAMS 0x0000022564000000| PB 0x0000022564000000| Untracked |  0
|2137|0x0000022566000000, 0x0000022566000000, 0x0000022568000000|  0%| F|  |TAMS 0x0000022566000000| PB 0x0000022566000000| Untracked |  0
|2138|0x0000022568000000, 0x0000022568000000, 0x000002256a000000|  0%| F|  |TAMS 0x0000022568000000| PB 0x0000022568000000| Untracked |  0
|2139|0x000002256a000000, 0x000002256a000000, 0x000002256c000000|  0%| F|  |TAMS 0x000002256a000000| PB 0x000002256a000000| Untracked |  0
|2140|0x000002256c000000, 0x000002256c000000, 0x000002256e000000|  0%| F|  |TAMS 0x000002256c000000| PB 0x000002256c000000| Untracked |  0
|2141|0x000002256e000000, 0x000002256e000000, 0x0000022570000000|  0%| F|  |TAMS 0x000002256e000000| PB 0x000002256e000000| Untracked |  0
|2142|0x0000022570000000, 0x0000022570000000, 0x0000022572000000|  0%| F|  |TAMS 0x0000022570000000| PB 0x0000022570000000| Untracked |  0
|2143|0x0000022572000000, 0x0000022572000000, 0x0000022574000000|  0%| F|  |TAMS 0x0000022572000000| PB 0x0000022572000000| Untracked |  0
|2144|0x0000022574000000, 0x0000022574000000, 0x0000022576000000|  0%| F|  |TAMS 0x0000022574000000| PB 0x0000022574000000| Untracked |  0
|2145|0x0000022576000000, 0x0000022576000000, 0x0000022578000000|  0%| F|  |TAMS 0x0000022576000000| PB 0x0000022576000000| Untracked |  0
|2146|0x0000022578000000, 0x0000022578000000, 0x000002257a000000|  0%| F|  |TAMS 0x0000022578000000| PB 0x0000022578000000| Untracked |  0
|2147|0x000002257a000000, 0x000002257a000000, 0x000002257c000000|  0%| F|  |TAMS 0x000002257a000000| PB 0x000002257a000000| Untracked |  0
|2148|0x000002257c000000, 0x000002257c000000, 0x000002257e000000|  0%| F|  |TAMS 0x000002257c000000| PB 0x000002257c000000| Untracked |  0
|2149|0x000002257e000000, 0x000002257e000000, 0x0000022580000000|  0%| F|  |TAMS 0x000002257e000000| PB 0x000002257e000000| Untracked |  0
|2150|0x0000022580000000, 0x0000022580000000, 0x0000022582000000|  0%| F|  |TAMS 0x0000022580000000| PB 0x0000022580000000| Untracked |  0
|2151|0x0000022582000000, 0x0000022582000000, 0x0000022584000000|  0%| F|  |TAMS 0x0000022582000000| PB 0x0000022582000000| Untracked |  0
|2152|0x0000022584000000, 0x0000022584000000, 0x0000022586000000|  0%| F|  |TAMS 0x0000022584000000| PB 0x0000022584000000| Untracked |  0
|2153|0x0000022586000000, 0x0000022586000000, 0x0000022588000000|  0%| F|  |TAMS 0x0000022586000000| PB 0x0000022586000000| Untracked |  0
|2154|0x0000022588000000, 0x0000022588000000, 0x000002258a000000|  0%| F|  |TAMS 0x0000022588000000| PB 0x0000022588000000| Untracked |  0
|2155|0x000002258a000000, 0x000002258a000000, 0x000002258c000000|  0%| F|  |TAMS 0x000002258a000000| PB 0x000002258a000000| Untracked |  0
|2156|0x000002258c000000, 0x000002258c000000, 0x000002258e000000|  0%| F|  |TAMS 0x000002258c000000| PB 0x000002258c000000| Untracked |  0
|2157|0x000002258e000000, 0x000002258e000000, 0x0000022590000000|  0%| F|  |TAMS 0x000002258e000000| PB 0x000002258e000000| Untracked |  0
|2158|0x0000022590000000, 0x0000022590000000, 0x0000022592000000|  0%| F|  |TAMS 0x0000022590000000| PB 0x0000022590000000| Untracked |  0
|2159|0x0000022592000000, 0x0000022592000000, 0x0000022594000000|  0%| F|  |TAMS 0x0000022592000000| PB 0x0000022592000000| Untracked |  0
|2160|0x0000022594000000, 0x0000022594000000, 0x0000022596000000|  0%| F|  |TAMS 0x0000022594000000| PB 0x0000022594000000| Untracked |  0
|2161|0x0000022596000000, 0x0000022596000000, 0x0000022598000000|  0%| F|  |TAMS 0x0000022596000000| PB 0x0000022596000000| Untracked |  0
|2162|0x0000022598000000, 0x0000022598000000, 0x000002259a000000|  0%| F|  |TAMS 0x0000022598000000| PB 0x0000022598000000| Untracked |  0
|2163|0x000002259a000000, 0x000002259a000000, 0x000002259c000000|  0%| F|  |TAMS 0x000002259a000000| PB 0x000002259a000000| Untracked |  0
|2164|0x000002259c000000, 0x000002259c000000, 0x000002259e000000|  0%| F|  |TAMS 0x000002259c000000| PB 0x000002259c000000| Untracked |  0
|2165|0x000002259e000000, 0x000002259e000000, 0x00000225a0000000|  0%| F|  |TAMS 0x000002259e000000| PB 0x000002259e000000| Untracked |  0
|2166|0x00000225a0000000, 0x00000225a0000000, 0x00000225a2000000|  0%| F|  |TAMS 0x00000225a0000000| PB 0x00000225a0000000| Untracked |  0
|2167|0x00000225a2000000, 0x00000225a2000000, 0x00000225a4000000|  0%| F|  |TAMS 0x00000225a2000000| PB 0x00000225a2000000| Untracked |  0
|2168|0x00000225a4000000, 0x00000225a4000000, 0x00000225a6000000|  0%| F|  |TAMS 0x00000225a4000000| PB 0x00000225a4000000| Untracked |  0
|2169|0x00000225a6000000, 0x00000225a6000000, 0x00000225a8000000|  0%| F|  |TAMS 0x00000225a6000000| PB 0x00000225a6000000| Untracked |  0
|2170|0x00000225a8000000, 0x00000225a8000000, 0x00000225aa000000|  0%| F|  |TAMS 0x00000225a8000000| PB 0x00000225a8000000| Untracked |  0
|2171|0x00000225aa000000, 0x00000225aa000000, 0x00000225ac000000|  0%| F|  |TAMS 0x00000225aa000000| PB 0x00000225aa000000| Untracked |  0
|2172|0x00000225ac000000, 0x00000225ac000000, 0x00000225ae000000|  0%| F|  |TAMS 0x00000225ac000000| PB 0x00000225ac000000| Untracked |  0
|2173|0x00000225ae000000, 0x00000225ae000000, 0x00000225b0000000|  0%| F|  |TAMS 0x00000225ae000000| PB 0x00000225ae000000| Untracked |  0
|2174|0x00000225b0000000, 0x00000225b0000000, 0x00000225b2000000|  0%| F|  |TAMS 0x00000225b0000000| PB 0x00000225b0000000| Untracked |  0
|2175|0x00000225b2000000, 0x00000225b2000000, 0x00000225b4000000|  0%| F|  |TAMS 0x00000225b2000000| PB 0x00000225b2000000| Untracked |  0
|2176|0x00000225b4000000, 0x00000225b4000000, 0x00000225b6000000|  0%| F|  |TAMS 0x00000225b4000000| PB 0x00000225b4000000| Untracked |  0
|2177|0x00000225b6000000, 0x00000225b6000000, 0x00000225b8000000|  0%| F|  |TAMS 0x00000225b6000000| PB 0x00000225b6000000| Untracked |  0
|2178|0x00000225b8000000, 0x00000225b8000000, 0x00000225ba000000|  0%| F|  |TAMS 0x00000225b8000000| PB 0x00000225b8000000| Untracked |  0
|2179|0x00000225ba000000, 0x00000225ba000000, 0x00000225bc000000|  0%| F|  |TAMS 0x00000225ba000000| PB 0x00000225ba000000| Untracked |  0
|2180|0x00000225bc000000, 0x00000225bc000000, 0x00000225be000000|  0%| F|  |TAMS 0x00000225bc000000| PB 0x00000225bc000000| Untracked |  0
|2181|0x00000225be000000, 0x00000225be000000, 0x00000225c0000000|  0%| F|  |TAMS 0x00000225be000000| PB 0x00000225be000000| Untracked |  0
|2182|0x00000225c0000000, 0x00000225c0000000, 0x00000225c2000000|  0%| F|  |TAMS 0x00000225c0000000| PB 0x00000225c0000000| Untracked |  0
|2183|0x00000225c2000000, 0x00000225c2000000, 0x00000225c4000000|  0%| F|  |TAMS 0x00000225c2000000| PB 0x00000225c2000000| Untracked |  0
|2184|0x00000225c4000000, 0x00000225c4000000, 0x00000225c6000000|  0%| F|  |TAMS 0x00000225c4000000| PB 0x00000225c4000000| Untracked |  0
|2185|0x00000225c6000000, 0x00000225c6000000, 0x00000225c8000000|  0%| F|  |TAMS 0x00000225c6000000| PB 0x00000225c6000000| Untracked |  0
|2186|0x00000225c8000000, 0x00000225c8000000, 0x00000225ca000000|  0%| F|  |TAMS 0x00000225c8000000| PB 0x00000225c8000000| Untracked |  0
|2187|0x00000225ca000000, 0x00000225ca000000, 0x00000225cc000000|  0%| F|  |TAMS 0x00000225ca000000| PB 0x00000225ca000000| Untracked |  0
|2188|0x00000225cc000000, 0x00000225cc000000, 0x00000225ce000000|  0%| F|  |TAMS 0x00000225cc000000| PB 0x00000225cc000000| Untracked |  0
|2189|0x00000225ce000000, 0x00000225ce000000, 0x00000225d0000000|  0%| F|  |TAMS 0x00000225ce000000| PB 0x00000225ce000000| Untracked |  0
|2190|0x00000225d0000000, 0x00000225d0000000, 0x00000225d2000000|  0%| F|  |TAMS 0x00000225d0000000| PB 0x00000225d0000000| Untracked |  0
|2191|0x00000225d2000000, 0x00000225d2000000, 0x00000225d4000000|  0%| F|  |TAMS 0x00000225d2000000| PB 0x00000225d2000000| Untracked |  0
|2192|0x00000225d4000000, 0x00000225d4000000, 0x00000225d6000000|  0%| F|  |TAMS 0x00000225d4000000| PB 0x00000225d4000000| Untracked |  0
|2193|0x00000225d6000000, 0x00000225d6000000, 0x00000225d8000000|  0%| F|  |TAMS 0x00000225d6000000| PB 0x00000225d6000000| Untracked |  0
|2194|0x00000225d8000000, 0x00000225d8000000, 0x00000225da000000|  0%| F|  |TAMS 0x00000225d8000000| PB 0x00000225d8000000| Untracked |  0
|2195|0x00000225da000000, 0x00000225da000000, 0x00000225dc000000|  0%| F|  |TAMS 0x00000225da000000| PB 0x00000225da000000| Untracked |  0
|2196|0x00000225dc000000, 0x00000225dc000000, 0x00000225de000000|  0%| F|  |TAMS 0x00000225dc000000| PB 0x00000225dc000000| Untracked |  0
|2197|0x00000225de000000, 0x00000225de000000, 0x00000225e0000000|  0%| F|  |TAMS 0x00000225de000000| PB 0x00000225de000000| Untracked |  0
|2198|0x00000225e0000000, 0x00000225e0000000, 0x00000225e2000000|  0%| F|  |TAMS 0x00000225e0000000| PB 0x00000225e0000000| Untracked |  0
|2199|0x00000225e2000000, 0x00000225e2000000, 0x00000225e4000000|  0%| F|  |TAMS 0x00000225e2000000| PB 0x00000225e2000000| Untracked |  0
|2200|0x00000225e4000000, 0x00000225e4000000, 0x00000225e6000000|  0%| F|  |TAMS 0x00000225e4000000| PB 0x00000225e4000000| Untracked |  0
|2201|0x00000225e6000000, 0x00000225e6000000, 0x00000225e8000000|  0%| F|  |TAMS 0x00000225e6000000| PB 0x00000225e6000000| Untracked |  0
|2202|0x00000225e8000000, 0x00000225e8000000, 0x00000225ea000000|  0%| F|  |TAMS 0x00000225e8000000| PB 0x00000225e8000000| Untracked |  0
|2203|0x00000225ea000000, 0x00000225ea000000, 0x00000225ec000000|  0%| F|  |TAMS 0x00000225ea000000| PB 0x00000225ea000000| Untracked |  0
|2204|0x00000225ec000000, 0x00000225ec000000, 0x00000225ee000000|  0%| F|  |TAMS 0x00000225ec000000| PB 0x00000225ec000000| Untracked |  0
|2205|0x00000225ee000000, 0x00000225ee000000, 0x00000225f0000000|  0%| F|  |TAMS 0x00000225ee000000| PB 0x00000225ee000000| Untracked |  0
|2206|0x00000225f0000000, 0x00000225f0000000, 0x00000225f2000000|  0%| F|  |TAMS 0x00000225f0000000| PB 0x00000225f0000000| Untracked |  0
|2207|0x00000225f2000000, 0x00000225f2000000, 0x00000225f4000000|  0%| F|  |TAMS 0x00000225f2000000| PB 0x00000225f2000000| Untracked |  0
|2208|0x00000225f4000000, 0x00000225f4000000, 0x00000225f6000000|  0%| F|  |TAMS 0x00000225f4000000| PB 0x00000225f4000000| Untracked |  0
|2209|0x00000225f6000000, 0x00000225f6000000, 0x00000225f8000000|  0%| F|  |TAMS 0x00000225f6000000| PB 0x00000225f6000000| Untracked |  0
|2210|0x00000225f8000000, 0x00000225f8000000, 0x00000225fa000000|  0%| F|  |TAMS 0x00000225f8000000| PB 0x00000225f8000000| Untracked |  0
|2211|0x00000225fa000000, 0x00000225fa000000, 0x00000225fc000000|  0%| F|  |TAMS 0x00000225fa000000| PB 0x00000225fa000000| Untracked |  0
|2212|0x00000225fc000000, 0x00000225fc000000, 0x00000225fe000000|  0%| F|  |TAMS 0x00000225fc000000| PB 0x00000225fc000000| Untracked |  0
|2213|0x00000225fe000000, 0x00000225fe000000, 0x0000022600000000|  0%| F|  |TAMS 0x00000225fe000000| PB 0x00000225fe000000| Untracked |  0
|2214|0x0000022600000000, 0x0000022600000000, 0x0000022602000000|  0%| F|  |TAMS 0x0000022600000000| PB 0x0000022600000000| Untracked |  0
|2215|0x0000022602000000, 0x0000022602000000, 0x0000022604000000|  0%| F|  |TAMS 0x0000022602000000| PB 0x0000022602000000| Untracked |  0
|2216|0x0000022604000000, 0x0000022604000000, 0x0000022606000000|  0%| F|  |TAMS 0x0000022604000000| PB 0x0000022604000000| Untracked |  0
|2217|0x0000022606000000, 0x0000022606000000, 0x0000022608000000|  0%| F|  |TAMS 0x0000022606000000| PB 0x0000022606000000| Untracked |  0
|2218|0x0000022608000000, 0x0000022608000000, 0x000002260a000000|  0%| F|  |TAMS 0x0000022608000000| PB 0x0000022608000000| Untracked |  0
|2219|0x000002260a000000, 0x000002260a000000, 0x000002260c000000|  0%| F|  |TAMS 0x000002260a000000| PB 0x000002260a000000| Untracked |  0
|2220|0x000002260c000000, 0x000002260c000000, 0x000002260e000000|  0%| F|  |TAMS 0x000002260c000000| PB 0x000002260c000000| Untracked |  0
|2221|0x000002260e000000, 0x000002260e000000, 0x0000022610000000|  0%| F|  |TAMS 0x000002260e000000| PB 0x000002260e000000| Untracked |  0
|2222|0x0000022610000000, 0x0000022610000000, 0x0000022612000000|  0%| F|  |TAMS 0x0000022610000000| PB 0x0000022610000000| Untracked |  0
|2223|0x0000022612000000, 0x0000022612000000, 0x0000022614000000|  0%| F|  |TAMS 0x0000022612000000| PB 0x0000022612000000| Untracked |  0
|2224|0x0000022614000000, 0x0000022614000000, 0x0000022616000000|  0%| F|  |TAMS 0x0000022614000000| PB 0x0000022614000000| Untracked |  0
|2225|0x0000022616000000, 0x0000022616000000, 0x0000022618000000|  0%| F|  |TAMS 0x0000022616000000| PB 0x0000022616000000| Untracked |  0
|2226|0x0000022618000000, 0x0000022618000000, 0x000002261a000000|  0%| F|  |TAMS 0x0000022618000000| PB 0x0000022618000000| Untracked |  0
|2227|0x000002261a000000, 0x000002261a000000, 0x000002261c000000|  0%| F|  |TAMS 0x000002261a000000| PB 0x000002261a000000| Untracked |  0
|2228|0x000002261c000000, 0x000002261c000000, 0x000002261e000000|  0%| F|  |TAMS 0x000002261c000000| PB 0x000002261c000000| Untracked |  0
|2229|0x000002261e000000, 0x000002261e000000, 0x0000022620000000|  0%| F|  |TAMS 0x000002261e000000| PB 0x000002261e000000| Untracked |  0
|2230|0x0000022620000000, 0x0000022620000000, 0x0000022622000000|  0%| F|  |TAMS 0x0000022620000000| PB 0x0000022620000000| Untracked |  0
|2231|0x0000022622000000, 0x0000022622000000, 0x0000022624000000|  0%| F|  |TAMS 0x0000022622000000| PB 0x0000022622000000| Untracked |  0
|2232|0x0000022624000000, 0x0000022624000000, 0x0000022626000000|  0%| F|  |TAMS 0x0000022624000000| PB 0x0000022624000000| Untracked |  0
|2233|0x0000022626000000, 0x0000022626000000, 0x0000022628000000|  0%| F|  |TAMS 0x0000022626000000| PB 0x0000022626000000| Untracked |  0
|2234|0x0000022628000000, 0x0000022628000000, 0x000002262a000000|  0%| F|  |TAMS 0x0000022628000000| PB 0x0000022628000000| Untracked |  0
|2235|0x000002262a000000, 0x000002262a000000, 0x000002262c000000|  0%| F|  |TAMS 0x000002262a000000| PB 0x000002262a000000| Untracked |  0
|2236|0x000002262c000000, 0x000002262c000000, 0x000002262e000000|  0%| F|  |TAMS 0x000002262c000000| PB 0x000002262c000000| Untracked |  0
|2237|0x000002262e000000, 0x000002262e000000, 0x0000022630000000|  0%| F|  |TAMS 0x000002262e000000| PB 0x000002262e000000| Untracked |  0
|2238|0x0000022630000000, 0x0000022630000000, 0x0000022632000000|  0%| F|  |TAMS 0x0000022630000000| PB 0x0000022630000000| Untracked |  0
|2239|0x0000022632000000, 0x0000022632000000, 0x0000022634000000|  0%| F|  |TAMS 0x0000022632000000| PB 0x0000022632000000| Untracked |  0
|2240|0x0000022634000000, 0x0000022634000000, 0x0000022636000000|  0%| F|  |TAMS 0x0000022634000000| PB 0x0000022634000000| Untracked |  0
|2241|0x0000022636000000, 0x0000022636000000, 0x0000022638000000|  0%| F|  |TAMS 0x0000022636000000| PB 0x0000022636000000| Untracked |  0
|2242|0x0000022638000000, 0x0000022638000000, 0x000002263a000000|  0%| F|  |TAMS 0x0000022638000000| PB 0x0000022638000000| Untracked |  0
|2243|0x000002263a000000, 0x000002263a000000, 0x000002263c000000|  0%| F|  |TAMS 0x000002263a000000| PB 0x000002263a000000| Untracked |  0
|2244|0x000002263c000000, 0x000002263c000000, 0x000002263e000000|  0%| F|  |TAMS 0x000002263c000000| PB 0x000002263c000000| Untracked |  0
|2245|0x000002263e000000, 0x000002263e000000, 0x0000022640000000|  0%| F|  |TAMS 0x000002263e000000| PB 0x000002263e000000| Untracked |  0
|2246|0x0000022640000000, 0x0000022640000000, 0x0000022642000000|  0%| F|  |TAMS 0x0000022640000000| PB 0x0000022640000000| Untracked |  0
|2247|0x0000022642000000, 0x0000022642000000, 0x0000022644000000|  0%| F|  |TAMS 0x0000022642000000| PB 0x0000022642000000| Untracked |  0
|2248|0x0000022644000000, 0x0000022644000000, 0x0000022646000000|  0%| F|  |TAMS 0x0000022644000000| PB 0x0000022644000000| Untracked |  0
|2249|0x0000022646000000, 0x0000022646000000, 0x0000022648000000|  0%| F|  |TAMS 0x0000022646000000| PB 0x0000022646000000| Untracked |  0
|2250|0x0000022648000000, 0x0000022648000000, 0x000002264a000000|  0%| F|  |TAMS 0x0000022648000000| PB 0x0000022648000000| Untracked |  0
|2251|0x000002264a000000, 0x000002264a000000, 0x000002264c000000|  0%| F|  |TAMS 0x000002264a000000| PB 0x000002264a000000| Untracked |  0
|2252|0x000002264c000000, 0x000002264c000000, 0x000002264e000000|  0%| F|  |TAMS 0x000002264c000000| PB 0x000002264c000000| Untracked |  0
|2253|0x000002264e000000, 0x000002264e000000, 0x0000022650000000|  0%| F|  |TAMS 0x000002264e000000| PB 0x000002264e000000| Untracked |  0
|2254|0x0000022650000000, 0x0000022650000000, 0x0000022652000000|  0%| F|  |TAMS 0x0000022650000000| PB 0x0000022650000000| Untracked |  0
|2255|0x0000022652000000, 0x0000022652000000, 0x0000022654000000|  0%| F|  |TAMS 0x0000022652000000| PB 0x0000022652000000| Untracked |  0
|2256|0x0000022654000000, 0x0000022654000000, 0x0000022656000000|  0%| F|  |TAMS 0x0000022654000000| PB 0x0000022654000000| Untracked |  0
|2257|0x0000022656000000, 0x0000022656000000, 0x0000022658000000|  0%| F|  |TAMS 0x0000022656000000| PB 0x0000022656000000| Untracked |  0
|2258|0x0000022658000000, 0x0000022658000000, 0x000002265a000000|  0%| F|  |TAMS 0x0000022658000000| PB 0x0000022658000000| Untracked |  0
|2259|0x000002265a000000, 0x000002265a000000, 0x000002265c000000|  0%| F|  |TAMS 0x000002265a000000| PB 0x000002265a000000| Untracked |  0
|2260|0x000002265c000000, 0x000002265c000000, 0x000002265e000000|  0%| F|  |TAMS 0x000002265c000000| PB 0x000002265c000000| Untracked |  0
|2261|0x000002265e000000, 0x000002265e000000, 0x0000022660000000|  0%| F|  |TAMS 0x000002265e000000| PB 0x000002265e000000| Untracked |  0
|2262|0x0000022660000000, 0x0000022660000000, 0x0000022662000000|  0%| F|  |TAMS 0x0000022660000000| PB 0x0000022660000000| Untracked |  0
|2263|0x0000022662000000, 0x0000022662000000, 0x0000022664000000|  0%| F|  |TAMS 0x0000022662000000| PB 0x0000022662000000| Untracked |  0
|2264|0x0000022664000000, 0x0000022664000000, 0x0000022666000000|  0%| F|  |TAMS 0x0000022664000000| PB 0x0000022664000000| Untracked |  0
|2265|0x0000022666000000, 0x0000022666000000, 0x0000022668000000|  0%| F|  |TAMS 0x0000022666000000| PB 0x0000022666000000| Untracked |  0
|2266|0x0000022668000000, 0x0000022668000000, 0x000002266a000000|  0%| F|  |TAMS 0x0000022668000000| PB 0x0000022668000000| Untracked |  0
|2267|0x000002266a000000, 0x000002266a000000, 0x000002266c000000|  0%| F|  |TAMS 0x000002266a000000| PB 0x000002266a000000| Untracked |  0
|2268|0x000002266c000000, 0x000002266c000000, 0x000002266e000000|  0%| F|  |TAMS 0x000002266c000000| PB 0x000002266c000000| Untracked |  0
|2269|0x000002266e000000, 0x000002266e000000, 0x0000022670000000|  0%| F|  |TAMS 0x000002266e000000| PB 0x000002266e000000| Untracked |  0
|2270|0x0000022670000000, 0x0000022670000000, 0x0000022672000000|  0%| F|  |TAMS 0x0000022670000000| PB 0x0000022670000000| Untracked |  0
|2271|0x0000022672000000, 0x0000022672000000, 0x0000022674000000|  0%| F|  |TAMS 0x0000022672000000| PB 0x0000022672000000| Untracked |  0
|2272|0x0000022674000000, 0x0000022674000000, 0x0000022676000000|  0%| F|  |TAMS 0x0000022674000000| PB 0x0000022674000000| Untracked |  0
|2273|0x0000022676000000, 0x0000022676000000, 0x0000022678000000|  0%| F|  |TAMS 0x0000022676000000| PB 0x0000022676000000| Untracked |  0
|2274|0x0000022678000000, 0x0000022678000000, 0x000002267a000000|  0%| F|  |TAMS 0x0000022678000000| PB 0x0000022678000000| Untracked |  0
|2275|0x000002267a000000, 0x000002267a000000, 0x000002267c000000|  0%| F|  |TAMS 0x000002267a000000| PB 0x000002267a000000| Untracked |  0
|2276|0x000002267c000000, 0x000002267c000000, 0x000002267e000000|  0%| F|  |TAMS 0x000002267c000000| PB 0x000002267c000000| Untracked |  0
|2277|0x000002267e000000, 0x000002267e000000, 0x0000022680000000|  0%| F|  |TAMS 0x000002267e000000| PB 0x000002267e000000| Untracked |  0
|2278|0x0000022680000000, 0x0000022680000000, 0x0000022682000000|  0%| F|  |TAMS 0x0000022680000000| PB 0x0000022680000000| Untracked |  0
|2279|0x0000022682000000, 0x0000022682000000, 0x0000022684000000|  0%| F|  |TAMS 0x0000022682000000| PB 0x0000022682000000| Untracked |  0
|2280|0x0000022684000000, 0x0000022684000000, 0x0000022686000000|  0%| F|  |TAMS 0x0000022684000000| PB 0x0000022684000000| Untracked |  0
|2281|0x0000022686000000, 0x0000022686000000, 0x0000022688000000|  0%| F|  |TAMS 0x0000022686000000| PB 0x0000022686000000| Untracked |  0
|2282|0x0000022688000000, 0x0000022688000000, 0x000002268a000000|  0%| F|  |TAMS 0x0000022688000000| PB 0x0000022688000000| Untracked |  0
|2283|0x000002268a000000, 0x000002268a000000, 0x000002268c000000|  0%| F|  |TAMS 0x000002268a000000| PB 0x000002268a000000| Untracked |  0
|2284|0x000002268c000000, 0x000002268c000000, 0x000002268e000000|  0%| F|  |TAMS 0x000002268c000000| PB 0x000002268c000000| Untracked |  0
|2285|0x000002268e000000, 0x000002268e000000, 0x0000022690000000|  0%| F|  |TAMS 0x000002268e000000| PB 0x000002268e000000| Untracked |  0
|2286|0x0000022690000000, 0x0000022690000000, 0x0000022692000000|  0%| F|  |TAMS 0x0000022690000000| PB 0x0000022690000000| Untracked |  0
|2287|0x0000022692000000, 0x0000022692000000, 0x0000022694000000|  0%| F|  |TAMS 0x0000022692000000| PB 0x0000022692000000| Untracked |  0
|2288|0x0000022694000000, 0x0000022694000000, 0x0000022696000000|  0%| F|  |TAMS 0x0000022694000000| PB 0x0000022694000000| Untracked |  0
|2289|0x0000022696000000, 0x0000022696000000, 0x0000022698000000|  0%| F|  |TAMS 0x0000022696000000| PB 0x0000022696000000| Untracked |  0
|2290|0x0000022698000000, 0x0000022698000000, 0x000002269a000000|  0%| F|  |TAMS 0x0000022698000000| PB 0x0000022698000000| Untracked |  0
|2291|0x000002269a000000, 0x000002269a000000, 0x000002269c000000|  0%| F|  |TAMS 0x000002269a000000| PB 0x000002269a000000| Untracked |  0
|2292|0x000002269c000000, 0x000002269c000000, 0x000002269e000000|  0%| F|  |TAMS 0x000002269c000000| PB 0x000002269c000000| Untracked |  0
|2293|0x000002269e000000, 0x000002269e000000, 0x00000226a0000000|  0%| F|  |TAMS 0x000002269e000000| PB 0x000002269e000000| Untracked |  0
|2294|0x00000226a0000000, 0x00000226a0000000, 0x00000226a2000000|  0%| F|  |TAMS 0x00000226a0000000| PB 0x00000226a0000000| Untracked |  0
|2295|0x00000226a2000000, 0x00000226a2000000, 0x00000226a4000000|  0%| F|  |TAMS 0x00000226a2000000| PB 0x00000226a2000000| Untracked |  0
|2296|0x00000226a4000000, 0x00000226a4000000, 0x00000226a6000000|  0%| F|  |TAMS 0x00000226a4000000| PB 0x00000226a4000000| Untracked |  0
|2297|0x00000226a6000000, 0x00000226a6000000, 0x00000226a8000000|  0%| F|  |TAMS 0x00000226a6000000| PB 0x00000226a6000000| Untracked |  0
|2298|0x00000226a8000000, 0x00000226a8000000, 0x00000226aa000000|  0%| F|  |TAMS 0x00000226a8000000| PB 0x00000226a8000000| Untracked |  0
|2299|0x00000226aa000000, 0x00000226aa000000, 0x00000226ac000000|  0%| F|  |TAMS 0x00000226aa000000| PB 0x00000226aa000000| Untracked |  0
|2300|0x00000226ac000000, 0x00000226ac000000, 0x00000226ae000000|  0%| F|  |TAMS 0x00000226ac000000| PB 0x00000226ac000000| Untracked |  0
|2301|0x00000226ae000000, 0x00000226ae000000, 0x00000226b0000000|  0%| F|  |TAMS 0x00000226ae000000| PB 0x00000226ae000000| Untracked |  0
|2302|0x00000226b0000000, 0x00000226b0000000, 0x00000226b2000000|  0%| F|  |TAMS 0x00000226b0000000| PB 0x00000226b0000000| Untracked |  0
|2303|0x00000226b2000000, 0x00000226b2000000, 0x00000226b4000000|  0%| F|  |TAMS 0x00000226b2000000| PB 0x00000226b2000000| Untracked |  0
|2304|0x00000226b4000000, 0x00000226b4000000, 0x00000226b6000000|  0%| F|  |TAMS 0x00000226b4000000| PB 0x00000226b4000000| Untracked |  0
|2305|0x00000226b6000000, 0x00000226b6000000, 0x00000226b8000000|  0%| F|  |TAMS 0x00000226b6000000| PB 0x00000226b6000000| Untracked |  0
|2306|0x00000226b8000000, 0x00000226b8000000, 0x00000226ba000000|  0%| F|  |TAMS 0x00000226b8000000| PB 0x00000226b8000000| Untracked |  0
|2307|0x00000226ba000000, 0x00000226ba000000, 0x00000226bc000000|  0%| F|  |TAMS 0x00000226ba000000| PB 0x00000226ba000000| Untracked |  0
|2308|0x00000226bc000000, 0x00000226bc000000, 0x00000226be000000|  0%| F|  |TAMS 0x00000226bc000000| PB 0x00000226bc000000| Untracked |  0
|2309|0x00000226be000000, 0x00000226be000000, 0x00000226c0000000|  0%| F|  |TAMS 0x00000226be000000| PB 0x00000226be000000| Untracked |  0
|2310|0x00000226c0000000, 0x00000226c0000000, 0x00000226c2000000|  0%| F|  |TAMS 0x00000226c0000000| PB 0x00000226c0000000| Untracked |  0
|2311|0x00000226c2000000, 0x00000226c2000000, 0x00000226c4000000|  0%| F|  |TAMS 0x00000226c2000000| PB 0x00000226c2000000| Untracked |  0
|2312|0x00000226c4000000, 0x00000226c4000000, 0x00000226c6000000|  0%| F|  |TAMS 0x00000226c4000000| PB 0x00000226c4000000| Untracked |  0
|2313|0x00000226c6000000, 0x00000226c6000000, 0x00000226c8000000|  0%| F|  |TAMS 0x00000226c6000000| PB 0x00000226c6000000| Untracked |  0
|2314|0x00000226c8000000, 0x00000226c8000000, 0x00000226ca000000|  0%| F|  |TAMS 0x00000226c8000000| PB 0x00000226c8000000| Untracked |  0
|2315|0x00000226ca000000, 0x00000226ca000000, 0x00000226cc000000|  0%| F|  |TAMS 0x00000226ca000000| PB 0x00000226ca000000| Untracked |  0
|2316|0x00000226cc000000, 0x00000226cc000000, 0x00000226ce000000|  0%| F|  |TAMS 0x00000226cc000000| PB 0x00000226cc000000| Untracked |  0
|2317|0x00000226ce000000, 0x00000226ce000000, 0x00000226d0000000|  0%| F|  |TAMS 0x00000226ce000000| PB 0x00000226ce000000| Untracked |  0
|2318|0x00000226d0000000, 0x00000226d0000000, 0x00000226d2000000|  0%| F|  |TAMS 0x00000226d0000000| PB 0x00000226d0000000| Untracked |  0
|2319|0x00000226d2000000, 0x00000226d2000000, 0x00000226d4000000|  0%| F|  |TAMS 0x00000226d2000000| PB 0x00000226d2000000| Untracked |  0
|2320|0x00000226d4000000, 0x00000226d4000000, 0x00000226d6000000|  0%| F|  |TAMS 0x00000226d4000000| PB 0x00000226d4000000| Untracked |  0
|2321|0x00000226d6000000, 0x00000226d6000000, 0x00000226d8000000|  0%| F|  |TAMS 0x00000226d6000000| PB 0x00000226d6000000| Untracked |  0
|2322|0x00000226d8000000, 0x00000226d8000000, 0x00000226da000000|  0%| F|  |TAMS 0x00000226d8000000| PB 0x00000226d8000000| Untracked |  0
|2323|0x00000226da000000, 0x00000226da000000, 0x00000226dc000000|  0%| F|  |TAMS 0x00000226da000000| PB 0x00000226da000000| Untracked |  0
|2324|0x00000226dc000000, 0x00000226dc000000, 0x00000226de000000|  0%| F|  |TAMS 0x00000226dc000000| PB 0x00000226dc000000| Untracked |  0
|2325|0x00000226de000000, 0x00000226de000000, 0x00000226e0000000|  0%| F|  |TAMS 0x00000226de000000| PB 0x00000226de000000| Untracked |  0
|2326|0x00000226e0000000, 0x00000226e0000000, 0x00000226e2000000|  0%| F|  |TAMS 0x00000226e0000000| PB 0x00000226e0000000| Untracked |  0
|2327|0x00000226e2000000, 0x00000226e2000000, 0x00000226e4000000|  0%| F|  |TAMS 0x00000226e2000000| PB 0x00000226e2000000| Untracked |  0
|2328|0x00000226e4000000, 0x00000226e4000000, 0x00000226e6000000|  0%| F|  |TAMS 0x00000226e4000000| PB 0x00000226e4000000| Untracked |  0
|2329|0x00000226e6000000, 0x00000226e6000000, 0x00000226e8000000|  0%| F|  |TAMS 0x00000226e6000000| PB 0x00000226e6000000| Untracked |  0
|2330|0x00000226e8000000, 0x00000226e8000000, 0x00000226ea000000|  0%| F|  |TAMS 0x00000226e8000000| PB 0x00000226e8000000| Untracked |  0
|2331|0x00000226ea000000, 0x00000226ea000000, 0x00000226ec000000|  0%| F|  |TAMS 0x00000226ea000000| PB 0x00000226ea000000| Untracked |  0
|2332|0x00000226ec000000, 0x00000226ec000000, 0x00000226ee000000|  0%| F|  |TAMS 0x00000226ec000000| PB 0x00000226ec000000| Untracked |  0
|2333|0x00000226ee000000, 0x00000226ee000000, 0x00000226f0000000|  0%| F|  |TAMS 0x00000226ee000000| PB 0x00000226ee000000| Untracked |  0
|2334|0x00000226f0000000, 0x00000226f0000000, 0x00000226f2000000|  0%| F|  |TAMS 0x00000226f0000000| PB 0x00000226f0000000| Untracked |  0
|2335|0x00000226f2000000, 0x00000226f2000000, 0x00000226f4000000|  0%| F|  |TAMS 0x00000226f2000000| PB 0x00000226f2000000| Untracked |  0
|2336|0x00000226f4000000, 0x00000226f4000000, 0x00000226f6000000|  0%| F|  |TAMS 0x00000226f4000000| PB 0x00000226f4000000| Untracked |  0
|2337|0x00000226f6000000, 0x00000226f6000000, 0x00000226f8000000|  0%| F|  |TAMS 0x00000226f6000000| PB 0x00000226f6000000| Untracked |  0
|2338|0x00000226f8000000, 0x00000226f8000000, 0x00000226fa000000|  0%| F|  |TAMS 0x00000226f8000000| PB 0x00000226f8000000| Untracked |  0
|2339|0x00000226fa000000, 0x00000226fa000000, 0x00000226fc000000|  0%| F|  |TAMS 0x00000226fa000000| PB 0x00000226fa000000| Untracked |  0
|2340|0x00000226fc000000, 0x00000226fc000000, 0x00000226fe000000|  0%| F|  |TAMS 0x00000226fc000000| PB 0x00000226fc000000| Untracked |  0
|2341|0x00000226fe000000, 0x00000226fe000000, 0x0000022700000000|  0%| F|  |TAMS 0x00000226fe000000| PB 0x00000226fe000000| Untracked |  0
|2342|0x0000022700000000, 0x0000022700000000, 0x0000022702000000|  0%| F|  |TAMS 0x0000022700000000| PB 0x0000022700000000| Untracked |  0
|2343|0x0000022702000000, 0x0000022702000000, 0x0000022704000000|  0%| F|  |TAMS 0x0000022702000000| PB 0x0000022702000000| Untracked |  0
|2344|0x0000022704000000, 0x0000022704000000, 0x0000022706000000|  0%| F|  |TAMS 0x0000022704000000| PB 0x0000022704000000| Untracked |  0
|2345|0x0000022706000000, 0x0000022706000000, 0x0000022708000000|  0%| F|  |TAMS 0x0000022706000000| PB 0x0000022706000000| Untracked |  0
|2346|0x0000022708000000, 0x0000022708000000, 0x000002270a000000|  0%| F|  |TAMS 0x0000022708000000| PB 0x0000022708000000| Untracked |  0
|2347|0x000002270a000000, 0x000002270a000000, 0x000002270c000000|  0%| F|  |TAMS 0x000002270a000000| PB 0x000002270a000000| Untracked |  0
|2348|0x000002270c000000, 0x000002270c000000, 0x000002270e000000|  0%| F|  |TAMS 0x000002270c000000| PB 0x000002270c000000| Untracked |  0
|2349|0x000002270e000000, 0x000002270e000000, 0x0000022710000000|  0%| F|  |TAMS 0x000002270e000000| PB 0x000002270e000000| Untracked |  0
|2350|0x0000022710000000, 0x0000022710000000, 0x0000022712000000|  0%| F|  |TAMS 0x0000022710000000| PB 0x0000022710000000| Untracked |  0
|2351|0x0000022712000000, 0x0000022712000000, 0x0000022714000000|  0%| F|  |TAMS 0x0000022712000000| PB 0x0000022712000000| Untracked |  0
|2352|0x0000022714000000, 0x0000022714000000, 0x0000022716000000|  0%| F|  |TAMS 0x0000022714000000| PB 0x0000022714000000| Untracked |  0
|2353|0x0000022716000000, 0x0000022716000000, 0x0000022718000000|  0%| F|  |TAMS 0x0000022716000000| PB 0x0000022716000000| Untracked |  0
|2354|0x0000022718000000, 0x0000022718000000, 0x000002271a000000|  0%| F|  |TAMS 0x0000022718000000| PB 0x0000022718000000| Untracked |  0
|2355|0x000002271a000000, 0x000002271a000000, 0x000002271c000000|  0%| F|  |TAMS 0x000002271a000000| PB 0x000002271a000000| Untracked |  0
|2356|0x000002271c000000, 0x000002271c000000, 0x000002271e000000|  0%| F|  |TAMS 0x000002271c000000| PB 0x000002271c000000| Untracked |  0
|2357|0x000002271e000000, 0x000002271e000000, 0x0000022720000000|  0%| F|  |TAMS 0x000002271e000000| PB 0x000002271e000000| Untracked |  0
|2358|0x0000022720000000, 0x0000022720000000, 0x0000022722000000|  0%| F|  |TAMS 0x0000022720000000| PB 0x0000022720000000| Untracked |  0
|2359|0x0000022722000000, 0x0000022722000000, 0x0000022724000000|  0%| F|  |TAMS 0x0000022722000000| PB 0x0000022722000000| Untracked |  0
|2360|0x0000022724000000, 0x0000022724000000, 0x0000022726000000|  0%| F|  |TAMS 0x0000022724000000| PB 0x0000022724000000| Untracked |  0
|2361|0x0000022726000000, 0x0000022726000000, 0x0000022728000000|  0%| F|  |TAMS 0x0000022726000000| PB 0x0000022726000000| Untracked |  0
|2362|0x0000022728000000, 0x0000022728000000, 0x000002272a000000|  0%| F|  |TAMS 0x0000022728000000| PB 0x0000022728000000| Untracked |  0
|2363|0x000002272a000000, 0x000002272a000000, 0x000002272c000000|  0%| F|  |TAMS 0x000002272a000000| PB 0x000002272a000000| Untracked |  0
|2364|0x000002272c000000, 0x000002272c000000, 0x000002272e000000|  0%| F|  |TAMS 0x000002272c000000| PB 0x000002272c000000| Untracked |  0
|2365|0x000002272e000000, 0x000002272e000000, 0x0000022730000000|  0%| F|  |TAMS 0x000002272e000000| PB 0x000002272e000000| Untracked |  0
|2366|0x0000022730000000, 0x0000022730000000, 0x0000022732000000|  0%| F|  |TAMS 0x0000022730000000| PB 0x0000022730000000| Untracked |  0
|2367|0x0000022732000000, 0x0000022732000000, 0x0000022734000000|  0%| F|  |TAMS 0x0000022732000000| PB 0x0000022732000000| Untracked |  0
|2368|0x0000022734000000, 0x0000022734000000, 0x0000022736000000|  0%| F|  |TAMS 0x0000022734000000| PB 0x0000022734000000| Untracked |  0
|2369|0x0000022736000000, 0x0000022736000000, 0x0000022738000000|  0%| F|  |TAMS 0x0000022736000000| PB 0x0000022736000000| Untracked |  0
|2370|0x0000022738000000, 0x0000022738000000, 0x000002273a000000|  0%| F|  |TAMS 0x0000022738000000| PB 0x0000022738000000| Untracked |  0
|2371|0x000002273a000000, 0x000002273a000000, 0x000002273c000000|  0%| F|  |TAMS 0x000002273a000000| PB 0x000002273a000000| Untracked |  0
|2372|0x000002273c000000, 0x000002273c000000, 0x000002273e000000|  0%| F|  |TAMS 0x000002273c000000| PB 0x000002273c000000| Untracked |  0
|2373|0x000002273e000000, 0x000002273e000000, 0x0000022740000000|  0%| F|  |TAMS 0x000002273e000000| PB 0x000002273e000000| Untracked |  0
|2374|0x0000022740000000, 0x0000022740000000, 0x0000022742000000|  0%| F|  |TAMS 0x0000022740000000| PB 0x0000022740000000| Untracked |  0
|2375|0x0000022742000000, 0x0000022742000000, 0x0000022744000000|  0%| F|  |TAMS 0x0000022742000000| PB 0x0000022742000000| Untracked |  0
|2376|0x0000022744000000, 0x0000022744000000, 0x0000022746000000|  0%| F|  |TAMS 0x0000022744000000| PB 0x0000022744000000| Untracked |  0
|2377|0x0000022746000000, 0x0000022746000000, 0x0000022748000000|  0%| F|  |TAMS 0x0000022746000000| PB 0x0000022746000000| Untracked |  0
|2378|0x0000022748000000, 0x0000022748000000, 0x000002274a000000|  0%| F|  |TAMS 0x0000022748000000| PB 0x0000022748000000| Untracked |  0
|2379|0x000002274a000000, 0x000002274a000000, 0x000002274c000000|  0%| F|  |TAMS 0x000002274a000000| PB 0x000002274a000000| Untracked |  0
|2380|0x000002274c000000, 0x000002274c000000, 0x000002274e000000|  0%| F|  |TAMS 0x000002274c000000| PB 0x000002274c000000| Untracked |  0
|2381|0x000002274e000000, 0x000002274e000000, 0x0000022750000000|  0%| F|  |TAMS 0x000002274e000000| PB 0x000002274e000000| Untracked |  0
|2382|0x0000022750000000, 0x0000022750000000, 0x0000022752000000|  0%| F|  |TAMS 0x0000022750000000| PB 0x0000022750000000| Untracked |  0
|2383|0x0000022752000000, 0x0000022752000000, 0x0000022754000000|  0%| F|  |TAMS 0x0000022752000000| PB 0x0000022752000000| Untracked |  0
|2384|0x0000022754000000, 0x0000022754000000, 0x0000022756000000|  0%| F|  |TAMS 0x0000022754000000| PB 0x0000022754000000| Untracked |  0
|2385|0x0000022756000000, 0x0000022756000000, 0x0000022758000000|  0%| F|  |TAMS 0x0000022756000000| PB 0x0000022756000000| Untracked |  0
|2386|0x0000022758000000, 0x0000022758000000, 0x000002275a000000|  0%| F|  |TAMS 0x0000022758000000| PB 0x0000022758000000| Untracked |  0
|2387|0x000002275a000000, 0x000002275a000000, 0x000002275c000000|  0%| F|  |TAMS 0x000002275a000000| PB 0x000002275a000000| Untracked |  0
|2388|0x000002275c000000, 0x000002275c000000, 0x000002275e000000|  0%| F|  |TAMS 0x000002275c000000| PB 0x000002275c000000| Untracked |  0
|2389|0x000002275e000000, 0x000002275e000000, 0x0000022760000000|  0%| F|  |TAMS 0x000002275e000000| PB 0x000002275e000000| Untracked |  0
|2390|0x0000022760000000, 0x0000022760000000, 0x0000022762000000|  0%| F|  |TAMS 0x0000022760000000| PB 0x0000022760000000| Untracked |  0
|2391|0x0000022762000000, 0x0000022762000000, 0x0000022764000000|  0%| F|  |TAMS 0x0000022762000000| PB 0x0000022762000000| Untracked |  0
|2392|0x0000022764000000, 0x0000022764000000, 0x0000022766000000|  0%| F|  |TAMS 0x0000022764000000| PB 0x0000022764000000| Untracked |  0
|2393|0x0000022766000000, 0x0000022766000000, 0x0000022768000000|  0%| F|  |TAMS 0x0000022766000000| PB 0x0000022766000000| Untracked |  0
|2394|0x0000022768000000, 0x0000022768000000, 0x000002276a000000|  0%| F|  |TAMS 0x0000022768000000| PB 0x0000022768000000| Untracked |  0
|2395|0x000002276a000000, 0x000002276a000000, 0x000002276c000000|  0%| F|  |TAMS 0x000002276a000000| PB 0x000002276a000000| Untracked |  0
|2396|0x000002276c000000, 0x000002276c000000, 0x000002276e000000|  0%| F|  |TAMS 0x000002276c000000| PB 0x000002276c000000| Untracked |  0
|2397|0x000002276e000000, 0x000002276e000000, 0x0000022770000000|  0%| F|  |TAMS 0x000002276e000000| PB 0x000002276e000000| Untracked |  0
|2398|0x0000022770000000, 0x0000022770000000, 0x0000022772000000|  0%| F|  |TAMS 0x0000022770000000| PB 0x0000022770000000| Untracked |  0
|2399|0x0000022772000000, 0x0000022772000000, 0x0000022774000000|  0%| F|  |TAMS 0x0000022772000000| PB 0x0000022772000000| Untracked |  0
|2400|0x0000022774000000, 0x0000022774000000, 0x0000022776000000|  0%| F|  |TAMS 0x0000022774000000| PB 0x0000022774000000| Untracked |  0
|2401|0x0000022776000000, 0x0000022776000000, 0x0000022778000000|  0%| F|  |TAMS 0x0000022776000000| PB 0x0000022776000000| Untracked |  0
|2402|0x0000022778000000, 0x0000022778000000, 0x000002277a000000|  0%| F|  |TAMS 0x0000022778000000| PB 0x0000022778000000| Untracked |  0
|2403|0x000002277a000000, 0x000002277a000000, 0x000002277c000000|  0%| F|  |TAMS 0x000002277a000000| PB 0x000002277a000000| Untracked |  0
|2404|0x000002277c000000, 0x000002277c000000, 0x000002277e000000|  0%| F|  |TAMS 0x000002277c000000| PB 0x000002277c000000| Untracked |  0
|2405|0x000002277e000000, 0x000002277e000000, 0x0000022780000000|  0%| F|  |TAMS 0x000002277e000000| PB 0x000002277e000000| Untracked |  0
|2406|0x0000022780000000, 0x0000022780000000, 0x0000022782000000|  0%| F|  |TAMS 0x0000022780000000| PB 0x0000022780000000| Untracked |  0
|2407|0x0000022782000000, 0x0000022782000000, 0x0000022784000000|  0%| F|  |TAMS 0x0000022782000000| PB 0x0000022782000000| Untracked |  0
|2408|0x0000022784000000, 0x0000022784000000, 0x0000022786000000|  0%| F|  |TAMS 0x0000022784000000| PB 0x0000022784000000| Untracked |  0
|2409|0x0000022786000000, 0x0000022786000000, 0x0000022788000000|  0%| F|  |TAMS 0x0000022786000000| PB 0x0000022786000000| Untracked |  0
|2410|0x0000022788000000, 0x0000022788000000, 0x000002278a000000|  0%| F|  |TAMS 0x0000022788000000| PB 0x0000022788000000| Untracked |  0
|2411|0x000002278a000000, 0x000002278a000000, 0x000002278c000000|  0%| F|  |TAMS 0x000002278a000000| PB 0x000002278a000000| Untracked |  0
|2412|0x000002278c000000, 0x000002278c000000, 0x000002278e000000|  0%| F|  |TAMS 0x000002278c000000| PB 0x000002278c000000| Untracked |  0
|2413|0x000002278e000000, 0x000002278e000000, 0x0000022790000000|  0%| F|  |TAMS 0x000002278e000000| PB 0x000002278e000000| Untracked |  0
|2414|0x0000022790000000, 0x0000022790000000, 0x0000022792000000|  0%| F|  |TAMS 0x0000022790000000| PB 0x0000022790000000| Untracked |  0
|2415|0x0000022792000000, 0x0000022792000000, 0x0000022794000000|  0%| F|  |TAMS 0x0000022792000000| PB 0x0000022792000000| Untracked |  0
|2416|0x0000022794000000, 0x0000022794000000, 0x0000022796000000|  0%| F|  |TAMS 0x0000022794000000| PB 0x0000022794000000| Untracked |  0
|2417|0x0000022796000000, 0x0000022796000000, 0x0000022798000000|  0%| F|  |TAMS 0x0000022796000000| PB 0x0000022796000000| Untracked |  0
|2418|0x0000022798000000, 0x0000022798000000, 0x000002279a000000|  0%| F|  |TAMS 0x0000022798000000| PB 0x0000022798000000| Untracked |  0
|2419|0x000002279a000000, 0x000002279a000000, 0x000002279c000000|  0%| F|  |TAMS 0x000002279a000000| PB 0x000002279a000000| Untracked |  0
|2420|0x000002279c000000, 0x000002279c000000, 0x000002279e000000|  0%| F|  |TAMS 0x000002279c000000| PB 0x000002279c000000| Untracked |  0
|2421|0x000002279e000000, 0x000002279e000000, 0x00000227a0000000|  0%| F|  |TAMS 0x000002279e000000| PB 0x000002279e000000| Untracked |  0
|2422|0x00000227a0000000, 0x00000227a0000000, 0x00000227a2000000|  0%| F|  |TAMS 0x00000227a0000000| PB 0x00000227a0000000| Untracked |  0
|2423|0x00000227a2000000, 0x00000227a2000000, 0x00000227a4000000|  0%| F|  |TAMS 0x00000227a2000000| PB 0x00000227a2000000| Untracked |  0
|2424|0x00000227a4000000, 0x00000227a4000000, 0x00000227a6000000|  0%| F|  |TAMS 0x00000227a4000000| PB 0x00000227a4000000| Untracked |  0
|2425|0x00000227a6000000, 0x00000227a6000000, 0x00000227a8000000|  0%| F|  |TAMS 0x00000227a6000000| PB 0x00000227a6000000| Untracked |  0
|2426|0x00000227a8000000, 0x00000227a8000000, 0x00000227aa000000|  0%| F|  |TAMS 0x00000227a8000000| PB 0x00000227a8000000| Untracked |  0
|2427|0x00000227aa000000, 0x00000227aa000000, 0x00000227ac000000|  0%| F|  |TAMS 0x00000227aa000000| PB 0x00000227aa000000| Untracked |  0
|2428|0x00000227ac000000, 0x00000227ac000000, 0x00000227ae000000|  0%| F|  |TAMS 0x00000227ac000000| PB 0x00000227ac000000| Untracked |  0
|2429|0x00000227ae000000, 0x00000227ae000000, 0x00000227b0000000|  0%| F|  |TAMS 0x00000227ae000000| PB 0x00000227ae000000| Untracked |  0
|2430|0x00000227b0000000, 0x00000227b0000000, 0x00000227b2000000|  0%| F|  |TAMS 0x00000227b0000000| PB 0x00000227b0000000| Untracked |  0
|2431|0x00000227b2000000, 0x00000227b2000000, 0x00000227b4000000|  0%| F|  |TAMS 0x00000227b2000000| PB 0x00000227b2000000| Untracked |  0
|2432|0x00000227b4000000, 0x00000227b4000000, 0x00000227b6000000|  0%| F|  |TAMS 0x00000227b4000000| PB 0x00000227b4000000| Untracked |  0
|2433|0x00000227b6000000, 0x00000227b6000000, 0x00000227b8000000|  0%| F|  |TAMS 0x00000227b6000000| PB 0x00000227b6000000| Untracked |  0
|2434|0x00000227b8000000, 0x00000227b8000000, 0x00000227ba000000|  0%| F|  |TAMS 0x00000227b8000000| PB 0x00000227b8000000| Untracked |  0
|2435|0x00000227ba000000, 0x00000227ba000000, 0x00000227bc000000|  0%| F|  |TAMS 0x00000227ba000000| PB 0x00000227ba000000| Untracked |  0
|2436|0x00000227bc000000, 0x00000227bc000000, 0x00000227be000000|  0%| F|  |TAMS 0x00000227bc000000| PB 0x00000227bc000000| Untracked |  0
|2437|0x00000227be000000, 0x00000227be000000, 0x00000227c0000000|  0%| F|  |TAMS 0x00000227be000000| PB 0x00000227be000000| Untracked |  0
|2438|0x00000227c0000000, 0x00000227c0000000, 0x00000227c2000000|  0%| F|  |TAMS 0x00000227c0000000| PB 0x00000227c0000000| Untracked |  0
|2439|0x00000227c2000000, 0x00000227c2000000, 0x00000227c4000000|  0%| F|  |TAMS 0x00000227c2000000| PB 0x00000227c2000000| Untracked |  0
|2440|0x00000227c4000000, 0x00000227c4000000, 0x00000227c6000000|  0%| F|  |TAMS 0x00000227c4000000| PB 0x00000227c4000000| Untracked |  0
|2441|0x00000227c6000000, 0x00000227c6000000, 0x00000227c8000000|  0%| F|  |TAMS 0x00000227c6000000| PB 0x00000227c6000000| Untracked |  0
|2442|0x00000227c8000000, 0x00000227c8000000, 0x00000227ca000000|  0%| F|  |TAMS 0x00000227c8000000| PB 0x00000227c8000000| Untracked |  0
|2443|0x00000227ca000000, 0x00000227ca000000, 0x00000227cc000000|  0%| F|  |TAMS 0x00000227ca000000| PB 0x00000227ca000000| Untracked |  0
|2444|0x00000227cc000000, 0x00000227cc000000, 0x00000227ce000000|  0%| F|  |TAMS 0x00000227cc000000| PB 0x00000227cc000000| Untracked |  0
|2445|0x00000227ce000000, 0x00000227ce000000, 0x00000227d0000000|  0%| F|  |TAMS 0x00000227ce000000| PB 0x00000227ce000000| Untracked |  0
|2446|0x00000227d0000000, 0x00000227d0000000, 0x00000227d2000000|  0%| F|  |TAMS 0x00000227d0000000| PB 0x00000227d0000000| Untracked |  0
|2447|0x00000227d2000000, 0x00000227d2000000, 0x00000227d4000000|  0%| F|  |TAMS 0x00000227d2000000| PB 0x00000227d2000000| Untracked |  0
|2448|0x00000227d4000000, 0x00000227d4000000, 0x00000227d6000000|  0%| F|  |TAMS 0x00000227d4000000| PB 0x00000227d4000000| Untracked |  0
|2449|0x00000227d6000000, 0x00000227d6000000, 0x00000227d8000000|  0%| F|  |TAMS 0x00000227d6000000| PB 0x00000227d6000000| Untracked |  0
|2450|0x00000227d8000000, 0x00000227d8000000, 0x00000227da000000|  0%| F|  |TAMS 0x00000227d8000000| PB 0x00000227d8000000| Untracked |  0
|2451|0x00000227da000000, 0x00000227da000000, 0x00000227dc000000|  0%| F|  |TAMS 0x00000227da000000| PB 0x00000227da000000| Untracked |  0
|2452|0x00000227dc000000, 0x00000227dc000000, 0x00000227de000000|  0%| F|  |TAMS 0x00000227dc000000| PB 0x00000227dc000000| Untracked |  0
|2453|0x00000227de000000, 0x00000227de000000, 0x00000227e0000000|  0%| F|  |TAMS 0x00000227de000000| PB 0x00000227de000000| Untracked |  0
|2454|0x00000227e0000000, 0x00000227e0000000, 0x00000227e2000000|  0%| F|  |TAMS 0x00000227e0000000| PB 0x00000227e0000000| Untracked |  0
|2455|0x00000227e2000000, 0x00000227e2000000, 0x00000227e4000000|  0%| F|  |TAMS 0x00000227e2000000| PB 0x00000227e2000000| Untracked |  0
|2456|0x00000227e4000000, 0x00000227e4000000, 0x00000227e6000000|  0%| F|  |TAMS 0x00000227e4000000| PB 0x00000227e4000000| Untracked |  0
|2457|0x00000227e6000000, 0x00000227e6000000, 0x00000227e8000000|  0%| F|  |TAMS 0x00000227e6000000| PB 0x00000227e6000000| Untracked |  0
|2458|0x00000227e8000000, 0x00000227e8000000, 0x00000227ea000000|  0%| F|  |TAMS 0x00000227e8000000| PB 0x00000227e8000000| Untracked |  0
|2459|0x00000227ea000000, 0x00000227ea000000, 0x00000227ec000000|  0%| F|  |TAMS 0x00000227ea000000| PB 0x00000227ea000000| Untracked |  0
|2460|0x00000227ec000000, 0x00000227ec000000, 0x00000227ee000000|  0%| F|  |TAMS 0x00000227ec000000| PB 0x00000227ec000000| Untracked |  0
|2461|0x00000227ee000000, 0x00000227ee000000, 0x00000227f0000000|  0%| F|  |TAMS 0x00000227ee000000| PB 0x00000227ee000000| Untracked |  0
|2462|0x00000227f0000000, 0x00000227f0000000, 0x00000227f2000000|  0%| F|  |TAMS 0x00000227f0000000| PB 0x00000227f0000000| Untracked |  0
|2463|0x00000227f2000000, 0x00000227f2000000, 0x00000227f4000000|  0%| F|  |TAMS 0x00000227f2000000| PB 0x00000227f2000000| Untracked |  0
|2464|0x00000227f4000000, 0x00000227f4000000, 0x00000227f6000000|  0%| F|  |TAMS 0x00000227f4000000| PB 0x00000227f4000000| Untracked |  0
|2465|0x00000227f6000000, 0x00000227f6000000, 0x00000227f8000000|  0%| F|  |TAMS 0x00000227f6000000| PB 0x00000227f6000000| Untracked |  0
|2466|0x00000227f8000000, 0x00000227f8000000, 0x00000227fa000000|  0%| F|  |TAMS 0x00000227f8000000| PB 0x00000227f8000000| Untracked |  0
|2467|0x00000227fa000000, 0x00000227fa000000, 0x00000227fc000000|  0%| F|  |TAMS 0x00000227fa000000| PB 0x00000227fa000000| Untracked |  0
|2468|0x00000227fc000000, 0x00000227fc000000, 0x00000227fe000000|  0%| F|  |TAMS 0x00000227fc000000| PB 0x00000227fc000000| Untracked |  0
|2469|0x00000227fe000000, 0x00000227fe000000, 0x0000022800000000|  0%| F|  |TAMS 0x00000227fe000000| PB 0x00000227fe000000| Untracked |  0
|2470|0x0000022800000000, 0x0000022800000000, 0x0000022802000000|  0%| F|  |TAMS 0x0000022800000000| PB 0x0000022800000000| Untracked |  0
|2471|0x0000022802000000, 0x0000022802000000, 0x0000022804000000|  0%| F|  |TAMS 0x0000022802000000| PB 0x0000022802000000| Untracked |  0
|2472|0x0000022804000000, 0x0000022804000000, 0x0000022806000000|  0%| F|  |TAMS 0x0000022804000000| PB 0x0000022804000000| Untracked |  0
|2473|0x0000022806000000, 0x0000022806000000, 0x0000022808000000|  0%| F|  |TAMS 0x0000022806000000| PB 0x0000022806000000| Untracked |  0
|2474|0x0000022808000000, 0x0000022808000000, 0x000002280a000000|  0%| F|  |TAMS 0x0000022808000000| PB 0x0000022808000000| Untracked |  0
|2475|0x000002280a000000, 0x000002280a000000, 0x000002280c000000|  0%| F|  |TAMS 0x000002280a000000| PB 0x000002280a000000| Untracked |  0
|2476|0x000002280c000000, 0x000002280c000000, 0x000002280e000000|  0%| F|  |TAMS 0x000002280c000000| PB 0x000002280c000000| Untracked |  0
|2477|0x000002280e000000, 0x000002280e000000, 0x0000022810000000|  0%| F|  |TAMS 0x000002280e000000| PB 0x000002280e000000| Untracked |  0
|2478|0x0000022810000000, 0x0000022810000000, 0x0000022812000000|  0%| F|  |TAMS 0x0000022810000000| PB 0x0000022810000000| Untracked |  0
|2479|0x0000022812000000, 0x0000022812000000, 0x0000022814000000|  0%| F|  |TAMS 0x0000022812000000| PB 0x0000022812000000| Untracked |  0
|2480|0x0000022814000000, 0x0000022814000000, 0x0000022816000000|  0%| F|  |TAMS 0x0000022814000000| PB 0x0000022814000000| Untracked |  0
|2481|0x0000022816000000, 0x0000022816000000, 0x0000022818000000|  0%| F|  |TAMS 0x0000022816000000| PB 0x0000022816000000| Untracked |  0
|2482|0x0000022818000000, 0x0000022818000000, 0x000002281a000000|  0%| F|  |TAMS 0x0000022818000000| PB 0x0000022818000000| Untracked |  0
|2483|0x000002281a000000, 0x000002281a000000, 0x000002281c000000|  0%| F|  |TAMS 0x000002281a000000| PB 0x000002281a000000| Untracked |  0
|2484|0x000002281c000000, 0x000002281c000000, 0x000002281e000000|  0%| F|  |TAMS 0x000002281c000000| PB 0x000002281c000000| Untracked |  0
|2485|0x000002281e000000, 0x000002281e000000, 0x0000022820000000|  0%| F|  |TAMS 0x000002281e000000| PB 0x000002281e000000| Untracked |  0
|2486|0x0000022820000000, 0x0000022820000000, 0x0000022822000000|  0%| F|  |TAMS 0x0000022820000000| PB 0x0000022820000000| Untracked |  0
|2487|0x0000022822000000, 0x0000022822000000, 0x0000022824000000|  0%| F|  |TAMS 0x0000022822000000| PB 0x0000022822000000| Untracked |  0
|2488|0x0000022824000000, 0x0000022824000000, 0x0000022826000000|  0%| F|  |TAMS 0x0000022824000000| PB 0x0000022824000000| Untracked |  0
|2489|0x0000022826000000, 0x0000022826000000, 0x0000022828000000|  0%| F|  |TAMS 0x0000022826000000| PB 0x0000022826000000| Untracked |  0
|2490|0x0000022828000000, 0x0000022828000000, 0x000002282a000000|  0%| F|  |TAMS 0x0000022828000000| PB 0x0000022828000000| Untracked |  0
|2491|0x000002282a000000, 0x000002282a000000, 0x000002282c000000|  0%| F|  |TAMS 0x000002282a000000| PB 0x000002282a000000| Untracked |  0
|2492|0x000002282c000000, 0x000002282c000000, 0x000002282e000000|  0%| F|  |TAMS 0x000002282c000000| PB 0x000002282c000000| Untracked |  0
|2493|0x000002282e000000, 0x000002282e000000, 0x0000022830000000|  0%| F|  |TAMS 0x000002282e000000| PB 0x000002282e000000| Untracked |  0
|2494|0x0000022830000000, 0x0000022830000000, 0x0000022832000000|  0%| F|  |TAMS 0x0000022830000000| PB 0x0000022830000000| Untracked |  0
|2495|0x0000022832000000, 0x0000022832000000, 0x0000022834000000|  0%| F|  |TAMS 0x0000022832000000| PB 0x0000022832000000| Untracked |  0
|2496|0x0000022834000000, 0x0000022834000000, 0x0000022836000000|  0%| F|  |TAMS 0x0000022834000000| PB 0x0000022834000000| Untracked |  0
|2497|0x0000022836000000, 0x0000022836000000, 0x0000022838000000|  0%| F|  |TAMS 0x0000022836000000| PB 0x0000022836000000| Untracked |  0
|2498|0x0000022838000000, 0x0000022838000000, 0x000002283a000000|  0%| F|  |TAMS 0x0000022838000000| PB 0x0000022838000000| Untracked |  0
|2499|0x000002283a000000, 0x000002283a000000, 0x000002283c000000|  0%| F|  |TAMS 0x000002283a000000| PB 0x000002283a000000| Untracked |  0
|2500|0x000002283c000000, 0x000002283c000000, 0x000002283e000000|  0%| F|  |TAMS 0x000002283c000000| PB 0x000002283c000000| Untracked |  0
|2501|0x000002283e000000, 0x000002283e000000, 0x0000022840000000|  0%| F|  |TAMS 0x000002283e000000| PB 0x000002283e000000| Untracked |  0
|2502|0x0000022840000000, 0x0000022840000000, 0x0000022842000000|  0%| F|  |TAMS 0x0000022840000000| PB 0x0000022840000000| Untracked |  0
|2503|0x0000022842000000, 0x0000022842000000, 0x0000022844000000|  0%| F|  |TAMS 0x0000022842000000| PB 0x0000022842000000| Untracked |  0
|2504|0x0000022844000000, 0x0000022844000000, 0x0000022846000000|  0%| F|  |TAMS 0x0000022844000000| PB 0x0000022844000000| Untracked |  0
|2505|0x0000022846000000, 0x0000022846000000, 0x0000022848000000|  0%| F|  |TAMS 0x0000022846000000| PB 0x0000022846000000| Untracked |  0
|2506|0x0000022848000000, 0x0000022848000000, 0x000002284a000000|  0%| F|  |TAMS 0x0000022848000000| PB 0x0000022848000000| Untracked |  0
|2507|0x000002284a000000, 0x000002284a000000, 0x000002284c000000|  0%| F|  |TAMS 0x000002284a000000| PB 0x000002284a000000| Untracked |  0
|2508|0x000002284c000000, 0x000002284c000000, 0x000002284e000000|  0%| F|  |TAMS 0x000002284c000000| PB 0x000002284c000000| Untracked |  0
|2509|0x000002284e000000, 0x000002284e000000, 0x0000022850000000|  0%| F|  |TAMS 0x000002284e000000| PB 0x000002284e000000| Untracked |  0
|2510|0x0000022850000000, 0x0000022850000000, 0x0000022852000000|  0%| F|  |TAMS 0x0000022850000000| PB 0x0000022850000000| Untracked |  0
|2511|0x0000022852000000, 0x0000022852000000, 0x0000022854000000|  0%| F|  |TAMS 0x0000022852000000| PB 0x0000022852000000| Untracked |  0
|2512|0x0000022854000000, 0x0000022854000000, 0x0000022856000000|  0%| F|  |TAMS 0x0000022854000000| PB 0x0000022854000000| Untracked |  0
|2513|0x0000022856000000, 0x0000022856000000, 0x0000022858000000|  0%| F|  |TAMS 0x0000022856000000| PB 0x0000022856000000| Untracked |  0
|2514|0x0000022858000000, 0x0000022858000000, 0x000002285a000000|  0%| F|  |TAMS 0x0000022858000000| PB 0x0000022858000000| Untracked |  0
|2515|0x000002285a000000, 0x000002285a000000, 0x000002285c000000|  0%| F|  |TAMS 0x000002285a000000| PB 0x000002285a000000| Untracked |  0
|2516|0x000002285c000000, 0x000002285c000000, 0x000002285e000000|  0%| F|  |TAMS 0x000002285c000000| PB 0x000002285c000000| Untracked |  0
|2517|0x000002285e000000, 0x000002285e000000, 0x0000022860000000|  0%| F|  |TAMS 0x000002285e000000| PB 0x000002285e000000| Untracked |  0
|2518|0x0000022860000000, 0x0000022860000000, 0x0000022862000000|  0%| F|  |TAMS 0x0000022860000000| PB 0x0000022860000000| Untracked |  0
|2519|0x0000022862000000, 0x0000022862000000, 0x0000022864000000|  0%| F|  |TAMS 0x0000022862000000| PB 0x0000022862000000| Untracked |  0
|2520|0x0000022864000000, 0x0000022864000000, 0x0000022866000000|  0%| F|  |TAMS 0x0000022864000000| PB 0x0000022864000000| Untracked |  0
|2521|0x0000022866000000, 0x0000022866000000, 0x0000022868000000|  0%| F|  |TAMS 0x0000022866000000| PB 0x0000022866000000| Untracked |  0
|2522|0x0000022868000000, 0x0000022868000000, 0x000002286a000000|  0%| F|  |TAMS 0x0000022868000000| PB 0x0000022868000000| Untracked |  0
|2523|0x000002286a000000, 0x000002286a000000, 0x000002286c000000|  0%| F|  |TAMS 0x000002286a000000| PB 0x000002286a000000| Untracked |  0
|2524|0x000002286c000000, 0x000002286c000000, 0x000002286e000000|  0%| F|  |TAMS 0x000002286c000000| PB 0x000002286c000000| Untracked |  0
|2525|0x000002286e000000, 0x000002286e000000, 0x0000022870000000|  0%| F|  |TAMS 0x000002286e000000| PB 0x000002286e000000| Untracked |  0
|2526|0x0000022870000000, 0x0000022870000000, 0x0000022872000000|  0%| F|  |TAMS 0x0000022870000000| PB 0x0000022870000000| Untracked |  0
|2527|0x0000022872000000, 0x0000022872000000, 0x0000022874000000|  0%| F|  |TAMS 0x0000022872000000| PB 0x0000022872000000| Untracked |  0
|2528|0x0000022874000000, 0x0000022874000000, 0x0000022876000000|  0%| F|  |TAMS 0x0000022874000000| PB 0x0000022874000000| Untracked |  0
|2529|0x0000022876000000, 0x0000022876000000, 0x0000022878000000|  0%| F|  |TAMS 0x0000022876000000| PB 0x0000022876000000| Untracked |  0
|2530|0x0000022878000000, 0x0000022878000000, 0x000002287a000000|  0%| F|  |TAMS 0x0000022878000000| PB 0x0000022878000000| Untracked |  0
|2531|0x000002287a000000, 0x000002287a000000, 0x000002287c000000|  0%| F|  |TAMS 0x000002287a000000| PB 0x000002287a000000| Untracked |  0
|2532|0x000002287c000000, 0x000002287c000000, 0x000002287e000000|  0%| F|  |TAMS 0x000002287c000000| PB 0x000002287c000000| Untracked |  0
|2533|0x000002287e000000, 0x000002287e000000, 0x0000022880000000|  0%| F|  |TAMS 0x000002287e000000| PB 0x000002287e000000| Untracked |  0
|2534|0x0000022880000000, 0x0000022880000000, 0x0000022882000000|  0%| F|  |TAMS 0x0000022880000000| PB 0x0000022880000000| Untracked |  0
|2535|0x0000022882000000, 0x0000022882000000, 0x0000022884000000|  0%| F|  |TAMS 0x0000022882000000| PB 0x0000022882000000| Untracked |  0
|2536|0x0000022884000000, 0x0000022884000000, 0x0000022886000000|  0%| F|  |TAMS 0x0000022884000000| PB 0x0000022884000000| Untracked |  0
|2537|0x0000022886000000, 0x0000022886000000, 0x0000022888000000|  0%| F|  |TAMS 0x0000022886000000| PB 0x0000022886000000| Untracked |  0
|2538|0x0000022888000000, 0x0000022888000000, 0x000002288a000000|  0%| F|  |TAMS 0x0000022888000000| PB 0x0000022888000000| Untracked |  0
|2539|0x000002288a000000, 0x000002288a000000, 0x000002288c000000|  0%| F|  |TAMS 0x000002288a000000| PB 0x000002288a000000| Untracked |  0
|2540|0x000002288c000000, 0x000002288c000000, 0x000002288e000000|  0%| F|  |TAMS 0x000002288c000000| PB 0x000002288c000000| Untracked |  0
|2541|0x000002288e000000, 0x000002288e000000, 0x0000022890000000|  0%| F|  |TAMS 0x000002288e000000| PB 0x000002288e000000| Untracked |  0
|2542|0x0000022890000000, 0x0000022890000000, 0x0000022892000000|  0%| F|  |TAMS 0x0000022890000000| PB 0x0000022890000000| Untracked |  0
|2543|0x0000022892000000, 0x0000022892000000, 0x0000022894000000|  0%| F|  |TAMS 0x0000022892000000| PB 0x0000022892000000| Untracked |  0
|2544|0x0000022894000000, 0x0000022894000000, 0x0000022896000000|  0%| F|  |TAMS 0x0000022894000000| PB 0x0000022894000000| Untracked |  0
|2545|0x0000022896000000, 0x0000022896000000, 0x0000022898000000|  0%| F|  |TAMS 0x0000022896000000| PB 0x0000022896000000| Untracked |  0
|2546|0x0000022898000000, 0x0000022898000000, 0x000002289a000000|  0%| F|  |TAMS 0x0000022898000000| PB 0x0000022898000000| Untracked |  0
|2547|0x000002289a000000, 0x000002289a000000, 0x000002289c000000|  0%| F|  |TAMS 0x000002289a000000| PB 0x000002289a000000| Untracked |  0
|2548|0x000002289c000000, 0x000002289c000000, 0x000002289e000000|  0%| F|  |TAMS 0x000002289c000000| PB 0x000002289c000000| Untracked |  0
|2549|0x000002289e000000, 0x000002289e000000, 0x00000228a0000000|  0%| F|  |TAMS 0x000002289e000000| PB 0x000002289e000000| Untracked |  0
|2550|0x00000228a0000000, 0x00000228a0000000, 0x00000228a2000000|  0%| F|  |TAMS 0x00000228a0000000| PB 0x00000228a0000000| Untracked |  0
|2551|0x00000228a2000000, 0x00000228a2000000, 0x00000228a4000000|  0%| F|  |TAMS 0x00000228a2000000| PB 0x00000228a2000000| Untracked |  0
|2552|0x00000228a4000000, 0x00000228a4000000, 0x00000228a6000000|  0%| F|  |TAMS 0x00000228a4000000| PB 0x00000228a4000000| Untracked |  0
|2553|0x00000228a6000000, 0x00000228a6000000, 0x00000228a8000000|  0%| F|  |TAMS 0x00000228a6000000| PB 0x00000228a6000000| Untracked |  0
|2554|0x00000228a8000000, 0x00000228a8000000, 0x00000228aa000000|  0%| F|  |TAMS 0x00000228a8000000| PB 0x00000228a8000000| Untracked |  0
|2555|0x00000228aa000000, 0x00000228aa000000, 0x00000228ac000000|  0%| F|  |TAMS 0x00000228aa000000| PB 0x00000228aa000000| Untracked |  0
|2556|0x00000228ac000000, 0x00000228ac000000, 0x00000228ae000000|  0%| F|  |TAMS 0x00000228ac000000| PB 0x00000228ac000000| Untracked |  0
|2557|0x00000228ae000000, 0x00000228ae000000, 0x00000228b0000000|  0%| F|  |TAMS 0x00000228ae000000| PB 0x00000228ae000000| Untracked |  0
|2558|0x00000228b0000000, 0x00000228b0000000, 0x00000228b2000000|  0%| F|  |TAMS 0x00000228b0000000| PB 0x00000228b0000000| Untracked |  0
|2559|0x00000228b2000000, 0x00000228b2000000, 0x00000228b4000000|  0%| F|  |TAMS 0x00000228b2000000| PB 0x00000228b2000000| Untracked |  0
|2560|0x00000228b4000000, 0x00000228b4000000, 0x00000228b6000000|  0%| F|  |TAMS 0x00000228b4000000| PB 0x00000228b4000000| Untracked |  0
|2561|0x00000228b6000000, 0x00000228b6000000, 0x00000228b8000000|  0%| F|  |TAMS 0x00000228b6000000| PB 0x00000228b6000000| Untracked |  0
|2562|0x00000228b8000000, 0x00000228b8000000, 0x00000228ba000000|  0%| F|  |TAMS 0x00000228b8000000| PB 0x00000228b8000000| Untracked |  0
|2563|0x00000228ba000000, 0x00000228ba000000, 0x00000228bc000000|  0%| F|  |TAMS 0x00000228ba000000| PB 0x00000228ba000000| Untracked |  0
|2564|0x00000228bc000000, 0x00000228bc000000, 0x00000228be000000|  0%| F|  |TAMS 0x00000228bc000000| PB 0x00000228bc000000| Untracked |  0
|2565|0x00000228be000000, 0x00000228be000000, 0x00000228c0000000|  0%| F|  |TAMS 0x00000228be000000| PB 0x00000228be000000| Untracked |  0
|2566|0x00000228c0000000, 0x00000228c0000000, 0x00000228c2000000|  0%| F|  |TAMS 0x00000228c0000000| PB 0x00000228c0000000| Untracked |  0
|2567|0x00000228c2000000, 0x00000228c2000000, 0x00000228c4000000|  0%| F|  |TAMS 0x00000228c2000000| PB 0x00000228c2000000| Untracked |  0
|2568|0x00000228c4000000, 0x00000228c4000000, 0x00000228c6000000|  0%| F|  |TAMS 0x00000228c4000000| PB 0x00000228c4000000| Untracked |  0
|2569|0x00000228c6000000, 0x00000228c6000000, 0x00000228c8000000|  0%| F|  |TAMS 0x00000228c6000000| PB 0x00000228c6000000| Untracked |  0
|2570|0x00000228c8000000, 0x00000228c8000000, 0x00000228ca000000|  0%| F|  |TAMS 0x00000228c8000000| PB 0x00000228c8000000| Untracked |  0
|2571|0x00000228ca000000, 0x00000228ca000000, 0x00000228cc000000|  0%| F|  |TAMS 0x00000228ca000000| PB 0x00000228ca000000| Untracked |  0
|2572|0x00000228cc000000, 0x00000228cc000000, 0x00000228ce000000|  0%| F|  |TAMS 0x00000228cc000000| PB 0x00000228cc000000| Untracked |  0
|2573|0x00000228ce000000, 0x00000228ce000000, 0x00000228d0000000|  0%| F|  |TAMS 0x00000228ce000000| PB 0x00000228ce000000| Untracked |  0
|2574|0x00000228d0000000, 0x00000228d0000000, 0x00000228d2000000|  0%| F|  |TAMS 0x00000228d0000000| PB 0x00000228d0000000| Untracked |  0
|2575|0x00000228d2000000, 0x00000228d2000000, 0x00000228d4000000|  0%| F|  |TAMS 0x00000228d2000000| PB 0x00000228d2000000| Untracked |  0
|2576|0x00000228d4000000, 0x00000228d4000000, 0x00000228d6000000|  0%| F|  |TAMS 0x00000228d4000000| PB 0x00000228d4000000| Untracked |  0
|2577|0x00000228d6000000, 0x00000228d6000000, 0x00000228d8000000|  0%| F|  |TAMS 0x00000228d6000000| PB 0x00000228d6000000| Untracked |  0
|2578|0x00000228d8000000, 0x00000228d8000000, 0x00000228da000000|  0%| F|  |TAMS 0x00000228d8000000| PB 0x00000228d8000000| Untracked |  0
|2579|0x00000228da000000, 0x00000228da000000, 0x00000228dc000000|  0%| F|  |TAMS 0x00000228da000000| PB 0x00000228da000000| Untracked |  0
|2580|0x00000228dc000000, 0x00000228dc000000, 0x00000228de000000|  0%| F|  |TAMS 0x00000228dc000000| PB 0x00000228dc000000| Untracked |  0
|2581|0x00000228de000000, 0x00000228de000000, 0x00000228e0000000|  0%| F|  |TAMS 0x00000228de000000| PB 0x00000228de000000| Untracked |  0
|2582|0x00000228e0000000, 0x00000228e0000000, 0x00000228e2000000|  0%| F|  |TAMS 0x00000228e0000000| PB 0x00000228e0000000| Untracked |  0
|2583|0x00000228e2000000, 0x00000228e2000000, 0x00000228e4000000|  0%| F|  |TAMS 0x00000228e2000000| PB 0x00000228e2000000| Untracked |  0
|2584|0x00000228e4000000, 0x00000228e4000000, 0x00000228e6000000|  0%| F|  |TAMS 0x00000228e4000000| PB 0x00000228e4000000| Untracked |  0
|2585|0x00000228e6000000, 0x00000228e6000000, 0x00000228e8000000|  0%| F|  |TAMS 0x00000228e6000000| PB 0x00000228e6000000| Untracked |  0
|2586|0x00000228e8000000, 0x00000228e8000000, 0x00000228ea000000|  0%| F|  |TAMS 0x00000228e8000000| PB 0x00000228e8000000| Untracked |  0
|2587|0x00000228ea000000, 0x00000228ea000000, 0x00000228ec000000|  0%| F|  |TAMS 0x00000228ea000000| PB 0x00000228ea000000| Untracked |  0
|2588|0x00000228ec000000, 0x00000228ec000000, 0x00000228ee000000|  0%| F|  |TAMS 0x00000228ec000000| PB 0x00000228ec000000| Untracked |  0
|2589|0x00000228ee000000, 0x00000228ee000000, 0x00000228f0000000|  0%| F|  |TAMS 0x00000228ee000000| PB 0x00000228ee000000| Untracked |  0
|2590|0x00000228f0000000, 0x00000228f0000000, 0x00000228f2000000|  0%| F|  |TAMS 0x00000228f0000000| PB 0x00000228f0000000| Untracked |  0
|2591|0x00000228f2000000, 0x00000228f2000000, 0x00000228f4000000|  0%| F|  |TAMS 0x00000228f2000000| PB 0x00000228f2000000| Untracked |  0
|2592|0x00000228f4000000, 0x00000228f4000000, 0x00000228f6000000|  0%| F|  |TAMS 0x00000228f4000000| PB 0x00000228f4000000| Untracked |  0
|2593|0x00000228f6000000, 0x00000228f6000000, 0x00000228f8000000|  0%| F|  |TAMS 0x00000228f6000000| PB 0x00000228f6000000| Untracked |  0
|2594|0x00000228f8000000, 0x00000228f8000000, 0x00000228fa000000|  0%| F|  |TAMS 0x00000228f8000000| PB 0x00000228f8000000| Untracked |  0
|2595|0x00000228fa000000, 0x00000228fa000000, 0x00000228fc000000|  0%| F|  |TAMS 0x00000228fa000000| PB 0x00000228fa000000| Untracked |  0
|2596|0x00000228fc000000, 0x00000228fc000000, 0x00000228fe000000|  0%| F|  |TAMS 0x00000228fc000000| PB 0x00000228fc000000| Untracked |  0
|2597|0x00000228fe000000, 0x00000228fe000000, 0x0000022900000000|  0%| F|  |TAMS 0x00000228fe000000| PB 0x00000228fe000000| Untracked |  0
|2598|0x0000022900000000, 0x0000022900000000, 0x0000022902000000|  0%| F|  |TAMS 0x0000022900000000| PB 0x0000022900000000| Untracked |  0
|2599|0x0000022902000000, 0x0000022902000000, 0x0000022904000000|  0%| F|  |TAMS 0x0000022902000000| PB 0x0000022902000000| Untracked |  0
|2600|0x0000022904000000, 0x0000022904000000, 0x0000022906000000|  0%| F|  |TAMS 0x0000022904000000| PB 0x0000022904000000| Untracked |  0
|2601|0x0000022906000000, 0x0000022906000000, 0x0000022908000000|  0%| F|  |TAMS 0x0000022906000000| PB 0x0000022906000000| Untracked |  0
|2602|0x0000022908000000, 0x0000022908000000, 0x000002290a000000|  0%| F|  |TAMS 0x0000022908000000| PB 0x0000022908000000| Untracked |  0
|2603|0x000002290a000000, 0x000002290a000000, 0x000002290c000000|  0%| F|  |TAMS 0x000002290a000000| PB 0x000002290a000000| Untracked |  0
|2604|0x000002290c000000, 0x000002290c000000, 0x000002290e000000|  0%| F|  |TAMS 0x000002290c000000| PB 0x000002290c000000| Untracked |  0
|2605|0x000002290e000000, 0x000002290e000000, 0x0000022910000000|  0%| F|  |TAMS 0x000002290e000000| PB 0x000002290e000000| Untracked |  0
|2606|0x0000022910000000, 0x0000022910000000, 0x0000022912000000|  0%| F|  |TAMS 0x0000022910000000| PB 0x0000022910000000| Untracked |  0
|2607|0x0000022912000000, 0x0000022912000000, 0x0000022914000000|  0%| F|  |TAMS 0x0000022912000000| PB 0x0000022912000000| Untracked |  0
|2608|0x0000022914000000, 0x0000022914000000, 0x0000022916000000|  0%| F|  |TAMS 0x0000022914000000| PB 0x0000022914000000| Untracked |  0
|2609|0x0000022916000000, 0x0000022916000000, 0x0000022918000000|  0%| F|  |TAMS 0x0000022916000000| PB 0x0000022916000000| Untracked |  0
|2610|0x0000022918000000, 0x0000022918000000, 0x000002291a000000|  0%| F|  |TAMS 0x0000022918000000| PB 0x0000022918000000| Untracked |  0
|2611|0x000002291a000000, 0x000002291a000000, 0x000002291c000000|  0%| F|  |TAMS 0x000002291a000000| PB 0x000002291a000000| Untracked |  0
|2612|0x000002291c000000, 0x000002291c000000, 0x000002291e000000|  0%| F|  |TAMS 0x000002291c000000| PB 0x000002291c000000| Untracked |  0
|2613|0x000002291e000000, 0x000002291e000000, 0x0000022920000000|  0%| F|  |TAMS 0x000002291e000000| PB 0x000002291e000000| Untracked |  0
|2614|0x0000022920000000, 0x0000022920000000, 0x0000022922000000|  0%| F|  |TAMS 0x0000022920000000| PB 0x0000022920000000| Untracked |  0
|2615|0x0000022922000000, 0x0000022922000000, 0x0000022924000000|  0%| F|  |TAMS 0x0000022922000000| PB 0x0000022922000000| Untracked |  0
|2616|0x0000022924000000, 0x0000022924000000, 0x0000022926000000|  0%| F|  |TAMS 0x0000022924000000| PB 0x0000022924000000| Untracked |  0
|2617|0x0000022926000000, 0x0000022926000000, 0x0000022928000000|  0%| F|  |TAMS 0x0000022926000000| PB 0x0000022926000000| Untracked |  0
|2618|0x0000022928000000, 0x0000022928000000, 0x000002292a000000|  0%| F|  |TAMS 0x0000022928000000| PB 0x0000022928000000| Untracked |  0
|2619|0x000002292a000000, 0x000002292a000000, 0x000002292c000000|  0%| F|  |TAMS 0x000002292a000000| PB 0x000002292a000000| Untracked |  0
|2620|0x000002292c000000, 0x000002292c000000, 0x000002292e000000|  0%| F|  |TAMS 0x000002292c000000| PB 0x000002292c000000| Untracked |  0
|2621|0x000002292e000000, 0x000002292e000000, 0x0000022930000000|  0%| F|  |TAMS 0x000002292e000000| PB 0x000002292e000000| Untracked |  0
|2622|0x0000022930000000, 0x0000022930000000, 0x0000022932000000|  0%| F|  |TAMS 0x0000022930000000| PB 0x0000022930000000| Untracked |  0
|2623|0x0000022932000000, 0x0000022932000000, 0x0000022934000000|  0%| F|  |TAMS 0x0000022932000000| PB 0x0000022932000000| Untracked |  0
|2624|0x0000022934000000, 0x0000022934000000, 0x0000022936000000|  0%| F|  |TAMS 0x0000022934000000| PB 0x0000022934000000| Untracked |  0
|2625|0x0000022936000000, 0x0000022936000000, 0x0000022938000000|  0%| F|  |TAMS 0x0000022936000000| PB 0x0000022936000000| Untracked |  0
|2626|0x0000022938000000, 0x0000022938000000, 0x000002293a000000|  0%| F|  |TAMS 0x0000022938000000| PB 0x0000022938000000| Untracked |  0
|2627|0x000002293a000000, 0x000002293a000000, 0x000002293c000000|  0%| F|  |TAMS 0x000002293a000000| PB 0x000002293a000000| Untracked |  0
|2628|0x000002293c000000, 0x000002293c000000, 0x000002293e000000|  0%| F|  |TAMS 0x000002293c000000| PB 0x000002293c000000| Untracked |  0
|2629|0x000002293e000000, 0x000002293e000000, 0x0000022940000000|  0%| F|  |TAMS 0x000002293e000000| PB 0x000002293e000000| Untracked |  0
|2630|0x0000022940000000, 0x0000022940000000, 0x0000022942000000|  0%| F|  |TAMS 0x0000022940000000| PB 0x0000022940000000| Untracked |  0
|2631|0x0000022942000000, 0x0000022942000000, 0x0000022944000000|  0%| F|  |TAMS 0x0000022942000000| PB 0x0000022942000000| Untracked |  0
|2632|0x0000022944000000, 0x0000022944000000, 0x0000022946000000|  0%| F|  |TAMS 0x0000022944000000| PB 0x0000022944000000| Untracked |  0
|2633|0x0000022946000000, 0x0000022946000000, 0x0000022948000000|  0%| F|  |TAMS 0x0000022946000000| PB 0x0000022946000000| Untracked |  0
|2634|0x0000022948000000, 0x0000022948000000, 0x000002294a000000|  0%| F|  |TAMS 0x0000022948000000| PB 0x0000022948000000| Untracked |  0
|2635|0x000002294a000000, 0x000002294a000000, 0x000002294c000000|  0%| F|  |TAMS 0x000002294a000000| PB 0x000002294a000000| Untracked |  0
|2636|0x000002294c000000, 0x000002294c000000, 0x000002294e000000|  0%| F|  |TAMS 0x000002294c000000| PB 0x000002294c000000| Untracked |  0
|2637|0x000002294e000000, 0x000002294e000000, 0x0000022950000000|  0%| F|  |TAMS 0x000002294e000000| PB 0x000002294e000000| Untracked |  0
|2638|0x0000022950000000, 0x0000022950000000, 0x0000022952000000|  0%| F|  |TAMS 0x0000022950000000| PB 0x0000022950000000| Untracked |  0
|2639|0x0000022952000000, 0x0000022952000000, 0x0000022954000000|  0%| F|  |TAMS 0x0000022952000000| PB 0x0000022952000000| Untracked |  0
|2640|0x0000022954000000, 0x0000022954000000, 0x0000022956000000|  0%| F|  |TAMS 0x0000022954000000| PB 0x0000022954000000| Untracked |  0
|2641|0x0000022956000000, 0x0000022956000000, 0x0000022958000000|  0%| F|  |TAMS 0x0000022956000000| PB 0x0000022956000000| Untracked |  0
|2642|0x0000022958000000, 0x0000022958000000, 0x000002295a000000|  0%| F|  |TAMS 0x0000022958000000| PB 0x0000022958000000| Untracked |  0
|2643|0x000002295a000000, 0x000002295a000000, 0x000002295c000000|  0%| F|  |TAMS 0x000002295a000000| PB 0x000002295a000000| Untracked |  0
|2644|0x000002295c000000, 0x000002295c000000, 0x000002295e000000|  0%| F|  |TAMS 0x000002295c000000| PB 0x000002295c000000| Untracked |  0
|2645|0x000002295e000000, 0x000002295e000000, 0x0000022960000000|  0%| F|  |TAMS 0x000002295e000000| PB 0x000002295e000000| Untracked |  0
|2646|0x0000022960000000, 0x0000022960000000, 0x0000022962000000|  0%| F|  |TAMS 0x0000022960000000| PB 0x0000022960000000| Untracked |  0
|2647|0x0000022962000000, 0x0000022962000000, 0x0000022964000000|  0%| F|  |TAMS 0x0000022962000000| PB 0x0000022962000000| Untracked |  0
|2648|0x0000022964000000, 0x0000022964000000, 0x0000022966000000|  0%| F|  |TAMS 0x0000022964000000| PB 0x0000022964000000| Untracked |  0
|2649|0x0000022966000000, 0x0000022966000000, 0x0000022968000000|  0%| F|  |TAMS 0x0000022966000000| PB 0x0000022966000000| Untracked |  0
|2650|0x0000022968000000, 0x0000022968000000, 0x000002296a000000|  0%| F|  |TAMS 0x0000022968000000| PB 0x0000022968000000| Untracked |  0
|2651|0x000002296a000000, 0x000002296a000000, 0x000002296c000000|  0%| F|  |TAMS 0x000002296a000000| PB 0x000002296a000000| Untracked |  0
|2652|0x000002296c000000, 0x000002296c000000, 0x000002296e000000|  0%| F|  |TAMS 0x000002296c000000| PB 0x000002296c000000| Untracked |  0
|2653|0x000002296e000000, 0x000002296e000000, 0x0000022970000000|  0%| F|  |TAMS 0x000002296e000000| PB 0x000002296e000000| Untracked |  0
|2654|0x0000022970000000, 0x0000022970000000, 0x0000022972000000|  0%| F|  |TAMS 0x0000022970000000| PB 0x0000022970000000| Untracked |  0
|2655|0x0000022972000000, 0x0000022972000000, 0x0000022974000000|  0%| F|  |TAMS 0x0000022972000000| PB 0x0000022972000000| Untracked |  0
|2656|0x0000022974000000, 0x0000022974000000, 0x0000022976000000|  0%| F|  |TAMS 0x0000022974000000| PB 0x0000022974000000| Untracked |  0
|2657|0x0000022976000000, 0x0000022976000000, 0x0000022978000000|  0%| F|  |TAMS 0x0000022976000000| PB 0x0000022976000000| Untracked |  0
|2658|0x0000022978000000, 0x0000022978000000, 0x000002297a000000|  0%| F|  |TAMS 0x0000022978000000| PB 0x0000022978000000| Untracked |  0
|2659|0x000002297a000000, 0x000002297a000000, 0x000002297c000000|  0%| F|  |TAMS 0x000002297a000000| PB 0x000002297a000000| Untracked |  0
|2660|0x000002297c000000, 0x000002297c000000, 0x000002297e000000|  0%| F|  |TAMS 0x000002297c000000| PB 0x000002297c000000| Untracked |  0
|2661|0x000002297e000000, 0x000002297e000000, 0x0000022980000000|  0%| F|  |TAMS 0x000002297e000000| PB 0x000002297e000000| Untracked |  0
|2662|0x0000022980000000, 0x0000022980000000, 0x0000022982000000|  0%| F|  |TAMS 0x0000022980000000| PB 0x0000022980000000| Untracked |  0
|2663|0x0000022982000000, 0x0000022982000000, 0x0000022984000000|  0%| F|  |TAMS 0x0000022982000000| PB 0x0000022982000000| Untracked |  0
|2664|0x0000022984000000, 0x0000022984000000, 0x0000022986000000|  0%| F|  |TAMS 0x0000022984000000| PB 0x0000022984000000| Untracked |  0
|2665|0x0000022986000000, 0x0000022986000000, 0x0000022988000000|  0%| F|  |TAMS 0x0000022986000000| PB 0x0000022986000000| Untracked |  0
|2666|0x0000022988000000, 0x0000022988000000, 0x000002298a000000|  0%| F|  |TAMS 0x0000022988000000| PB 0x0000022988000000| Untracked |  0
|2667|0x000002298a000000, 0x000002298a000000, 0x000002298c000000|  0%| F|  |TAMS 0x000002298a000000| PB 0x000002298a000000| Untracked |  0
|2668|0x000002298c000000, 0x000002298c000000, 0x000002298e000000|  0%| F|  |TAMS 0x000002298c000000| PB 0x000002298c000000| Untracked |  0
|2669|0x000002298e000000, 0x000002298e000000, 0x0000022990000000|  0%| F|  |TAMS 0x000002298e000000| PB 0x000002298e000000| Untracked |  0
|2670|0x0000022990000000, 0x0000022990000000, 0x0000022992000000|  0%| F|  |TAMS 0x0000022990000000| PB 0x0000022990000000| Untracked |  0
|2671|0x0000022992000000, 0x0000022992000000, 0x0000022994000000|  0%| F|  |TAMS 0x0000022992000000| PB 0x0000022992000000| Untracked |  0
|2672|0x0000022994000000, 0x0000022994000000, 0x0000022996000000|  0%| F|  |TAMS 0x0000022994000000| PB 0x0000022994000000| Untracked |  0
|2673|0x0000022996000000, 0x0000022996000000, 0x0000022998000000|  0%| F|  |TAMS 0x0000022996000000| PB 0x0000022996000000| Untracked |  0
|2674|0x0000022998000000, 0x0000022998000000, 0x000002299a000000|  0%| F|  |TAMS 0x0000022998000000| PB 0x0000022998000000| Untracked |  0
|2675|0x000002299a000000, 0x000002299a000000, 0x000002299c000000|  0%| F|  |TAMS 0x000002299a000000| PB 0x000002299a000000| Untracked |  0
|2676|0x000002299c000000, 0x000002299c000000, 0x000002299e000000|  0%| F|  |TAMS 0x000002299c000000| PB 0x000002299c000000| Untracked |  0
|2677|0x000002299e000000, 0x000002299e000000, 0x00000229a0000000|  0%| F|  |TAMS 0x000002299e000000| PB 0x000002299e000000| Untracked |  0
|2678|0x00000229a0000000, 0x00000229a0000000, 0x00000229a2000000|  0%| F|  |TAMS 0x00000229a0000000| PB 0x00000229a0000000| Untracked |  0
|2679|0x00000229a2000000, 0x00000229a2000000, 0x00000229a4000000|  0%| F|  |TAMS 0x00000229a2000000| PB 0x00000229a2000000| Untracked |  0
|2680|0x00000229a4000000, 0x00000229a4000000, 0x00000229a6000000|  0%| F|  |TAMS 0x00000229a4000000| PB 0x00000229a4000000| Untracked |  0
|2681|0x00000229a6000000, 0x00000229a6000000, 0x00000229a8000000|  0%| F|  |TAMS 0x00000229a6000000| PB 0x00000229a6000000| Untracked |  0
|2682|0x00000229a8000000, 0x00000229a8000000, 0x00000229aa000000|  0%| F|  |TAMS 0x00000229a8000000| PB 0x00000229a8000000| Untracked |  0
|2683|0x00000229aa000000, 0x00000229aa000000, 0x00000229ac000000|  0%| F|  |TAMS 0x00000229aa000000| PB 0x00000229aa000000| Untracked |  0
|2684|0x00000229ac000000, 0x00000229ac000000, 0x00000229ae000000|  0%| F|  |TAMS 0x00000229ac000000| PB 0x00000229ac000000| Untracked |  0
|2685|0x00000229ae000000, 0x00000229ae000000, 0x00000229b0000000|  0%| F|  |TAMS 0x00000229ae000000| PB 0x00000229ae000000| Untracked |  0
|2686|0x00000229b0000000, 0x00000229b0000000, 0x00000229b2000000|  0%| F|  |TAMS 0x00000229b0000000| PB 0x00000229b0000000| Untracked |  0
|2687|0x00000229b2000000, 0x00000229b2000000, 0x00000229b4000000|  0%| F|  |TAMS 0x00000229b2000000| PB 0x00000229b2000000| Untracked |  0
|2688|0x00000229b4000000, 0x00000229b4000000, 0x00000229b6000000|  0%| F|  |TAMS 0x00000229b4000000| PB 0x00000229b4000000| Untracked |  0
|2689|0x00000229b6000000, 0x00000229b6000000, 0x00000229b8000000|  0%| F|  |TAMS 0x00000229b6000000| PB 0x00000229b6000000| Untracked |  0
|2690|0x00000229b8000000, 0x00000229b8000000, 0x00000229ba000000|  0%| F|  |TAMS 0x00000229b8000000| PB 0x00000229b8000000| Untracked |  0
|2691|0x00000229ba000000, 0x00000229ba000000, 0x00000229bc000000|  0%| F|  |TAMS 0x00000229ba000000| PB 0x00000229ba000000| Untracked |  0
|2692|0x00000229bc000000, 0x00000229bc000000, 0x00000229be000000|  0%| F|  |TAMS 0x00000229bc000000| PB 0x00000229bc000000| Untracked |  0
|2693|0x00000229be000000, 0x00000229be000000, 0x00000229c0000000|  0%| F|  |TAMS 0x00000229be000000| PB 0x00000229be000000| Untracked |  0
|2694|0x00000229c0000000, 0x00000229c0000000, 0x00000229c2000000|  0%| F|  |TAMS 0x00000229c0000000| PB 0x00000229c0000000| Untracked |  0
|2695|0x00000229c2000000, 0x00000229c2000000, 0x00000229c4000000|  0%| F|  |TAMS 0x00000229c2000000| PB 0x00000229c2000000| Untracked |  0
|2696|0x00000229c4000000, 0x00000229c4000000, 0x00000229c6000000|  0%| F|  |TAMS 0x00000229c4000000| PB 0x00000229c4000000| Untracked |  0
|2697|0x00000229c6000000, 0x00000229c6000000, 0x00000229c8000000|  0%| F|  |TAMS 0x00000229c6000000| PB 0x00000229c6000000| Untracked |  0
|2698|0x00000229c8000000, 0x00000229c8000000, 0x00000229ca000000|  0%| F|  |TAMS 0x00000229c8000000| PB 0x00000229c8000000| Untracked |  0
|2699|0x00000229ca000000, 0x00000229ca000000, 0x00000229cc000000|  0%| F|  |TAMS 0x00000229ca000000| PB 0x00000229ca000000| Untracked |  0
|2700|0x00000229cc000000, 0x00000229cc000000, 0x00000229ce000000|  0%| F|  |TAMS 0x00000229cc000000| PB 0x00000229cc000000| Untracked |  0
|2701|0x00000229ce000000, 0x00000229ce000000, 0x00000229d0000000|  0%| F|  |TAMS 0x00000229ce000000| PB 0x00000229ce000000| Untracked |  0
|2702|0x00000229d0000000, 0x00000229d0000000, 0x00000229d2000000|  0%| F|  |TAMS 0x00000229d0000000| PB 0x00000229d0000000| Untracked |  0
|2703|0x00000229d2000000, 0x00000229d2000000, 0x00000229d4000000|  0%| F|  |TAMS 0x00000229d2000000| PB 0x00000229d2000000| Untracked |  0
|2704|0x00000229d4000000, 0x00000229d4000000, 0x00000229d6000000|  0%| F|  |TAMS 0x00000229d4000000| PB 0x00000229d4000000| Untracked |  0
|2705|0x00000229d6000000, 0x00000229d6000000, 0x00000229d8000000|  0%| F|  |TAMS 0x00000229d6000000| PB 0x00000229d6000000| Untracked |  0
|2706|0x00000229d8000000, 0x00000229d8000000, 0x00000229da000000|  0%| F|  |TAMS 0x00000229d8000000| PB 0x00000229d8000000| Untracked |  0
|2707|0x00000229da000000, 0x00000229da000000, 0x00000229dc000000|  0%| F|  |TAMS 0x00000229da000000| PB 0x00000229da000000| Untracked |  0
|2708|0x00000229dc000000, 0x00000229dc000000, 0x00000229de000000|  0%| F|  |TAMS 0x00000229dc000000| PB 0x00000229dc000000| Untracked |  0
|2709|0x00000229de000000, 0x00000229de000000, 0x00000229e0000000|  0%| F|  |TAMS 0x00000229de000000| PB 0x00000229de000000| Untracked |  0
|2710|0x00000229e0000000, 0x00000229e0000000, 0x00000229e2000000|  0%| F|  |TAMS 0x00000229e0000000| PB 0x00000229e0000000| Untracked |  0
|2711|0x00000229e2000000, 0x00000229e2000000, 0x00000229e4000000|  0%| F|  |TAMS 0x00000229e2000000| PB 0x00000229e2000000| Untracked |  0
|2712|0x00000229e4000000, 0x00000229e4000000, 0x00000229e6000000|  0%| F|  |TAMS 0x00000229e4000000| PB 0x00000229e4000000| Untracked |  0
|2713|0x00000229e6000000, 0x00000229e6000000, 0x00000229e8000000|  0%| F|  |TAMS 0x00000229e6000000| PB 0x00000229e6000000| Untracked |  0
|2714|0x00000229e8000000, 0x00000229e8000000, 0x00000229ea000000|  0%| F|  |TAMS 0x00000229e8000000| PB 0x00000229e8000000| Untracked |  0
|2715|0x00000229ea000000, 0x00000229ea000000, 0x00000229ec000000|  0%| F|  |TAMS 0x00000229ea000000| PB 0x00000229ea000000| Untracked |  0
|2716|0x00000229ec000000, 0x00000229ec000000, 0x00000229ee000000|  0%| F|  |TAMS 0x00000229ec000000| PB 0x00000229ec000000| Untracked |  0
|2717|0x00000229ee000000, 0x00000229ee000000, 0x00000229f0000000|  0%| F|  |TAMS 0x00000229ee000000| PB 0x00000229ee000000| Untracked |  0
|2718|0x00000229f0000000, 0x00000229f0000000, 0x00000229f2000000|  0%| F|  |TAMS 0x00000229f0000000| PB 0x00000229f0000000| Untracked |  0
|2719|0x00000229f2000000, 0x00000229f2000000, 0x00000229f4000000|  0%| F|  |TAMS 0x00000229f2000000| PB 0x00000229f2000000| Untracked |  0
|2720|0x00000229f4000000, 0x00000229f4000000, 0x00000229f6000000|  0%| F|  |TAMS 0x00000229f4000000| PB 0x00000229f4000000| Untracked |  0
|2721|0x00000229f6000000, 0x00000229f6000000, 0x00000229f8000000|  0%| F|  |TAMS 0x00000229f6000000| PB 0x00000229f6000000| Untracked |  0
|2722|0x00000229f8000000, 0x00000229f8000000, 0x00000229fa000000|  0%| F|  |TAMS 0x00000229f8000000| PB 0x00000229f8000000| Untracked |  0
|2723|0x00000229fa000000, 0x00000229fa000000, 0x00000229fc000000|  0%| F|  |TAMS 0x00000229fa000000| PB 0x00000229fa000000| Untracked |  0
|2724|0x00000229fc000000, 0x00000229fc000000, 0x00000229fe000000|  0%| F|  |TAMS 0x00000229fc000000| PB 0x00000229fc000000| Untracked |  0
|2725|0x00000229fe000000, 0x00000229fe000000, 0x0000022a00000000|  0%| F|  |TAMS 0x00000229fe000000| PB 0x00000229fe000000| Untracked |  0
|2726|0x0000022a00000000, 0x0000022a00000000, 0x0000022a02000000|  0%| F|  |TAMS 0x0000022a00000000| PB 0x0000022a00000000| Untracked |  0
|2727|0x0000022a02000000, 0x0000022a02000000, 0x0000022a04000000|  0%| F|  |TAMS 0x0000022a02000000| PB 0x0000022a02000000| Untracked |  0
|2728|0x0000022a04000000, 0x0000022a04000000, 0x0000022a06000000|  0%| F|  |TAMS 0x0000022a04000000| PB 0x0000022a04000000| Untracked |  0
|2729|0x0000022a06000000, 0x0000022a06000000, 0x0000022a08000000|  0%| F|  |TAMS 0x0000022a06000000| PB 0x0000022a06000000| Untracked |  0
|2730|0x0000022a08000000, 0x0000022a08000000, 0x0000022a0a000000|  0%| F|  |TAMS 0x0000022a08000000| PB 0x0000022a08000000| Untracked |  0
|2731|0x0000022a0a000000, 0x0000022a0a000000, 0x0000022a0c000000|  0%| F|  |TAMS 0x0000022a0a000000| PB 0x0000022a0a000000| Untracked |  0
|2732|0x0000022a0c000000, 0x0000022a0c000000, 0x0000022a0e000000|  0%| F|  |TAMS 0x0000022a0c000000| PB 0x0000022a0c000000| Untracked |  0
|2733|0x0000022a0e000000, 0x0000022a0e000000, 0x0000022a10000000|  0%| F|  |TAMS 0x0000022a0e000000| PB 0x0000022a0e000000| Untracked |  0
|2734|0x0000022a10000000, 0x0000022a10000000, 0x0000022a12000000|  0%| F|  |TAMS 0x0000022a10000000| PB 0x0000022a10000000| Untracked |  0
|2735|0x0000022a12000000, 0x0000022a12000000, 0x0000022a14000000|  0%| F|  |TAMS 0x0000022a12000000| PB 0x0000022a12000000| Untracked |  0
|2736|0x0000022a14000000, 0x0000022a14000000, 0x0000022a16000000|  0%| F|  |TAMS 0x0000022a14000000| PB 0x0000022a14000000| Untracked |  0
|2737|0x0000022a16000000, 0x0000022a16000000, 0x0000022a18000000|  0%| F|  |TAMS 0x0000022a16000000| PB 0x0000022a16000000| Untracked |  0
|2738|0x0000022a18000000, 0x0000022a18000000, 0x0000022a1a000000|  0%| F|  |TAMS 0x0000022a18000000| PB 0x0000022a18000000| Untracked |  0
|2739|0x0000022a1a000000, 0x0000022a1a000000, 0x0000022a1c000000|  0%| F|  |TAMS 0x0000022a1a000000| PB 0x0000022a1a000000| Untracked |  0
|2740|0x0000022a1c000000, 0x0000022a1c000000, 0x0000022a1e000000|  0%| F|  |TAMS 0x0000022a1c000000| PB 0x0000022a1c000000| Untracked |  0
|2741|0x0000022a1e000000, 0x0000022a1e000000, 0x0000022a20000000|  0%| F|  |TAMS 0x0000022a1e000000| PB 0x0000022a1e000000| Untracked |  0
|2742|0x0000022a20000000, 0x0000022a20000000, 0x0000022a22000000|  0%| F|  |TAMS 0x0000022a20000000| PB 0x0000022a20000000| Untracked |  0
|2743|0x0000022a22000000, 0x0000022a22000000, 0x0000022a24000000|  0%| F|  |TAMS 0x0000022a22000000| PB 0x0000022a22000000| Untracked |  0
|2744|0x0000022a24000000, 0x0000022a24000000, 0x0000022a26000000|  0%| F|  |TAMS 0x0000022a24000000| PB 0x0000022a24000000| Untracked |  0
|2745|0x0000022a26000000, 0x0000022a26000000, 0x0000022a28000000|  0%| F|  |TAMS 0x0000022a26000000| PB 0x0000022a26000000| Untracked |  0
|2746|0x0000022a28000000, 0x0000022a28000000, 0x0000022a2a000000|  0%| F|  |TAMS 0x0000022a28000000| PB 0x0000022a28000000| Untracked |  0
|2747|0x0000022a2a000000, 0x0000022a2a000000, 0x0000022a2c000000|  0%| F|  |TAMS 0x0000022a2a000000| PB 0x0000022a2a000000| Untracked |  0
|2748|0x0000022a2c000000, 0x0000022a2c000000, 0x0000022a2e000000|  0%| F|  |TAMS 0x0000022a2c000000| PB 0x0000022a2c000000| Untracked |  0
|2749|0x0000022a2e000000, 0x0000022a2e000000, 0x0000022a30000000|  0%| F|  |TAMS 0x0000022a2e000000| PB 0x0000022a2e000000| Untracked |  0
|2750|0x0000022a30000000, 0x0000022a30000000, 0x0000022a32000000|  0%| F|  |TAMS 0x0000022a30000000| PB 0x0000022a30000000| Untracked |  0
|2751|0x0000022a32000000, 0x0000022a32000000, 0x0000022a34000000|  0%| F|  |TAMS 0x0000022a32000000| PB 0x0000022a32000000| Untracked |  0
|2752|0x0000022a34000000, 0x0000022a34000000, 0x0000022a36000000|  0%| F|  |TAMS 0x0000022a34000000| PB 0x0000022a34000000| Untracked |  0
|2753|0x0000022a36000000, 0x0000022a36000000, 0x0000022a38000000|  0%| F|  |TAMS 0x0000022a36000000| PB 0x0000022a36000000| Untracked |  0
|2754|0x0000022a38000000, 0x0000022a38000000, 0x0000022a3a000000|  0%| F|  |TAMS 0x0000022a38000000| PB 0x0000022a38000000| Untracked |  0
|2755|0x0000022a3a000000, 0x0000022a3a000000, 0x0000022a3c000000|  0%| F|  |TAMS 0x0000022a3a000000| PB 0x0000022a3a000000| Untracked |  0
|2756|0x0000022a3c000000, 0x0000022a3c000000, 0x0000022a3e000000|  0%| F|  |TAMS 0x0000022a3c000000| PB 0x0000022a3c000000| Untracked |  0
|2757|0x0000022a3e000000, 0x0000022a3e000000, 0x0000022a40000000|  0%| F|  |TAMS 0x0000022a3e000000| PB 0x0000022a3e000000| Untracked |  0
|2758|0x0000022a40000000, 0x0000022a40000000, 0x0000022a42000000|  0%| F|  |TAMS 0x0000022a40000000| PB 0x0000022a40000000| Untracked |  0
|2759|0x0000022a42000000, 0x0000022a42000000, 0x0000022a44000000|  0%| F|  |TAMS 0x0000022a42000000| PB 0x0000022a42000000| Untracked |  0
|2760|0x0000022a44000000, 0x0000022a44000000, 0x0000022a46000000|  0%| F|  |TAMS 0x0000022a44000000| PB 0x0000022a44000000| Untracked |  0
|2761|0x0000022a46000000, 0x0000022a46000000, 0x0000022a48000000|  0%| F|  |TAMS 0x0000022a46000000| PB 0x0000022a46000000| Untracked |  0
|2762|0x0000022a48000000, 0x0000022a48000000, 0x0000022a4a000000|  0%| F|  |TAMS 0x0000022a48000000| PB 0x0000022a48000000| Untracked |  0
|2763|0x0000022a4a000000, 0x0000022a4a000000, 0x0000022a4c000000|  0%| F|  |TAMS 0x0000022a4a000000| PB 0x0000022a4a000000| Untracked |  0
|2764|0x0000022a4c000000, 0x0000022a4c000000, 0x0000022a4e000000|  0%| F|  |TAMS 0x0000022a4c000000| PB 0x0000022a4c000000| Untracked |  0
|2765|0x0000022a4e000000, 0x0000022a4e000000, 0x0000022a50000000|  0%| F|  |TAMS 0x0000022a4e000000| PB 0x0000022a4e000000| Untracked |  0
|2766|0x0000022a50000000, 0x0000022a50000000, 0x0000022a52000000|  0%| F|  |TAMS 0x0000022a50000000| PB 0x0000022a50000000| Untracked |  0
|2767|0x0000022a52000000, 0x0000022a52000000, 0x0000022a54000000|  0%| F|  |TAMS 0x0000022a52000000| PB 0x0000022a52000000| Untracked |  0
|2768|0x0000022a54000000, 0x0000022a54000000, 0x0000022a56000000|  0%| F|  |TAMS 0x0000022a54000000| PB 0x0000022a54000000| Untracked |  0
|2769|0x0000022a56000000, 0x0000022a56000000, 0x0000022a58000000|  0%| F|  |TAMS 0x0000022a56000000| PB 0x0000022a56000000| Untracked |  0
|2770|0x0000022a58000000, 0x0000022a58000000, 0x0000022a5a000000|  0%| F|  |TAMS 0x0000022a58000000| PB 0x0000022a58000000| Untracked |  0
|2771|0x0000022a5a000000, 0x0000022a5a000000, 0x0000022a5c000000|  0%| F|  |TAMS 0x0000022a5a000000| PB 0x0000022a5a000000| Untracked |  0
|2772|0x0000022a5c000000, 0x0000022a5c000000, 0x0000022a5e000000|  0%| F|  |TAMS 0x0000022a5c000000| PB 0x0000022a5c000000| Untracked |  0
|2773|0x0000022a5e000000, 0x0000022a5e000000, 0x0000022a60000000|  0%| F|  |TAMS 0x0000022a5e000000| PB 0x0000022a5e000000| Untracked |  0
|2774|0x0000022a60000000, 0x0000022a60000000, 0x0000022a62000000|  0%| F|  |TAMS 0x0000022a60000000| PB 0x0000022a60000000| Untracked |  0
|2775|0x0000022a62000000, 0x0000022a62000000, 0x0000022a64000000|  0%| F|  |TAMS 0x0000022a62000000| PB 0x0000022a62000000| Untracked |  0
|2776|0x0000022a64000000, 0x0000022a64000000, 0x0000022a66000000|  0%| F|  |TAMS 0x0000022a64000000| PB 0x0000022a64000000| Untracked |  0
|2777|0x0000022a66000000, 0x0000022a66000000, 0x0000022a68000000|  0%| F|  |TAMS 0x0000022a66000000| PB 0x0000022a66000000| Untracked |  0
|2778|0x0000022a68000000, 0x0000022a68000000, 0x0000022a6a000000|  0%| F|  |TAMS 0x0000022a68000000| PB 0x0000022a68000000| Untracked |  0
|2779|0x0000022a6a000000, 0x0000022a6a000000, 0x0000022a6c000000|  0%| F|  |TAMS 0x0000022a6a000000| PB 0x0000022a6a000000| Untracked |  0
|2780|0x0000022a6c000000, 0x0000022a6c000000, 0x0000022a6e000000|  0%| F|  |TAMS 0x0000022a6c000000| PB 0x0000022a6c000000| Untracked |  0
|2781|0x0000022a6e000000, 0x0000022a6e000000, 0x0000022a70000000|  0%| F|  |TAMS 0x0000022a6e000000| PB 0x0000022a6e000000| Untracked |  0
|2782|0x0000022a70000000, 0x0000022a70000000, 0x0000022a72000000|  0%| F|  |TAMS 0x0000022a70000000| PB 0x0000022a70000000| Untracked |  0
|2783|0x0000022a72000000, 0x0000022a72000000, 0x0000022a74000000|  0%| F|  |TAMS 0x0000022a72000000| PB 0x0000022a72000000| Untracked |  0
|2784|0x0000022a74000000, 0x0000022a74000000, 0x0000022a76000000|  0%| F|  |TAMS 0x0000022a74000000| PB 0x0000022a74000000| Untracked |  0
|2785|0x0000022a76000000, 0x0000022a76000000, 0x0000022a78000000|  0%| F|  |TAMS 0x0000022a76000000| PB 0x0000022a76000000| Untracked |  0
|2786|0x0000022a78000000, 0x0000022a78000000, 0x0000022a7a000000|  0%| F|  |TAMS 0x0000022a78000000| PB 0x0000022a78000000| Untracked |  0
|2787|0x0000022a7a000000, 0x0000022a7a000000, 0x0000022a7c000000|  0%| F|  |TAMS 0x0000022a7a000000| PB 0x0000022a7a000000| Untracked |  0
|2788|0x0000022a7c000000, 0x0000022a7c000000, 0x0000022a7e000000|  0%| F|  |TAMS 0x0000022a7c000000| PB 0x0000022a7c000000| Untracked |  0
|2789|0x0000022a7e000000, 0x0000022a7e000000, 0x0000022a80000000|  0%| F|  |TAMS 0x0000022a7e000000| PB 0x0000022a7e000000| Untracked |  0
|2790|0x0000022a80000000, 0x0000022a80000000, 0x0000022a82000000|  0%| F|  |TAMS 0x0000022a80000000| PB 0x0000022a80000000| Untracked |  0
|2791|0x0000022a82000000, 0x0000022a82000000, 0x0000022a84000000|  0%| F|  |TAMS 0x0000022a82000000| PB 0x0000022a82000000| Untracked |  0
|2792|0x0000022a84000000, 0x0000022a84000000, 0x0000022a86000000|  0%| F|  |TAMS 0x0000022a84000000| PB 0x0000022a84000000| Untracked |  0
|2793|0x0000022a86000000, 0x0000022a86000000, 0x0000022a88000000|  0%| F|  |TAMS 0x0000022a86000000| PB 0x0000022a86000000| Untracked |  0
|2794|0x0000022a88000000, 0x0000022a88000000, 0x0000022a8a000000|  0%| F|  |TAMS 0x0000022a88000000| PB 0x0000022a88000000| Untracked |  0
|2795|0x0000022a8a000000, 0x0000022a8a000000, 0x0000022a8c000000|  0%| F|  |TAMS 0x0000022a8a000000| PB 0x0000022a8a000000| Untracked |  0
|2796|0x0000022a8c000000, 0x0000022a8c000000, 0x0000022a8e000000|  0%| F|  |TAMS 0x0000022a8c000000| PB 0x0000022a8c000000| Untracked |  0
|2797|0x0000022a8e000000, 0x0000022a8e000000, 0x0000022a90000000|  0%| F|  |TAMS 0x0000022a8e000000| PB 0x0000022a8e000000| Untracked |  0
|2798|0x0000022a90000000, 0x0000022a90000000, 0x0000022a92000000|  0%| F|  |TAMS 0x0000022a90000000| PB 0x0000022a90000000| Untracked |  0
|2799|0x0000022a92000000, 0x0000022a92000000, 0x0000022a94000000|  0%| F|  |TAMS 0x0000022a92000000| PB 0x0000022a92000000| Untracked |  0
|2800|0x0000022a94000000, 0x0000022a94000000, 0x0000022a96000000|  0%| F|  |TAMS 0x0000022a94000000| PB 0x0000022a94000000| Untracked |  0
|2801|0x0000022a96000000, 0x0000022a96000000, 0x0000022a98000000|  0%| F|  |TAMS 0x0000022a96000000| PB 0x0000022a96000000| Untracked |  0
|2802|0x0000022a98000000, 0x0000022a98000000, 0x0000022a9a000000|  0%| F|  |TAMS 0x0000022a98000000| PB 0x0000022a98000000| Untracked |  0
|2803|0x0000022a9a000000, 0x0000022a9a000000, 0x0000022a9c000000|  0%| F|  |TAMS 0x0000022a9a000000| PB 0x0000022a9a000000| Untracked |  0
|2804|0x0000022a9c000000, 0x0000022a9c000000, 0x0000022a9e000000|  0%| F|  |TAMS 0x0000022a9c000000| PB 0x0000022a9c000000| Untracked |  0
|2805|0x0000022a9e000000, 0x0000022a9e000000, 0x0000022aa0000000|  0%| F|  |TAMS 0x0000022a9e000000| PB 0x0000022a9e000000| Untracked |  0
|2806|0x0000022aa0000000, 0x0000022aa0000000, 0x0000022aa2000000|  0%| F|  |TAMS 0x0000022aa0000000| PB 0x0000022aa0000000| Untracked |  0
|2807|0x0000022aa2000000, 0x0000022aa2000000, 0x0000022aa4000000|  0%| F|  |TAMS 0x0000022aa2000000| PB 0x0000022aa2000000| Untracked |  0
|2808|0x0000022aa4000000, 0x0000022aa4000000, 0x0000022aa6000000|  0%| F|  |TAMS 0x0000022aa4000000| PB 0x0000022aa4000000| Untracked |  0
|2809|0x0000022aa6000000, 0x0000022aa6000000, 0x0000022aa8000000|  0%| F|  |TAMS 0x0000022aa6000000| PB 0x0000022aa6000000| Untracked |  0
|2810|0x0000022aa8000000, 0x0000022aa8000000, 0x0000022aaa000000|  0%| F|  |TAMS 0x0000022aa8000000| PB 0x0000022aa8000000| Untracked |  0
|2811|0x0000022aaa000000, 0x0000022aaa000000, 0x0000022aac000000|  0%| F|  |TAMS 0x0000022aaa000000| PB 0x0000022aaa000000| Untracked |  0
|2812|0x0000022aac000000, 0x0000022aac000000, 0x0000022aae000000|  0%| F|  |TAMS 0x0000022aac000000| PB 0x0000022aac000000| Untracked |  0
|2813|0x0000022aae000000, 0x0000022aae000000, 0x0000022ab0000000|  0%| F|  |TAMS 0x0000022aae000000| PB 0x0000022aae000000| Untracked |  0
|2814|0x0000022ab0000000, 0x0000022ab0000000, 0x0000022ab2000000|  0%| F|  |TAMS 0x0000022ab0000000| PB 0x0000022ab0000000| Untracked |  0
|2815|0x0000022ab2000000, 0x0000022ab2000000, 0x0000022ab4000000|  0%| F|  |TAMS 0x0000022ab2000000| PB 0x0000022ab2000000| Untracked |  0
|2816|0x0000022ab4000000, 0x0000022ab4000000, 0x0000022ab6000000|  0%| F|  |TAMS 0x0000022ab4000000| PB 0x0000022ab4000000| Untracked |  0
|2817|0x0000022ab6000000, 0x0000022ab6000000, 0x0000022ab8000000|  0%| F|  |TAMS 0x0000022ab6000000| PB 0x0000022ab6000000| Untracked |  0
|2818|0x0000022ab8000000, 0x0000022ab8000000, 0x0000022aba000000|  0%| F|  |TAMS 0x0000022ab8000000| PB 0x0000022ab8000000| Untracked |  0
|2819|0x0000022aba000000, 0x0000022aba000000, 0x0000022abc000000|  0%| F|  |TAMS 0x0000022aba000000| PB 0x0000022aba000000| Untracked |  0
|2820|0x0000022abc000000, 0x0000022abc000000, 0x0000022abe000000|  0%| F|  |TAMS 0x0000022abc000000| PB 0x0000022abc000000| Untracked |  0
|2821|0x0000022abe000000, 0x0000022abe000000, 0x0000022ac0000000|  0%| F|  |TAMS 0x0000022abe000000| PB 0x0000022abe000000| Untracked |  0
|2822|0x0000022ac0000000, 0x0000022ac0000000, 0x0000022ac2000000|  0%| F|  |TAMS 0x0000022ac0000000| PB 0x0000022ac0000000| Untracked |  0
|2823|0x0000022ac2000000, 0x0000022ac2000000, 0x0000022ac4000000|  0%| F|  |TAMS 0x0000022ac2000000| PB 0x0000022ac2000000| Untracked |  0
|2824|0x0000022ac4000000, 0x0000022ac4000000, 0x0000022ac6000000|  0%| F|  |TAMS 0x0000022ac4000000| PB 0x0000022ac4000000| Untracked |  0
|2825|0x0000022ac6000000, 0x0000022ac6000000, 0x0000022ac8000000|  0%| F|  |TAMS 0x0000022ac6000000| PB 0x0000022ac6000000| Untracked |  0
|2826|0x0000022ac8000000, 0x0000022ac8000000, 0x0000022aca000000|  0%| F|  |TAMS 0x0000022ac8000000| PB 0x0000022ac8000000| Untracked |  0
|2827|0x0000022aca000000, 0x0000022aca000000, 0x0000022acc000000|  0%| F|  |TAMS 0x0000022aca000000| PB 0x0000022aca000000| Untracked |  0
|2828|0x0000022acc000000, 0x0000022acc000000, 0x0000022ace000000|  0%| F|  |TAMS 0x0000022acc000000| PB 0x0000022acc000000| Untracked |  0
|2829|0x0000022ace000000, 0x0000022ace000000, 0x0000022ad0000000|  0%| F|  |TAMS 0x0000022ace000000| PB 0x0000022ace000000| Untracked |  0
|2830|0x0000022ad0000000, 0x0000022ad0000000, 0x0000022ad2000000|  0%| F|  |TAMS 0x0000022ad0000000| PB 0x0000022ad0000000| Untracked |  0
|2831|0x0000022ad2000000, 0x0000022ad2000000, 0x0000022ad4000000|  0%| F|  |TAMS 0x0000022ad2000000| PB 0x0000022ad2000000| Untracked |  0
|2832|0x0000022ad4000000, 0x0000022ad4000000, 0x0000022ad6000000|  0%| F|  |TAMS 0x0000022ad4000000| PB 0x0000022ad4000000| Untracked |  0
|2833|0x0000022ad6000000, 0x0000022ad6000000, 0x0000022ad8000000|  0%| F|  |TAMS 0x0000022ad6000000| PB 0x0000022ad6000000| Untracked |  0
|2834|0x0000022ad8000000, 0x0000022ad8000000, 0x0000022ada000000|  0%| F|  |TAMS 0x0000022ad8000000| PB 0x0000022ad8000000| Untracked |  0
|2835|0x0000022ada000000, 0x0000022ada000000, 0x0000022adc000000|  0%| F|  |TAMS 0x0000022ada000000| PB 0x0000022ada000000| Untracked |  0
|2836|0x0000022adc000000, 0x0000022adc000000, 0x0000022ade000000|  0%| F|  |TAMS 0x0000022adc000000| PB 0x0000022adc000000| Untracked |  0
|2837|0x0000022ade000000, 0x0000022ade000000, 0x0000022ae0000000|  0%| F|  |TAMS 0x0000022ade000000| PB 0x0000022ade000000| Untracked |  0
|2838|0x0000022ae0000000, 0x0000022ae0000000, 0x0000022ae2000000|  0%| F|  |TAMS 0x0000022ae0000000| PB 0x0000022ae0000000| Untracked |  0
|2839|0x0000022ae2000000, 0x0000022ae2000000, 0x0000022ae4000000|  0%| F|  |TAMS 0x0000022ae2000000| PB 0x0000022ae2000000| Untracked |  0
|2840|0x0000022ae4000000, 0x0000022ae4000000, 0x0000022ae6000000|  0%| F|  |TAMS 0x0000022ae4000000| PB 0x0000022ae4000000| Untracked |  0
|2841|0x0000022ae6000000, 0x0000022ae6000000, 0x0000022ae8000000|  0%| F|  |TAMS 0x0000022ae6000000| PB 0x0000022ae6000000| Untracked |  0
|2842|0x0000022ae8000000, 0x0000022ae8000000, 0x0000022aea000000|  0%| F|  |TAMS 0x0000022ae8000000| PB 0x0000022ae8000000| Untracked |  0
|2843|0x0000022aea000000, 0x0000022aea000000, 0x0000022aec000000|  0%| F|  |TAMS 0x0000022aea000000| PB 0x0000022aea000000| Untracked |  0
|2844|0x0000022aec000000, 0x0000022aec000000, 0x0000022aee000000|  0%| F|  |TAMS 0x0000022aec000000| PB 0x0000022aec000000| Untracked |  0
|2845|0x0000022aee000000, 0x0000022aee000000, 0x0000022af0000000|  0%| F|  |TAMS 0x0000022aee000000| PB 0x0000022aee000000| Untracked |  0
|2846|0x0000022af0000000, 0x0000022af0000000, 0x0000022af2000000|  0%| F|  |TAMS 0x0000022af0000000| PB 0x0000022af0000000| Untracked |  0
|2847|0x0000022af2000000, 0x0000022af2000000, 0x0000022af4000000|  0%| F|  |TAMS 0x0000022af2000000| PB 0x0000022af2000000| Untracked |  0
|2848|0x0000022af4000000, 0x0000022af4000000, 0x0000022af6000000|  0%| F|  |TAMS 0x0000022af4000000| PB 0x0000022af4000000| Untracked |  0
|2849|0x0000022af6000000, 0x0000022af6000000, 0x0000022af8000000|  0%| F|  |TAMS 0x0000022af6000000| PB 0x0000022af6000000| Untracked |  0
|2850|0x0000022af8000000, 0x0000022af8000000, 0x0000022afa000000|  0%| F|  |TAMS 0x0000022af8000000| PB 0x0000022af8000000| Untracked |  0
|2851|0x0000022afa000000, 0x0000022afa000000, 0x0000022afc000000|  0%| F|  |TAMS 0x0000022afa000000| PB 0x0000022afa000000| Untracked |  0
|2852|0x0000022afc000000, 0x0000022afc000000, 0x0000022afe000000|  0%| F|  |TAMS 0x0000022afc000000| PB 0x0000022afc000000| Untracked |  0
|2853|0x0000022afe000000, 0x0000022afe000000, 0x0000022b00000000|  0%| F|  |TAMS 0x0000022afe000000| PB 0x0000022afe000000| Untracked |  0
|2854|0x0000022b00000000, 0x0000022b00000000, 0x0000022b02000000|  0%| F|  |TAMS 0x0000022b00000000| PB 0x0000022b00000000| Untracked |  0
|2855|0x0000022b02000000, 0x0000022b02000000, 0x0000022b04000000|  0%| F|  |TAMS 0x0000022b02000000| PB 0x0000022b02000000| Untracked |  0
|2856|0x0000022b04000000, 0x0000022b04000000, 0x0000022b06000000|  0%| F|  |TAMS 0x0000022b04000000| PB 0x0000022b04000000| Untracked |  0
|2857|0x0000022b06000000, 0x0000022b06000000, 0x0000022b08000000|  0%| F|  |TAMS 0x0000022b06000000| PB 0x0000022b06000000| Untracked |  0
|2858|0x0000022b08000000, 0x0000022b08000000, 0x0000022b0a000000|  0%| F|  |TAMS 0x0000022b08000000| PB 0x0000022b08000000| Untracked |  0
|2859|0x0000022b0a000000, 0x0000022b0a000000, 0x0000022b0c000000|  0%| F|  |TAMS 0x0000022b0a000000| PB 0x0000022b0a000000| Untracked |  0
|2860|0x0000022b0c000000, 0x0000022b0c000000, 0x0000022b0e000000|  0%| F|  |TAMS 0x0000022b0c000000| PB 0x0000022b0c000000| Untracked |  0
|2861|0x0000022b0e000000, 0x0000022b0e000000, 0x0000022b10000000|  0%| F|  |TAMS 0x0000022b0e000000| PB 0x0000022b0e000000| Untracked |  0
|2862|0x0000022b10000000, 0x0000022b10000000, 0x0000022b12000000|  0%| F|  |TAMS 0x0000022b10000000| PB 0x0000022b10000000| Untracked |  0
|2863|0x0000022b12000000, 0x0000022b12000000, 0x0000022b14000000|  0%| F|  |TAMS 0x0000022b12000000| PB 0x0000022b12000000| Untracked |  0
|2864|0x0000022b14000000, 0x0000022b14000000, 0x0000022b16000000|  0%| F|  |TAMS 0x0000022b14000000| PB 0x0000022b14000000| Untracked |  0
|2865|0x0000022b16000000, 0x0000022b16000000, 0x0000022b18000000|  0%| F|  |TAMS 0x0000022b16000000| PB 0x0000022b16000000| Untracked |  0
|2866|0x0000022b18000000, 0x0000022b18000000, 0x0000022b1a000000|  0%| F|  |TAMS 0x0000022b18000000| PB 0x0000022b18000000| Untracked |  0
|2867|0x0000022b1a000000, 0x0000022b1a000000, 0x0000022b1c000000|  0%| F|  |TAMS 0x0000022b1a000000| PB 0x0000022b1a000000| Untracked |  0
|2868|0x0000022b1c000000, 0x0000022b1c000000, 0x0000022b1e000000|  0%| F|  |TAMS 0x0000022b1c000000| PB 0x0000022b1c000000| Untracked |  0
|2869|0x0000022b1e000000, 0x0000022b1e000000, 0x0000022b20000000|  0%| F|  |TAMS 0x0000022b1e000000| PB 0x0000022b1e000000| Untracked |  0
|2870|0x0000022b20000000, 0x0000022b20000000, 0x0000022b22000000|  0%| F|  |TAMS 0x0000022b20000000| PB 0x0000022b20000000| Untracked |  0
|2871|0x0000022b22000000, 0x0000022b22000000, 0x0000022b24000000|  0%| F|  |TAMS 0x0000022b22000000| PB 0x0000022b22000000| Untracked |  0
|2872|0x0000022b24000000, 0x0000022b24000000, 0x0000022b26000000|  0%| F|  |TAMS 0x0000022b24000000| PB 0x0000022b24000000| Untracked |  0
|2873|0x0000022b26000000, 0x0000022b26000000, 0x0000022b28000000|  0%| F|  |TAMS 0x0000022b26000000| PB 0x0000022b26000000| Untracked |  0
|2874|0x0000022b28000000, 0x0000022b28000000, 0x0000022b2a000000|  0%| F|  |TAMS 0x0000022b28000000| PB 0x0000022b28000000| Untracked |  0
|2875|0x0000022b2a000000, 0x0000022b2a000000, 0x0000022b2c000000|  0%| F|  |TAMS 0x0000022b2a000000| PB 0x0000022b2a000000| Untracked |  0
|2876|0x0000022b2c000000, 0x0000022b2c000000, 0x0000022b2e000000|  0%| F|  |TAMS 0x0000022b2c000000| PB 0x0000022b2c000000| Untracked |  0
|2877|0x0000022b2e000000, 0x0000022b2e000000, 0x0000022b30000000|  0%| F|  |TAMS 0x0000022b2e000000| PB 0x0000022b2e000000| Untracked |  0
|2878|0x0000022b30000000, 0x0000022b30000000, 0x0000022b32000000|  0%| F|  |TAMS 0x0000022b30000000| PB 0x0000022b30000000| Untracked |  0
|2879|0x0000022b32000000, 0x0000022b32000000, 0x0000022b34000000|  0%| F|  |TAMS 0x0000022b32000000| PB 0x0000022b32000000| Untracked |  0
|2880|0x0000022b34000000, 0x0000022b34000000, 0x0000022b36000000|  0%| F|  |TAMS 0x0000022b34000000| PB 0x0000022b34000000| Untracked |  0
|2881|0x0000022b36000000, 0x0000022b36000000, 0x0000022b38000000|  0%| F|  |TAMS 0x0000022b36000000| PB 0x0000022b36000000| Untracked |  0
|2882|0x0000022b38000000, 0x0000022b38000000, 0x0000022b3a000000|  0%| F|  |TAMS 0x0000022b38000000| PB 0x0000022b38000000| Untracked |  0
|2883|0x0000022b3a000000, 0x0000022b3a000000, 0x0000022b3c000000|  0%| F|  |TAMS 0x0000022b3a000000| PB 0x0000022b3a000000| Untracked |  0
|2884|0x0000022b3c000000, 0x0000022b3c000000, 0x0000022b3e000000|  0%| F|  |TAMS 0x0000022b3c000000| PB 0x0000022b3c000000| Untracked |  0
|2885|0x0000022b3e000000, 0x0000022b3e000000, 0x0000022b40000000|  0%| F|  |TAMS 0x0000022b3e000000| PB 0x0000022b3e000000| Untracked |  0
|2886|0x0000022b40000000, 0x0000022b40000000, 0x0000022b42000000|  0%| F|  |TAMS 0x0000022b40000000| PB 0x0000022b40000000| Untracked |  0
|2887|0x0000022b42000000, 0x0000022b42000000, 0x0000022b44000000|  0%| F|  |TAMS 0x0000022b42000000| PB 0x0000022b42000000| Untracked |  0
|2888|0x0000022b44000000, 0x0000022b44000000, 0x0000022b46000000|  0%| F|  |TAMS 0x0000022b44000000| PB 0x0000022b44000000| Untracked |  0
|2889|0x0000022b46000000, 0x0000022b46000000, 0x0000022b48000000|  0%| F|  |TAMS 0x0000022b46000000| PB 0x0000022b46000000| Untracked |  0
|2890|0x0000022b48000000, 0x0000022b48000000, 0x0000022b4a000000|  0%| F|  |TAMS 0x0000022b48000000| PB 0x0000022b48000000| Untracked |  0
|2891|0x0000022b4a000000, 0x0000022b4a000000, 0x0000022b4c000000|  0%| F|  |TAMS 0x0000022b4a000000| PB 0x0000022b4a000000| Untracked |  0
|2892|0x0000022b4c000000, 0x0000022b4c000000, 0x0000022b4e000000|  0%| F|  |TAMS 0x0000022b4c000000| PB 0x0000022b4c000000| Untracked |  0
|2893|0x0000022b4e000000, 0x0000022b4e000000, 0x0000022b50000000|  0%| F|  |TAMS 0x0000022b4e000000| PB 0x0000022b4e000000| Untracked |  0
|2894|0x0000022b50000000, 0x0000022b50000000, 0x0000022b52000000|  0%| F|  |TAMS 0x0000022b50000000| PB 0x0000022b50000000| Untracked |  0
|2895|0x0000022b52000000, 0x0000022b52000000, 0x0000022b54000000|  0%| F|  |TAMS 0x0000022b52000000| PB 0x0000022b52000000| Untracked |  0
|2896|0x0000022b54000000, 0x0000022b54000000, 0x0000022b56000000|  0%| F|  |TAMS 0x0000022b54000000| PB 0x0000022b54000000| Untracked |  0
|2897|0x0000022b56000000, 0x0000022b56000000, 0x0000022b58000000|  0%| F|  |TAMS 0x0000022b56000000| PB 0x0000022b56000000| Untracked |  0
|2898|0x0000022b58000000, 0x0000022b58000000, 0x0000022b5a000000|  0%| F|  |TAMS 0x0000022b58000000| PB 0x0000022b58000000| Untracked |  0
|2899|0x0000022b5a000000, 0x0000022b5a000000, 0x0000022b5c000000|  0%| F|  |TAMS 0x0000022b5a000000| PB 0x0000022b5a000000| Untracked |  0
|2900|0x0000022b5c000000, 0x0000022b5c000000, 0x0000022b5e000000|  0%| F|  |TAMS 0x0000022b5c000000| PB 0x0000022b5c000000| Untracked |  0
|2901|0x0000022b5e000000, 0x0000022b5e000000, 0x0000022b60000000|  0%| F|  |TAMS 0x0000022b5e000000| PB 0x0000022b5e000000| Untracked |  0
|2902|0x0000022b60000000, 0x0000022b60000000, 0x0000022b62000000|  0%| F|  |TAMS 0x0000022b60000000| PB 0x0000022b60000000| Untracked |  0
|2903|0x0000022b62000000, 0x0000022b62000000, 0x0000022b64000000|  0%| F|  |TAMS 0x0000022b62000000| PB 0x0000022b62000000| Untracked |  0
|2904|0x0000022b64000000, 0x0000022b64000000, 0x0000022b66000000|  0%| F|  |TAMS 0x0000022b64000000| PB 0x0000022b64000000| Untracked |  0
|2905|0x0000022b66000000, 0x0000022b66000000, 0x0000022b68000000|  0%| F|  |TAMS 0x0000022b66000000| PB 0x0000022b66000000| Untracked |  0
|2906|0x0000022b68000000, 0x0000022b68000000, 0x0000022b6a000000|  0%| F|  |TAMS 0x0000022b68000000| PB 0x0000022b68000000| Untracked |  0
|2907|0x0000022b6a000000, 0x0000022b6a000000, 0x0000022b6c000000|  0%| F|  |TAMS 0x0000022b6a000000| PB 0x0000022b6a000000| Untracked |  0
|2908|0x0000022b6c000000, 0x0000022b6c000000, 0x0000022b6e000000|  0%| F|  |TAMS 0x0000022b6c000000| PB 0x0000022b6c000000| Untracked |  0
|2909|0x0000022b6e000000, 0x0000022b6e000000, 0x0000022b70000000|  0%| F|  |TAMS 0x0000022b6e000000| PB 0x0000022b6e000000| Untracked |  0
|2910|0x0000022b70000000, 0x0000022b70000000, 0x0000022b72000000|  0%| F|  |TAMS 0x0000022b70000000| PB 0x0000022b70000000| Untracked |  0
|2911|0x0000022b72000000, 0x0000022b72000000, 0x0000022b74000000|  0%| F|  |TAMS 0x0000022b72000000| PB 0x0000022b72000000| Untracked |  0
|2912|0x0000022b74000000, 0x0000022b74000000, 0x0000022b76000000|  0%| F|  |TAMS 0x0000022b74000000| PB 0x0000022b74000000| Untracked |  0
|2913|0x0000022b76000000, 0x0000022b76000000, 0x0000022b78000000|  0%| F|  |TAMS 0x0000022b76000000| PB 0x0000022b76000000| Untracked |  0
|2914|0x0000022b78000000, 0x0000022b78000000, 0x0000022b7a000000|  0%| F|  |TAMS 0x0000022b78000000| PB 0x0000022b78000000| Untracked |  0
|2915|0x0000022b7a000000, 0x0000022b7a000000, 0x0000022b7c000000|  0%| F|  |TAMS 0x0000022b7a000000| PB 0x0000022b7a000000| Untracked |  0
|2916|0x0000022b7c000000, 0x0000022b7c000000, 0x0000022b7e000000|  0%| F|  |TAMS 0x0000022b7c000000| PB 0x0000022b7c000000| Untracked |  0
|2917|0x0000022b7e000000, 0x0000022b7e000000, 0x0000022b80000000|  0%| F|  |TAMS 0x0000022b7e000000| PB 0x0000022b7e000000| Untracked |  0
|2918|0x0000022b80000000, 0x0000022b80000000, 0x0000022b82000000|  0%| F|  |TAMS 0x0000022b80000000| PB 0x0000022b80000000| Untracked |  0
|2919|0x0000022b82000000, 0x0000022b82000000, 0x0000022b84000000|  0%| F|  |TAMS 0x0000022b82000000| PB 0x0000022b82000000| Untracked |  0
|2920|0x0000022b84000000, 0x0000022b84000000, 0x0000022b86000000|  0%| F|  |TAMS 0x0000022b84000000| PB 0x0000022b84000000| Untracked |  0
|2921|0x0000022b86000000, 0x0000022b86000000, 0x0000022b88000000|  0%| F|  |TAMS 0x0000022b86000000| PB 0x0000022b86000000| Untracked |  0
|2922|0x0000022b88000000, 0x0000022b88000000, 0x0000022b8a000000|  0%| F|  |TAMS 0x0000022b88000000| PB 0x0000022b88000000| Untracked |  0
|2923|0x0000022b8a000000, 0x0000022b8a000000, 0x0000022b8c000000|  0%| F|  |TAMS 0x0000022b8a000000| PB 0x0000022b8a000000| Untracked |  0
|2924|0x0000022b8c000000, 0x0000022b8c000000, 0x0000022b8e000000|  0%| F|  |TAMS 0x0000022b8c000000| PB 0x0000022b8c000000| Untracked |  0
|2925|0x0000022b8e000000, 0x0000022b8e000000, 0x0000022b90000000|  0%| F|  |TAMS 0x0000022b8e000000| PB 0x0000022b8e000000| Untracked |  0
|2926|0x0000022b90000000, 0x0000022b90000000, 0x0000022b92000000|  0%| F|  |TAMS 0x0000022b90000000| PB 0x0000022b90000000| Untracked |  0
|2927|0x0000022b92000000, 0x0000022b92000000, 0x0000022b94000000|  0%| F|  |TAMS 0x0000022b92000000| PB 0x0000022b92000000| Untracked |  0
|2928|0x0000022b94000000, 0x0000022b94000000, 0x0000022b96000000|  0%| F|  |TAMS 0x0000022b94000000| PB 0x0000022b94000000| Untracked |  0
|2929|0x0000022b96000000, 0x0000022b96000000, 0x0000022b98000000|  0%| F|  |TAMS 0x0000022b96000000| PB 0x0000022b96000000| Untracked |  0
|2930|0x0000022b98000000, 0x0000022b98000000, 0x0000022b9a000000|  0%| F|  |TAMS 0x0000022b98000000| PB 0x0000022b98000000| Untracked |  0
|2931|0x0000022b9a000000, 0x0000022b9a000000, 0x0000022b9c000000|  0%| F|  |TAMS 0x0000022b9a000000| PB 0x0000022b9a000000| Untracked |  0
|2932|0x0000022b9c000000, 0x0000022b9c000000, 0x0000022b9e000000|  0%| F|  |TAMS 0x0000022b9c000000| PB 0x0000022b9c000000| Untracked |  0
|2933|0x0000022b9e000000, 0x0000022b9e000000, 0x0000022ba0000000|  0%| F|  |TAMS 0x0000022b9e000000| PB 0x0000022b9e000000| Untracked |  0
|2934|0x0000022ba0000000, 0x0000022ba0000000, 0x0000022ba2000000|  0%| F|  |TAMS 0x0000022ba0000000| PB 0x0000022ba0000000| Untracked |  0
|2935|0x0000022ba2000000, 0x0000022ba2000000, 0x0000022ba4000000|  0%| F|  |TAMS 0x0000022ba2000000| PB 0x0000022ba2000000| Untracked |  0
|2936|0x0000022ba4000000, 0x0000022ba4000000, 0x0000022ba6000000|  0%| F|  |TAMS 0x0000022ba4000000| PB 0x0000022ba4000000| Untracked |  0
|2937|0x0000022ba6000000, 0x0000022ba6000000, 0x0000022ba8000000|  0%| F|  |TAMS 0x0000022ba6000000| PB 0x0000022ba6000000| Untracked |  0
|2938|0x0000022ba8000000, 0x0000022ba8000000, 0x0000022baa000000|  0%| F|  |TAMS 0x0000022ba8000000| PB 0x0000022ba8000000| Untracked |  0
|2939|0x0000022baa000000, 0x0000022baa000000, 0x0000022bac000000|  0%| F|  |TAMS 0x0000022baa000000| PB 0x0000022baa000000| Untracked |  0
|2940|0x0000022bac000000, 0x0000022bac000000, 0x0000022bae000000|  0%| F|  |TAMS 0x0000022bac000000| PB 0x0000022bac000000| Untracked |  0
|2941|0x0000022bae000000, 0x0000022bae000000, 0x0000022bb0000000|  0%| F|  |TAMS 0x0000022bae000000| PB 0x0000022bae000000| Untracked |  0
|2942|0x0000022bb0000000, 0x0000022bb0000000, 0x0000022bb2000000|  0%| F|  |TAMS 0x0000022bb0000000| PB 0x0000022bb0000000| Untracked |  0
|2943|0x0000022bb2000000, 0x0000022bb2000000, 0x0000022bb4000000|  0%| F|  |TAMS 0x0000022bb2000000| PB 0x0000022bb2000000| Untracked |  0
|2944|0x0000022bb4000000, 0x0000022bb4000000, 0x0000022bb6000000|  0%| F|  |TAMS 0x0000022bb4000000| PB 0x0000022bb4000000| Untracked |  0
|2945|0x0000022bb6000000, 0x0000022bb6000000, 0x0000022bb8000000|  0%| F|  |TAMS 0x0000022bb6000000| PB 0x0000022bb6000000| Untracked |  0
|2946|0x0000022bb8000000, 0x0000022bb8000000, 0x0000022bba000000|  0%| F|  |TAMS 0x0000022bb8000000| PB 0x0000022bb8000000| Untracked |  0
|2947|0x0000022bba000000, 0x0000022bba000000, 0x0000022bbc000000|  0%| F|  |TAMS 0x0000022bba000000| PB 0x0000022bba000000| Untracked |  0
|2948|0x0000022bbc000000, 0x0000022bbc000000, 0x0000022bbe000000|  0%| F|  |TAMS 0x0000022bbc000000| PB 0x0000022bbc000000| Untracked |  0
|2949|0x0000022bbe000000, 0x0000022bbe000000, 0x0000022bc0000000|  0%| F|  |TAMS 0x0000022bbe000000| PB 0x0000022bbe000000| Untracked |  0
|2950|0x0000022bc0000000, 0x0000022bc0000000, 0x0000022bc2000000|  0%| F|  |TAMS 0x0000022bc0000000| PB 0x0000022bc0000000| Untracked |  0
|2951|0x0000022bc2000000, 0x0000022bc2000000, 0x0000022bc4000000|  0%| F|  |TAMS 0x0000022bc2000000| PB 0x0000022bc2000000| Untracked |  0
|2952|0x0000022bc4000000, 0x0000022bc4000000, 0x0000022bc6000000|  0%| F|  |TAMS 0x0000022bc4000000| PB 0x0000022bc4000000| Untracked |  0
|2953|0x0000022bc6000000, 0x0000022bc6000000, 0x0000022bc8000000|  0%| F|  |TAMS 0x0000022bc6000000| PB 0x0000022bc6000000| Untracked |  0
|2954|0x0000022bc8000000, 0x0000022bc8000000, 0x0000022bca000000|  0%| F|  |TAMS 0x0000022bc8000000| PB 0x0000022bc8000000| Untracked |  0
|2955|0x0000022bca000000, 0x0000022bca000000, 0x0000022bcc000000|  0%| F|  |TAMS 0x0000022bca000000| PB 0x0000022bca000000| Untracked |  0
|2956|0x0000022bcc000000, 0x0000022bcc000000, 0x0000022bce000000|  0%| F|  |TAMS 0x0000022bcc000000| PB 0x0000022bcc000000| Untracked |  0
|2957|0x0000022bce000000, 0x0000022bce000000, 0x0000022bd0000000|  0%| F|  |TAMS 0x0000022bce000000| PB 0x0000022bce000000| Untracked |  0
|2958|0x0000022bd0000000, 0x0000022bd0000000, 0x0000022bd2000000|  0%| F|  |TAMS 0x0000022bd0000000| PB 0x0000022bd0000000| Untracked |  0
|2959|0x0000022bd2000000, 0x0000022bd2000000, 0x0000022bd4000000|  0%| F|  |TAMS 0x0000022bd2000000| PB 0x0000022bd2000000| Untracked |  0
|2960|0x0000022bd4000000, 0x0000022bd4000000, 0x0000022bd6000000|  0%| F|  |TAMS 0x0000022bd4000000| PB 0x0000022bd4000000| Untracked |  0
|2961|0x0000022bd6000000, 0x0000022bd6000000, 0x0000022bd8000000|  0%| F|  |TAMS 0x0000022bd6000000| PB 0x0000022bd6000000| Untracked |  0
|2962|0x0000022bd8000000, 0x0000022bd8000000, 0x0000022bda000000|  0%| F|  |TAMS 0x0000022bd8000000| PB 0x0000022bd8000000| Untracked |  0
|2963|0x0000022bda000000, 0x0000022bda000000, 0x0000022bdc000000|  0%| F|  |TAMS 0x0000022bda000000| PB 0x0000022bda000000| Untracked |  0
|2964|0x0000022bdc000000, 0x0000022bdc000000, 0x0000022bde000000|  0%| F|  |TAMS 0x0000022bdc000000| PB 0x0000022bdc000000| Untracked |  0
|2965|0x0000022bde000000, 0x0000022bde000000, 0x0000022be0000000|  0%| F|  |TAMS 0x0000022bde000000| PB 0x0000022bde000000| Untracked |  0
|2966|0x0000022be0000000, 0x0000022be0000000, 0x0000022be2000000|  0%| F|  |TAMS 0x0000022be0000000| PB 0x0000022be0000000| Untracked |  0
|2967|0x0000022be2000000, 0x0000022be2000000, 0x0000022be4000000|  0%| F|  |TAMS 0x0000022be2000000| PB 0x0000022be2000000| Untracked |  0
|2968|0x0000022be4000000, 0x0000022be4000000, 0x0000022be6000000|  0%| F|  |TAMS 0x0000022be4000000| PB 0x0000022be4000000| Untracked |  0
|2969|0x0000022be6000000, 0x0000022be6000000, 0x0000022be8000000|  0%| F|  |TAMS 0x0000022be6000000| PB 0x0000022be6000000| Untracked |  0
|2970|0x0000022be8000000, 0x0000022be8000000, 0x0000022bea000000|  0%| F|  |TAMS 0x0000022be8000000| PB 0x0000022be8000000| Untracked |  0
|2971|0x0000022bea000000, 0x0000022bea000000, 0x0000022bec000000|  0%| F|  |TAMS 0x0000022bea000000| PB 0x0000022bea000000| Untracked |  0
|2972|0x0000022bec000000, 0x0000022bec000000, 0x0000022bee000000|  0%| F|  |TAMS 0x0000022bec000000| PB 0x0000022bec000000| Untracked |  0
|2973|0x0000022bee000000, 0x0000022bee000000, 0x0000022bf0000000|  0%| F|  |TAMS 0x0000022bee000000| PB 0x0000022bee000000| Untracked |  0
|2974|0x0000022bf0000000, 0x0000022bf0000000, 0x0000022bf2000000|  0%| F|  |TAMS 0x0000022bf0000000| PB 0x0000022bf0000000| Untracked |  0
|2975|0x0000022bf2000000, 0x0000022bf2000000, 0x0000022bf4000000|  0%| F|  |TAMS 0x0000022bf2000000| PB 0x0000022bf2000000| Untracked |  0
|2976|0x0000022bf4000000, 0x0000022bf4000000, 0x0000022bf6000000|  0%| F|  |TAMS 0x0000022bf4000000| PB 0x0000022bf4000000| Untracked |  0
|2977|0x0000022bf6000000, 0x0000022bf6000000, 0x0000022bf8000000|  0%| F|  |TAMS 0x0000022bf6000000| PB 0x0000022bf6000000| Untracked |  0
|2978|0x0000022bf8000000, 0x0000022bf8000000, 0x0000022bfa000000|  0%| F|  |TAMS 0x0000022bf8000000| PB 0x0000022bf8000000| Untracked |  0
|2979|0x0000022bfa000000, 0x0000022bfa000000, 0x0000022bfc000000|  0%| F|  |TAMS 0x0000022bfa000000| PB 0x0000022bfa000000| Untracked |  0
|2980|0x0000022bfc000000, 0x0000022bfc000000, 0x0000022bfe000000|  0%| F|  |TAMS 0x0000022bfc000000| PB 0x0000022bfc000000| Untracked |  0
|2981|0x0000022bfe000000, 0x0000022bfe000000, 0x0000022c00000000|  0%| F|  |TAMS 0x0000022bfe000000| PB 0x0000022bfe000000| Untracked |  0
|2982|0x0000022c00000000, 0x0000022c00000000, 0x0000022c02000000|  0%| F|  |TAMS 0x0000022c00000000| PB 0x0000022c00000000| Untracked |  0
|2983|0x0000022c02000000, 0x0000022c02000000, 0x0000022c04000000|  0%| F|  |TAMS 0x0000022c02000000| PB 0x0000022c02000000| Untracked |  0
|2984|0x0000022c04000000, 0x0000022c04000000, 0x0000022c06000000|  0%| F|  |TAMS 0x0000022c04000000| PB 0x0000022c04000000| Untracked |  0
|2985|0x0000022c06000000, 0x0000022c06000000, 0x0000022c08000000|  0%| F|  |TAMS 0x0000022c06000000| PB 0x0000022c06000000| Untracked |  0
|2986|0x0000022c08000000, 0x0000022c08000000, 0x0000022c0a000000|  0%| F|  |TAMS 0x0000022c08000000| PB 0x0000022c08000000| Untracked |  0
|2987|0x0000022c0a000000, 0x0000022c0a000000, 0x0000022c0c000000|  0%| F|  |TAMS 0x0000022c0a000000| PB 0x0000022c0a000000| Untracked |  0
|2988|0x0000022c0c000000, 0x0000022c0c000000, 0x0000022c0e000000|  0%| F|  |TAMS 0x0000022c0c000000| PB 0x0000022c0c000000| Untracked |  0
|2989|0x0000022c0e000000, 0x0000022c0e000000, 0x0000022c10000000|  0%| F|  |TAMS 0x0000022c0e000000| PB 0x0000022c0e000000| Untracked |  0
|2990|0x0000022c10000000, 0x0000022c10000000, 0x0000022c12000000|  0%| F|  |TAMS 0x0000022c10000000| PB 0x0000022c10000000| Untracked |  0
|2991|0x0000022c12000000, 0x0000022c12000000, 0x0000022c14000000|  0%| F|  |TAMS 0x0000022c12000000| PB 0x0000022c12000000| Untracked |  0
|2992|0x0000022c14000000, 0x0000022c14000000, 0x0000022c16000000|  0%| F|  |TAMS 0x0000022c14000000| PB 0x0000022c14000000| Untracked |  0
|2993|0x0000022c16000000, 0x0000022c16000000, 0x0000022c18000000|  0%| F|  |TAMS 0x0000022c16000000| PB 0x0000022c16000000| Untracked |  0
|2994|0x0000022c18000000, 0x0000022c18000000, 0x0000022c1a000000|  0%| F|  |TAMS 0x0000022c18000000| PB 0x0000022c18000000| Untracked |  0
|2995|0x0000022c1a000000, 0x0000022c1a000000, 0x0000022c1c000000|  0%| F|  |TAMS 0x0000022c1a000000| PB 0x0000022c1a000000| Untracked |  0
|2996|0x0000022c1c000000, 0x0000022c1c000000, 0x0000022c1e000000|  0%| F|  |TAMS 0x0000022c1c000000| PB 0x0000022c1c000000| Untracked |  0
|2997|0x0000022c1e000000, 0x0000022c1e000000, 0x0000022c20000000|  0%| F|  |TAMS 0x0000022c1e000000| PB 0x0000022c1e000000| Untracked |  0
|2998|0x0000022c20000000, 0x0000022c20000000, 0x0000022c22000000|  0%| F|  |TAMS 0x0000022c20000000| PB 0x0000022c20000000| Untracked |  0
|2999|0x0000022c22000000, 0x0000022c22000000, 0x0000022c24000000|  0%| F|  |TAMS 0x0000022c22000000| PB 0x0000022c22000000| Untracked |  0
|3000|0x0000022c24000000, 0x0000022c24000000, 0x0000022c26000000|  0%| F|  |TAMS 0x0000022c24000000| PB 0x0000022c24000000| Untracked |  0
|3001|0x0000022c26000000, 0x0000022c26000000, 0x0000022c28000000|  0%| F|  |TAMS 0x0000022c26000000| PB 0x0000022c26000000| Untracked |  0
|3002|0x0000022c28000000, 0x0000022c28000000, 0x0000022c2a000000|  0%| F|  |TAMS 0x0000022c28000000| PB 0x0000022c28000000| Untracked |  0
|3003|0x0000022c2a000000, 0x0000022c2a000000, 0x0000022c2c000000|  0%| F|  |TAMS 0x0000022c2a000000| PB 0x0000022c2a000000| Untracked |  0
|3004|0x0000022c2c000000, 0x0000022c2c000000, 0x0000022c2e000000|  0%| F|  |TAMS 0x0000022c2c000000| PB 0x0000022c2c000000| Untracked |  0
|3005|0x0000022c2e000000, 0x0000022c2e000000, 0x0000022c30000000|  0%| F|  |TAMS 0x0000022c2e000000| PB 0x0000022c2e000000| Untracked |  0
|3006|0x0000022c30000000, 0x0000022c30000000, 0x0000022c32000000|  0%| F|  |TAMS 0x0000022c30000000| PB 0x0000022c30000000| Untracked |  0
|3007|0x0000022c32000000, 0x0000022c32000000, 0x0000022c34000000|  0%| F|  |TAMS 0x0000022c32000000| PB 0x0000022c32000000| Untracked |  0
|3008|0x0000022c34000000, 0x0000022c34000000, 0x0000022c36000000|  0%| F|  |TAMS 0x0000022c34000000| PB 0x0000022c34000000| Untracked |  0
|3009|0x0000022c36000000, 0x0000022c36000000, 0x0000022c38000000|  0%| F|  |TAMS 0x0000022c36000000| PB 0x0000022c36000000| Untracked |  0
|3010|0x0000022c38000000, 0x0000022c38000000, 0x0000022c3a000000|  0%| F|  |TAMS 0x0000022c38000000| PB 0x0000022c38000000| Untracked |  0
|3011|0x0000022c3a000000, 0x0000022c3a000000, 0x0000022c3c000000|  0%| F|  |TAMS 0x0000022c3a000000| PB 0x0000022c3a000000| Untracked |  0
|3012|0x0000022c3c000000, 0x0000022c3c000000, 0x0000022c3e000000|  0%| F|  |TAMS 0x0000022c3c000000| PB 0x0000022c3c000000| Untracked |  0
|3013|0x0000022c3e000000, 0x0000022c3e000000, 0x0000022c40000000|  0%| F|  |TAMS 0x0000022c3e000000| PB 0x0000022c3e000000| Untracked |  0
|3014|0x0000022c40000000, 0x0000022c40000000, 0x0000022c42000000|  0%| F|  |TAMS 0x0000022c40000000| PB 0x0000022c40000000| Untracked |  0
|3015|0x0000022c42000000, 0x0000022c42000000, 0x0000022c44000000|  0%| F|  |TAMS 0x0000022c42000000| PB 0x0000022c42000000| Untracked |  0
|3016|0x0000022c44000000, 0x0000022c44000000, 0x0000022c46000000|  0%| F|  |TAMS 0x0000022c44000000| PB 0x0000022c44000000| Untracked |  0
|3017|0x0000022c46000000, 0x0000022c46000000, 0x0000022c48000000|  0%| F|  |TAMS 0x0000022c46000000| PB 0x0000022c46000000| Untracked |  0
|3018|0x0000022c48000000, 0x0000022c48000000, 0x0000022c4a000000|  0%| F|  |TAMS 0x0000022c48000000| PB 0x0000022c48000000| Untracked |  0
|3019|0x0000022c4a000000, 0x0000022c4a000000, 0x0000022c4c000000|  0%| F|  |TAMS 0x0000022c4a000000| PB 0x0000022c4a000000| Untracked |  0
|3020|0x0000022c4c000000, 0x0000022c4c000000, 0x0000022c4e000000|  0%| F|  |TAMS 0x0000022c4c000000| PB 0x0000022c4c000000| Untracked |  0
|3021|0x0000022c4e000000, 0x0000022c4e000000, 0x0000022c50000000|  0%| F|  |TAMS 0x0000022c4e000000| PB 0x0000022c4e000000| Untracked |  0
|3022|0x0000022c50000000, 0x0000022c50000000, 0x0000022c52000000|  0%| F|  |TAMS 0x0000022c50000000| PB 0x0000022c50000000| Untracked |  0
|3023|0x0000022c52000000, 0x0000022c52000000, 0x0000022c54000000|  0%| F|  |TAMS 0x0000022c52000000| PB 0x0000022c52000000| Untracked |  0
|3024|0x0000022c54000000, 0x0000022c54000000, 0x0000022c56000000|  0%| F|  |TAMS 0x0000022c54000000| PB 0x0000022c54000000| Untracked |  0
|3025|0x0000022c56000000, 0x0000022c56000000, 0x0000022c58000000|  0%| F|  |TAMS 0x0000022c56000000| PB 0x0000022c56000000| Untracked |  0
|3026|0x0000022c58000000, 0x0000022c58000000, 0x0000022c5a000000|  0%| F|  |TAMS 0x0000022c58000000| PB 0x0000022c58000000| Untracked |  0
|3027|0x0000022c5a000000, 0x0000022c5a000000, 0x0000022c5c000000|  0%| F|  |TAMS 0x0000022c5a000000| PB 0x0000022c5a000000| Untracked |  0
|3028|0x0000022c5c000000, 0x0000022c5c000000, 0x0000022c5e000000|  0%| F|  |TAMS 0x0000022c5c000000| PB 0x0000022c5c000000| Untracked |  0
|3029|0x0000022c5e000000, 0x0000022c5e000000, 0x0000022c60000000|  0%| F|  |TAMS 0x0000022c5e000000| PB 0x0000022c5e000000| Untracked |  0
|3030|0x0000022c60000000, 0x0000022c60000000, 0x0000022c62000000|  0%| F|  |TAMS 0x0000022c60000000| PB 0x0000022c60000000| Untracked |  0
|3031|0x0000022c62000000, 0x0000022c62000000, 0x0000022c64000000|  0%| F|  |TAMS 0x0000022c62000000| PB 0x0000022c62000000| Untracked |  0
|3032|0x0000022c64000000, 0x0000022c64000000, 0x0000022c66000000|  0%| F|  |TAMS 0x0000022c64000000| PB 0x0000022c64000000| Untracked |  0
|3033|0x0000022c66000000, 0x0000022c66000000, 0x0000022c68000000|  0%| F|  |TAMS 0x0000022c66000000| PB 0x0000022c66000000| Untracked |  0
|3034|0x0000022c68000000, 0x0000022c68000000, 0x0000022c6a000000|  0%| F|  |TAMS 0x0000022c68000000| PB 0x0000022c68000000| Untracked |  0
|3035|0x0000022c6a000000, 0x0000022c6a000000, 0x0000022c6c000000|  0%| F|  |TAMS 0x0000022c6a000000| PB 0x0000022c6a000000| Untracked |  0
|3036|0x0000022c6c000000, 0x0000022c6c000000, 0x0000022c6e000000|  0%| F|  |TAMS 0x0000022c6c000000| PB 0x0000022c6c000000| Untracked |  0
|3037|0x0000022c6e000000, 0x0000022c6e000000, 0x0000022c70000000|  0%| F|  |TAMS 0x0000022c6e000000| PB 0x0000022c6e000000| Untracked |  0
|3038|0x0000022c70000000, 0x0000022c70000000, 0x0000022c72000000|  0%| F|  |TAMS 0x0000022c70000000| PB 0x0000022c70000000| Untracked |  0
|3039|0x0000022c72000000, 0x0000022c72000000, 0x0000022c74000000|  0%| F|  |TAMS 0x0000022c72000000| PB 0x0000022c72000000| Untracked |  0
|3040|0x0000022c74000000, 0x0000022c74000000, 0x0000022c76000000|  0%| F|  |TAMS 0x0000022c74000000| PB 0x0000022c74000000| Untracked |  0
|3041|0x0000022c76000000, 0x0000022c76000000, 0x0000022c78000000|  0%| F|  |TAMS 0x0000022c76000000| PB 0x0000022c76000000| Untracked |  0
|3042|0x0000022c78000000, 0x0000022c78000000, 0x0000022c7a000000|  0%| F|  |TAMS 0x0000022c78000000| PB 0x0000022c78000000| Untracked |  0
|3043|0x0000022c7a000000, 0x0000022c7a000000, 0x0000022c7c000000|  0%| F|  |TAMS 0x0000022c7a000000| PB 0x0000022c7a000000| Untracked |  0
|3044|0x0000022c7c000000, 0x0000022c7c000000, 0x0000022c7e000000|  0%| F|  |TAMS 0x0000022c7c000000| PB 0x0000022c7c000000| Untracked |  0
|3045|0x0000022c7e000000, 0x0000022c7e000000, 0x0000022c80000000|  0%| F|  |TAMS 0x0000022c7e000000| PB 0x0000022c7e000000| Untracked |  0
|3046|0x0000022c80000000, 0x0000022c80000000, 0x0000022c82000000|  0%| F|  |TAMS 0x0000022c80000000| PB 0x0000022c80000000| Untracked |  0
|3047|0x0000022c82000000, 0x0000022c82000000, 0x0000022c84000000|  0%| F|  |TAMS 0x0000022c82000000| PB 0x0000022c82000000| Untracked |  0
|3048|0x0000022c84000000, 0x0000022c84000000, 0x0000022c86000000|  0%| F|  |TAMS 0x0000022c84000000| PB 0x0000022c84000000| Untracked |  0
|3049|0x0000022c86000000, 0x0000022c86000000, 0x0000022c88000000|  0%| F|  |TAMS 0x0000022c86000000| PB 0x0000022c86000000| Untracked |  0
|3050|0x0000022c88000000, 0x0000022c88000000, 0x0000022c8a000000|  0%| F|  |TAMS 0x0000022c88000000| PB 0x0000022c88000000| Untracked |  0
|3051|0x0000022c8a000000, 0x0000022c8a000000, 0x0000022c8c000000|  0%| F|  |TAMS 0x0000022c8a000000| PB 0x0000022c8a000000| Untracked |  0
|3052|0x0000022c8c000000, 0x0000022c8c000000, 0x0000022c8e000000|  0%| F|  |TAMS 0x0000022c8c000000| PB 0x0000022c8c000000| Untracked |  0
|3053|0x0000022c8e000000, 0x0000022c8e000000, 0x0000022c90000000|  0%| F|  |TAMS 0x0000022c8e000000| PB 0x0000022c8e000000| Untracked |  0
|3054|0x0000022c90000000, 0x0000022c90000000, 0x0000022c92000000|  0%| F|  |TAMS 0x0000022c90000000| PB 0x0000022c90000000| Untracked |  0
|3055|0x0000022c92000000, 0x0000022c92000000, 0x0000022c94000000|  0%| F|  |TAMS 0x0000022c92000000| PB 0x0000022c92000000| Untracked |  0
|3056|0x0000022c94000000, 0x0000022c94000000, 0x0000022c96000000|  0%| F|  |TAMS 0x0000022c94000000| PB 0x0000022c94000000| Untracked |  0
|3057|0x0000022c96000000, 0x0000022c96000000, 0x0000022c98000000|  0%| F|  |TAMS 0x0000022c96000000| PB 0x0000022c96000000| Untracked |  0
|3058|0x0000022c98000000, 0x0000022c98000000, 0x0000022c9a000000|  0%| F|  |TAMS 0x0000022c98000000| PB 0x0000022c98000000| Untracked |  0
|3059|0x0000022c9a000000, 0x0000022c9a000000, 0x0000022c9c000000|  0%| F|  |TAMS 0x0000022c9a000000| PB 0x0000022c9a000000| Untracked |  0
|3060|0x0000022c9c000000, 0x0000022c9c000000, 0x0000022c9e000000|  0%| F|  |TAMS 0x0000022c9c000000| PB 0x0000022c9c000000| Untracked |  0
|3061|0x0000022c9e000000, 0x0000022c9e000000, 0x0000022ca0000000|  0%| F|  |TAMS 0x0000022c9e000000| PB 0x0000022c9e000000| Untracked |  0
|3062|0x0000022ca0000000, 0x0000022ca0000000, 0x0000022ca2000000|  0%| F|  |TAMS 0x0000022ca0000000| PB 0x0000022ca0000000| Untracked |  0
|3063|0x0000022ca2000000, 0x0000022ca2000000, 0x0000022ca4000000|  0%| F|  |TAMS 0x0000022ca2000000| PB 0x0000022ca2000000| Untracked |  0
|3064|0x0000022ca4000000, 0x0000022ca4000000, 0x0000022ca6000000|  0%| F|  |TAMS 0x0000022ca4000000| PB 0x0000022ca4000000| Untracked |  0
|3065|0x0000022ca6000000, 0x0000022ca6000000, 0x0000022ca8000000|  0%| F|  |TAMS 0x0000022ca6000000| PB 0x0000022ca6000000| Untracked |  0
|3066|0x0000022ca8000000, 0x0000022ca8000000, 0x0000022caa000000|  0%| F|  |TAMS 0x0000022ca8000000| PB 0x0000022ca8000000| Untracked |  0
|3067|0x0000022caa000000, 0x0000022caa000000, 0x0000022cac000000|  0%| F|  |TAMS 0x0000022caa000000| PB 0x0000022caa000000| Untracked |  0
|3068|0x0000022cac000000, 0x0000022cac000000, 0x0000022cae000000|  0%| F|  |TAMS 0x0000022cac000000| PB 0x0000022cac000000| Untracked |  0
|3069|0x0000022cae000000, 0x0000022cae000000, 0x0000022cb0000000|  0%| F|  |TAMS 0x0000022cae000000| PB 0x0000022cae000000| Untracked |  0
|3070|0x0000022cb0000000, 0x0000022cb0000000, 0x0000022cb2000000|  0%| F|  |TAMS 0x0000022cb0000000| PB 0x0000022cb0000000| Untracked |  0
|3071|0x0000022cb2000000, 0x0000022cb2000000, 0x0000022cb4000000|  0%| F|  |TAMS 0x0000022cb2000000| PB 0x0000022cb2000000| Untracked |  0
|3072|0x0000022cb4000000, 0x0000022cb4000000, 0x0000022cb6000000|  0%| F|  |TAMS 0x0000022cb4000000| PB 0x0000022cb4000000| Untracked |  0
|3073|0x0000022cb6000000, 0x0000022cb6000000, 0x0000022cb8000000|  0%| F|  |TAMS 0x0000022cb6000000| PB 0x0000022cb6000000| Untracked |  0
|3074|0x0000022cb8000000, 0x0000022cb8000000, 0x0000022cba000000|  0%| F|  |TAMS 0x0000022cb8000000| PB 0x0000022cb8000000| Untracked |  0
|3075|0x0000022cba000000, 0x0000022cba000000, 0x0000022cbc000000|  0%| F|  |TAMS 0x0000022cba000000| PB 0x0000022cba000000| Untracked |  0
|3076|0x0000022cbc000000, 0x0000022cbc000000, 0x0000022cbe000000|  0%| F|  |TAMS 0x0000022cbc000000| PB 0x0000022cbc000000| Untracked |  0
|3077|0x0000022cbe000000, 0x0000022cbe000000, 0x0000022cc0000000|  0%| F|  |TAMS 0x0000022cbe000000| PB 0x0000022cbe000000| Untracked |  0
|3078|0x0000022cc0000000, 0x0000022cc0000000, 0x0000022cc2000000|  0%| F|  |TAMS 0x0000022cc0000000| PB 0x0000022cc0000000| Untracked |  0
|3079|0x0000022cc2000000, 0x0000022cc2000000, 0x0000022cc4000000|  0%| F|  |TAMS 0x0000022cc2000000| PB 0x0000022cc2000000| Untracked |  0
|3080|0x0000022cc4000000, 0x0000022cc4000000, 0x0000022cc6000000|  0%| F|  |TAMS 0x0000022cc4000000| PB 0x0000022cc4000000| Untracked |  0
|3081|0x0000022cc6000000, 0x0000022cc6000000, 0x0000022cc8000000|  0%| F|  |TAMS 0x0000022cc6000000| PB 0x0000022cc6000000| Untracked |  0
|3082|0x0000022cc8000000, 0x0000022cc8000000, 0x0000022cca000000|  0%| F|  |TAMS 0x0000022cc8000000| PB 0x0000022cc8000000| Untracked |  0
|3083|0x0000022cca000000, 0x0000022cca000000, 0x0000022ccc000000|  0%| F|  |TAMS 0x0000022cca000000| PB 0x0000022cca000000| Untracked |  0
|3084|0x0000022ccc000000, 0x0000022ccc000000, 0x0000022cce000000|  0%| F|  |TAMS 0x0000022ccc000000| PB 0x0000022ccc000000| Untracked |  0
|3085|0x0000022cce000000, 0x0000022cce000000, 0x0000022cd0000000|  0%| F|  |TAMS 0x0000022cce000000| PB 0x0000022cce000000| Untracked |  0
|3086|0x0000022cd0000000, 0x0000022cd0000000, 0x0000022cd2000000|  0%| F|  |TAMS 0x0000022cd0000000| PB 0x0000022cd0000000| Untracked |  0
|3087|0x0000022cd2000000, 0x0000022cd2000000, 0x0000022cd4000000|  0%| F|  |TAMS 0x0000022cd2000000| PB 0x0000022cd2000000| Untracked |  0
|3088|0x0000022cd4000000, 0x0000022cd4000000, 0x0000022cd6000000|  0%| F|  |TAMS 0x0000022cd4000000| PB 0x0000022cd4000000| Untracked |  0
|3089|0x0000022cd6000000, 0x0000022cd6000000, 0x0000022cd8000000|  0%| F|  |TAMS 0x0000022cd6000000| PB 0x0000022cd6000000| Untracked |  0
|3090|0x0000022cd8000000, 0x0000022cd8000000, 0x0000022cda000000|  0%| F|  |TAMS 0x0000022cd8000000| PB 0x0000022cd8000000| Untracked |  0
|3091|0x0000022cda000000, 0x0000022cda000000, 0x0000022cdc000000|  0%| F|  |TAMS 0x0000022cda000000| PB 0x0000022cda000000| Untracked |  0
|3092|0x0000022cdc000000, 0x0000022cdc000000, 0x0000022cde000000|  0%| F|  |TAMS 0x0000022cdc000000| PB 0x0000022cdc000000| Untracked |  0
|3093|0x0000022cde000000, 0x0000022cde000000, 0x0000022ce0000000|  0%| F|  |TAMS 0x0000022cde000000| PB 0x0000022cde000000| Untracked |  0
|3094|0x0000022ce0000000, 0x0000022ce0000000, 0x0000022ce2000000|  0%| F|  |TAMS 0x0000022ce0000000| PB 0x0000022ce0000000| Untracked |  0
|3095|0x0000022ce2000000, 0x0000022ce2000000, 0x0000022ce4000000|  0%| F|  |TAMS 0x0000022ce2000000| PB 0x0000022ce2000000| Untracked |  0
|3096|0x0000022ce4000000, 0x0000022ce4000000, 0x0000022ce6000000|  0%| F|  |TAMS 0x0000022ce4000000| PB 0x0000022ce4000000| Untracked |  0
|3097|0x0000022ce6000000, 0x0000022ce6000000, 0x0000022ce8000000|  0%| F|  |TAMS 0x0000022ce6000000| PB 0x0000022ce6000000| Untracked |  0
|3098|0x0000022ce8000000, 0x0000022ce8000000, 0x0000022cea000000|  0%| F|  |TAMS 0x0000022ce8000000| PB 0x0000022ce8000000| Untracked |  0
|3099|0x0000022cea000000, 0x0000022cea000000, 0x0000022cec000000|  0%| F|  |TAMS 0x0000022cea000000| PB 0x0000022cea000000| Untracked |  0
|3100|0x0000022cec000000, 0x0000022cec000000, 0x0000022cee000000|  0%| F|  |TAMS 0x0000022cec000000| PB 0x0000022cec000000| Untracked |  0
|3101|0x0000022cee000000, 0x0000022cee000000, 0x0000022cf0000000|  0%| F|  |TAMS 0x0000022cee000000| PB 0x0000022cee000000| Untracked |  0
|3102|0x0000022cf0000000, 0x0000022cf0000000, 0x0000022cf2000000|  0%| F|  |TAMS 0x0000022cf0000000| PB 0x0000022cf0000000| Untracked |  0
|3103|0x0000022cf2000000, 0x0000022cf2000000, 0x0000022cf4000000|  0%| F|  |TAMS 0x0000022cf2000000| PB 0x0000022cf2000000| Untracked |  0
|3104|0x0000022cf4000000, 0x0000022cf4000000, 0x0000022cf6000000|  0%| F|  |TAMS 0x0000022cf4000000| PB 0x0000022cf4000000| Untracked |  0
|3105|0x0000022cf6000000, 0x0000022cf6000000, 0x0000022cf8000000|  0%| F|  |TAMS 0x0000022cf6000000| PB 0x0000022cf6000000| Untracked |  0
|3106|0x0000022cf8000000, 0x0000022cf8000000, 0x0000022cfa000000|  0%| F|  |TAMS 0x0000022cf8000000| PB 0x0000022cf8000000| Untracked |  0
|3107|0x0000022cfa000000, 0x0000022cfa000000, 0x0000022cfc000000|  0%| F|  |TAMS 0x0000022cfa000000| PB 0x0000022cfa000000| Untracked |  0
|3108|0x0000022cfc000000, 0x0000022cfc000000, 0x0000022cfe000000|  0%| F|  |TAMS 0x0000022cfc000000| PB 0x0000022cfc000000| Untracked |  0
|3109|0x0000022cfe000000, 0x0000022cfe000000, 0x0000022d00000000|  0%| F|  |TAMS 0x0000022cfe000000| PB 0x0000022cfe000000| Untracked |  0
|3110|0x0000022d00000000, 0x0000022d00000000, 0x0000022d02000000|  0%| F|  |TAMS 0x0000022d00000000| PB 0x0000022d00000000| Untracked |  0
|3111|0x0000022d02000000, 0x0000022d02000000, 0x0000022d04000000|  0%| F|  |TAMS 0x0000022d02000000| PB 0x0000022d02000000| Untracked |  0
|3112|0x0000022d04000000, 0x0000022d04000000, 0x0000022d06000000|  0%| F|  |TAMS 0x0000022d04000000| PB 0x0000022d04000000| Untracked |  0
|3113|0x0000022d06000000, 0x0000022d06000000, 0x0000022d08000000|  0%| F|  |TAMS 0x0000022d06000000| PB 0x0000022d06000000| Untracked |  0
|3114|0x0000022d08000000, 0x0000022d08000000, 0x0000022d0a000000|  0%| F|  |TAMS 0x0000022d08000000| PB 0x0000022d08000000| Untracked |  0
|3115|0x0000022d0a000000, 0x0000022d0a000000, 0x0000022d0c000000|  0%| F|  |TAMS 0x0000022d0a000000| PB 0x0000022d0a000000| Untracked |  0
|3116|0x0000022d0c000000, 0x0000022d0c000000, 0x0000022d0e000000|  0%| F|  |TAMS 0x0000022d0c000000| PB 0x0000022d0c000000| Untracked |  0
|3117|0x0000022d0e000000, 0x0000022d0e000000, 0x0000022d10000000|  0%| F|  |TAMS 0x0000022d0e000000| PB 0x0000022d0e000000| Untracked |  0
|3118|0x0000022d10000000, 0x0000022d10000000, 0x0000022d12000000|  0%| F|  |TAMS 0x0000022d10000000| PB 0x0000022d10000000| Untracked |  0
|3119|0x0000022d12000000, 0x0000022d12000000, 0x0000022d14000000|  0%| F|  |TAMS 0x0000022d12000000| PB 0x0000022d12000000| Untracked |  0
|3120|0x0000022d14000000, 0x0000022d14000000, 0x0000022d16000000|  0%| F|  |TAMS 0x0000022d14000000| PB 0x0000022d14000000| Untracked |  0
|3121|0x0000022d16000000, 0x0000022d16000000, 0x0000022d18000000|  0%| F|  |TAMS 0x0000022d16000000| PB 0x0000022d16000000| Untracked |  0
|3122|0x0000022d18000000, 0x0000022d18000000, 0x0000022d1a000000|  0%| F|  |TAMS 0x0000022d18000000| PB 0x0000022d18000000| Untracked |  0
|3123|0x0000022d1a000000, 0x0000022d1a000000, 0x0000022d1c000000|  0%| F|  |TAMS 0x0000022d1a000000| PB 0x0000022d1a000000| Untracked |  0
|3124|0x0000022d1c000000, 0x0000022d1c000000, 0x0000022d1e000000|  0%| F|  |TAMS 0x0000022d1c000000| PB 0x0000022d1c000000| Untracked |  0
|3125|0x0000022d1e000000, 0x0000022d1e000000, 0x0000022d20000000|  0%| F|  |TAMS 0x0000022d1e000000| PB 0x0000022d1e000000| Untracked |  0
|3126|0x0000022d20000000, 0x0000022d20000000, 0x0000022d22000000|  0%| F|  |TAMS 0x0000022d20000000| PB 0x0000022d20000000| Untracked |  0
|3127|0x0000022d22000000, 0x0000022d22000000, 0x0000022d24000000|  0%| F|  |TAMS 0x0000022d22000000| PB 0x0000022d22000000| Untracked |  0
|3128|0x0000022d24000000, 0x0000022d24000000, 0x0000022d26000000|  0%| F|  |TAMS 0x0000022d24000000| PB 0x0000022d24000000| Untracked |  0
|3129|0x0000022d26000000, 0x0000022d26000000, 0x0000022d28000000|  0%| F|  |TAMS 0x0000022d26000000| PB 0x0000022d26000000| Untracked |  0
|3130|0x0000022d28000000, 0x0000022d28000000, 0x0000022d2a000000|  0%| F|  |TAMS 0x0000022d28000000| PB 0x0000022d28000000| Untracked |  0
|3131|0x0000022d2a000000, 0x0000022d2a000000, 0x0000022d2c000000|  0%| F|  |TAMS 0x0000022d2a000000| PB 0x0000022d2a000000| Untracked |  0
|3132|0x0000022d2c000000, 0x0000022d2c000000, 0x0000022d2e000000|  0%| F|  |TAMS 0x0000022d2c000000| PB 0x0000022d2c000000| Untracked |  0
|3133|0x0000022d2e000000, 0x0000022d2e000000, 0x0000022d30000000|  0%| F|  |TAMS 0x0000022d2e000000| PB 0x0000022d2e000000| Untracked |  0
|3134|0x0000022d30000000, 0x0000022d30000000, 0x0000022d32000000|  0%| F|  |TAMS 0x0000022d30000000| PB 0x0000022d30000000| Untracked |  0
|3135|0x0000022d32000000, 0x0000022d32000000, 0x0000022d34000000|  0%| F|  |TAMS 0x0000022d32000000| PB 0x0000022d32000000| Untracked |  0
|3136|0x0000022d34000000, 0x0000022d34000000, 0x0000022d36000000|  0%| F|  |TAMS 0x0000022d34000000| PB 0x0000022d34000000| Untracked |  0
|3137|0x0000022d36000000, 0x0000022d36000000, 0x0000022d38000000|  0%| F|  |TAMS 0x0000022d36000000| PB 0x0000022d36000000| Untracked |  0
|3138|0x0000022d38000000, 0x0000022d38000000, 0x0000022d3a000000|  0%| F|  |TAMS 0x0000022d38000000| PB 0x0000022d38000000| Untracked |  0
|3139|0x0000022d3a000000, 0x0000022d3a000000, 0x0000022d3c000000|  0%| F|  |TAMS 0x0000022d3a000000| PB 0x0000022d3a000000| Untracked |  0
|3140|0x0000022d3c000000, 0x0000022d3c000000, 0x0000022d3e000000|  0%| F|  |TAMS 0x0000022d3c000000| PB 0x0000022d3c000000| Untracked |  0
|3141|0x0000022d3e000000, 0x0000022d3e000000, 0x0000022d40000000|  0%| F|  |TAMS 0x0000022d3e000000| PB 0x0000022d3e000000| Untracked |  0
|3142|0x0000022d40000000, 0x0000022d40000000, 0x0000022d42000000|  0%| F|  |TAMS 0x0000022d40000000| PB 0x0000022d40000000| Untracked |  0
|3143|0x0000022d42000000, 0x0000022d42000000, 0x0000022d44000000|  0%| F|  |TAMS 0x0000022d42000000| PB 0x0000022d42000000| Untracked |  0
|3144|0x0000022d44000000, 0x0000022d44000000, 0x0000022d46000000|  0%| F|  |TAMS 0x0000022d44000000| PB 0x0000022d44000000| Untracked |  0
|3145|0x0000022d46000000, 0x0000022d46000000, 0x0000022d48000000|  0%| F|  |TAMS 0x0000022d46000000| PB 0x0000022d46000000| Untracked |  0
|3146|0x0000022d48000000, 0x0000022d48000000, 0x0000022d4a000000|  0%| F|  |TAMS 0x0000022d48000000| PB 0x0000022d48000000| Untracked |  0
|3147|0x0000022d4a000000, 0x0000022d4a000000, 0x0000022d4c000000|  0%| F|  |TAMS 0x0000022d4a000000| PB 0x0000022d4a000000| Untracked |  0
|3148|0x0000022d4c000000, 0x0000022d4c000000, 0x0000022d4e000000|  0%| F|  |TAMS 0x0000022d4c000000| PB 0x0000022d4c000000| Untracked |  0
|3149|0x0000022d4e000000, 0x0000022d4e000000, 0x0000022d50000000|  0%| F|  |TAMS 0x0000022d4e000000| PB 0x0000022d4e000000| Untracked |  0
|3150|0x0000022d50000000, 0x0000022d50000000, 0x0000022d52000000|  0%| F|  |TAMS 0x0000022d50000000| PB 0x0000022d50000000| Untracked |  0
|3151|0x0000022d52000000, 0x0000022d52000000, 0x0000022d54000000|  0%| F|  |TAMS 0x0000022d52000000| PB 0x0000022d52000000| Untracked |  0
|3152|0x0000022d54000000, 0x0000022d54000000, 0x0000022d56000000|  0%| F|  |TAMS 0x0000022d54000000| PB 0x0000022d54000000| Untracked |  0
|3153|0x0000022d56000000, 0x0000022d56000000, 0x0000022d58000000|  0%| F|  |TAMS 0x0000022d56000000| PB 0x0000022d56000000| Untracked |  0
|3154|0x0000022d58000000, 0x0000022d58000000, 0x0000022d5a000000|  0%| F|  |TAMS 0x0000022d58000000| PB 0x0000022d58000000| Untracked |  0
|3155|0x0000022d5a000000, 0x0000022d5a000000, 0x0000022d5c000000|  0%| F|  |TAMS 0x0000022d5a000000| PB 0x0000022d5a000000| Untracked |  0
|3156|0x0000022d5c000000, 0x0000022d5c000000, 0x0000022d5e000000|  0%| F|  |TAMS 0x0000022d5c000000| PB 0x0000022d5c000000| Untracked |  0
|3157|0x0000022d5e000000, 0x0000022d5e000000, 0x0000022d60000000|  0%| F|  |TAMS 0x0000022d5e000000| PB 0x0000022d5e000000| Untracked |  0
|3158|0x0000022d60000000, 0x0000022d60000000, 0x0000022d62000000|  0%| F|  |TAMS 0x0000022d60000000| PB 0x0000022d60000000| Untracked |  0
|3159|0x0000022d62000000, 0x0000022d62000000, 0x0000022d64000000|  0%| F|  |TAMS 0x0000022d62000000| PB 0x0000022d62000000| Untracked |  0
|3160|0x0000022d64000000, 0x0000022d64000000, 0x0000022d66000000|  0%| F|  |TAMS 0x0000022d64000000| PB 0x0000022d64000000| Untracked |  0
|3161|0x0000022d66000000, 0x0000022d66000000, 0x0000022d68000000|  0%| F|  |TAMS 0x0000022d66000000| PB 0x0000022d66000000| Untracked |  0
|3162|0x0000022d68000000, 0x0000022d68000000, 0x0000022d6a000000|  0%| F|  |TAMS 0x0000022d68000000| PB 0x0000022d68000000| Untracked |  0
|3163|0x0000022d6a000000, 0x0000022d6a000000, 0x0000022d6c000000|  0%| F|  |TAMS 0x0000022d6a000000| PB 0x0000022d6a000000| Untracked |  0
|3164|0x0000022d6c000000, 0x0000022d6c000000, 0x0000022d6e000000|  0%| F|  |TAMS 0x0000022d6c000000| PB 0x0000022d6c000000| Untracked |  0
|3165|0x0000022d6e000000, 0x0000022d6e000000, 0x0000022d70000000|  0%| F|  |TAMS 0x0000022d6e000000| PB 0x0000022d6e000000| Untracked |  0
|3166|0x0000022d70000000, 0x0000022d70000000, 0x0000022d72000000|  0%| F|  |TAMS 0x0000022d70000000| PB 0x0000022d70000000| Untracked |  0
|3167|0x0000022d72000000, 0x0000022d72000000, 0x0000022d74000000|  0%| F|  |TAMS 0x0000022d72000000| PB 0x0000022d72000000| Untracked |  0
|3168|0x0000022d74000000, 0x0000022d74000000, 0x0000022d76000000|  0%| F|  |TAMS 0x0000022d74000000| PB 0x0000022d74000000| Untracked |  0
|3169|0x0000022d76000000, 0x0000022d76000000, 0x0000022d78000000|  0%| F|  |TAMS 0x0000022d76000000| PB 0x0000022d76000000| Untracked |  0
|3170|0x0000022d78000000, 0x0000022d78000000, 0x0000022d7a000000|  0%| F|  |TAMS 0x0000022d78000000| PB 0x0000022d78000000| Untracked |  0
|3171|0x0000022d7a000000, 0x0000022d7a000000, 0x0000022d7c000000|  0%| F|  |TAMS 0x0000022d7a000000| PB 0x0000022d7a000000| Untracked |  0
|3172|0x0000022d7c000000, 0x0000022d7c000000, 0x0000022d7e000000|  0%| F|  |TAMS 0x0000022d7c000000| PB 0x0000022d7c000000| Untracked |  0
|3173|0x0000022d7e000000, 0x0000022d7e000000, 0x0000022d80000000|  0%| F|  |TAMS 0x0000022d7e000000| PB 0x0000022d7e000000| Untracked |  0
|3174|0x0000022d80000000, 0x0000022d80000000, 0x0000022d82000000|  0%| F|  |TAMS 0x0000022d80000000| PB 0x0000022d80000000| Untracked |  0
|3175|0x0000022d82000000, 0x0000022d82000000, 0x0000022d84000000|  0%| F|  |TAMS 0x0000022d82000000| PB 0x0000022d82000000| Untracked |  0
|3176|0x0000022d84000000, 0x0000022d84000000, 0x0000022d86000000|  0%| F|  |TAMS 0x0000022d84000000| PB 0x0000022d84000000| Untracked |  0
|3177|0x0000022d86000000, 0x0000022d86000000, 0x0000022d88000000|  0%| F|  |TAMS 0x0000022d86000000| PB 0x0000022d86000000| Untracked |  0
|3178|0x0000022d88000000, 0x0000022d88000000, 0x0000022d8a000000|  0%| F|  |TAMS 0x0000022d88000000| PB 0x0000022d88000000| Untracked |  0
|3179|0x0000022d8a000000, 0x0000022d8a000000, 0x0000022d8c000000|  0%| F|  |TAMS 0x0000022d8a000000| PB 0x0000022d8a000000| Untracked |  0
|3180|0x0000022d8c000000, 0x0000022d8c000000, 0x0000022d8e000000|  0%| F|  |TAMS 0x0000022d8c000000| PB 0x0000022d8c000000| Untracked |  0
|3181|0x0000022d8e000000, 0x0000022d8e000000, 0x0000022d90000000|  0%| F|  |TAMS 0x0000022d8e000000| PB 0x0000022d8e000000| Untracked |  0
|3182|0x0000022d90000000, 0x0000022d90000000, 0x0000022d92000000|  0%| F|  |TAMS 0x0000022d90000000| PB 0x0000022d90000000| Untracked |  0
|3183|0x0000022d92000000, 0x0000022d92000000, 0x0000022d94000000|  0%| F|  |TAMS 0x0000022d92000000| PB 0x0000022d92000000| Untracked |  0
|3184|0x0000022d94000000, 0x0000022d94000000, 0x0000022d96000000|  0%| F|  |TAMS 0x0000022d94000000| PB 0x0000022d94000000| Untracked |  0
|3185|0x0000022d96000000, 0x0000022d96000000, 0x0000022d98000000|  0%| F|  |TAMS 0x0000022d96000000| PB 0x0000022d96000000| Untracked |  0
|3186|0x0000022d98000000, 0x0000022d98000000, 0x0000022d9a000000|  0%| F|  |TAMS 0x0000022d98000000| PB 0x0000022d98000000| Untracked |  0
|3187|0x0000022d9a000000, 0x0000022d9a000000, 0x0000022d9c000000|  0%| F|  |TAMS 0x0000022d9a000000| PB 0x0000022d9a000000| Untracked |  0
|3188|0x0000022d9c000000, 0x0000022d9c000000, 0x0000022d9e000000|  0%| F|  |TAMS 0x0000022d9c000000| PB 0x0000022d9c000000| Untracked |  0
|3189|0x0000022d9e000000, 0x0000022d9e000000, 0x0000022da0000000|  0%| F|  |TAMS 0x0000022d9e000000| PB 0x0000022d9e000000| Untracked |  0
|3190|0x0000022da0000000, 0x0000022da0000000, 0x0000022da2000000|  0%| F|  |TAMS 0x0000022da0000000| PB 0x0000022da0000000| Untracked |  0
|3191|0x0000022da2000000, 0x0000022da2000000, 0x0000022da4000000|  0%| F|  |TAMS 0x0000022da2000000| PB 0x0000022da2000000| Untracked |  0
|3192|0x0000022da4000000, 0x0000022da4000000, 0x0000022da6000000|  0%| F|  |TAMS 0x0000022da4000000| PB 0x0000022da4000000| Untracked |  0
|3193|0x0000022da6000000, 0x0000022da6000000, 0x0000022da8000000|  0%| F|  |TAMS 0x0000022da6000000| PB 0x0000022da6000000| Untracked |  0
|3194|0x0000022da8000000, 0x0000022da8000000, 0x0000022daa000000|  0%| F|  |TAMS 0x0000022da8000000| PB 0x0000022da8000000| Untracked |  0
|3195|0x0000022daa000000, 0x0000022daa000000, 0x0000022dac000000|  0%| F|  |TAMS 0x0000022daa000000| PB 0x0000022daa000000| Untracked |  0
|3196|0x0000022dac000000, 0x0000022dac000000, 0x0000022dae000000|  0%| F|  |TAMS 0x0000022dac000000| PB 0x0000022dac000000| Untracked |  0
|3197|0x0000022dae000000, 0x0000022dae000000, 0x0000022db0000000|  0%| F|  |TAMS 0x0000022dae000000| PB 0x0000022dae000000| Untracked |  0
|3198|0x0000022db0000000, 0x0000022db0000000, 0x0000022db2000000|  0%| F|  |TAMS 0x0000022db0000000| PB 0x0000022db0000000| Untracked |  0
|3199|0x0000022db2000000, 0x0000022db2000000, 0x0000022db4000000|  0%| F|  |TAMS 0x0000022db2000000| PB 0x0000022db2000000| Untracked |  0
|3200|0x0000022db4000000, 0x0000022db4000000, 0x0000022db6000000|  0%| F|  |TAMS 0x0000022db4000000| PB 0x0000022db4000000| Untracked |  0
|3201|0x0000022db6000000, 0x0000022db6000000, 0x0000022db8000000|  0%| F|  |TAMS 0x0000022db6000000| PB 0x0000022db6000000| Untracked |  0
|3202|0x0000022db8000000, 0x0000022db8000000, 0x0000022dba000000|  0%| F|  |TAMS 0x0000022db8000000| PB 0x0000022db8000000| Untracked |  0
|3203|0x0000022dba000000, 0x0000022dba000000, 0x0000022dbc000000|  0%| F|  |TAMS 0x0000022dba000000| PB 0x0000022dba000000| Untracked |  0
|3204|0x0000022dbc000000, 0x0000022dbc000000, 0x0000022dbe000000|  0%| F|  |TAMS 0x0000022dbc000000| PB 0x0000022dbc000000| Untracked |  0
|3205|0x0000022dbe000000, 0x0000022dbe000000, 0x0000022dc0000000|  0%| F|  |TAMS 0x0000022dbe000000| PB 0x0000022dbe000000| Untracked |  0
|3206|0x0000022dc0000000, 0x0000022dc0000000, 0x0000022dc2000000|  0%| F|  |TAMS 0x0000022dc0000000| PB 0x0000022dc0000000| Untracked |  0
|3207|0x0000022dc2000000, 0x0000022dc2000000, 0x0000022dc4000000|  0%| F|  |TAMS 0x0000022dc2000000| PB 0x0000022dc2000000| Untracked |  0
|3208|0x0000022dc4000000, 0x0000022dc4000000, 0x0000022dc6000000|  0%| F|  |TAMS 0x0000022dc4000000| PB 0x0000022dc4000000| Untracked |  0
|3209|0x0000022dc6000000, 0x0000022dc6000000, 0x0000022dc8000000|  0%| F|  |TAMS 0x0000022dc6000000| PB 0x0000022dc6000000| Untracked |  0
|3210|0x0000022dc8000000, 0x0000022dc8000000, 0x0000022dca000000|  0%| F|  |TAMS 0x0000022dc8000000| PB 0x0000022dc8000000| Untracked |  0
|3211|0x0000022dca000000, 0x0000022dca000000, 0x0000022dcc000000|  0%| F|  |TAMS 0x0000022dca000000| PB 0x0000022dca000000| Untracked |  0
|3212|0x0000022dcc000000, 0x0000022dcc000000, 0x0000022dce000000|  0%| F|  |TAMS 0x0000022dcc000000| PB 0x0000022dcc000000| Untracked |  0
|3213|0x0000022dce000000, 0x0000022dce000000, 0x0000022dd0000000|  0%| F|  |TAMS 0x0000022dce000000| PB 0x0000022dce000000| Untracked |  0
|3214|0x0000022dd0000000, 0x0000022dd0000000, 0x0000022dd2000000|  0%| F|  |TAMS 0x0000022dd0000000| PB 0x0000022dd0000000| Untracked |  0
|3215|0x0000022dd2000000, 0x0000022dd2000000, 0x0000022dd4000000|  0%| F|  |TAMS 0x0000022dd2000000| PB 0x0000022dd2000000| Untracked |  0
|3216|0x0000022dd4000000, 0x0000022dd4000000, 0x0000022dd6000000|  0%| F|  |TAMS 0x0000022dd4000000| PB 0x0000022dd4000000| Untracked |  0
|3217|0x0000022dd6000000, 0x0000022dd6000000, 0x0000022dd8000000|  0%| F|  |TAMS 0x0000022dd6000000| PB 0x0000022dd6000000| Untracked |  0
|3218|0x0000022dd8000000, 0x0000022dd8000000, 0x0000022dda000000|  0%| F|  |TAMS 0x0000022dd8000000| PB 0x0000022dd8000000| Untracked |  0
|3219|0x0000022dda000000, 0x0000022dda000000, 0x0000022ddc000000|  0%| F|  |TAMS 0x0000022dda000000| PB 0x0000022dda000000| Untracked |  0
|3220|0x0000022ddc000000, 0x0000022ddc000000, 0x0000022dde000000|  0%| F|  |TAMS 0x0000022ddc000000| PB 0x0000022ddc000000| Untracked |  0
|3221|0x0000022dde000000, 0x0000022dde000000, 0x0000022de0000000|  0%| F|  |TAMS 0x0000022dde000000| PB 0x0000022dde000000| Untracked |  0
|3222|0x0000022de0000000, 0x0000022de0000000, 0x0000022de2000000|  0%| F|  |TAMS 0x0000022de0000000| PB 0x0000022de0000000| Untracked |  0
|3223|0x0000022de2000000, 0x0000022de2000000, 0x0000022de4000000|  0%| F|  |TAMS 0x0000022de2000000| PB 0x0000022de2000000| Untracked |  0
|3224|0x0000022de4000000, 0x0000022de4000000, 0x0000022de6000000|  0%| F|  |TAMS 0x0000022de4000000| PB 0x0000022de4000000| Untracked |  0
|3225|0x0000022de6000000, 0x0000022de6000000, 0x0000022de8000000|  0%| F|  |TAMS 0x0000022de6000000| PB 0x0000022de6000000| Untracked |  0
|3226|0x0000022de8000000, 0x0000022de8000000, 0x0000022dea000000|  0%| F|  |TAMS 0x0000022de8000000| PB 0x0000022de8000000| Untracked |  0
|3227|0x0000022dea000000, 0x0000022dea000000, 0x0000022dec000000|  0%| F|  |TAMS 0x0000022dea000000| PB 0x0000022dea000000| Untracked |  0
|3228|0x0000022dec000000, 0x0000022dec000000, 0x0000022dee000000|  0%| F|  |TAMS 0x0000022dec000000| PB 0x0000022dec000000| Untracked |  0
|3229|0x0000022dee000000, 0x0000022dee000000, 0x0000022df0000000|  0%| F|  |TAMS 0x0000022dee000000| PB 0x0000022dee000000| Untracked |  0
|3230|0x0000022df0000000, 0x0000022df0000000, 0x0000022df2000000|  0%| F|  |TAMS 0x0000022df0000000| PB 0x0000022df0000000| Untracked |  0
|3231|0x0000022df2000000, 0x0000022df2000000, 0x0000022df4000000|  0%| F|  |TAMS 0x0000022df2000000| PB 0x0000022df2000000| Untracked |  0
|3232|0x0000022df4000000, 0x0000022df4000000, 0x0000022df6000000|  0%| F|  |TAMS 0x0000022df4000000| PB 0x0000022df4000000| Untracked |  0
|3233|0x0000022df6000000, 0x0000022df6000000, 0x0000022df8000000|  0%| F|  |TAMS 0x0000022df6000000| PB 0x0000022df6000000| Untracked |  0
|3234|0x0000022df8000000, 0x0000022df8000000, 0x0000022dfa000000|  0%| F|  |TAMS 0x0000022df8000000| PB 0x0000022df8000000| Untracked |  0
|3235|0x0000022dfa000000, 0x0000022dfa000000, 0x0000022dfc000000|  0%| F|  |TAMS 0x0000022dfa000000| PB 0x0000022dfa000000| Untracked |  0
|3236|0x0000022dfc000000, 0x0000022dfc000000, 0x0000022dfe000000|  0%| F|  |TAMS 0x0000022dfc000000| PB 0x0000022dfc000000| Untracked |  0
|3237|0x0000022dfe000000, 0x0000022dfe000000, 0x0000022e00000000|  0%| F|  |TAMS 0x0000022dfe000000| PB 0x0000022dfe000000| Untracked |  0
|3238|0x0000022e00000000, 0x0000022e00000000, 0x0000022e02000000|  0%| F|  |TAMS 0x0000022e00000000| PB 0x0000022e00000000| Untracked |  0
|3239|0x0000022e02000000, 0x0000022e02000000, 0x0000022e04000000|  0%| F|  |TAMS 0x0000022e02000000| PB 0x0000022e02000000| Untracked |  0
|3240|0x0000022e04000000, 0x0000022e04000000, 0x0000022e06000000|  0%| F|  |TAMS 0x0000022e04000000| PB 0x0000022e04000000| Untracked |  0
|3241|0x0000022e06000000, 0x0000022e06000000, 0x0000022e08000000|  0%| F|  |TAMS 0x0000022e06000000| PB 0x0000022e06000000| Untracked |  0
|3242|0x0000022e08000000, 0x0000022e08000000, 0x0000022e0a000000|  0%| F|  |TAMS 0x0000022e08000000| PB 0x0000022e08000000| Untracked |  0
|3243|0x0000022e0a000000, 0x0000022e0a000000, 0x0000022e0c000000|  0%| F|  |TAMS 0x0000022e0a000000| PB 0x0000022e0a000000| Untracked |  0
|3244|0x0000022e0c000000, 0x0000022e0c000000, 0x0000022e0e000000|  0%| F|  |TAMS 0x0000022e0c000000| PB 0x0000022e0c000000| Untracked |  0
|3245|0x0000022e0e000000, 0x0000022e0e000000, 0x0000022e10000000|  0%| F|  |TAMS 0x0000022e0e000000| PB 0x0000022e0e000000| Untracked |  0
|3246|0x0000022e10000000, 0x0000022e10000000, 0x0000022e12000000|  0%| F|  |TAMS 0x0000022e10000000| PB 0x0000022e10000000| Untracked |  0
|3247|0x0000022e12000000, 0x0000022e12000000, 0x0000022e14000000|  0%| F|  |TAMS 0x0000022e12000000| PB 0x0000022e12000000| Untracked |  0
|3248|0x0000022e14000000, 0x0000022e14000000, 0x0000022e16000000|  0%| F|  |TAMS 0x0000022e14000000| PB 0x0000022e14000000| Untracked |  0
|3249|0x0000022e16000000, 0x0000022e16000000, 0x0000022e18000000|  0%| F|  |TAMS 0x0000022e16000000| PB 0x0000022e16000000| Untracked |  0
|3250|0x0000022e18000000, 0x0000022e18000000, 0x0000022e1a000000|  0%| F|  |TAMS 0x0000022e18000000| PB 0x0000022e18000000| Untracked |  0
|3251|0x0000022e1a000000, 0x0000022e1a000000, 0x0000022e1c000000|  0%| F|  |TAMS 0x0000022e1a000000| PB 0x0000022e1a000000| Untracked |  0
|3252|0x0000022e1c000000, 0x0000022e1c000000, 0x0000022e1e000000|  0%| F|  |TAMS 0x0000022e1c000000| PB 0x0000022e1c000000| Untracked |  0
|3253|0x0000022e1e000000, 0x0000022e1e000000, 0x0000022e20000000|  0%| F|  |TAMS 0x0000022e1e000000| PB 0x0000022e1e000000| Untracked |  0
|3254|0x0000022e20000000, 0x0000022e20000000, 0x0000022e22000000|  0%| F|  |TAMS 0x0000022e20000000| PB 0x0000022e20000000| Untracked |  0
|3255|0x0000022e22000000, 0x0000022e22000000, 0x0000022e24000000|  0%| F|  |TAMS 0x0000022e22000000| PB 0x0000022e22000000| Untracked |  0
|3256|0x0000022e24000000, 0x0000022e24000000, 0x0000022e26000000|  0%| F|  |TAMS 0x0000022e24000000| PB 0x0000022e24000000| Untracked |  0
|3257|0x0000022e26000000, 0x0000022e26000000, 0x0000022e28000000|  0%| F|  |TAMS 0x0000022e26000000| PB 0x0000022e26000000| Untracked |  0
|3258|0x0000022e28000000, 0x0000022e28000000, 0x0000022e2a000000|  0%| F|  |TAMS 0x0000022e28000000| PB 0x0000022e28000000| Untracked |  0
|3259|0x0000022e2a000000, 0x0000022e2a000000, 0x0000022e2c000000|  0%| F|  |TAMS 0x0000022e2a000000| PB 0x0000022e2a000000| Untracked |  0
|3260|0x0000022e2c000000, 0x0000022e2c000000, 0x0000022e2e000000|  0%| F|  |TAMS 0x0000022e2c000000| PB 0x0000022e2c000000| Untracked |  0
|3261|0x0000022e2e000000, 0x0000022e2e000000, 0x0000022e30000000|  0%| F|  |TAMS 0x0000022e2e000000| PB 0x0000022e2e000000| Untracked |  0
|3262|0x0000022e30000000, 0x0000022e30000000, 0x0000022e32000000|  0%| F|  |TAMS 0x0000022e30000000| PB 0x0000022e30000000| Untracked |  0
|3263|0x0000022e32000000, 0x0000022e32000000, 0x0000022e34000000|  0%| F|  |TAMS 0x0000022e32000000| PB 0x0000022e32000000| Untracked |  0
|3264|0x0000022e34000000, 0x0000022e34000000, 0x0000022e36000000|  0%| F|  |TAMS 0x0000022e34000000| PB 0x0000022e34000000| Untracked |  0
|3265|0x0000022e36000000, 0x0000022e36000000, 0x0000022e38000000|  0%| F|  |TAMS 0x0000022e36000000| PB 0x0000022e36000000| Untracked |  0
|3266|0x0000022e38000000, 0x0000022e38000000, 0x0000022e3a000000|  0%| F|  |TAMS 0x0000022e38000000| PB 0x0000022e38000000| Untracked |  0
|3267|0x0000022e3a000000, 0x0000022e3a000000, 0x0000022e3c000000|  0%| F|  |TAMS 0x0000022e3a000000| PB 0x0000022e3a000000| Untracked |  0
|3268|0x0000022e3c000000, 0x0000022e3c000000, 0x0000022e3e000000|  0%| F|  |TAMS 0x0000022e3c000000| PB 0x0000022e3c000000| Untracked |  0
|3269|0x0000022e3e000000, 0x0000022e3e000000, 0x0000022e40000000|  0%| F|  |TAMS 0x0000022e3e000000| PB 0x0000022e3e000000| Untracked |  0
|3270|0x0000022e40000000, 0x0000022e40000000, 0x0000022e42000000|  0%| F|  |TAMS 0x0000022e40000000| PB 0x0000022e40000000| Untracked |  0
|3271|0x0000022e42000000, 0x0000022e42000000, 0x0000022e44000000|  0%| F|  |TAMS 0x0000022e42000000| PB 0x0000022e42000000| Untracked |  0
|3272|0x0000022e44000000, 0x0000022e44000000, 0x0000022e46000000|  0%| F|  |TAMS 0x0000022e44000000| PB 0x0000022e44000000| Untracked |  0
|3273|0x0000022e46000000, 0x0000022e46000000, 0x0000022e48000000|  0%| F|  |TAMS 0x0000022e46000000| PB 0x0000022e46000000| Untracked |  0
|3274|0x0000022e48000000, 0x0000022e48000000, 0x0000022e4a000000|  0%| F|  |TAMS 0x0000022e48000000| PB 0x0000022e48000000| Untracked |  0
|3275|0x0000022e4a000000, 0x0000022e4a000000, 0x0000022e4c000000|  0%| F|  |TAMS 0x0000022e4a000000| PB 0x0000022e4a000000| Untracked |  0
|3276|0x0000022e4c000000, 0x0000022e4c000000, 0x0000022e4e000000|  0%| F|  |TAMS 0x0000022e4c000000| PB 0x0000022e4c000000| Untracked |  0
|3277|0x0000022e4e000000, 0x0000022e4e000000, 0x0000022e50000000|  0%| F|  |TAMS 0x0000022e4e000000| PB 0x0000022e4e000000| Untracked |  0
|3278|0x0000022e50000000, 0x0000022e50000000, 0x0000022e52000000|  0%| F|  |TAMS 0x0000022e50000000| PB 0x0000022e50000000| Untracked |  0
|3279|0x0000022e52000000, 0x0000022e52000000, 0x0000022e54000000|  0%| F|  |TAMS 0x0000022e52000000| PB 0x0000022e52000000| Untracked |  0
|3280|0x0000022e54000000, 0x0000022e54000000, 0x0000022e56000000|  0%| F|  |TAMS 0x0000022e54000000| PB 0x0000022e54000000| Untracked |  0
|3281|0x0000022e56000000, 0x0000022e56000000, 0x0000022e58000000|  0%| F|  |TAMS 0x0000022e56000000| PB 0x0000022e56000000| Untracked |  0
|3282|0x0000022e58000000, 0x0000022e58000000, 0x0000022e5a000000|  0%| F|  |TAMS 0x0000022e58000000| PB 0x0000022e58000000| Untracked |  0
|3283|0x0000022e5a000000, 0x0000022e5a000000, 0x0000022e5c000000|  0%| F|  |TAMS 0x0000022e5a000000| PB 0x0000022e5a000000| Untracked |  0
|3284|0x0000022e5c000000, 0x0000022e5c000000, 0x0000022e5e000000|  0%| F|  |TAMS 0x0000022e5c000000| PB 0x0000022e5c000000| Untracked |  0
|3285|0x0000022e5e000000, 0x0000022e5e000000, 0x0000022e60000000|  0%| F|  |TAMS 0x0000022e5e000000| PB 0x0000022e5e000000| Untracked |  0
|3286|0x0000022e60000000, 0x0000022e60000000, 0x0000022e62000000|  0%| F|  |TAMS 0x0000022e60000000| PB 0x0000022e60000000| Untracked |  0
|3287|0x0000022e62000000, 0x0000022e62000000, 0x0000022e64000000|  0%| F|  |TAMS 0x0000022e62000000| PB 0x0000022e62000000| Untracked |  0
|3288|0x0000022e64000000, 0x0000022e64000000, 0x0000022e66000000|  0%| F|  |TAMS 0x0000022e64000000| PB 0x0000022e64000000| Untracked |  0
|3289|0x0000022e66000000, 0x0000022e66000000, 0x0000022e68000000|  0%| F|  |TAMS 0x0000022e66000000| PB 0x0000022e66000000| Untracked |  0
|3290|0x0000022e68000000, 0x0000022e68000000, 0x0000022e6a000000|  0%| F|  |TAMS 0x0000022e68000000| PB 0x0000022e68000000| Untracked |  0
|3291|0x0000022e6a000000, 0x0000022e6a000000, 0x0000022e6c000000|  0%| F|  |TAMS 0x0000022e6a000000| PB 0x0000022e6a000000| Untracked |  0
|3292|0x0000022e6c000000, 0x0000022e6c000000, 0x0000022e6e000000|  0%| F|  |TAMS 0x0000022e6c000000| PB 0x0000022e6c000000| Untracked |  0
|3293|0x0000022e6e000000, 0x0000022e6e000000, 0x0000022e70000000|  0%| F|  |TAMS 0x0000022e6e000000| PB 0x0000022e6e000000| Untracked |  0
|3294|0x0000022e70000000, 0x0000022e70000000, 0x0000022e72000000|  0%| F|  |TAMS 0x0000022e70000000| PB 0x0000022e70000000| Untracked |  0
|3295|0x0000022e72000000, 0x0000022e72000000, 0x0000022e74000000|  0%| F|  |TAMS 0x0000022e72000000| PB 0x0000022e72000000| Untracked |  0
|3296|0x0000022e74000000, 0x0000022e74000000, 0x0000022e76000000|  0%| F|  |TAMS 0x0000022e74000000| PB 0x0000022e74000000| Untracked |  0
|3297|0x0000022e76000000, 0x0000022e76000000, 0x0000022e78000000|  0%| F|  |TAMS 0x0000022e76000000| PB 0x0000022e76000000| Untracked |  0
|3298|0x0000022e78000000, 0x0000022e78000000, 0x0000022e7a000000|  0%| F|  |TAMS 0x0000022e78000000| PB 0x0000022e78000000| Untracked |  0
|3299|0x0000022e7a000000, 0x0000022e7a000000, 0x0000022e7c000000|  0%| F|  |TAMS 0x0000022e7a000000| PB 0x0000022e7a000000| Untracked |  0
|3300|0x0000022e7c000000, 0x0000022e7c000000, 0x0000022e7e000000|  0%| F|  |TAMS 0x0000022e7c000000| PB 0x0000022e7c000000| Untracked |  0
|3301|0x0000022e7e000000, 0x0000022e7e000000, 0x0000022e80000000|  0%| F|  |TAMS 0x0000022e7e000000| PB 0x0000022e7e000000| Untracked |  0
|3302|0x0000022e80000000, 0x0000022e80000000, 0x0000022e82000000|  0%| F|  |TAMS 0x0000022e80000000| PB 0x0000022e80000000| Untracked |  0
|3303|0x0000022e82000000, 0x0000022e82000000, 0x0000022e84000000|  0%| F|  |TAMS 0x0000022e82000000| PB 0x0000022e82000000| Untracked |  0
|3304|0x0000022e84000000, 0x0000022e84000000, 0x0000022e86000000|  0%| F|  |TAMS 0x0000022e84000000| PB 0x0000022e84000000| Untracked |  0
|3305|0x0000022e86000000, 0x0000022e86000000, 0x0000022e88000000|  0%| F|  |TAMS 0x0000022e86000000| PB 0x0000022e86000000| Untracked |  0
|3306|0x0000022e88000000, 0x0000022e88000000, 0x0000022e8a000000|  0%| F|  |TAMS 0x0000022e88000000| PB 0x0000022e88000000| Untracked |  0
|3307|0x0000022e8a000000, 0x0000022e8a000000, 0x0000022e8c000000|  0%| F|  |TAMS 0x0000022e8a000000| PB 0x0000022e8a000000| Untracked |  0
|3308|0x0000022e8c000000, 0x0000022e8c000000, 0x0000022e8e000000|  0%| F|  |TAMS 0x0000022e8c000000| PB 0x0000022e8c000000| Untracked |  0
|3309|0x0000022e8e000000, 0x0000022e8e000000, 0x0000022e90000000|  0%| F|  |TAMS 0x0000022e8e000000| PB 0x0000022e8e000000| Untracked |  0
|3310|0x0000022e90000000, 0x0000022e90000000, 0x0000022e92000000|  0%| F|  |TAMS 0x0000022e90000000| PB 0x0000022e90000000| Untracked |  0
|3311|0x0000022e92000000, 0x0000022e92000000, 0x0000022e94000000|  0%| F|  |TAMS 0x0000022e92000000| PB 0x0000022e92000000| Untracked |  0
|3312|0x0000022e94000000, 0x0000022e94000000, 0x0000022e96000000|  0%| F|  |TAMS 0x0000022e94000000| PB 0x0000022e94000000| Untracked |  0
|3313|0x0000022e96000000, 0x0000022e96000000, 0x0000022e98000000|  0%| F|  |TAMS 0x0000022e96000000| PB 0x0000022e96000000| Untracked |  0
|3314|0x0000022e98000000, 0x0000022e98000000, 0x0000022e9a000000|  0%| F|  |TAMS 0x0000022e98000000| PB 0x0000022e98000000| Untracked |  0
|3315|0x0000022e9a000000, 0x0000022e9a000000, 0x0000022e9c000000|  0%| F|  |TAMS 0x0000022e9a000000| PB 0x0000022e9a000000| Untracked |  0
|3316|0x0000022e9c000000, 0x0000022e9c000000, 0x0000022e9e000000|  0%| F|  |TAMS 0x0000022e9c000000| PB 0x0000022e9c000000| Untracked |  0
|3317|0x0000022e9e000000, 0x0000022e9e000000, 0x0000022ea0000000|  0%| F|  |TAMS 0x0000022e9e000000| PB 0x0000022e9e000000| Untracked |  0
|3318|0x0000022ea0000000, 0x0000022ea0000000, 0x0000022ea2000000|  0%| F|  |TAMS 0x0000022ea0000000| PB 0x0000022ea0000000| Untracked |  0
|3319|0x0000022ea2000000, 0x0000022ea2000000, 0x0000022ea4000000|  0%| F|  |TAMS 0x0000022ea2000000| PB 0x0000022ea2000000| Untracked |  0
|3320|0x0000022ea4000000, 0x0000022ea4000000, 0x0000022ea6000000|  0%| F|  |TAMS 0x0000022ea4000000| PB 0x0000022ea4000000| Untracked |  0
|3321|0x0000022ea6000000, 0x0000022ea6000000, 0x0000022ea8000000|  0%| F|  |TAMS 0x0000022ea6000000| PB 0x0000022ea6000000| Untracked |  0
|3322|0x0000022ea8000000, 0x0000022ea8000000, 0x0000022eaa000000|  0%| F|  |TAMS 0x0000022ea8000000| PB 0x0000022ea8000000| Untracked |  0
|3323|0x0000022eaa000000, 0x0000022eaa000000, 0x0000022eac000000|  0%| F|  |TAMS 0x0000022eaa000000| PB 0x0000022eaa000000| Untracked |  0
|3324|0x0000022eac000000, 0x0000022eac000000, 0x0000022eae000000|  0%| F|  |TAMS 0x0000022eac000000| PB 0x0000022eac000000| Untracked |  0
|3325|0x0000022eae000000, 0x0000022eae000000, 0x0000022eb0000000|  0%| F|  |TAMS 0x0000022eae000000| PB 0x0000022eae000000| Untracked |  0
|3326|0x0000022eb0000000, 0x0000022eb0000000, 0x0000022eb2000000|  0%| F|  |TAMS 0x0000022eb0000000| PB 0x0000022eb0000000| Untracked |  0
|3327|0x0000022eb2000000, 0x0000022eb2000000, 0x0000022eb4000000|  0%| F|  |TAMS 0x0000022eb2000000| PB 0x0000022eb2000000| Untracked |  0
|3328|0x0000022eb4000000, 0x0000022eb4000000, 0x0000022eb6000000|  0%| F|  |TAMS 0x0000022eb4000000| PB 0x0000022eb4000000| Untracked |  0
|3329|0x0000022eb6000000, 0x0000022eb6000000, 0x0000022eb8000000|  0%| F|  |TAMS 0x0000022eb6000000| PB 0x0000022eb6000000| Untracked |  0
|3330|0x0000022eb8000000, 0x0000022eb8000000, 0x0000022eba000000|  0%| F|  |TAMS 0x0000022eb8000000| PB 0x0000022eb8000000| Untracked |  0
|3331|0x0000022eba000000, 0x0000022eba000000, 0x0000022ebc000000|  0%| F|  |TAMS 0x0000022eba000000| PB 0x0000022eba000000| Untracked |  0
|3332|0x0000022ebc000000, 0x0000022ebc000000, 0x0000022ebe000000|  0%| F|  |TAMS 0x0000022ebc000000| PB 0x0000022ebc000000| Untracked |  0
|3333|0x0000022ebe000000, 0x0000022ebe000000, 0x0000022ec0000000|  0%| F|  |TAMS 0x0000022ebe000000| PB 0x0000022ebe000000| Untracked |  0
|3334|0x0000022ec0000000, 0x0000022ec0000000, 0x0000022ec2000000|  0%| F|  |TAMS 0x0000022ec0000000| PB 0x0000022ec0000000| Untracked |  0
|3335|0x0000022ec2000000, 0x0000022ec2000000, 0x0000022ec4000000|  0%| F|  |TAMS 0x0000022ec2000000| PB 0x0000022ec2000000| Untracked |  0
|3336|0x0000022ec4000000, 0x0000022ec4000000, 0x0000022ec6000000|  0%| F|  |TAMS 0x0000022ec4000000| PB 0x0000022ec4000000| Untracked |  0
|3337|0x0000022ec6000000, 0x0000022ec6000000, 0x0000022ec8000000|  0%| F|  |TAMS 0x0000022ec6000000| PB 0x0000022ec6000000| Untracked |  0
|3338|0x0000022ec8000000, 0x0000022ec8000000, 0x0000022eca000000|  0%| F|  |TAMS 0x0000022ec8000000| PB 0x0000022ec8000000| Untracked |  0
|3339|0x0000022eca000000, 0x0000022eca000000, 0x0000022ecc000000|  0%| F|  |TAMS 0x0000022eca000000| PB 0x0000022eca000000| Untracked |  0
|3340|0x0000022ecc000000, 0x0000022ecc000000, 0x0000022ece000000|  0%| F|  |TAMS 0x0000022ecc000000| PB 0x0000022ecc000000| Untracked |  0
|3341|0x0000022ece000000, 0x0000022ece000000, 0x0000022ed0000000|  0%| F|  |TAMS 0x0000022ece000000| PB 0x0000022ece000000| Untracked |  0
|3342|0x0000022ed0000000, 0x0000022ed0000000, 0x0000022ed2000000|  0%| F|  |TAMS 0x0000022ed0000000| PB 0x0000022ed0000000| Untracked |  0
|3343|0x0000022ed2000000, 0x0000022ed2000000, 0x0000022ed4000000|  0%| F|  |TAMS 0x0000022ed2000000| PB 0x0000022ed2000000| Untracked |  0
|3344|0x0000022ed4000000, 0x0000022ed4000000, 0x0000022ed6000000|  0%| F|  |TAMS 0x0000022ed4000000| PB 0x0000022ed4000000| Untracked |  0
|3345|0x0000022ed6000000, 0x0000022ed6000000, 0x0000022ed8000000|  0%| F|  |TAMS 0x0000022ed6000000| PB 0x0000022ed6000000| Untracked |  0
|3346|0x0000022ed8000000, 0x0000022ed8000000, 0x0000022eda000000|  0%| F|  |TAMS 0x0000022ed8000000| PB 0x0000022ed8000000| Untracked |  0
|3347|0x0000022eda000000, 0x0000022eda000000, 0x0000022edc000000|  0%| F|  |TAMS 0x0000022eda000000| PB 0x0000022eda000000| Untracked |  0
|3348|0x0000022edc000000, 0x0000022edc000000, 0x0000022ede000000|  0%| F|  |TAMS 0x0000022edc000000| PB 0x0000022edc000000| Untracked |  0
|3349|0x0000022ede000000, 0x0000022ede000000, 0x0000022ee0000000|  0%| F|  |TAMS 0x0000022ede000000| PB 0x0000022ede000000| Untracked |  0
|3350|0x0000022ee0000000, 0x0000022ee0000000, 0x0000022ee2000000|  0%| F|  |TAMS 0x0000022ee0000000| PB 0x0000022ee0000000| Untracked |  0
|3351|0x0000022ee2000000, 0x0000022ee2000000, 0x0000022ee4000000|  0%| F|  |TAMS 0x0000022ee2000000| PB 0x0000022ee2000000| Untracked |  0
|3352|0x0000022ee4000000, 0x0000022ee4000000, 0x0000022ee6000000|  0%| F|  |TAMS 0x0000022ee4000000| PB 0x0000022ee4000000| Untracked |  0
|3353|0x0000022ee6000000, 0x0000022ee6000000, 0x0000022ee8000000|  0%| F|  |TAMS 0x0000022ee6000000| PB 0x0000022ee6000000| Untracked |  0
|3354|0x0000022ee8000000, 0x0000022ee8000000, 0x0000022eea000000|  0%| F|  |TAMS 0x0000022ee8000000| PB 0x0000022ee8000000| Untracked |  0
|3355|0x0000022eea000000, 0x0000022eea000000, 0x0000022eec000000|  0%| F|  |TAMS 0x0000022eea000000| PB 0x0000022eea000000| Untracked |  0
|3356|0x0000022eec000000, 0x0000022eec000000, 0x0000022eee000000|  0%| F|  |TAMS 0x0000022eec000000| PB 0x0000022eec000000| Untracked |  0
|3357|0x0000022eee000000, 0x0000022eee000000, 0x0000022ef0000000|  0%| F|  |TAMS 0x0000022eee000000| PB 0x0000022eee000000| Untracked |  0
|3358|0x0000022ef0000000, 0x0000022ef0000000, 0x0000022ef2000000|  0%| F|  |TAMS 0x0000022ef0000000| PB 0x0000022ef0000000| Untracked |  0
|3359|0x0000022ef2000000, 0x0000022ef2000000, 0x0000022ef4000000|  0%| F|  |TAMS 0x0000022ef2000000| PB 0x0000022ef2000000| Untracked |  0
|3360|0x0000022ef4000000, 0x0000022ef4000000, 0x0000022ef6000000|  0%| F|  |TAMS 0x0000022ef4000000| PB 0x0000022ef4000000| Untracked |  0
|3361|0x0000022ef6000000, 0x0000022ef6000000, 0x0000022ef8000000|  0%| F|  |TAMS 0x0000022ef6000000| PB 0x0000022ef6000000| Untracked |  0
|3362|0x0000022ef8000000, 0x0000022ef8000000, 0x0000022efa000000|  0%| F|  |TAMS 0x0000022ef8000000| PB 0x0000022ef8000000| Untracked |  0
|3363|0x0000022efa000000, 0x0000022efa000000, 0x0000022efc000000|  0%| F|  |TAMS 0x0000022efa000000| PB 0x0000022efa000000| Untracked |  0
|3364|0x0000022efc000000, 0x0000022efc000000, 0x0000022efe000000|  0%| F|  |TAMS 0x0000022efc000000| PB 0x0000022efc000000| Untracked |  0
|3365|0x0000022efe000000, 0x0000022efe000000, 0x0000022f00000000|  0%| F|  |TAMS 0x0000022efe000000| PB 0x0000022efe000000| Untracked |  0
|3366|0x0000022f00000000, 0x0000022f00000000, 0x0000022f02000000|  0%| F|  |TAMS 0x0000022f00000000| PB 0x0000022f00000000| Untracked |  0
|3367|0x0000022f02000000, 0x0000022f02000000, 0x0000022f04000000|  0%| F|  |TAMS 0x0000022f02000000| PB 0x0000022f02000000| Untracked |  0
|3368|0x0000022f04000000, 0x0000022f04000000, 0x0000022f06000000|  0%| F|  |TAMS 0x0000022f04000000| PB 0x0000022f04000000| Untracked |  0
|3369|0x0000022f06000000, 0x0000022f06000000, 0x0000022f08000000|  0%| F|  |TAMS 0x0000022f06000000| PB 0x0000022f06000000| Untracked |  0
|3370|0x0000022f08000000, 0x0000022f08000000, 0x0000022f0a000000|  0%| F|  |TAMS 0x0000022f08000000| PB 0x0000022f08000000| Untracked |  0
|3371|0x0000022f0a000000, 0x0000022f0a000000, 0x0000022f0c000000|  0%| F|  |TAMS 0x0000022f0a000000| PB 0x0000022f0a000000| Untracked |  0
|3372|0x0000022f0c000000, 0x0000022f0c000000, 0x0000022f0e000000|  0%| F|  |TAMS 0x0000022f0c000000| PB 0x0000022f0c000000| Untracked |  0
|3373|0x0000022f0e000000, 0x0000022f0e000000, 0x0000022f10000000|  0%| F|  |TAMS 0x0000022f0e000000| PB 0x0000022f0e000000| Untracked |  0
|3374|0x0000022f10000000, 0x0000022f10000000, 0x0000022f12000000|  0%| F|  |TAMS 0x0000022f10000000| PB 0x0000022f10000000| Untracked |  0
|3375|0x0000022f12000000, 0x0000022f12000000, 0x0000022f14000000|  0%| F|  |TAMS 0x0000022f12000000| PB 0x0000022f12000000| Untracked |  0
|3376|0x0000022f14000000, 0x0000022f14000000, 0x0000022f16000000|  0%| F|  |TAMS 0x0000022f14000000| PB 0x0000022f14000000| Untracked |  0
|3377|0x0000022f16000000, 0x0000022f16000000, 0x0000022f18000000|  0%| F|  |TAMS 0x0000022f16000000| PB 0x0000022f16000000| Untracked |  0
|3378|0x0000022f18000000, 0x0000022f18000000, 0x0000022f1a000000|  0%| F|  |TAMS 0x0000022f18000000| PB 0x0000022f18000000| Untracked |  0
|3379|0x0000022f1a000000, 0x0000022f1a000000, 0x0000022f1c000000|  0%| F|  |TAMS 0x0000022f1a000000| PB 0x0000022f1a000000| Untracked |  0
|3380|0x0000022f1c000000, 0x0000022f1c000000, 0x0000022f1e000000|  0%| F|  |TAMS 0x0000022f1c000000| PB 0x0000022f1c000000| Untracked |  0
|3381|0x0000022f1e000000, 0x0000022f1e000000, 0x0000022f20000000|  0%| F|  |TAMS 0x0000022f1e000000| PB 0x0000022f1e000000| Untracked |  0
|3382|0x0000022f20000000, 0x0000022f20000000, 0x0000022f22000000|  0%| F|  |TAMS 0x0000022f20000000| PB 0x0000022f20000000| Untracked |  0
|3383|0x0000022f22000000, 0x0000022f22000000, 0x0000022f24000000|  0%| F|  |TAMS 0x0000022f22000000| PB 0x0000022f22000000| Untracked |  0
|3384|0x0000022f24000000, 0x0000022f24000000, 0x0000022f26000000|  0%| F|  |TAMS 0x0000022f24000000| PB 0x0000022f24000000| Untracked |  0
|3385|0x0000022f26000000, 0x0000022f26000000, 0x0000022f28000000|  0%| F|  |TAMS 0x0000022f26000000| PB 0x0000022f26000000| Untracked |  0
|3386|0x0000022f28000000, 0x0000022f28000000, 0x0000022f2a000000|  0%| F|  |TAMS 0x0000022f28000000| PB 0x0000022f28000000| Untracked |  0
|3387|0x0000022f2a000000, 0x0000022f2a000000, 0x0000022f2c000000|  0%| F|  |TAMS 0x0000022f2a000000| PB 0x0000022f2a000000| Untracked |  0
|3388|0x0000022f2c000000, 0x0000022f2c000000, 0x0000022f2e000000|  0%| F|  |TAMS 0x0000022f2c000000| PB 0x0000022f2c000000| Untracked |  0
|3389|0x0000022f2e000000, 0x0000022f2e000000, 0x0000022f30000000|  0%| F|  |TAMS 0x0000022f2e000000| PB 0x0000022f2e000000| Untracked |  0
|3390|0x0000022f30000000, 0x0000022f30000000, 0x0000022f32000000|  0%| F|  |TAMS 0x0000022f30000000| PB 0x0000022f30000000| Untracked |  0
|3391|0x0000022f32000000, 0x0000022f32000000, 0x0000022f34000000|  0%| F|  |TAMS 0x0000022f32000000| PB 0x0000022f32000000| Untracked |  0
|3392|0x0000022f34000000, 0x0000022f34000000, 0x0000022f36000000|  0%| F|  |TAMS 0x0000022f34000000| PB 0x0000022f34000000| Untracked |  0
|3393|0x0000022f36000000, 0x0000022f36000000, 0x0000022f38000000|  0%| F|  |TAMS 0x0000022f36000000| PB 0x0000022f36000000| Untracked |  0
|3394|0x0000022f38000000, 0x0000022f38000000, 0x0000022f3a000000|  0%| F|  |TAMS 0x0000022f38000000| PB 0x0000022f38000000| Untracked |  0
|3395|0x0000022f3a000000, 0x0000022f3a000000, 0x0000022f3c000000|  0%| F|  |TAMS 0x0000022f3a000000| PB 0x0000022f3a000000| Untracked |  0
|3396|0x0000022f3c000000, 0x0000022f3c000000, 0x0000022f3e000000|  0%| F|  |TAMS 0x0000022f3c000000| PB 0x0000022f3c000000| Untracked |  0
|3397|0x0000022f3e000000, 0x0000022f3e000000, 0x0000022f40000000|  0%| F|  |TAMS 0x0000022f3e000000| PB 0x0000022f3e000000| Untracked |  0
|3398|0x0000022f40000000, 0x0000022f40000000, 0x0000022f42000000|  0%| F|  |TAMS 0x0000022f40000000| PB 0x0000022f40000000| Untracked |  0
|3399|0x0000022f42000000, 0x0000022f42000000, 0x0000022f44000000|  0%| F|  |TAMS 0x0000022f42000000| PB 0x0000022f42000000| Untracked |  0
|3400|0x0000022f44000000, 0x0000022f44000000, 0x0000022f46000000|  0%| F|  |TAMS 0x0000022f44000000| PB 0x0000022f44000000| Untracked |  0
|3401|0x0000022f46000000, 0x0000022f46000000, 0x0000022f48000000|  0%| F|  |TAMS 0x0000022f46000000| PB 0x0000022f46000000| Untracked |  0
|3402|0x0000022f48000000, 0x0000022f48000000, 0x0000022f4a000000|  0%| F|  |TAMS 0x0000022f48000000| PB 0x0000022f48000000| Untracked |  0
|3403|0x0000022f4a000000, 0x0000022f4a000000, 0x0000022f4c000000|  0%| F|  |TAMS 0x0000022f4a000000| PB 0x0000022f4a000000| Untracked |  0
|3404|0x0000022f4c000000, 0x0000022f4c000000, 0x0000022f4e000000|  0%| F|  |TAMS 0x0000022f4c000000| PB 0x0000022f4c000000| Untracked |  0
|3405|0x0000022f4e000000, 0x0000022f4e000000, 0x0000022f50000000|  0%| F|  |TAMS 0x0000022f4e000000| PB 0x0000022f4e000000| Untracked |  0
|3406|0x0000022f50000000, 0x0000022f50000000, 0x0000022f52000000|  0%| F|  |TAMS 0x0000022f50000000| PB 0x0000022f50000000| Untracked |  0
|3407|0x0000022f52000000, 0x0000022f52000000, 0x0000022f54000000|  0%| F|  |TAMS 0x0000022f52000000| PB 0x0000022f52000000| Untracked |  0
|3408|0x0000022f54000000, 0x0000022f54000000, 0x0000022f56000000|  0%| F|  |TAMS 0x0000022f54000000| PB 0x0000022f54000000| Untracked |  0
|3409|0x0000022f56000000, 0x0000022f56000000, 0x0000022f58000000|  0%| F|  |TAMS 0x0000022f56000000| PB 0x0000022f56000000| Untracked |  0
|3410|0x0000022f58000000, 0x0000022f58000000, 0x0000022f5a000000|  0%| F|  |TAMS 0x0000022f58000000| PB 0x0000022f58000000| Untracked |  0
|3411|0x0000022f5a000000, 0x0000022f5a000000, 0x0000022f5c000000|  0%| F|  |TAMS 0x0000022f5a000000| PB 0x0000022f5a000000| Untracked |  0
|3412|0x0000022f5c000000, 0x0000022f5c000000, 0x0000022f5e000000|  0%| F|  |TAMS 0x0000022f5c000000| PB 0x0000022f5c000000| Untracked |  0
|3413|0x0000022f5e000000, 0x0000022f5e000000, 0x0000022f60000000|  0%| F|  |TAMS 0x0000022f5e000000| PB 0x0000022f5e000000| Untracked |  0
|3414|0x0000022f60000000, 0x0000022f60000000, 0x0000022f62000000|  0%| F|  |TAMS 0x0000022f60000000| PB 0x0000022f60000000| Untracked |  0
|3415|0x0000022f62000000, 0x0000022f62000000, 0x0000022f64000000|  0%| F|  |TAMS 0x0000022f62000000| PB 0x0000022f62000000| Untracked |  0
|3416|0x0000022f64000000, 0x0000022f64000000, 0x0000022f66000000|  0%| F|  |TAMS 0x0000022f64000000| PB 0x0000022f64000000| Untracked |  0
|3417|0x0000022f66000000, 0x0000022f66000000, 0x0000022f68000000|  0%| F|  |TAMS 0x0000022f66000000| PB 0x0000022f66000000| Untracked |  0
|3418|0x0000022f68000000, 0x0000022f68000000, 0x0000022f6a000000|  0%| F|  |TAMS 0x0000022f68000000| PB 0x0000022f68000000| Untracked |  0
|3419|0x0000022f6a000000, 0x0000022f6a000000, 0x0000022f6c000000|  0%| F|  |TAMS 0x0000022f6a000000| PB 0x0000022f6a000000| Untracked |  0
|3420|0x0000022f6c000000, 0x0000022f6c000000, 0x0000022f6e000000|  0%| F|  |TAMS 0x0000022f6c000000| PB 0x0000022f6c000000| Untracked |  0
|3421|0x0000022f6e000000, 0x0000022f6e000000, 0x0000022f70000000|  0%| F|  |TAMS 0x0000022f6e000000| PB 0x0000022f6e000000| Untracked |  0
|3422|0x0000022f70000000, 0x0000022f70000000, 0x0000022f72000000|  0%| F|  |TAMS 0x0000022f70000000| PB 0x0000022f70000000| Untracked |  0
|3423|0x0000022f72000000, 0x0000022f72000000, 0x0000022f74000000|  0%| F|  |TAMS 0x0000022f72000000| PB 0x0000022f72000000| Untracked |  0
|3424|0x0000022f74000000, 0x0000022f74000000, 0x0000022f76000000|  0%| F|  |TAMS 0x0000022f74000000| PB 0x0000022f74000000| Untracked |  0
|3425|0x0000022f76000000, 0x0000022f76000000, 0x0000022f78000000|  0%| F|  |TAMS 0x0000022f76000000| PB 0x0000022f76000000| Untracked |  0
|3426|0x0000022f78000000, 0x0000022f78000000, 0x0000022f7a000000|  0%| F|  |TAMS 0x0000022f78000000| PB 0x0000022f78000000| Untracked |  0
|3427|0x0000022f7a000000, 0x0000022f7a000000, 0x0000022f7c000000|  0%| F|  |TAMS 0x0000022f7a000000| PB 0x0000022f7a000000| Untracked |  0
|3428|0x0000022f7c000000, 0x0000022f7c000000, 0x0000022f7e000000|  0%| F|  |TAMS 0x0000022f7c000000| PB 0x0000022f7c000000| Untracked |  0
|3429|0x0000022f7e000000, 0x0000022f7e000000, 0x0000022f80000000|  0%| F|  |TAMS 0x0000022f7e000000| PB 0x0000022f7e000000| Untracked |  0
|3430|0x0000022f80000000, 0x0000022f80000000, 0x0000022f82000000|  0%| F|  |TAMS 0x0000022f80000000| PB 0x0000022f80000000| Untracked |  0
|3431|0x0000022f82000000, 0x0000022f82000000, 0x0000022f84000000|  0%| F|  |TAMS 0x0000022f82000000| PB 0x0000022f82000000| Untracked |  0
|3432|0x0000022f84000000, 0x0000022f84000000, 0x0000022f86000000|  0%| F|  |TAMS 0x0000022f84000000| PB 0x0000022f84000000| Untracked |  0
|3433|0x0000022f86000000, 0x0000022f86000000, 0x0000022f88000000|  0%| F|  |TAMS 0x0000022f86000000| PB 0x0000022f86000000| Untracked |  0
|3434|0x0000022f88000000, 0x0000022f88000000, 0x0000022f8a000000|  0%| F|  |TAMS 0x0000022f88000000| PB 0x0000022f88000000| Untracked |  0
|3435|0x0000022f8a000000, 0x0000022f8a000000, 0x0000022f8c000000|  0%| F|  |TAMS 0x0000022f8a000000| PB 0x0000022f8a000000| Untracked |  0
|3436|0x0000022f8c000000, 0x0000022f8c000000, 0x0000022f8e000000|  0%| F|  |TAMS 0x0000022f8c000000| PB 0x0000022f8c000000| Untracked |  0
|3437|0x0000022f8e000000, 0x0000022f8e000000, 0x0000022f90000000|  0%| F|  |TAMS 0x0000022f8e000000| PB 0x0000022f8e000000| Untracked |  0
|3438|0x0000022f90000000, 0x0000022f90000000, 0x0000022f92000000|  0%| F|  |TAMS 0x0000022f90000000| PB 0x0000022f90000000| Untracked |  0
|3439|0x0000022f92000000, 0x0000022f92000000, 0x0000022f94000000|  0%| F|  |TAMS 0x0000022f92000000| PB 0x0000022f92000000| Untracked |  0
|3440|0x0000022f94000000, 0x0000022f94000000, 0x0000022f96000000|  0%| F|  |TAMS 0x0000022f94000000| PB 0x0000022f94000000| Untracked |  0
|3441|0x0000022f96000000, 0x0000022f96000000, 0x0000022f98000000|  0%| F|  |TAMS 0x0000022f96000000| PB 0x0000022f96000000| Untracked |  0
|3442|0x0000022f98000000, 0x0000022f98000000, 0x0000022f9a000000|  0%| F|  |TAMS 0x0000022f98000000| PB 0x0000022f98000000| Untracked |  0
|3443|0x0000022f9a000000, 0x0000022f9a000000, 0x0000022f9c000000|  0%| F|  |TAMS 0x0000022f9a000000| PB 0x0000022f9a000000| Untracked |  0
|3444|0x0000022f9c000000, 0x0000022f9c000000, 0x0000022f9e000000|  0%| F|  |TAMS 0x0000022f9c000000| PB 0x0000022f9c000000| Untracked |  0
|3445|0x0000022f9e000000, 0x0000022f9e000000, 0x0000022fa0000000|  0%| F|  |TAMS 0x0000022f9e000000| PB 0x0000022f9e000000| Untracked |  0
|3446|0x0000022fa0000000, 0x0000022fa0000000, 0x0000022fa2000000|  0%| F|  |TAMS 0x0000022fa0000000| PB 0x0000022fa0000000| Untracked |  0
|3447|0x0000022fa2000000, 0x0000022fa2000000, 0x0000022fa4000000|  0%| F|  |TAMS 0x0000022fa2000000| PB 0x0000022fa2000000| Untracked |  0
|3448|0x0000022fa4000000, 0x0000022fa4000000, 0x0000022fa6000000|  0%| F|  |TAMS 0x0000022fa4000000| PB 0x0000022fa4000000| Untracked |  0
|3449|0x0000022fa6000000, 0x0000022fa6000000, 0x0000022fa8000000|  0%| F|  |TAMS 0x0000022fa6000000| PB 0x0000022fa6000000| Untracked |  0
|3450|0x0000022fa8000000, 0x0000022fa8000000, 0x0000022faa000000|  0%| F|  |TAMS 0x0000022fa8000000| PB 0x0000022fa8000000| Untracked |  0
|3451|0x0000022faa000000, 0x0000022faa000000, 0x0000022fac000000|  0%| F|  |TAMS 0x0000022faa000000| PB 0x0000022faa000000| Untracked |  0
|3452|0x0000022fac000000, 0x0000022fac000000, 0x0000022fae000000|  0%| F|  |TAMS 0x0000022fac000000| PB 0x0000022fac000000| Untracked |  0
|3453|0x0000022fae000000, 0x0000022fae000000, 0x0000022fb0000000|  0%| F|  |TAMS 0x0000022fae000000| PB 0x0000022fae000000| Untracked |  0
|3454|0x0000022fb0000000, 0x0000022fb0000000, 0x0000022fb2000000|  0%| F|  |TAMS 0x0000022fb0000000| PB 0x0000022fb0000000| Untracked |  0
|3455|0x0000022fb2000000, 0x0000022fb2000000, 0x0000022fb4000000|  0%| F|  |TAMS 0x0000022fb2000000| PB 0x0000022fb2000000| Untracked |  0
|3456|0x0000022fb4000000, 0x0000022fb4000000, 0x0000022fb6000000|  0%| F|  |TAMS 0x0000022fb4000000| PB 0x0000022fb4000000| Untracked |  0
|3457|0x0000022fb6000000, 0x0000022fb6000000, 0x0000022fb8000000|  0%| F|  |TAMS 0x0000022fb6000000| PB 0x0000022fb6000000| Untracked |  0
|3458|0x0000022fb8000000, 0x0000022fb8000000, 0x0000022fba000000|  0%| F|  |TAMS 0x0000022fb8000000| PB 0x0000022fb8000000| Untracked |  0
|3459|0x0000022fba000000, 0x0000022fba000000, 0x0000022fbc000000|  0%| F|  |TAMS 0x0000022fba000000| PB 0x0000022fba000000| Untracked |  0
|3460|0x0000022fbc000000, 0x0000022fbc000000, 0x0000022fbe000000|  0%| F|  |TAMS 0x0000022fbc000000| PB 0x0000022fbc000000| Untracked |  0
|3461|0x0000022fbe000000, 0x0000022fbe000000, 0x0000022fc0000000|  0%| F|  |TAMS 0x0000022fbe000000| PB 0x0000022fbe000000| Untracked |  0
|3462|0x0000022fc0000000, 0x0000022fc0000000, 0x0000022fc2000000|  0%| F|  |TAMS 0x0000022fc0000000| PB 0x0000022fc0000000| Untracked |  0
|3463|0x0000022fc2000000, 0x0000022fc2000000, 0x0000022fc4000000|  0%| F|  |TAMS 0x0000022fc2000000| PB 0x0000022fc2000000| Untracked |  0
|3464|0x0000022fc4000000, 0x0000022fc4000000, 0x0000022fc6000000|  0%| F|  |TAMS 0x0000022fc4000000| PB 0x0000022fc4000000| Untracked |  0
|3465|0x0000022fc6000000, 0x0000022fc6000000, 0x0000022fc8000000|  0%| F|  |TAMS 0x0000022fc6000000| PB 0x0000022fc6000000| Untracked |  0
|3466|0x0000022fc8000000, 0x0000022fc8000000, 0x0000022fca000000|  0%| F|  |TAMS 0x0000022fc8000000| PB 0x0000022fc8000000| Untracked |  0
|3467|0x0000022fca000000, 0x0000022fca000000, 0x0000022fcc000000|  0%| F|  |TAMS 0x0000022fca000000| PB 0x0000022fca000000| Untracked |  0
|3468|0x0000022fcc000000, 0x0000022fcc000000, 0x0000022fce000000|  0%| F|  |TAMS 0x0000022fcc000000| PB 0x0000022fcc000000| Untracked |  0
|3469|0x0000022fce000000, 0x0000022fce000000, 0x0000022fd0000000|  0%| F|  |TAMS 0x0000022fce000000| PB 0x0000022fce000000| Untracked |  0
|3470|0x0000022fd0000000, 0x0000022fd0000000, 0x0000022fd2000000|  0%| F|  |TAMS 0x0000022fd0000000| PB 0x0000022fd0000000| Untracked |  0
|3471|0x0000022fd2000000, 0x0000022fd2000000, 0x0000022fd4000000|  0%| F|  |TAMS 0x0000022fd2000000| PB 0x0000022fd2000000| Untracked |  0
|3472|0x0000022fd4000000, 0x0000022fd4000000, 0x0000022fd6000000|  0%| F|  |TAMS 0x0000022fd4000000| PB 0x0000022fd4000000| Untracked |  0
|3473|0x0000022fd6000000, 0x0000022fd6000000, 0x0000022fd8000000|  0%| F|  |TAMS 0x0000022fd6000000| PB 0x0000022fd6000000| Untracked |  0
|3474|0x0000022fd8000000, 0x0000022fd8000000, 0x0000022fda000000|  0%| F|  |TAMS 0x0000022fd8000000| PB 0x0000022fd8000000| Untracked |  0
|3475|0x0000022fda000000, 0x0000022fda000000, 0x0000022fdc000000|  0%| F|  |TAMS 0x0000022fda000000| PB 0x0000022fda000000| Untracked |  0
|3476|0x0000022fdc000000, 0x0000022fdc000000, 0x0000022fde000000|  0%| F|  |TAMS 0x0000022fdc000000| PB 0x0000022fdc000000| Untracked |  0
|3477|0x0000022fde000000, 0x0000022fde000000, 0x0000022fe0000000|  0%| F|  |TAMS 0x0000022fde000000| PB 0x0000022fde000000| Untracked |  0
|3478|0x0000022fe0000000, 0x0000022fe0000000, 0x0000022fe2000000|  0%| F|  |TAMS 0x0000022fe0000000| PB 0x0000022fe0000000| Untracked |  0
|3479|0x0000022fe2000000, 0x0000022fe2000000, 0x0000022fe4000000|  0%| F|  |TAMS 0x0000022fe2000000| PB 0x0000022fe2000000| Untracked |  0
|3480|0x0000022fe4000000, 0x0000022fe4000000, 0x0000022fe6000000|  0%| F|  |TAMS 0x0000022fe4000000| PB 0x0000022fe4000000| Untracked |  0
|3481|0x0000022fe6000000, 0x0000022fe6000000, 0x0000022fe8000000|  0%| F|  |TAMS 0x0000022fe6000000| PB 0x0000022fe6000000| Untracked |  0
|3482|0x0000022fe8000000, 0x0000022fe8000000, 0x0000022fea000000|  0%| F|  |TAMS 0x0000022fe8000000| PB 0x0000022fe8000000| Untracked |  0
|3483|0x0000022fea000000, 0x0000022fea000000, 0x0000022fec000000|  0%| F|  |TAMS 0x0000022fea000000| PB 0x0000022fea000000| Untracked |  0
|3484|0x0000022fec000000, 0x0000022fec000000, 0x0000022fee000000|  0%| F|  |TAMS 0x0000022fec000000| PB 0x0000022fec000000| Untracked |  0
|3485|0x0000022fee000000, 0x0000022fee000000, 0x0000022ff0000000|  0%| F|  |TAMS 0x0000022fee000000| PB 0x0000022fee000000| Untracked |  0
|3486|0x0000022ff0000000, 0x0000022ff0000000, 0x0000022ff2000000|  0%| F|  |TAMS 0x0000022ff0000000| PB 0x0000022ff0000000| Untracked |  0
|3487|0x0000022ff2000000, 0x0000022ff2000000, 0x0000022ff4000000|  0%| F|  |TAMS 0x0000022ff2000000| PB 0x0000022ff2000000| Untracked |  0
|3488|0x0000022ff4000000, 0x0000022ff4000000, 0x0000022ff6000000|  0%| F|  |TAMS 0x0000022ff4000000| PB 0x0000022ff4000000| Untracked |  0
|3489|0x0000022ff6000000, 0x0000022ff6000000, 0x0000022ff8000000|  0%| F|  |TAMS 0x0000022ff6000000| PB 0x0000022ff6000000| Untracked |  0
|3490|0x0000022ff8000000, 0x0000022ff8000000, 0x0000022ffa000000|  0%| F|  |TAMS 0x0000022ff8000000| PB 0x0000022ff8000000| Untracked |  0
|3491|0x0000022ffa000000, 0x0000022ffa000000, 0x0000022ffc000000|  0%| F|  |TAMS 0x0000022ffa000000| PB 0x0000022ffa000000| Untracked |  0
|3492|0x0000022ffc000000, 0x0000022ffc000000, 0x0000022ffe000000|  0%| F|  |TAMS 0x0000022ffc000000| PB 0x0000022ffc000000| Untracked |  0
|3493|0x0000022ffe000000, 0x0000022ffe000000, 0x0000023000000000|  0%| F|  |TAMS 0x0000022ffe000000| PB 0x0000022ffe000000| Untracked |  0
|3494|0x0000023000000000, 0x0000023000000000, 0x0000023002000000|  0%| F|  |TAMS 0x0000023000000000| PB 0x0000023000000000| Untracked |  0
|3495|0x0000023002000000, 0x0000023002000000, 0x0000023004000000|  0%| F|  |TAMS 0x0000023002000000| PB 0x0000023002000000| Untracked |  0
|3496|0x0000023004000000, 0x0000023004000000, 0x0000023006000000|  0%| F|  |TAMS 0x0000023004000000| PB 0x0000023004000000| Untracked |  0
|3497|0x0000023006000000, 0x0000023006000000, 0x0000023008000000|  0%| F|  |TAMS 0x0000023006000000| PB 0x0000023006000000| Untracked |  0
|3498|0x0000023008000000, 0x0000023008000000, 0x000002300a000000|  0%| F|  |TAMS 0x0000023008000000| PB 0x0000023008000000| Untracked |  0
|3499|0x000002300a000000, 0x000002300a000000, 0x000002300c000000|  0%| F|  |TAMS 0x000002300a000000| PB 0x000002300a000000| Untracked |  0
|3500|0x000002300c000000, 0x000002300c000000, 0x000002300e000000|  0%| F|  |TAMS 0x000002300c000000| PB 0x000002300c000000| Untracked |  0
|3501|0x000002300e000000, 0x000002300e000000, 0x0000023010000000|  0%| F|  |TAMS 0x000002300e000000| PB 0x000002300e000000| Untracked |  0
|3502|0x0000023010000000, 0x0000023010000000, 0x0000023012000000|  0%| F|  |TAMS 0x0000023010000000| PB 0x0000023010000000| Untracked |  0
|3503|0x0000023012000000, 0x0000023012000000, 0x0000023014000000|  0%| F|  |TAMS 0x0000023012000000| PB 0x0000023012000000| Untracked |  0
|3504|0x0000023014000000, 0x0000023014000000, 0x0000023016000000|  0%| F|  |TAMS 0x0000023014000000| PB 0x0000023014000000| Untracked |  0
|3505|0x0000023016000000, 0x0000023016000000, 0x0000023018000000|  0%| F|  |TAMS 0x0000023016000000| PB 0x0000023016000000| Untracked |  0
|3506|0x0000023018000000, 0x0000023018000000, 0x000002301a000000|  0%| F|  |TAMS 0x0000023018000000| PB 0x0000023018000000| Untracked |  0
|3507|0x000002301a000000, 0x000002301a000000, 0x000002301c000000|  0%| F|  |TAMS 0x000002301a000000| PB 0x000002301a000000| Untracked |  0
|3508|0x000002301c000000, 0x000002301c000000, 0x000002301e000000|  0%| F|  |TAMS 0x000002301c000000| PB 0x000002301c000000| Untracked |  0
|3509|0x000002301e000000, 0x000002301e000000, 0x0000023020000000|  0%| F|  |TAMS 0x000002301e000000| PB 0x000002301e000000| Untracked |  0
|3510|0x0000023020000000, 0x0000023020000000, 0x0000023022000000|  0%| F|  |TAMS 0x0000023020000000| PB 0x0000023020000000| Untracked |  0
|3511|0x0000023022000000, 0x0000023022000000, 0x0000023024000000|  0%| F|  |TAMS 0x0000023022000000| PB 0x0000023022000000| Untracked |  0
|3512|0x0000023024000000, 0x0000023024000000, 0x0000023026000000|  0%| F|  |TAMS 0x0000023024000000| PB 0x0000023024000000| Untracked |  0
|3513|0x0000023026000000, 0x0000023026000000, 0x0000023028000000|  0%| F|  |TAMS 0x0000023026000000| PB 0x0000023026000000| Untracked |  0
|3514|0x0000023028000000, 0x0000023028000000, 0x000002302a000000|  0%| F|  |TAMS 0x0000023028000000| PB 0x0000023028000000| Untracked |  0
|3515|0x000002302a000000, 0x000002302a000000, 0x000002302c000000|  0%| F|  |TAMS 0x000002302a000000| PB 0x000002302a000000| Untracked |  0
|3516|0x000002302c000000, 0x000002302c000000, 0x000002302e000000|  0%| F|  |TAMS 0x000002302c000000| PB 0x000002302c000000| Untracked |  0
|3517|0x000002302e000000, 0x000002302e000000, 0x0000023030000000|  0%| F|  |TAMS 0x000002302e000000| PB 0x000002302e000000| Untracked |  0
|3518|0x0000023030000000, 0x0000023030000000, 0x0000023032000000|  0%| F|  |TAMS 0x0000023030000000| PB 0x0000023030000000| Untracked |  0
|3519|0x0000023032000000, 0x0000023032000000, 0x0000023034000000|  0%| F|  |TAMS 0x0000023032000000| PB 0x0000023032000000| Untracked |  0
|3520|0x0000023034000000, 0x0000023034000000, 0x0000023036000000|  0%| F|  |TAMS 0x0000023034000000| PB 0x0000023034000000| Untracked |  0
|3521|0x0000023036000000, 0x0000023036000000, 0x0000023038000000|  0%| F|  |TAMS 0x0000023036000000| PB 0x0000023036000000| Untracked |  0
|3522|0x0000023038000000, 0x0000023038000000, 0x000002303a000000|  0%| F|  |TAMS 0x0000023038000000| PB 0x0000023038000000| Untracked |  0
|3523|0x000002303a000000, 0x000002303a000000, 0x000002303c000000|  0%| F|  |TAMS 0x000002303a000000| PB 0x000002303a000000| Untracked |  0
|3524|0x000002303c000000, 0x000002303c000000, 0x000002303e000000|  0%| F|  |TAMS 0x000002303c000000| PB 0x000002303c000000| Untracked |  0
|3525|0x000002303e000000, 0x000002303e000000, 0x0000023040000000|  0%| F|  |TAMS 0x000002303e000000| PB 0x000002303e000000| Untracked |  0
|3526|0x0000023040000000, 0x0000023040000000, 0x0000023042000000|  0%| F|  |TAMS 0x0000023040000000| PB 0x0000023040000000| Untracked |  0
|3527|0x0000023042000000, 0x0000023042000000, 0x0000023044000000|  0%| F|  |TAMS 0x0000023042000000| PB 0x0000023042000000| Untracked |  0
|3528|0x0000023044000000, 0x0000023044000000, 0x0000023046000000|  0%| F|  |TAMS 0x0000023044000000| PB 0x0000023044000000| Untracked |  0
|3529|0x0000023046000000, 0x0000023046000000, 0x0000023048000000|  0%| F|  |TAMS 0x0000023046000000| PB 0x0000023046000000| Untracked |  0
|3530|0x0000023048000000, 0x0000023048000000, 0x000002304a000000|  0%| F|  |TAMS 0x0000023048000000| PB 0x0000023048000000| Untracked |  0
|3531|0x000002304a000000, 0x000002304a000000, 0x000002304c000000|  0%| F|  |TAMS 0x000002304a000000| PB 0x000002304a000000| Untracked |  0
|3532|0x000002304c000000, 0x000002304c000000, 0x000002304e000000|  0%| F|  |TAMS 0x000002304c000000| PB 0x000002304c000000| Untracked |  0
|3533|0x000002304e000000, 0x000002304e000000, 0x0000023050000000|  0%| F|  |TAMS 0x000002304e000000| PB 0x000002304e000000| Untracked |  0
|3534|0x0000023050000000, 0x0000023050000000, 0x0000023052000000|  0%| F|  |TAMS 0x0000023050000000| PB 0x0000023050000000| Untracked |  0
|3535|0x0000023052000000, 0x0000023052000000, 0x0000023054000000|  0%| F|  |TAMS 0x0000023052000000| PB 0x0000023052000000| Untracked |  0
|3536|0x0000023054000000, 0x0000023054000000, 0x0000023056000000|  0%| F|  |TAMS 0x0000023054000000| PB 0x0000023054000000| Untracked |  0
|3537|0x0000023056000000, 0x0000023056000000, 0x0000023058000000|  0%| F|  |TAMS 0x0000023056000000| PB 0x0000023056000000| Untracked |  0
|3538|0x0000023058000000, 0x0000023058000000, 0x000002305a000000|  0%| F|  |TAMS 0x0000023058000000| PB 0x0000023058000000| Untracked |  0
|3539|0x000002305a000000, 0x000002305a000000, 0x000002305c000000|  0%| F|  |TAMS 0x000002305a000000| PB 0x000002305a000000| Untracked |  0
|3540|0x000002305c000000, 0x000002305c000000, 0x000002305e000000|  0%| F|  |TAMS 0x000002305c000000| PB 0x000002305c000000| Untracked |  0
|3541|0x000002305e000000, 0x000002305e000000, 0x0000023060000000|  0%| F|  |TAMS 0x000002305e000000| PB 0x000002305e000000| Untracked |  0
|3542|0x0000023060000000, 0x0000023060000000, 0x0000023062000000|  0%| F|  |TAMS 0x0000023060000000| PB 0x0000023060000000| Untracked |  0
|3543|0x0000023062000000, 0x0000023062000000, 0x0000023064000000|  0%| F|  |TAMS 0x0000023062000000| PB 0x0000023062000000| Untracked |  0
|3544|0x0000023064000000, 0x0000023064000000, 0x0000023066000000|  0%| F|  |TAMS 0x0000023064000000| PB 0x0000023064000000| Untracked |  0
|3545|0x0000023066000000, 0x0000023066000000, 0x0000023068000000|  0%| F|  |TAMS 0x0000023066000000| PB 0x0000023066000000| Untracked |  0
|3546|0x0000023068000000, 0x0000023068000000, 0x000002306a000000|  0%| F|  |TAMS 0x0000023068000000| PB 0x0000023068000000| Untracked |  0
|3547|0x000002306a000000, 0x000002306a000000, 0x000002306c000000|  0%| F|  |TAMS 0x000002306a000000| PB 0x000002306a000000| Untracked |  0
|3548|0x000002306c000000, 0x000002306c000000, 0x000002306e000000|  0%| F|  |TAMS 0x000002306c000000| PB 0x000002306c000000| Untracked |  0
|3549|0x000002306e000000, 0x000002306e000000, 0x0000023070000000|  0%| F|  |TAMS 0x000002306e000000| PB 0x000002306e000000| Untracked |  0
|3550|0x0000023070000000, 0x0000023070000000, 0x0000023072000000|  0%| F|  |TAMS 0x0000023070000000| PB 0x0000023070000000| Untracked |  0
|3551|0x0000023072000000, 0x0000023072000000, 0x0000023074000000|  0%| F|  |TAMS 0x0000023072000000| PB 0x0000023072000000| Untracked |  0
|3552|0x0000023074000000, 0x0000023074000000, 0x0000023076000000|  0%| F|  |TAMS 0x0000023074000000| PB 0x0000023074000000| Untracked |  0
|3553|0x0000023076000000, 0x0000023076000000, 0x0000023078000000|  0%| F|  |TAMS 0x0000023076000000| PB 0x0000023076000000| Untracked |  0
|3554|0x0000023078000000, 0x0000023078000000, 0x000002307a000000|  0%| F|  |TAMS 0x0000023078000000| PB 0x0000023078000000| Untracked |  0
|3555|0x000002307a000000, 0x000002307a000000, 0x000002307c000000|  0%| F|  |TAMS 0x000002307a000000| PB 0x000002307a000000| Untracked |  0
|3556|0x000002307c000000, 0x000002307c000000, 0x000002307e000000|  0%| F|  |TAMS 0x000002307c000000| PB 0x000002307c000000| Untracked |  0
|3557|0x000002307e000000, 0x000002307e000000, 0x0000023080000000|  0%| F|  |TAMS 0x000002307e000000| PB 0x000002307e000000| Untracked |  0
|3558|0x0000023080000000, 0x0000023080000000, 0x0000023082000000|  0%| F|  |TAMS 0x0000023080000000| PB 0x0000023080000000| Untracked |  0
|3559|0x0000023082000000, 0x0000023082000000, 0x0000023084000000|  0%| F|  |TAMS 0x0000023082000000| PB 0x0000023082000000| Untracked |  0
|3560|0x0000023084000000, 0x0000023084000000, 0x0000023086000000|  0%| F|  |TAMS 0x0000023084000000| PB 0x0000023084000000| Untracked |  0
|3561|0x0000023086000000, 0x0000023086000000, 0x0000023088000000|  0%| F|  |TAMS 0x0000023086000000| PB 0x0000023086000000| Untracked |  0
|3562|0x0000023088000000, 0x0000023088000000, 0x000002308a000000|  0%| F|  |TAMS 0x0000023088000000| PB 0x0000023088000000| Untracked |  0
|3563|0x000002308a000000, 0x000002308a000000, 0x000002308c000000|  0%| F|  |TAMS 0x000002308a000000| PB 0x000002308a000000| Untracked |  0
|3564|0x000002308c000000, 0x000002308c000000, 0x000002308e000000|  0%| F|  |TAMS 0x000002308c000000| PB 0x000002308c000000| Untracked |  0
|3565|0x000002308e000000, 0x000002308e000000, 0x0000023090000000|  0%| F|  |TAMS 0x000002308e000000| PB 0x000002308e000000| Untracked |  0
|3566|0x0000023090000000, 0x0000023090000000, 0x0000023092000000|  0%| F|  |TAMS 0x0000023090000000| PB 0x0000023090000000| Untracked |  0
|3567|0x0000023092000000, 0x0000023092000000, 0x0000023094000000|  0%| F|  |TAMS 0x0000023092000000| PB 0x0000023092000000| Untracked |  0
|3568|0x0000023094000000, 0x0000023094000000, 0x0000023096000000|  0%| F|  |TAMS 0x0000023094000000| PB 0x0000023094000000| Untracked |  0
|3569|0x0000023096000000, 0x0000023096000000, 0x0000023098000000|  0%| F|  |TAMS 0x0000023096000000| PB 0x0000023096000000| Untracked |  0
|3570|0x0000023098000000, 0x0000023098000000, 0x000002309a000000|  0%| F|  |TAMS 0x0000023098000000| PB 0x0000023098000000| Untracked |  0
|3571|0x000002309a000000, 0x000002309a000000, 0x000002309c000000|  0%| F|  |TAMS 0x000002309a000000| PB 0x000002309a000000| Untracked |  0
|3572|0x000002309c000000, 0x000002309c000000, 0x000002309e000000|  0%| F|  |TAMS 0x000002309c000000| PB 0x000002309c000000| Untracked |  0
|3573|0x000002309e000000, 0x000002309e000000, 0x00000230a0000000|  0%| F|  |TAMS 0x000002309e000000| PB 0x000002309e000000| Untracked |  0
|3574|0x00000230a0000000, 0x00000230a0000000, 0x00000230a2000000|  0%| F|  |TAMS 0x00000230a0000000| PB 0x00000230a0000000| Untracked |  0
|3575|0x00000230a2000000, 0x00000230a2000000, 0x00000230a4000000|  0%| F|  |TAMS 0x00000230a2000000| PB 0x00000230a2000000| Untracked |  0
|3576|0x00000230a4000000, 0x00000230a4000000, 0x00000230a6000000|  0%| F|  |TAMS 0x00000230a4000000| PB 0x00000230a4000000| Untracked |  0
|3577|0x00000230a6000000, 0x00000230a6000000, 0x00000230a8000000|  0%| F|  |TAMS 0x00000230a6000000| PB 0x00000230a6000000| Untracked |  0
|3578|0x00000230a8000000, 0x00000230a8000000, 0x00000230aa000000|  0%| F|  |TAMS 0x00000230a8000000| PB 0x00000230a8000000| Untracked |  0
|3579|0x00000230aa000000, 0x00000230aa000000, 0x00000230ac000000|  0%| F|  |TAMS 0x00000230aa000000| PB 0x00000230aa000000| Untracked |  0
|3580|0x00000230ac000000, 0x00000230ac000000, 0x00000230ae000000|  0%| F|  |TAMS 0x00000230ac000000| PB 0x00000230ac000000| Untracked |  0
|3581|0x00000230ae000000, 0x00000230ae000000, 0x00000230b0000000|  0%| F|  |TAMS 0x00000230ae000000| PB 0x00000230ae000000| Untracked |  0
|3582|0x00000230b0000000, 0x00000230b0000000, 0x00000230b2000000|  0%| F|  |TAMS 0x00000230b0000000| PB 0x00000230b0000000| Untracked |  0
|3583|0x00000230b2000000, 0x00000230b2000000, 0x00000230b4000000|  0%| F|  |TAMS 0x00000230b2000000| PB 0x00000230b2000000| Untracked |  0
|3584|0x00000230b4000000, 0x00000230b4000000, 0x00000230b6000000|  0%| F|  |TAMS 0x00000230b4000000| PB 0x00000230b4000000| Untracked |  0
|3585|0x00000230b6000000, 0x00000230b6000000, 0x00000230b8000000|  0%| F|  |TAMS 0x00000230b6000000| PB 0x00000230b6000000| Untracked |  0
|3586|0x00000230b8000000, 0x00000230b8000000, 0x00000230ba000000|  0%| F|  |TAMS 0x00000230b8000000| PB 0x00000230b8000000| Untracked |  0
|3587|0x00000230ba000000, 0x00000230ba000000, 0x00000230bc000000|  0%| F|  |TAMS 0x00000230ba000000| PB 0x00000230ba000000| Untracked |  0
|3588|0x00000230bc000000, 0x00000230bc000000, 0x00000230be000000|  0%| F|  |TAMS 0x00000230bc000000| PB 0x00000230bc000000| Untracked |  0
|3589|0x00000230be000000, 0x00000230be000000, 0x00000230c0000000|  0%| F|  |TAMS 0x00000230be000000| PB 0x00000230be000000| Untracked |  0
|3590|0x00000230c0000000, 0x00000230c0000000, 0x00000230c2000000|  0%| F|  |TAMS 0x00000230c0000000| PB 0x00000230c0000000| Untracked |  0
|3591|0x00000230c2000000, 0x00000230c2000000, 0x00000230c4000000|  0%| F|  |TAMS 0x00000230c2000000| PB 0x00000230c2000000| Untracked |  0
|3592|0x00000230c4000000, 0x00000230c4000000, 0x00000230c6000000|  0%| F|  |TAMS 0x00000230c4000000| PB 0x00000230c4000000| Untracked |  0
|3593|0x00000230c6000000, 0x00000230c6000000, 0x00000230c8000000|  0%| F|  |TAMS 0x00000230c6000000| PB 0x00000230c6000000| Untracked |  0
|3594|0x00000230c8000000, 0x00000230c8000000, 0x00000230ca000000|  0%| F|  |TAMS 0x00000230c8000000| PB 0x00000230c8000000| Untracked |  0
|3595|0x00000230ca000000, 0x00000230ca000000, 0x00000230cc000000|  0%| F|  |TAMS 0x00000230ca000000| PB 0x00000230ca000000| Untracked |  0
|3596|0x00000230cc000000, 0x00000230cc000000, 0x00000230ce000000|  0%| F|  |TAMS 0x00000230cc000000| PB 0x00000230cc000000| Untracked |  0
|3597|0x00000230ce000000, 0x00000230ce000000, 0x00000230d0000000|  0%| F|  |TAMS 0x00000230ce000000| PB 0x00000230ce000000| Untracked |  0
|3598|0x00000230d0000000, 0x00000230d0000000, 0x00000230d2000000|  0%| F|  |TAMS 0x00000230d0000000| PB 0x00000230d0000000| Untracked |  0
|3599|0x00000230d2000000, 0x00000230d2000000, 0x00000230d4000000|  0%| F|  |TAMS 0x00000230d2000000| PB 0x00000230d2000000| Untracked |  0
|3600|0x00000230d4000000, 0x00000230d4000000, 0x00000230d6000000|  0%| F|  |TAMS 0x00000230d4000000| PB 0x00000230d4000000| Untracked |  0
|3601|0x00000230d6000000, 0x00000230d6000000, 0x00000230d8000000|  0%| F|  |TAMS 0x00000230d6000000| PB 0x00000230d6000000| Untracked |  0
|3602|0x00000230d8000000, 0x00000230d8000000, 0x00000230da000000|  0%| F|  |TAMS 0x00000230d8000000| PB 0x00000230d8000000| Untracked |  0
|3603|0x00000230da000000, 0x00000230da000000, 0x00000230dc000000|  0%| F|  |TAMS 0x00000230da000000| PB 0x00000230da000000| Untracked |  0
|3604|0x00000230dc000000, 0x00000230dc000000, 0x00000230de000000|  0%| F|  |TAMS 0x00000230dc000000| PB 0x00000230dc000000| Untracked |  0
|3605|0x00000230de000000, 0x00000230de000000, 0x00000230e0000000|  0%| F|  |TAMS 0x00000230de000000| PB 0x00000230de000000| Untracked |  0
|3606|0x00000230e0000000, 0x00000230e0000000, 0x00000230e2000000|  0%| F|  |TAMS 0x00000230e0000000| PB 0x00000230e0000000| Untracked |  0
|3607|0x00000230e2000000, 0x00000230e2000000, 0x00000230e4000000|  0%| F|  |TAMS 0x00000230e2000000| PB 0x00000230e2000000| Untracked |  0
|3608|0x00000230e4000000, 0x00000230e4000000, 0x00000230e6000000|  0%| F|  |TAMS 0x00000230e4000000| PB 0x00000230e4000000| Untracked |  0
|3609|0x00000230e6000000, 0x00000230e6000000, 0x00000230e8000000|  0%| F|  |TAMS 0x00000230e6000000| PB 0x00000230e6000000| Untracked |  0
|3610|0x00000230e8000000, 0x00000230e8000000, 0x00000230ea000000|  0%| F|  |TAMS 0x00000230e8000000| PB 0x00000230e8000000| Untracked |  0
|3611|0x00000230ea000000, 0x00000230ea000000, 0x00000230ec000000|  0%| F|  |TAMS 0x00000230ea000000| PB 0x00000230ea000000| Untracked |  0
|3612|0x00000230ec000000, 0x00000230ec000000, 0x00000230ee000000|  0%| F|  |TAMS 0x00000230ec000000| PB 0x00000230ec000000| Untracked |  0
|3613|0x00000230ee000000, 0x00000230ee000000, 0x00000230f0000000|  0%| F|  |TAMS 0x00000230ee000000| PB 0x00000230ee000000| Untracked |  0
|3614|0x00000230f0000000, 0x00000230f0000000, 0x00000230f2000000|  0%| F|  |TAMS 0x00000230f0000000| PB 0x00000230f0000000| Untracked |  0
|3615|0x00000230f2000000, 0x00000230f2000000, 0x00000230f4000000|  0%| F|  |TAMS 0x00000230f2000000| PB 0x00000230f2000000| Untracked |  0
|3616|0x00000230f4000000, 0x00000230f4000000, 0x00000230f6000000|  0%| F|  |TAMS 0x00000230f4000000| PB 0x00000230f4000000| Untracked |  0
|3617|0x00000230f6000000, 0x00000230f6000000, 0x00000230f8000000|  0%| F|  |TAMS 0x00000230f6000000| PB 0x00000230f6000000| Untracked |  0
|3618|0x00000230f8000000, 0x00000230f8000000, 0x00000230fa000000|  0%| F|  |TAMS 0x00000230f8000000| PB 0x00000230f8000000| Untracked |  0
|3619|0x00000230fa000000, 0x00000230fa000000, 0x00000230fc000000|  0%| F|  |TAMS 0x00000230fa000000| PB 0x00000230fa000000| Untracked |  0
|3620|0x00000230fc000000, 0x00000230fc000000, 0x00000230fe000000|  0%| F|  |TAMS 0x00000230fc000000| PB 0x00000230fc000000| Untracked |  0
|3621|0x00000230fe000000, 0x00000230fe000000, 0x0000023100000000|  0%| F|  |TAMS 0x00000230fe000000| PB 0x00000230fe000000| Untracked |  0
|3622|0x0000023100000000, 0x0000023100000000, 0x0000023102000000|  0%| F|  |TAMS 0x0000023100000000| PB 0x0000023100000000| Untracked |  0
|3623|0x0000023102000000, 0x0000023102000000, 0x0000023104000000|  0%| F|  |TAMS 0x0000023102000000| PB 0x0000023102000000| Untracked |  0
|3624|0x0000023104000000, 0x0000023104000000, 0x0000023106000000|  0%| F|  |TAMS 0x0000023104000000| PB 0x0000023104000000| Untracked |  0
|3625|0x0000023106000000, 0x0000023106000000, 0x0000023108000000|  0%| F|  |TAMS 0x0000023106000000| PB 0x0000023106000000| Untracked |  0
|3626|0x0000023108000000, 0x0000023108000000, 0x000002310a000000|  0%| F|  |TAMS 0x0000023108000000| PB 0x0000023108000000| Untracked |  0
|3627|0x000002310a000000, 0x000002310a000000, 0x000002310c000000|  0%| F|  |TAMS 0x000002310a000000| PB 0x000002310a000000| Untracked |  0
|3628|0x000002310c000000, 0x000002310c000000, 0x000002310e000000|  0%| F|  |TAMS 0x000002310c000000| PB 0x000002310c000000| Untracked |  0
|3629|0x000002310e000000, 0x000002310e000000, 0x0000023110000000|  0%| F|  |TAMS 0x000002310e000000| PB 0x000002310e000000| Untracked |  0
|3630|0x0000023110000000, 0x0000023110000000, 0x0000023112000000|  0%| F|  |TAMS 0x0000023110000000| PB 0x0000023110000000| Untracked |  0
|3631|0x0000023112000000, 0x0000023112000000, 0x0000023114000000|  0%| F|  |TAMS 0x0000023112000000| PB 0x0000023112000000| Untracked |  0
|3632|0x0000023114000000, 0x0000023114000000, 0x0000023116000000|  0%| F|  |TAMS 0x0000023114000000| PB 0x0000023114000000| Untracked |  0
|3633|0x0000023116000000, 0x0000023116000000, 0x0000023118000000|  0%| F|  |TAMS 0x0000023116000000| PB 0x0000023116000000| Untracked |  0
|3634|0x0000023118000000, 0x0000023118000000, 0x000002311a000000|  0%| F|  |TAMS 0x0000023118000000| PB 0x0000023118000000| Untracked |  0
|3635|0x000002311a000000, 0x000002311a000000, 0x000002311c000000|  0%| F|  |TAMS 0x000002311a000000| PB 0x000002311a000000| Untracked |  0
|3636|0x000002311c000000, 0x000002311c000000, 0x000002311e000000|  0%| F|  |TAMS 0x000002311c000000| PB 0x000002311c000000| Untracked |  0
|3637|0x000002311e000000, 0x000002311e000000, 0x0000023120000000|  0%| F|  |TAMS 0x000002311e000000| PB 0x000002311e000000| Untracked |  0
|3638|0x0000023120000000, 0x0000023120000000, 0x0000023122000000|  0%| F|  |TAMS 0x0000023120000000| PB 0x0000023120000000| Untracked |  0
|3639|0x0000023122000000, 0x0000023122000000, 0x0000023124000000|  0%| F|  |TAMS 0x0000023122000000| PB 0x0000023122000000| Untracked |  0
|3640|0x0000023124000000, 0x0000023124000000, 0x0000023126000000|  0%| F|  |TAMS 0x0000023124000000| PB 0x0000023124000000| Untracked |  0
|3641|0x0000023126000000, 0x0000023126000000, 0x0000023128000000|  0%| F|  |TAMS 0x0000023126000000| PB 0x0000023126000000| Untracked |  0
|3642|0x0000023128000000, 0x0000023128000000, 0x000002312a000000|  0%| F|  |TAMS 0x0000023128000000| PB 0x0000023128000000| Untracked |  0
|3643|0x000002312a000000, 0x000002312a000000, 0x000002312c000000|  0%| F|  |TAMS 0x000002312a000000| PB 0x000002312a000000| Untracked |  0
|3644|0x000002312c000000, 0x000002312c000000, 0x000002312e000000|  0%| F|  |TAMS 0x000002312c000000| PB 0x000002312c000000| Untracked |  0
|3645|0x000002312e000000, 0x000002312e000000, 0x0000023130000000|  0%| F|  |TAMS 0x000002312e000000| PB 0x000002312e000000| Untracked |  0
|3646|0x0000023130000000, 0x0000023130000000, 0x0000023132000000|  0%| F|  |TAMS 0x0000023130000000| PB 0x0000023130000000| Untracked |  0
|3647|0x0000023132000000, 0x0000023132000000, 0x0000023134000000|  0%| F|  |TAMS 0x0000023132000000| PB 0x0000023132000000| Untracked |  0
|3648|0x0000023134000000, 0x0000023134000000, 0x0000023136000000|  0%| F|  |TAMS 0x0000023134000000| PB 0x0000023134000000| Untracked |  0
|3649|0x0000023136000000, 0x0000023136000000, 0x0000023138000000|  0%| F|  |TAMS 0x0000023136000000| PB 0x0000023136000000| Untracked |  0
|3650|0x0000023138000000, 0x0000023138000000, 0x000002313a000000|  0%| F|  |TAMS 0x0000023138000000| PB 0x0000023138000000| Untracked |  0
|3651|0x000002313a000000, 0x000002313a000000, 0x000002313c000000|  0%| F|  |TAMS 0x000002313a000000| PB 0x000002313a000000| Untracked |  0
|3652|0x000002313c000000, 0x000002313c000000, 0x000002313e000000|  0%| F|  |TAMS 0x000002313c000000| PB 0x000002313c000000| Untracked |  0
|3653|0x000002313e000000, 0x000002313e000000, 0x0000023140000000|  0%| F|  |TAMS 0x000002313e000000| PB 0x000002313e000000| Untracked |  0
|3654|0x0000023140000000, 0x0000023140000000, 0x0000023142000000|  0%| F|  |TAMS 0x0000023140000000| PB 0x0000023140000000| Untracked |  0
|3655|0x0000023142000000, 0x0000023142000000, 0x0000023144000000|  0%| F|  |TAMS 0x0000023142000000| PB 0x0000023142000000| Untracked |  0
|3656|0x0000023144000000, 0x0000023144000000, 0x0000023146000000|  0%| F|  |TAMS 0x0000023144000000| PB 0x0000023144000000| Untracked |  0
|3657|0x0000023146000000, 0x0000023146000000, 0x0000023148000000|  0%| F|  |TAMS 0x0000023146000000| PB 0x0000023146000000| Untracked |  0
|3658|0x0000023148000000, 0x0000023148000000, 0x000002314a000000|  0%| F|  |TAMS 0x0000023148000000| PB 0x0000023148000000| Untracked |  0
|3659|0x000002314a000000, 0x000002314a000000, 0x000002314c000000|  0%| F|  |TAMS 0x000002314a000000| PB 0x000002314a000000| Untracked |  0
|3660|0x000002314c000000, 0x000002314c000000, 0x000002314e000000|  0%| F|  |TAMS 0x000002314c000000| PB 0x000002314c000000| Untracked |  0
|3661|0x000002314e000000, 0x000002314e000000, 0x0000023150000000|  0%| F|  |TAMS 0x000002314e000000| PB 0x000002314e000000| Untracked |  0
|3662|0x0000023150000000, 0x0000023150000000, 0x0000023152000000|  0%| F|  |TAMS 0x0000023150000000| PB 0x0000023150000000| Untracked |  0
|3663|0x0000023152000000, 0x0000023152000000, 0x0000023154000000|  0%| F|  |TAMS 0x0000023152000000| PB 0x0000023152000000| Untracked |  0
|3664|0x0000023154000000, 0x0000023154000000, 0x0000023156000000|  0%| F|  |TAMS 0x0000023154000000| PB 0x0000023154000000| Untracked |  0
|3665|0x0000023156000000, 0x0000023156000000, 0x0000023158000000|  0%| F|  |TAMS 0x0000023156000000| PB 0x0000023156000000| Untracked |  0
|3666|0x0000023158000000, 0x0000023158000000, 0x000002315a000000|  0%| F|  |TAMS 0x0000023158000000| PB 0x0000023158000000| Untracked |  0
|3667|0x000002315a000000, 0x000002315a000000, 0x000002315c000000|  0%| F|  |TAMS 0x000002315a000000| PB 0x000002315a000000| Untracked |  0
|3668|0x000002315c000000, 0x000002315c000000, 0x000002315e000000|  0%| F|  |TAMS 0x000002315c000000| PB 0x000002315c000000| Untracked |  0
|3669|0x000002315e000000, 0x000002315e000000, 0x0000023160000000|  0%| F|  |TAMS 0x000002315e000000| PB 0x000002315e000000| Untracked |  0
|3670|0x0000023160000000, 0x0000023160000000, 0x0000023162000000|  0%| F|  |TAMS 0x0000023160000000| PB 0x0000023160000000| Untracked |  0
|3671|0x0000023162000000, 0x0000023162000000, 0x0000023164000000|  0%| F|  |TAMS 0x0000023162000000| PB 0x0000023162000000| Untracked |  0
|3672|0x0000023164000000, 0x0000023164000000, 0x0000023166000000|  0%| F|  |TAMS 0x0000023164000000| PB 0x0000023164000000| Untracked |  0
|3673|0x0000023166000000, 0x0000023166000000, 0x0000023168000000|  0%| F|  |TAMS 0x0000023166000000| PB 0x0000023166000000| Untracked |  0
|3674|0x0000023168000000, 0x0000023168000000, 0x000002316a000000|  0%| F|  |TAMS 0x0000023168000000| PB 0x0000023168000000| Untracked |  0
|3675|0x000002316a000000, 0x000002316a000000, 0x000002316c000000|  0%| F|  |TAMS 0x000002316a000000| PB 0x000002316a000000| Untracked |  0
|3676|0x000002316c000000, 0x000002316c000000, 0x000002316e000000|  0%| F|  |TAMS 0x000002316c000000| PB 0x000002316c000000| Untracked |  0
|3677|0x000002316e000000, 0x000002316e000000, 0x0000023170000000|  0%| F|  |TAMS 0x000002316e000000| PB 0x000002316e000000| Untracked |  0
|3678|0x0000023170000000, 0x0000023170000000, 0x0000023172000000|  0%| F|  |TAMS 0x0000023170000000| PB 0x0000023170000000| Untracked |  0
|3679|0x0000023172000000, 0x0000023172000000, 0x0000023174000000|  0%| F|  |TAMS 0x0000023172000000| PB 0x0000023172000000| Untracked |  0
|3680|0x0000023174000000, 0x0000023174000000, 0x0000023176000000|  0%| F|  |TAMS 0x0000023174000000| PB 0x0000023174000000| Untracked |  0
|3681|0x0000023176000000, 0x0000023176000000, 0x0000023178000000|  0%| F|  |TAMS 0x0000023176000000| PB 0x0000023176000000| Untracked |  0
|3682|0x0000023178000000, 0x0000023178000000, 0x000002317a000000|  0%| F|  |TAMS 0x0000023178000000| PB 0x0000023178000000| Untracked |  0
|3683|0x000002317a000000, 0x000002317a000000, 0x000002317c000000|  0%| F|  |TAMS 0x000002317a000000| PB 0x000002317a000000| Untracked |  0
|3684|0x000002317c000000, 0x000002317c000000, 0x000002317e000000|  0%| F|  |TAMS 0x000002317c000000| PB 0x000002317c000000| Untracked |  0
|3685|0x000002317e000000, 0x000002317e000000, 0x0000023180000000|  0%| F|  |TAMS 0x000002317e000000| PB 0x000002317e000000| Untracked |  0
|3686|0x0000023180000000, 0x0000023180000000, 0x0000023182000000|  0%| F|  |TAMS 0x0000023180000000| PB 0x0000023180000000| Untracked |  0
|3687|0x0000023182000000, 0x0000023182000000, 0x0000023184000000|  0%| F|  |TAMS 0x0000023182000000| PB 0x0000023182000000| Untracked |  0
|3688|0x0000023184000000, 0x0000023184000000, 0x0000023186000000|  0%| F|  |TAMS 0x0000023184000000| PB 0x0000023184000000| Untracked |  0
|3689|0x0000023186000000, 0x0000023186000000, 0x0000023188000000|  0%| F|  |TAMS 0x0000023186000000| PB 0x0000023186000000| Untracked |  0
|3690|0x0000023188000000, 0x0000023188000000, 0x000002318a000000|  0%| F|  |TAMS 0x0000023188000000| PB 0x0000023188000000| Untracked |  0
|3691|0x000002318a000000, 0x000002318a000000, 0x000002318c000000|  0%| F|  |TAMS 0x000002318a000000| PB 0x000002318a000000| Untracked |  0
|3692|0x000002318c000000, 0x000002318c000000, 0x000002318e000000|  0%| F|  |TAMS 0x000002318c000000| PB 0x000002318c000000| Untracked |  0
|3693|0x000002318e000000, 0x000002318e000000, 0x0000023190000000|  0%| F|  |TAMS 0x000002318e000000| PB 0x000002318e000000| Untracked |  0
|3694|0x0000023190000000, 0x0000023190000000, 0x0000023192000000|  0%| F|  |TAMS 0x0000023190000000| PB 0x0000023190000000| Untracked |  0
|3695|0x0000023192000000, 0x0000023192000000, 0x0000023194000000|  0%| F|  |TAMS 0x0000023192000000| PB 0x0000023192000000| Untracked |  0
|3696|0x0000023194000000, 0x0000023194000000, 0x0000023196000000|  0%| F|  |TAMS 0x0000023194000000| PB 0x0000023194000000| Untracked |  0
|3697|0x0000023196000000, 0x0000023196000000, 0x0000023198000000|  0%| F|  |TAMS 0x0000023196000000| PB 0x0000023196000000| Untracked |  0
|3698|0x0000023198000000, 0x0000023198000000, 0x000002319a000000|  0%| F|  |TAMS 0x0000023198000000| PB 0x0000023198000000| Untracked |  0
|3699|0x000002319a000000, 0x000002319a000000, 0x000002319c000000|  0%| F|  |TAMS 0x000002319a000000| PB 0x000002319a000000| Untracked |  0
|3700|0x000002319c000000, 0x000002319c000000, 0x000002319e000000|  0%| F|  |TAMS 0x000002319c000000| PB 0x000002319c000000| Untracked |  0
|3701|0x000002319e000000, 0x000002319e000000, 0x00000231a0000000|  0%| F|  |TAMS 0x000002319e000000| PB 0x000002319e000000| Untracked |  0
|3702|0x00000231a0000000, 0x00000231a0000000, 0x00000231a2000000|  0%| F|  |TAMS 0x00000231a0000000| PB 0x00000231a0000000| Untracked |  0
|3703|0x00000231a2000000, 0x00000231a2000000, 0x00000231a4000000|  0%| F|  |TAMS 0x00000231a2000000| PB 0x00000231a2000000| Untracked |  0
|3704|0x00000231a4000000, 0x00000231a4000000, 0x00000231a6000000|  0%| F|  |TAMS 0x00000231a4000000| PB 0x00000231a4000000| Untracked |  0
|3705|0x00000231a6000000, 0x00000231a6000000, 0x00000231a8000000|  0%| F|  |TAMS 0x00000231a6000000| PB 0x00000231a6000000| Untracked |  0
|3706|0x00000231a8000000, 0x00000231a8000000, 0x00000231aa000000|  0%| F|  |TAMS 0x00000231a8000000| PB 0x00000231a8000000| Untracked |  0
|3707|0x00000231aa000000, 0x00000231aa000000, 0x00000231ac000000|  0%| F|  |TAMS 0x00000231aa000000| PB 0x00000231aa000000| Untracked |  0
|3708|0x00000231ac000000, 0x00000231ac000000, 0x00000231ae000000|  0%| F|  |TAMS 0x00000231ac000000| PB 0x00000231ac000000| Untracked |  0
|3709|0x00000231ae000000, 0x00000231ae000000, 0x00000231b0000000|  0%| F|  |TAMS 0x00000231ae000000| PB 0x00000231ae000000| Untracked |  0
|3710|0x00000231b0000000, 0x00000231b0000000, 0x00000231b2000000|  0%| F|  |TAMS 0x00000231b0000000| PB 0x00000231b0000000| Untracked |  0
|3711|0x00000231b2000000, 0x00000231b2000000, 0x00000231b4000000|  0%| F|  |TAMS 0x00000231b2000000| PB 0x00000231b2000000| Untracked |  0
|3712|0x00000231b4000000, 0x00000231b4000000, 0x00000231b6000000|  0%| F|  |TAMS 0x00000231b4000000| PB 0x00000231b4000000| Untracked |  0
|3713|0x00000231b6000000, 0x00000231b6000000, 0x00000231b8000000|  0%| F|  |TAMS 0x00000231b6000000| PB 0x00000231b6000000| Untracked |  0
|3714|0x00000231b8000000, 0x00000231b8000000, 0x00000231ba000000|  0%| F|  |TAMS 0x00000231b8000000| PB 0x00000231b8000000| Untracked |  0
|3715|0x00000231ba000000, 0x00000231ba000000, 0x00000231bc000000|  0%| F|  |TAMS 0x00000231ba000000| PB 0x00000231ba000000| Untracked |  0
|3716|0x00000231bc000000, 0x00000231bc000000, 0x00000231be000000|  0%| F|  |TAMS 0x00000231bc000000| PB 0x00000231bc000000| Untracked |  0
|3717|0x00000231be000000, 0x00000231be000000, 0x00000231c0000000|  0%| F|  |TAMS 0x00000231be000000| PB 0x00000231be000000| Untracked |  0
|3718|0x00000231c0000000, 0x00000231c0000000, 0x00000231c2000000|  0%| F|  |TAMS 0x00000231c0000000| PB 0x00000231c0000000| Untracked |  0
|3719|0x00000231c2000000, 0x00000231c2000000, 0x00000231c4000000|  0%| F|  |TAMS 0x00000231c2000000| PB 0x00000231c2000000| Untracked |  0
|3720|0x00000231c4000000, 0x00000231c4000000, 0x00000231c6000000|  0%| F|  |TAMS 0x00000231c4000000| PB 0x00000231c4000000| Untracked |  0
|3721|0x00000231c6000000, 0x00000231c6000000, 0x00000231c8000000|  0%| F|  |TAMS 0x00000231c6000000| PB 0x00000231c6000000| Untracked |  0
|3722|0x00000231c8000000, 0x00000231c8000000, 0x00000231ca000000|  0%| F|  |TAMS 0x00000231c8000000| PB 0x00000231c8000000| Untracked |  0
|3723|0x00000231ca000000, 0x00000231ca000000, 0x00000231cc000000|  0%| F|  |TAMS 0x00000231ca000000| PB 0x00000231ca000000| Untracked |  0
|3724|0x00000231cc000000, 0x00000231cc000000, 0x00000231ce000000|  0%| F|  |TAMS 0x00000231cc000000| PB 0x00000231cc000000| Untracked |  0
|3725|0x00000231ce000000, 0x00000231ce000000, 0x00000231d0000000|  0%| F|  |TAMS 0x00000231ce000000| PB 0x00000231ce000000| Untracked |  0
|3726|0x00000231d0000000, 0x00000231d0000000, 0x00000231d2000000|  0%| F|  |TAMS 0x00000231d0000000| PB 0x00000231d0000000| Untracked |  0
|3727|0x00000231d2000000, 0x00000231d2000000, 0x00000231d4000000|  0%| F|  |TAMS 0x00000231d2000000| PB 0x00000231d2000000| Untracked |  0
|3728|0x00000231d4000000, 0x00000231d4000000, 0x00000231d6000000|  0%| F|  |TAMS 0x00000231d4000000| PB 0x00000231d4000000| Untracked |  0
|3729|0x00000231d6000000, 0x00000231d6000000, 0x00000231d8000000|  0%| F|  |TAMS 0x00000231d6000000| PB 0x00000231d6000000| Untracked |  0
|3730|0x00000231d8000000, 0x00000231d8000000, 0x00000231da000000|  0%| F|  |TAMS 0x00000231d8000000| PB 0x00000231d8000000| Untracked |  0
|3731|0x00000231da000000, 0x00000231da000000, 0x00000231dc000000|  0%| F|  |TAMS 0x00000231da000000| PB 0x00000231da000000| Untracked |  0
|3732|0x00000231dc000000, 0x00000231dc000000, 0x00000231de000000|  0%| F|  |TAMS 0x00000231dc000000| PB 0x00000231dc000000| Untracked |  0
|3733|0x00000231de000000, 0x00000231de000000, 0x00000231e0000000|  0%| F|  |TAMS 0x00000231de000000| PB 0x00000231de000000| Untracked |  0
|3734|0x00000231e0000000, 0x00000231e0000000, 0x00000231e2000000|  0%| F|  |TAMS 0x00000231e0000000| PB 0x00000231e0000000| Untracked |  0
|3735|0x00000231e2000000, 0x00000231e2000000, 0x00000231e4000000|  0%| F|  |TAMS 0x00000231e2000000| PB 0x00000231e2000000| Untracked |  0
|3736|0x00000231e4000000, 0x00000231e4000000, 0x00000231e6000000|  0%| F|  |TAMS 0x00000231e4000000| PB 0x00000231e4000000| Untracked |  0
|3737|0x00000231e6000000, 0x00000231e6000000, 0x00000231e8000000|  0%| F|  |TAMS 0x00000231e6000000| PB 0x00000231e6000000| Untracked |  0
|3738|0x00000231e8000000, 0x00000231e8000000, 0x00000231ea000000|  0%| F|  |TAMS 0x00000231e8000000| PB 0x00000231e8000000| Untracked |  0
|3739|0x00000231ea000000, 0x00000231ea000000, 0x00000231ec000000|  0%| F|  |TAMS 0x00000231ea000000| PB 0x00000231ea000000| Untracked |  0
|3740|0x00000231ec000000, 0x00000231ec000000, 0x00000231ee000000|  0%| F|  |TAMS 0x00000231ec000000| PB 0x00000231ec000000| Untracked |  0
|3741|0x00000231ee000000, 0x00000231ee000000, 0x00000231f0000000|  0%| F|  |TAMS 0x00000231ee000000| PB 0x00000231ee000000| Untracked |  0
|3742|0x00000231f0000000, 0x00000231f0000000, 0x00000231f2000000|  0%| F|  |TAMS 0x00000231f0000000| PB 0x00000231f0000000| Untracked |  0
|3743|0x00000231f2000000, 0x00000231f2000000, 0x00000231f4000000|  0%| F|  |TAMS 0x00000231f2000000| PB 0x00000231f2000000| Untracked |  0
|3744|0x00000231f4000000, 0x00000231f4000000, 0x00000231f6000000|  0%| F|  |TAMS 0x00000231f4000000| PB 0x00000231f4000000| Untracked |  0
|3745|0x00000231f6000000, 0x00000231f6000000, 0x00000231f8000000|  0%| F|  |TAMS 0x00000231f6000000| PB 0x00000231f6000000| Untracked |  0
|3746|0x00000231f8000000, 0x00000231f8000000, 0x00000231fa000000|  0%| F|  |TAMS 0x00000231f8000000| PB 0x00000231f8000000| Untracked |  0
|3747|0x00000231fa000000, 0x00000231fa000000, 0x00000231fc000000|  0%| F|  |TAMS 0x00000231fa000000| PB 0x00000231fa000000| Untracked |  0
|3748|0x00000231fc000000, 0x00000231fc000000, 0x00000231fe000000|  0%| F|  |TAMS 0x00000231fc000000| PB 0x00000231fc000000| Untracked |  0
|3749|0x00000231fe000000, 0x00000231fe000000, 0x0000023200000000|  0%| F|  |TAMS 0x00000231fe000000| PB 0x00000231fe000000| Untracked |  0
|3750|0x0000023200000000, 0x0000023200000000, 0x0000023202000000|  0%| F|  |TAMS 0x0000023200000000| PB 0x0000023200000000| Untracked |  0
|3751|0x0000023202000000, 0x0000023202000000, 0x0000023204000000|  0%| F|  |TAMS 0x0000023202000000| PB 0x0000023202000000| Untracked |  0
|3752|0x0000023204000000, 0x0000023204000000, 0x0000023206000000|  0%| F|  |TAMS 0x0000023204000000| PB 0x0000023204000000| Untracked |  0
|3753|0x0000023206000000, 0x0000023206000000, 0x0000023208000000|  0%| F|  |TAMS 0x0000023206000000| PB 0x0000023206000000| Untracked |  0
|3754|0x0000023208000000, 0x0000023208000000, 0x000002320a000000|  0%| F|  |TAMS 0x0000023208000000| PB 0x0000023208000000| Untracked |  0
|3755|0x000002320a000000, 0x000002320a000000, 0x000002320c000000|  0%| F|  |TAMS 0x000002320a000000| PB 0x000002320a000000| Untracked |  0
|3756|0x000002320c000000, 0x000002320c000000, 0x000002320e000000|  0%| F|  |TAMS 0x000002320c000000| PB 0x000002320c000000| Untracked |  0
|3757|0x000002320e000000, 0x000002320e000000, 0x0000023210000000|  0%| F|  |TAMS 0x000002320e000000| PB 0x000002320e000000| Untracked |  0
|3758|0x0000023210000000, 0x0000023210000000, 0x0000023212000000|  0%| F|  |TAMS 0x0000023210000000| PB 0x0000023210000000| Untracked |  0
|3759|0x0000023212000000, 0x0000023212000000, 0x0000023214000000|  0%| F|  |TAMS 0x0000023212000000| PB 0x0000023212000000| Untracked |  0
|3760|0x0000023214000000, 0x0000023214000000, 0x0000023216000000|  0%| F|  |TAMS 0x0000023214000000| PB 0x0000023214000000| Untracked |  0
|3761|0x0000023216000000, 0x0000023216000000, 0x0000023218000000|  0%| F|  |TAMS 0x0000023216000000| PB 0x0000023216000000| Untracked |  0
|3762|0x0000023218000000, 0x0000023218000000, 0x000002321a000000|  0%| F|  |TAMS 0x0000023218000000| PB 0x0000023218000000| Untracked |  0
|3763|0x000002321a000000, 0x000002321a000000, 0x000002321c000000|  0%| F|  |TAMS 0x000002321a000000| PB 0x000002321a000000| Untracked |  0
|3764|0x000002321c000000, 0x000002321c000000, 0x000002321e000000|  0%| F|  |TAMS 0x000002321c000000| PB 0x000002321c000000| Untracked |  0
|3765|0x000002321e000000, 0x000002321e000000, 0x0000023220000000|  0%| F|  |TAMS 0x000002321e000000| PB 0x000002321e000000| Untracked |  0
|3766|0x0000023220000000, 0x0000023220000000, 0x0000023222000000|  0%| F|  |TAMS 0x0000023220000000| PB 0x0000023220000000| Untracked |  0
|3767|0x0000023222000000, 0x0000023222000000, 0x0000023224000000|  0%| F|  |TAMS 0x0000023222000000| PB 0x0000023222000000| Untracked |  0
|3768|0x0000023224000000, 0x0000023224000000, 0x0000023226000000|  0%| F|  |TAMS 0x0000023224000000| PB 0x0000023224000000| Untracked |  0
|3769|0x0000023226000000, 0x0000023226000000, 0x0000023228000000|  0%| F|  |TAMS 0x0000023226000000| PB 0x0000023226000000| Untracked |  0
|3770|0x0000023228000000, 0x0000023228000000, 0x000002322a000000|  0%| F|  |TAMS 0x0000023228000000| PB 0x0000023228000000| Untracked |  0
|3771|0x000002322a000000, 0x000002322a000000, 0x000002322c000000|  0%| F|  |TAMS 0x000002322a000000| PB 0x000002322a000000| Untracked |  0
|3772|0x000002322c000000, 0x000002322c000000, 0x000002322e000000|  0%| F|  |TAMS 0x000002322c000000| PB 0x000002322c000000| Untracked |  0
|3773|0x000002322e000000, 0x000002322e000000, 0x0000023230000000|  0%| F|  |TAMS 0x000002322e000000| PB 0x000002322e000000| Untracked |  0
|3774|0x0000023230000000, 0x0000023230000000, 0x0000023232000000|  0%| F|  |TAMS 0x0000023230000000| PB 0x0000023230000000| Untracked |  0
|3775|0x0000023232000000, 0x0000023232000000, 0x0000023234000000|  0%| F|  |TAMS 0x0000023232000000| PB 0x0000023232000000| Untracked |  0
|3776|0x0000023234000000, 0x0000023234000000, 0x0000023236000000|  0%| F|  |TAMS 0x0000023234000000| PB 0x0000023234000000| Untracked |  0
|3777|0x0000023236000000, 0x0000023236000000, 0x0000023238000000|  0%| F|  |TAMS 0x0000023236000000| PB 0x0000023236000000| Untracked |  0
|3778|0x0000023238000000, 0x0000023238000000, 0x000002323a000000|  0%| F|  |TAMS 0x0000023238000000| PB 0x0000023238000000| Untracked |  0
|3779|0x000002323a000000, 0x000002323a000000, 0x000002323c000000|  0%| F|  |TAMS 0x000002323a000000| PB 0x000002323a000000| Untracked |  0
|3780|0x000002323c000000, 0x000002323c000000, 0x000002323e000000|  0%| F|  |TAMS 0x000002323c000000| PB 0x000002323c000000| Untracked |  0
|3781|0x000002323e000000, 0x000002323e000000, 0x0000023240000000|  0%| F|  |TAMS 0x000002323e000000| PB 0x000002323e000000| Untracked |  0
|3782|0x0000023240000000, 0x0000023240000000, 0x0000023242000000|  0%| F|  |TAMS 0x0000023240000000| PB 0x0000023240000000| Untracked |  0
|3783|0x0000023242000000, 0x0000023242000000, 0x0000023244000000|  0%| F|  |TAMS 0x0000023242000000| PB 0x0000023242000000| Untracked |  0
|3784|0x0000023244000000, 0x0000023244000000, 0x0000023246000000|  0%| F|  |TAMS 0x0000023244000000| PB 0x0000023244000000| Untracked |  0
|3785|0x0000023246000000, 0x0000023246000000, 0x0000023248000000|  0%| F|  |TAMS 0x0000023246000000| PB 0x0000023246000000| Untracked |  0
|3786|0x0000023248000000, 0x0000023248000000, 0x000002324a000000|  0%| F|  |TAMS 0x0000023248000000| PB 0x0000023248000000| Untracked |  0
|3787|0x000002324a000000, 0x000002324a000000, 0x000002324c000000|  0%| F|  |TAMS 0x000002324a000000| PB 0x000002324a000000| Untracked |  0
|3788|0x000002324c000000, 0x000002324c000000, 0x000002324e000000|  0%| F|  |TAMS 0x000002324c000000| PB 0x000002324c000000| Untracked |  0
|3789|0x000002324e000000, 0x000002324e000000, 0x0000023250000000|  0%| F|  |TAMS 0x000002324e000000| PB 0x000002324e000000| Untracked |  0
|3790|0x0000023250000000, 0x0000023250000000, 0x0000023252000000|  0%| F|  |TAMS 0x0000023250000000| PB 0x0000023250000000| Untracked |  0
|3791|0x0000023252000000, 0x0000023252000000, 0x0000023254000000|  0%| F|  |TAMS 0x0000023252000000| PB 0x0000023252000000| Untracked |  0
|3792|0x0000023254000000, 0x0000023254000000, 0x0000023256000000|  0%| F|  |TAMS 0x0000023254000000| PB 0x0000023254000000| Untracked |  0
|3793|0x0000023256000000, 0x0000023256000000, 0x0000023258000000|  0%| F|  |TAMS 0x0000023256000000| PB 0x0000023256000000| Untracked |  0
|3794|0x0000023258000000, 0x0000023258000000, 0x000002325a000000|  0%| F|  |TAMS 0x0000023258000000| PB 0x0000023258000000| Untracked |  0
|3795|0x000002325a000000, 0x000002325a000000, 0x000002325c000000|  0%| F|  |TAMS 0x000002325a000000| PB 0x000002325a000000| Untracked |  0
|3796|0x000002325c000000, 0x000002325c000000, 0x000002325e000000|  0%| F|  |TAMS 0x000002325c000000| PB 0x000002325c000000| Untracked |  0
|3797|0x000002325e000000, 0x000002325e000000, 0x0000023260000000|  0%| F|  |TAMS 0x000002325e000000| PB 0x000002325e000000| Untracked |  0
|3798|0x0000023260000000, 0x0000023260000000, 0x0000023262000000|  0%| F|  |TAMS 0x0000023260000000| PB 0x0000023260000000| Untracked |  0
|3799|0x0000023262000000, 0x0000023262000000, 0x0000023264000000|  0%| F|  |TAMS 0x0000023262000000| PB 0x0000023262000000| Untracked |  0
|3800|0x0000023264000000, 0x0000023264000000, 0x0000023266000000|  0%| F|  |TAMS 0x0000023264000000| PB 0x0000023264000000| Untracked |  0
|3801|0x0000023266000000, 0x0000023266000000, 0x0000023268000000|  0%| F|  |TAMS 0x0000023266000000| PB 0x0000023266000000| Untracked |  0
|3802|0x0000023268000000, 0x0000023268000000, 0x000002326a000000|  0%| F|  |TAMS 0x0000023268000000| PB 0x0000023268000000| Untracked |  0
|3803|0x000002326a000000, 0x000002326a000000, 0x000002326c000000|  0%| F|  |TAMS 0x000002326a000000| PB 0x000002326a000000| Untracked |  0
|3804|0x000002326c000000, 0x000002326c000000, 0x000002326e000000|  0%| F|  |TAMS 0x000002326c000000| PB 0x000002326c000000| Untracked |  0
|3805|0x000002326e000000, 0x000002326e000000, 0x0000023270000000|  0%| F|  |TAMS 0x000002326e000000| PB 0x000002326e000000| Untracked |  0
|3806|0x0000023270000000, 0x0000023270000000, 0x0000023272000000|  0%| F|  |TAMS 0x0000023270000000| PB 0x0000023270000000| Untracked |  0
|3807|0x0000023272000000, 0x0000023272000000, 0x0000023274000000|  0%| F|  |TAMS 0x0000023272000000| PB 0x0000023272000000| Untracked |  0
|3808|0x0000023274000000, 0x0000023274000000, 0x0000023276000000|  0%| F|  |TAMS 0x0000023274000000| PB 0x0000023274000000| Untracked |  0
|3809|0x0000023276000000, 0x0000023276000000, 0x0000023278000000|  0%| F|  |TAMS 0x0000023276000000| PB 0x0000023276000000| Untracked |  0
|3810|0x0000023278000000, 0x0000023278000000, 0x000002327a000000|  0%| F|  |TAMS 0x0000023278000000| PB 0x0000023278000000| Untracked |  0
|3811|0x000002327a000000, 0x000002327a000000, 0x000002327c000000|  0%| F|  |TAMS 0x000002327a000000| PB 0x000002327a000000| Untracked |  0
|3812|0x000002327c000000, 0x000002327c000000, 0x000002327e000000|  0%| F|  |TAMS 0x000002327c000000| PB 0x000002327c000000| Untracked |  0
|3813|0x000002327e000000, 0x000002327e000000, 0x0000023280000000|  0%| F|  |TAMS 0x000002327e000000| PB 0x000002327e000000| Untracked |  0
|3814|0x0000023280000000, 0x0000023280000000, 0x0000023282000000|  0%| F|  |TAMS 0x0000023280000000| PB 0x0000023280000000| Untracked |  0
|3815|0x0000023282000000, 0x0000023282000000, 0x0000023284000000|  0%| F|  |TAMS 0x0000023282000000| PB 0x0000023282000000| Untracked |  0
|3816|0x0000023284000000, 0x0000023284000000, 0x0000023286000000|  0%| F|  |TAMS 0x0000023284000000| PB 0x0000023284000000| Untracked |  0
|3817|0x0000023286000000, 0x0000023286000000, 0x0000023288000000|  0%| F|  |TAMS 0x0000023286000000| PB 0x0000023286000000| Untracked |  0
|3818|0x0000023288000000, 0x0000023288000000, 0x000002328a000000|  0%| F|  |TAMS 0x0000023288000000| PB 0x0000023288000000| Untracked |  0
|3819|0x000002328a000000, 0x000002328a000000, 0x000002328c000000|  0%| F|  |TAMS 0x000002328a000000| PB 0x000002328a000000| Untracked |  0
|3820|0x000002328c000000, 0x000002328c000000, 0x000002328e000000|  0%| F|  |TAMS 0x000002328c000000| PB 0x000002328c000000| Untracked |  0
|3821|0x000002328e000000, 0x000002328e000000, 0x0000023290000000|  0%| F|  |TAMS 0x000002328e000000| PB 0x000002328e000000| Untracked |  0
|3822|0x0000023290000000, 0x0000023290000000, 0x0000023292000000|  0%| F|  |TAMS 0x0000023290000000| PB 0x0000023290000000| Untracked |  0
|3823|0x0000023292000000, 0x0000023292000000, 0x0000023294000000|  0%| F|  |TAMS 0x0000023292000000| PB 0x0000023292000000| Untracked |  0
|3824|0x0000023294000000, 0x0000023294000000, 0x0000023296000000|  0%| F|  |TAMS 0x0000023294000000| PB 0x0000023294000000| Untracked |  0
|3825|0x0000023296000000, 0x0000023296000000, 0x0000023298000000|  0%| F|  |TAMS 0x0000023296000000| PB 0x0000023296000000| Untracked |  0
|3826|0x0000023298000000, 0x0000023298000000, 0x000002329a000000|  0%| F|  |TAMS 0x0000023298000000| PB 0x0000023298000000| Untracked |  0
|3827|0x000002329a000000, 0x000002329a000000, 0x000002329c000000|  0%| F|  |TAMS 0x000002329a000000| PB 0x000002329a000000| Untracked |  0
|3828|0x000002329c000000, 0x000002329c000000, 0x000002329e000000|  0%| F|  |TAMS 0x000002329c000000| PB 0x000002329c000000| Untracked |  0
|3829|0x000002329e000000, 0x000002329e000000, 0x00000232a0000000|  0%| F|  |TAMS 0x000002329e000000| PB 0x000002329e000000| Untracked |  0
|3830|0x00000232a0000000, 0x00000232a0000000, 0x00000232a2000000|  0%| F|  |TAMS 0x00000232a0000000| PB 0x00000232a0000000| Untracked |  0
|3831|0x00000232a2000000, 0x00000232a2000000, 0x00000232a4000000|  0%| F|  |TAMS 0x00000232a2000000| PB 0x00000232a2000000| Untracked |  0
|3832|0x00000232a4000000, 0x00000232a4000000, 0x00000232a6000000|  0%| F|  |TAMS 0x00000232a4000000| PB 0x00000232a4000000| Untracked |  0
|3833|0x00000232a6000000, 0x00000232a6000000, 0x00000232a8000000|  0%| F|  |TAMS 0x00000232a6000000| PB 0x00000232a6000000| Untracked |  0
|3834|0x00000232a8000000, 0x00000232a8000000, 0x00000232aa000000|  0%| F|  |TAMS 0x00000232a8000000| PB 0x00000232a8000000| Untracked |  0
|3835|0x00000232aa000000, 0x00000232aa000000, 0x00000232ac000000|  0%| F|  |TAMS 0x00000232aa000000| PB 0x00000232aa000000| Untracked |  0
|3836|0x00000232ac000000, 0x00000232ac000000, 0x00000232ae000000|  0%| F|  |TAMS 0x00000232ac000000| PB 0x00000232ac000000| Untracked |  0
|3837|0x00000232ae000000, 0x00000232ae000000, 0x00000232b0000000|  0%| F|  |TAMS 0x00000232ae000000| PB 0x00000232ae000000| Untracked |  0
|3838|0x00000232b0000000, 0x00000232b0000000, 0x00000232b2000000|  0%| F|  |TAMS 0x00000232b0000000| PB 0x00000232b0000000| Untracked |  0
|3839|0x00000232b2000000, 0x00000232b2000000, 0x00000232b4000000|  0%| F|  |TAMS 0x00000232b2000000| PB 0x00000232b2000000| Untracked |  0
|3840|0x00000232b4000000, 0x00000232b4000000, 0x00000232b6000000|  0%| F|  |TAMS 0x00000232b4000000| PB 0x00000232b4000000| Untracked |  0
|3841|0x00000232b6000000, 0x00000232b6000000, 0x00000232b8000000|  0%| F|  |TAMS 0x00000232b6000000| PB 0x00000232b6000000| Untracked |  0
|3842|0x00000232b8000000, 0x00000232b8000000, 0x00000232ba000000|  0%| F|  |TAMS 0x00000232b8000000| PB 0x00000232b8000000| Untracked |  0
|3843|0x00000232ba000000, 0x00000232ba000000, 0x00000232bc000000|  0%| F|  |TAMS 0x00000232ba000000| PB 0x00000232ba000000| Untracked |  0
|3844|0x00000232bc000000, 0x00000232bc000000, 0x00000232be000000|  0%| F|  |TAMS 0x00000232bc000000| PB 0x00000232bc000000| Untracked |  0
|3845|0x00000232be000000, 0x00000232be000000, 0x00000232c0000000|  0%| F|  |TAMS 0x00000232be000000| PB 0x00000232be000000| Untracked |  0
|3846|0x00000232c0000000, 0x00000232c0000000, 0x00000232c2000000|  0%| F|  |TAMS 0x00000232c0000000| PB 0x00000232c0000000| Untracked |  0
|3847|0x00000232c2000000, 0x00000232c2000000, 0x00000232c4000000|  0%| F|  |TAMS 0x00000232c2000000| PB 0x00000232c2000000| Untracked |  0
|3848|0x00000232c4000000, 0x00000232c4000000, 0x00000232c6000000|  0%| F|  |TAMS 0x00000232c4000000| PB 0x00000232c4000000| Untracked |  0
|3849|0x00000232c6000000, 0x00000232c6000000, 0x00000232c8000000|  0%| F|  |TAMS 0x00000232c6000000| PB 0x00000232c6000000| Untracked |  0
|3850|0x00000232c8000000, 0x00000232c8000000, 0x00000232ca000000|  0%| F|  |TAMS 0x00000232c8000000| PB 0x00000232c8000000| Untracked |  0
|3851|0x00000232ca000000, 0x00000232ca000000, 0x00000232cc000000|  0%| F|  |TAMS 0x00000232ca000000| PB 0x00000232ca000000| Untracked |  0
|3852|0x00000232cc000000, 0x00000232cc000000, 0x00000232ce000000|  0%| F|  |TAMS 0x00000232cc000000| PB 0x00000232cc000000| Untracked |  0
|3853|0x00000232ce000000, 0x00000232ce000000, 0x00000232d0000000|  0%| F|  |TAMS 0x00000232ce000000| PB 0x00000232ce000000| Untracked |  0
|3854|0x00000232d0000000, 0x00000232d0000000, 0x00000232d2000000|  0%| F|  |TAMS 0x00000232d0000000| PB 0x00000232d0000000| Untracked |  0
|3855|0x00000232d2000000, 0x00000232d2000000, 0x00000232d4000000|  0%| F|  |TAMS 0x00000232d2000000| PB 0x00000232d2000000| Untracked |  0
|3856|0x00000232d4000000, 0x00000232d4000000, 0x00000232d6000000|  0%| F|  |TAMS 0x00000232d4000000| PB 0x00000232d4000000| Untracked |  0
|3857|0x00000232d6000000, 0x00000232d6000000, 0x00000232d8000000|  0%| F|  |TAMS 0x00000232d6000000| PB 0x00000232d6000000| Untracked |  0
|3858|0x00000232d8000000, 0x00000232d8000000, 0x00000232da000000|  0%| F|  |TAMS 0x00000232d8000000| PB 0x00000232d8000000| Untracked |  0
|3859|0x00000232da000000, 0x00000232da000000, 0x00000232dc000000|  0%| F|  |TAMS 0x00000232da000000| PB 0x00000232da000000| Untracked |  0
|3860|0x00000232dc000000, 0x00000232dc000000, 0x00000232de000000|  0%| F|  |TAMS 0x00000232dc000000| PB 0x00000232dc000000| Untracked |  0
|3861|0x00000232de000000, 0x00000232de000000, 0x00000232e0000000|  0%| F|  |TAMS 0x00000232de000000| PB 0x00000232de000000| Untracked |  0
|3862|0x00000232e0000000, 0x00000232e0000000, 0x00000232e2000000|  0%| F|  |TAMS 0x00000232e0000000| PB 0x00000232e0000000| Untracked |  0
|3863|0x00000232e2000000, 0x00000232e2000000, 0x00000232e4000000|  0%| F|  |TAMS 0x00000232e2000000| PB 0x00000232e2000000| Untracked |  0
|3864|0x00000232e4000000, 0x00000232e4000000, 0x00000232e6000000|  0%| F|  |TAMS 0x00000232e4000000| PB 0x00000232e4000000| Untracked |  0
|3865|0x00000232e6000000, 0x00000232e6000000, 0x00000232e8000000|  0%| F|  |TAMS 0x00000232e6000000| PB 0x00000232e6000000| Untracked |  0
|3866|0x00000232e8000000, 0x00000232e8000000, 0x00000232ea000000|  0%| F|  |TAMS 0x00000232e8000000| PB 0x00000232e8000000| Untracked |  0
|3867|0x00000232ea000000, 0x00000232ea000000, 0x00000232ec000000|  0%| F|  |TAMS 0x00000232ea000000| PB 0x00000232ea000000| Untracked |  0
|3868|0x00000232ec000000, 0x00000232ec000000, 0x00000232ee000000|  0%| F|  |TAMS 0x00000232ec000000| PB 0x00000232ec000000| Untracked |  0
|3869|0x00000232ee000000, 0x00000232ee000000, 0x00000232f0000000|  0%| F|  |TAMS 0x00000232ee000000| PB 0x00000232ee000000| Untracked |  0
|3870|0x00000232f0000000, 0x00000232f0000000, 0x00000232f2000000|  0%| F|  |TAMS 0x00000232f0000000| PB 0x00000232f0000000| Untracked |  0
|3871|0x00000232f2000000, 0x00000232f2000000, 0x00000232f4000000|  0%| F|  |TAMS 0x00000232f2000000| PB 0x00000232f2000000| Untracked |  0
|3872|0x00000232f4000000, 0x00000232f4000000, 0x00000232f6000000|  0%| F|  |TAMS 0x00000232f4000000| PB 0x00000232f4000000| Untracked |  0
|3873|0x00000232f6000000, 0x00000232f6000000, 0x00000232f8000000|  0%| F|  |TAMS 0x00000232f6000000| PB 0x00000232f6000000| Untracked |  0
|3874|0x00000232f8000000, 0x00000232f8000000, 0x00000232fa000000|  0%| F|  |TAMS 0x00000232f8000000| PB 0x00000232f8000000| Untracked |  0
|3875|0x00000232fa000000, 0x00000232fa000000, 0x00000232fc000000|  0%| F|  |TAMS 0x00000232fa000000| PB 0x00000232fa000000| Untracked |  0
|3876|0x00000232fc000000, 0x00000232fc000000, 0x00000232fe000000|  0%| F|  |TAMS 0x00000232fc000000| PB 0x00000232fc000000| Untracked |  0
|3877|0x00000232fe000000, 0x00000232fe000000, 0x0000023300000000|  0%| F|  |TAMS 0x00000232fe000000| PB 0x00000232fe000000| Untracked |  0
|3878|0x0000023300000000, 0x0000023300000000, 0x0000023302000000|  0%| F|  |TAMS 0x0000023300000000| PB 0x0000023300000000| Untracked |  0
|3879|0x0000023302000000, 0x0000023302000000, 0x0000023304000000|  0%| F|  |TAMS 0x0000023302000000| PB 0x0000023302000000| Untracked |  0
|3880|0x0000023304000000, 0x0000023304000000, 0x0000023306000000|  0%| F|  |TAMS 0x0000023304000000| PB 0x0000023304000000| Untracked |  0
|3881|0x0000023306000000, 0x0000023306000000, 0x0000023308000000|  0%| F|  |TAMS 0x0000023306000000| PB 0x0000023306000000| Untracked |  0
|3882|0x0000023308000000, 0x0000023308000000, 0x000002330a000000|  0%| F|  |TAMS 0x0000023308000000| PB 0x0000023308000000| Untracked |  0
|3883|0x000002330a000000, 0x000002330a000000, 0x000002330c000000|  0%| F|  |TAMS 0x000002330a000000| PB 0x000002330a000000| Untracked |  0
|3884|0x000002330c000000, 0x000002330c000000, 0x000002330e000000|  0%| F|  |TAMS 0x000002330c000000| PB 0x000002330c000000| Untracked |  0
|3885|0x000002330e000000, 0x000002330e000000, 0x0000023310000000|  0%| F|  |TAMS 0x000002330e000000| PB 0x000002330e000000| Untracked |  0
|3886|0x0000023310000000, 0x0000023310000000, 0x0000023312000000|  0%| F|  |TAMS 0x0000023310000000| PB 0x0000023310000000| Untracked |  0
|3887|0x0000023312000000, 0x0000023312000000, 0x0000023314000000|  0%| F|  |TAMS 0x0000023312000000| PB 0x0000023312000000| Untracked |  0
|3888|0x0000023314000000, 0x0000023314000000, 0x0000023316000000|  0%| F|  |TAMS 0x0000023314000000| PB 0x0000023314000000| Untracked |  0
|3889|0x0000023316000000, 0x0000023316000000, 0x0000023318000000|  0%| F|  |TAMS 0x0000023316000000| PB 0x0000023316000000| Untracked |  0
|3890|0x0000023318000000, 0x0000023318000000, 0x000002331a000000|  0%| F|  |TAMS 0x0000023318000000| PB 0x0000023318000000| Untracked |  0
|3891|0x000002331a000000, 0x000002331a000000, 0x000002331c000000|  0%| F|  |TAMS 0x000002331a000000| PB 0x000002331a000000| Untracked |  0
|3892|0x000002331c000000, 0x000002331c000000, 0x000002331e000000|  0%| F|  |TAMS 0x000002331c000000| PB 0x000002331c000000| Untracked |  0
|3893|0x000002331e000000, 0x000002331e000000, 0x0000023320000000|  0%| F|  |TAMS 0x000002331e000000| PB 0x000002331e000000| Untracked |  0
|3894|0x0000023320000000, 0x0000023320000000, 0x0000023322000000|  0%| F|  |TAMS 0x0000023320000000| PB 0x0000023320000000| Untracked |  0
|3895|0x0000023322000000, 0x0000023322000000, 0x0000023324000000|  0%| F|  |TAMS 0x0000023322000000| PB 0x0000023322000000| Untracked |  0
|3896|0x0000023324000000, 0x0000023324000000, 0x0000023326000000|  0%| F|  |TAMS 0x0000023324000000| PB 0x0000023324000000| Untracked |  0
|3897|0x0000023326000000, 0x0000023326000000, 0x0000023328000000|  0%| F|  |TAMS 0x0000023326000000| PB 0x0000023326000000| Untracked |  0
|3898|0x0000023328000000, 0x0000023328000000, 0x000002332a000000|  0%| F|  |TAMS 0x0000023328000000| PB 0x0000023328000000| Untracked |  0
|3899|0x000002332a000000, 0x000002332a000000, 0x000002332c000000|  0%| F|  |TAMS 0x000002332a000000| PB 0x000002332a000000| Untracked |  0
|3900|0x000002332c000000, 0x000002332c000000, 0x000002332e000000|  0%| F|  |TAMS 0x000002332c000000| PB 0x000002332c000000| Untracked |  0
|3901|0x000002332e000000, 0x000002332e000000, 0x0000023330000000|  0%| F|  |TAMS 0x000002332e000000| PB 0x000002332e000000| Untracked |  0
|3902|0x0000023330000000, 0x0000023330000000, 0x0000023332000000|  0%| F|  |TAMS 0x0000023330000000| PB 0x0000023330000000| Untracked |  0
|3903|0x0000023332000000, 0x0000023332000000, 0x0000023334000000|  0%| F|  |TAMS 0x0000023332000000| PB 0x0000023332000000| Untracked |  0
|3904|0x0000023334000000, 0x0000023334000000, 0x0000023336000000|  0%| F|  |TAMS 0x0000023334000000| PB 0x0000023334000000| Untracked |  0
|3905|0x0000023336000000, 0x0000023336000000, 0x0000023338000000|  0%| F|  |TAMS 0x0000023336000000| PB 0x0000023336000000| Untracked |  0
|3906|0x0000023338000000, 0x0000023338000000, 0x000002333a000000|  0%| F|  |TAMS 0x0000023338000000| PB 0x0000023338000000| Untracked |  0
|3907|0x000002333a000000, 0x000002333a000000, 0x000002333c000000|  0%| F|  |TAMS 0x000002333a000000| PB 0x000002333a000000| Untracked |  0
|3908|0x000002333c000000, 0x000002333c000000, 0x000002333e000000|  0%| F|  |TAMS 0x000002333c000000| PB 0x000002333c000000| Untracked |  0
|3909|0x000002333e000000, 0x000002333e000000, 0x0000023340000000|  0%| F|  |TAMS 0x000002333e000000| PB 0x000002333e000000| Untracked |  0
|3910|0x0000023340000000, 0x0000023340000000, 0x0000023342000000|  0%| F|  |TAMS 0x0000023340000000| PB 0x0000023340000000| Untracked |  0
|3911|0x0000023342000000, 0x0000023342000000, 0x0000023344000000|  0%| F|  |TAMS 0x0000023342000000| PB 0x0000023342000000| Untracked |  0
|3912|0x0000023344000000, 0x0000023344000000, 0x0000023346000000|  0%| F|  |TAMS 0x0000023344000000| PB 0x0000023344000000| Untracked |  0
|3913|0x0000023346000000, 0x0000023346000000, 0x0000023348000000|  0%| F|  |TAMS 0x0000023346000000| PB 0x0000023346000000| Untracked |  0
|3914|0x0000023348000000, 0x0000023348000000, 0x000002334a000000|  0%| F|  |TAMS 0x0000023348000000| PB 0x0000023348000000| Untracked |  0
|3915|0x000002334a000000, 0x000002334a000000, 0x000002334c000000|  0%| F|  |TAMS 0x000002334a000000| PB 0x000002334a000000| Untracked |  0
|3916|0x000002334c000000, 0x000002334c000000, 0x000002334e000000|  0%| F|  |TAMS 0x000002334c000000| PB 0x000002334c000000| Untracked |  0
|3917|0x000002334e000000, 0x000002334e000000, 0x0000023350000000|  0%| F|  |TAMS 0x000002334e000000| PB 0x000002334e000000| Untracked |  0
|3918|0x0000023350000000, 0x0000023350000000, 0x0000023352000000|  0%| F|  |TAMS 0x0000023350000000| PB 0x0000023350000000| Untracked |  0
|3919|0x0000023352000000, 0x0000023352000000, 0x0000023354000000|  0%| F|  |TAMS 0x0000023352000000| PB 0x0000023352000000| Untracked |  0
|3920|0x0000023354000000, 0x0000023354000000, 0x0000023356000000|  0%| F|  |TAMS 0x0000023354000000| PB 0x0000023354000000| Untracked |  0
|3921|0x0000023356000000, 0x0000023356000000, 0x0000023358000000|  0%| F|  |TAMS 0x0000023356000000| PB 0x0000023356000000| Untracked |  0
|3922|0x0000023358000000, 0x0000023358000000, 0x000002335a000000|  0%| F|  |TAMS 0x0000023358000000| PB 0x0000023358000000| Untracked |  0
|3923|0x000002335a000000, 0x000002335a000000, 0x000002335c000000|  0%| F|  |TAMS 0x000002335a000000| PB 0x000002335a000000| Untracked |  0
|3924|0x000002335c000000, 0x000002335c000000, 0x000002335e000000|  0%| F|  |TAMS 0x000002335c000000| PB 0x000002335c000000| Untracked |  0
|3925|0x000002335e000000, 0x000002335e000000, 0x0000023360000000|  0%| F|  |TAMS 0x000002335e000000| PB 0x000002335e000000| Untracked |  0
|3926|0x0000023360000000, 0x0000023360000000, 0x0000023362000000|  0%| F|  |TAMS 0x0000023360000000| PB 0x0000023360000000| Untracked |  0
|3927|0x0000023362000000, 0x0000023362000000, 0x0000023364000000|  0%| F|  |TAMS 0x0000023362000000| PB 0x0000023362000000| Untracked |  0
|3928|0x0000023364000000, 0x0000023364000000, 0x0000023366000000|  0%| F|  |TAMS 0x0000023364000000| PB 0x0000023364000000| Untracked |  0
|3929|0x0000023366000000, 0x0000023366000000, 0x0000023368000000|  0%| F|  |TAMS 0x0000023366000000| PB 0x0000023366000000| Untracked |  0
|3930|0x0000023368000000, 0x0000023368000000, 0x000002336a000000|  0%| F|  |TAMS 0x0000023368000000| PB 0x0000023368000000| Untracked |  0
|3931|0x000002336a000000, 0x000002336a000000, 0x000002336c000000|  0%| F|  |TAMS 0x000002336a000000| PB 0x000002336a000000| Untracked |  0
|3932|0x000002336c000000, 0x000002336c000000, 0x000002336e000000|  0%| F|  |TAMS 0x000002336c000000| PB 0x000002336c000000| Untracked |  0
|3933|0x000002336e000000, 0x000002336e000000, 0x0000023370000000|  0%| F|  |TAMS 0x000002336e000000| PB 0x000002336e000000| Untracked |  0
|3934|0x0000023370000000, 0x0000023370000000, 0x0000023372000000|  0%| F|  |TAMS 0x0000023370000000| PB 0x0000023370000000| Untracked |  0
|3935|0x0000023372000000, 0x0000023372000000, 0x0000023374000000|  0%| F|  |TAMS 0x0000023372000000| PB 0x0000023372000000| Untracked |  0
|3936|0x0000023374000000, 0x0000023374000000, 0x0000023376000000|  0%| F|  |TAMS 0x0000023374000000| PB 0x0000023374000000| Untracked |  0
|3937|0x0000023376000000, 0x0000023376000000, 0x0000023378000000|  0%| F|  |TAMS 0x0000023376000000| PB 0x0000023376000000| Untracked |  0
|3938|0x0000023378000000, 0x0000023378000000, 0x000002337a000000|  0%| F|  |TAMS 0x0000023378000000| PB 0x0000023378000000| Untracked |  0
|3939|0x000002337a000000, 0x000002337a000000, 0x000002337c000000|  0%| F|  |TAMS 0x000002337a000000| PB 0x000002337a000000| Untracked |  0
|3940|0x000002337c000000, 0x000002337c000000, 0x000002337e000000|  0%| F|  |TAMS 0x000002337c000000| PB 0x000002337c000000| Untracked |  0
|3941|0x000002337e000000, 0x000002337e000000, 0x0000023380000000|  0%| F|  |TAMS 0x000002337e000000| PB 0x000002337e000000| Untracked |  0
|3942|0x0000023380000000, 0x0000023380000000, 0x0000023382000000|  0%| F|  |TAMS 0x0000023380000000| PB 0x0000023380000000| Untracked |  0
|3943|0x0000023382000000, 0x0000023382000000, 0x0000023384000000|  0%| F|  |TAMS 0x0000023382000000| PB 0x0000023382000000| Untracked |  0
|3944|0x0000023384000000, 0x0000023384000000, 0x0000023386000000|  0%| F|  |TAMS 0x0000023384000000| PB 0x0000023384000000| Untracked |  0
|3945|0x0000023386000000, 0x0000023386000000, 0x0000023388000000|  0%| F|  |TAMS 0x0000023386000000| PB 0x0000023386000000| Untracked |  0
|3946|0x0000023388000000, 0x0000023388000000, 0x000002338a000000|  0%| F|  |TAMS 0x0000023388000000| PB 0x0000023388000000| Untracked |  0
|3947|0x000002338a000000, 0x000002338a000000, 0x000002338c000000|  0%| F|  |TAMS 0x000002338a000000| PB 0x000002338a000000| Untracked |  0
|3948|0x000002338c000000, 0x000002338c000000, 0x000002338e000000|  0%| F|  |TAMS 0x000002338c000000| PB 0x000002338c000000| Untracked |  0
|3949|0x000002338e000000, 0x000002338e000000, 0x0000023390000000|  0%| F|  |TAMS 0x000002338e000000| PB 0x000002338e000000| Untracked |  0
|3950|0x0000023390000000, 0x0000023390000000, 0x0000023392000000|  0%| F|  |TAMS 0x0000023390000000| PB 0x0000023390000000| Untracked |  0
|3951|0x0000023392000000, 0x0000023392000000, 0x0000023394000000|  0%| F|  |TAMS 0x0000023392000000| PB 0x0000023392000000| Untracked |  0
|3952|0x0000023394000000, 0x0000023394000000, 0x0000023396000000|  0%| F|  |TAMS 0x0000023394000000| PB 0x0000023394000000| Untracked |  0
|3953|0x0000023396000000, 0x0000023396000000, 0x0000023398000000|  0%| F|  |TAMS 0x0000023396000000| PB 0x0000023396000000| Untracked |  0
|3954|0x0000023398000000, 0x0000023398000000, 0x000002339a000000|  0%| F|  |TAMS 0x0000023398000000| PB 0x0000023398000000| Untracked |  0
|3955|0x000002339a000000, 0x000002339a000000, 0x000002339c000000|  0%| F|  |TAMS 0x000002339a000000| PB 0x000002339a000000| Untracked |  0
|3956|0x000002339c000000, 0x000002339c000000, 0x000002339e000000|  0%| F|  |TAMS 0x000002339c000000| PB 0x000002339c000000| Untracked |  0
|3957|0x000002339e000000, 0x000002339e000000, 0x00000233a0000000|  0%| F|  |TAMS 0x000002339e000000| PB 0x000002339e000000| Untracked |  0
|3958|0x00000233a0000000, 0x00000233a0000000, 0x00000233a2000000|  0%| F|  |TAMS 0x00000233a0000000| PB 0x00000233a0000000| Untracked |  0
|3959|0x00000233a2000000, 0x00000233a2000000, 0x00000233a4000000|  0%| F|  |TAMS 0x00000233a2000000| PB 0x00000233a2000000| Untracked |  0
|3960|0x00000233a4000000, 0x00000233a4000000, 0x00000233a6000000|  0%| F|  |TAMS 0x00000233a4000000| PB 0x00000233a4000000| Untracked |  0
|3961|0x00000233a6000000, 0x00000233a6000000, 0x00000233a8000000|  0%| F|  |TAMS 0x00000233a6000000| PB 0x00000233a6000000| Untracked |  0
|3962|0x00000233a8000000, 0x00000233a8000000, 0x00000233aa000000|  0%| F|  |TAMS 0x00000233a8000000| PB 0x00000233a8000000| Untracked |  0
|3963|0x00000233aa000000, 0x00000233aa000000, 0x00000233ac000000|  0%| F|  |TAMS 0x00000233aa000000| PB 0x00000233aa000000| Untracked |  0
|3964|0x00000233ac000000, 0x00000233ac000000, 0x00000233ae000000|  0%| F|  |TAMS 0x00000233ac000000| PB 0x00000233ac000000| Untracked |  0
|3965|0x00000233ae000000, 0x00000233ae000000, 0x00000233b0000000|  0%| F|  |TAMS 0x00000233ae000000| PB 0x00000233ae000000| Untracked |  0
|3966|0x00000233b0000000, 0x00000233b0000000, 0x00000233b2000000|  0%| F|  |TAMS 0x00000233b0000000| PB 0x00000233b0000000| Untracked |  0
|3967|0x00000233b2000000, 0x00000233b2000000, 0x00000233b4000000|  0%| F|  |TAMS 0x00000233b2000000| PB 0x00000233b2000000| Untracked |  0
|3968|0x00000233b4000000, 0x00000233b4000000, 0x00000233b6000000|  0%| F|  |TAMS 0x00000233b4000000| PB 0x00000233b4000000| Untracked |  0
|3969|0x00000233b6000000, 0x00000233b6000000, 0x00000233b8000000|  0%| F|  |TAMS 0x00000233b6000000| PB 0x00000233b6000000| Untracked |  0
|3970|0x00000233b8000000, 0x00000233b8000000, 0x00000233ba000000|  0%| F|  |TAMS 0x00000233b8000000| PB 0x00000233b8000000| Untracked |  0
|3971|0x00000233ba000000, 0x00000233ba000000, 0x00000233bc000000|  0%| F|  |TAMS 0x00000233ba000000| PB 0x00000233ba000000| Untracked |  0
|3972|0x00000233bc000000, 0x00000233bc000000, 0x00000233be000000|  0%| F|  |TAMS 0x00000233bc000000| PB 0x00000233bc000000| Untracked |  0
|3973|0x00000233be000000, 0x00000233be000000, 0x00000233c0000000|  0%| F|  |TAMS 0x00000233be000000| PB 0x00000233be000000| Untracked |  0
|3974|0x00000233c0000000, 0x00000233c0000000, 0x00000233c2000000|  0%| F|  |TAMS 0x00000233c0000000| PB 0x00000233c0000000| Untracked |  0
|3975|0x00000233c2000000, 0x00000233c2000000, 0x00000233c4000000|  0%| F|  |TAMS 0x00000233c2000000| PB 0x00000233c2000000| Untracked |  0
|3976|0x00000233c4000000, 0x00000233c4000000, 0x00000233c6000000|  0%| F|  |TAMS 0x00000233c4000000| PB 0x00000233c4000000| Untracked |  0
|3977|0x00000233c6000000, 0x00000233c6000000, 0x00000233c8000000|  0%| F|  |TAMS 0x00000233c6000000| PB 0x00000233c6000000| Untracked |  0
|3978|0x00000233c8000000, 0x00000233c8000000, 0x00000233ca000000|  0%| F|  |TAMS 0x00000233c8000000| PB 0x00000233c8000000| Untracked |  0
|3979|0x00000233ca000000, 0x00000233ca000000, 0x00000233cc000000|  0%| F|  |TAMS 0x00000233ca000000| PB 0x00000233ca000000| Untracked |  0
|3980|0x00000233cc000000, 0x00000233cc000000, 0x00000233ce000000|  0%| F|  |TAMS 0x00000233cc000000| PB 0x00000233cc000000| Untracked |  0
|3981|0x00000233ce000000, 0x00000233ce000000, 0x00000233d0000000|  0%| F|  |TAMS 0x00000233ce000000| PB 0x00000233ce000000| Untracked |  0
|3982|0x00000233d0000000, 0x00000233d0000000, 0x00000233d2000000|  0%| F|  |TAMS 0x00000233d0000000| PB 0x00000233d0000000| Untracked |  0
|3983|0x00000233d2000000, 0x00000233d2000000, 0x00000233d4000000|  0%| F|  |TAMS 0x00000233d2000000| PB 0x00000233d2000000| Untracked |  0
|3984|0x00000233d4000000, 0x00000233d4000000, 0x00000233d6000000|  0%| F|  |TAMS 0x00000233d4000000| PB 0x00000233d4000000| Untracked |  0
|3985|0x00000233d6000000, 0x00000233d6000000, 0x00000233d8000000|  0%| F|  |TAMS 0x00000233d6000000| PB 0x00000233d6000000| Untracked |  0
|3986|0x00000233d8000000, 0x00000233d8000000, 0x00000233da000000|  0%| F|  |TAMS 0x00000233d8000000| PB 0x00000233d8000000| Untracked |  0
|3987|0x00000233da000000, 0x00000233da000000, 0x00000233dc000000|  0%| F|  |TAMS 0x00000233da000000| PB 0x00000233da000000| Untracked |  0
|3988|0x00000233dc000000, 0x00000233dc000000, 0x00000233de000000|  0%| F|  |TAMS 0x00000233dc000000| PB 0x00000233dc000000| Untracked |  0
|3989|0x00000233de000000, 0x00000233de000000, 0x00000233e0000000|  0%| F|  |TAMS 0x00000233de000000| PB 0x00000233de000000| Untracked |  0
|3990|0x00000233e0000000, 0x00000233e0000000, 0x00000233e2000000|  0%| F|  |TAMS 0x00000233e0000000| PB 0x00000233e0000000| Untracked |  0
|3991|0x00000233e2000000, 0x00000233e2000000, 0x00000233e4000000|  0%| F|  |TAMS 0x00000233e2000000| PB 0x00000233e2000000| Untracked |  0
|3992|0x00000233e4000000, 0x00000233e4000000, 0x00000233e6000000|  0%| F|  |TAMS 0x00000233e4000000| PB 0x00000233e4000000| Untracked |  0
|3993|0x00000233e6000000, 0x00000233e6000000, 0x00000233e8000000|  0%| F|  |TAMS 0x00000233e6000000| PB 0x00000233e6000000| Untracked |  0
|3994|0x00000233e8000000, 0x00000233e8000000, 0x00000233ea000000|  0%| F|  |TAMS 0x00000233e8000000| PB 0x00000233e8000000| Untracked |  0
|3995|0x00000233ea000000, 0x00000233ea000000, 0x00000233ec000000|  0%| F|  |TAMS 0x00000233ea000000| PB 0x00000233ea000000| Untracked |  0
|3996|0x00000233ec000000, 0x00000233ec000000, 0x00000233ee000000|  0%| F|  |TAMS 0x00000233ec000000| PB 0x00000233ec000000| Untracked |  0
|3997|0x00000233ee000000, 0x00000233ee000000, 0x00000233f0000000|  0%| F|  |TAMS 0x00000233ee000000| PB 0x00000233ee000000| Untracked |  0
|3998|0x00000233f0000000, 0x00000233f0000000, 0x00000233f2000000|  0%| F|  |TAMS 0x00000233f0000000| PB 0x00000233f0000000| Untracked |  0
|3999|0x00000233f2000000, 0x00000233f2000000, 0x00000233f4000000|  0%| F|  |TAMS 0x00000233f2000000| PB 0x00000233f2000000| Untracked |  0
|4000|0x00000233f4000000, 0x00000233f4000000, 0x00000233f6000000|  0%| F|  |TAMS 0x00000233f4000000| PB 0x00000233f4000000| Untracked |  0
|4001|0x00000233f6000000, 0x00000233f6000000, 0x00000233f8000000|  0%| F|  |TAMS 0x00000233f6000000| PB 0x00000233f6000000| Untracked |  0
|4002|0x00000233f8000000, 0x00000233f8000000, 0x00000233fa000000|  0%| F|  |TAMS 0x00000233f8000000| PB 0x00000233f8000000| Untracked |  0
|4003|0x00000233fa000000, 0x00000233fa000000, 0x00000233fc000000|  0%| F|  |TAMS 0x00000233fa000000| PB 0x00000233fa000000| Untracked |  0
|4004|0x00000233fc000000, 0x00000233fc000000, 0x00000233fe000000|  0%| F|  |TAMS 0x00000233fc000000| PB 0x00000233fc000000| Untracked |  0
|4005|0x00000233fe000000, 0x00000233fe000000, 0x0000023400000000|  0%| F|  |TAMS 0x00000233fe000000| PB 0x00000233fe000000| Untracked |  0
|4006|0x0000023400000000, 0x0000023400000000, 0x0000023402000000|  0%| F|  |TAMS 0x0000023400000000| PB 0x0000023400000000| Untracked |  0
|4007|0x0000023402000000, 0x0000023402000000, 0x0000023404000000|  0%| F|  |TAMS 0x0000023402000000| PB 0x0000023402000000| Untracked |  0
|4008|0x0000023404000000, 0x0000023404000000, 0x0000023406000000|  0%| F|  |TAMS 0x0000023404000000| PB 0x0000023404000000| Untracked |  0
|4009|0x0000023406000000, 0x0000023406000000, 0x0000023408000000|  0%| F|  |TAMS 0x0000023406000000| PB 0x0000023406000000| Untracked |  0
|4010|0x0000023408000000, 0x0000023408000000, 0x000002340a000000|  0%| F|  |TAMS 0x0000023408000000| PB 0x0000023408000000| Untracked |  0
|4011|0x000002340a000000, 0x000002340a000000, 0x000002340c000000|  0%| F|  |TAMS 0x000002340a000000| PB 0x000002340a000000| Untracked |  0
|4012|0x000002340c000000, 0x000002340c000000, 0x000002340e000000|  0%| F|  |TAMS 0x000002340c000000| PB 0x000002340c000000| Untracked |  0
|4013|0x000002340e000000, 0x000002340e000000, 0x0000023410000000|  0%| F|  |TAMS 0x000002340e000000| PB 0x000002340e000000| Untracked |  0
|4014|0x0000023410000000, 0x0000023410000000, 0x0000023412000000|  0%| F|  |TAMS 0x0000023410000000| PB 0x0000023410000000| Untracked |  0
|4015|0x0000023412000000, 0x0000023412000000, 0x0000023414000000|  0%| F|  |TAMS 0x0000023412000000| PB 0x0000023412000000| Untracked |  0
|4016|0x0000023414000000, 0x0000023414000000, 0x0000023416000000|  0%| F|  |TAMS 0x0000023414000000| PB 0x0000023414000000| Untracked |  0
|4017|0x0000023416000000, 0x0000023416000000, 0x0000023418000000|  0%| F|  |TAMS 0x0000023416000000| PB 0x0000023416000000| Untracked |  0
|4018|0x0000023418000000, 0x0000023418000000, 0x000002341a000000|  0%| F|  |TAMS 0x0000023418000000| PB 0x0000023418000000| Untracked |  0
|4019|0x000002341a000000, 0x000002341a000000, 0x000002341c000000|  0%| F|  |TAMS 0x000002341a000000| PB 0x000002341a000000| Untracked |  0
|4020|0x000002341c000000, 0x000002341c000000, 0x000002341e000000|  0%| F|  |TAMS 0x000002341c000000| PB 0x000002341c000000| Untracked |  0
|4021|0x000002341e000000, 0x000002341e000000, 0x0000023420000000|  0%| F|  |TAMS 0x000002341e000000| PB 0x000002341e000000| Untracked |  0
|4022|0x0000023420000000, 0x0000023420000000, 0x0000023422000000|  0%| F|  |TAMS 0x0000023420000000| PB 0x0000023420000000| Untracked |  0
|4023|0x0000023422000000, 0x0000023422000000, 0x0000023424000000|  0%| F|  |TAMS 0x0000023422000000| PB 0x0000023422000000| Untracked |  0
|4024|0x0000023424000000, 0x0000023424000000, 0x0000023426000000|  0%| F|  |TAMS 0x0000023424000000| PB 0x0000023424000000| Untracked |  0
|4025|0x0000023426000000, 0x0000023426000000, 0x0000023428000000|  0%| F|  |TAMS 0x0000023426000000| PB 0x0000023426000000| Untracked |  0
|4026|0x0000023428000000, 0x0000023428000000, 0x000002342a000000|  0%| F|  |TAMS 0x0000023428000000| PB 0x0000023428000000| Untracked |  0
|4027|0x000002342a000000, 0x000002342a000000, 0x000002342c000000|  0%| F|  |TAMS 0x000002342a000000| PB 0x000002342a000000| Untracked |  0
|4028|0x000002342c000000, 0x000002342c000000, 0x000002342e000000|  0%| F|  |TAMS 0x000002342c000000| PB 0x000002342c000000| Untracked |  0
|4029|0x000002342e000000, 0x000002342e000000, 0x0000023430000000|  0%| F|  |TAMS 0x000002342e000000| PB 0x000002342e000000| Untracked |  0
|4030|0x0000023430000000, 0x0000023430000000, 0x0000023432000000|  0%| F|  |TAMS 0x0000023430000000| PB 0x0000023430000000| Untracked |  0
|4031|0x0000023432000000, 0x0000023432000000, 0x0000023434000000|  0%| F|  |TAMS 0x0000023432000000| PB 0x0000023432000000| Untracked |  0
|4032|0x0000023434000000, 0x0000023434000000, 0x0000023436000000|  0%| F|  |TAMS 0x0000023434000000| PB 0x0000023434000000| Untracked |  0
|4033|0x0000023436000000, 0x0000023436000000, 0x0000023438000000|  0%| F|  |TAMS 0x0000023436000000| PB 0x0000023436000000| Untracked |  0
|4034|0x0000023438000000, 0x0000023438000000, 0x000002343a000000|  0%| F|  |TAMS 0x0000023438000000| PB 0x0000023438000000| Untracked |  0
|4035|0x000002343a000000, 0x000002343a000000, 0x000002343c000000|  0%| F|  |TAMS 0x000002343a000000| PB 0x000002343a000000| Untracked |  0
|4036|0x000002343c000000, 0x000002343c000000, 0x000002343e000000|  0%| F|  |TAMS 0x000002343c000000| PB 0x000002343c000000| Untracked |  0
|4037|0x000002343e000000, 0x000002343e000000, 0x0000023440000000|  0%| F|  |TAMS 0x000002343e000000| PB 0x000002343e000000| Untracked |  0
|4038|0x0000023440000000, 0x0000023440000000, 0x0000023442000000|  0%| F|  |TAMS 0x0000023440000000| PB 0x0000023440000000| Untracked |  0
|4039|0x0000023442000000, 0x0000023442000000, 0x0000023444000000|  0%| F|  |TAMS 0x0000023442000000| PB 0x0000023442000000| Untracked |  0
|4040|0x0000023444000000, 0x0000023444000000, 0x0000023446000000|  0%| F|  |TAMS 0x0000023444000000| PB 0x0000023444000000| Untracked |  0
|4041|0x0000023446000000, 0x0000023446000000, 0x0000023448000000|  0%| F|  |TAMS 0x0000023446000000| PB 0x0000023446000000| Untracked |  0
|4042|0x0000023448000000, 0x0000023448000000, 0x000002344a000000|  0%| F|  |TAMS 0x0000023448000000| PB 0x0000023448000000| Untracked |  0
|4043|0x000002344a000000, 0x000002344a000000, 0x000002344c000000|  0%| F|  |TAMS 0x000002344a000000| PB 0x000002344a000000| Untracked |  0
|4044|0x000002344c000000, 0x000002344c000000, 0x000002344e000000|  0%| F|  |TAMS 0x000002344c000000| PB 0x000002344c000000| Untracked |  0
|4045|0x000002344e000000, 0x000002344e000000, 0x0000023450000000|  0%| F|  |TAMS 0x000002344e000000| PB 0x000002344e000000| Untracked |  0
|4046|0x0000023450000000, 0x0000023450000000, 0x0000023452000000|  0%| F|  |TAMS 0x0000023450000000| PB 0x0000023450000000| Untracked |  0
|4047|0x0000023452000000, 0x0000023452000000, 0x0000023454000000|  0%| F|  |TAMS 0x0000023452000000| PB 0x0000023452000000| Untracked |  0
|4048|0x0000023454000000, 0x0000023454000000, 0x0000023456000000|  0%| F|  |TAMS 0x0000023454000000| PB 0x0000023454000000| Untracked |  0
|4049|0x0000023456000000, 0x0000023456000000, 0x0000023458000000|  0%| F|  |TAMS 0x0000023456000000| PB 0x0000023456000000| Untracked |  0
|4050|0x0000023458000000, 0x0000023458000000, 0x000002345a000000|  0%| F|  |TAMS 0x0000023458000000| PB 0x0000023458000000| Untracked |  0
|4051|0x000002345a000000, 0x000002345a000000, 0x000002345c000000|  0%| F|  |TAMS 0x000002345a000000| PB 0x000002345a000000| Untracked |  0
|4052|0x000002345c000000, 0x000002345c000000, 0x000002345e000000|  0%| F|  |TAMS 0x000002345c000000| PB 0x000002345c000000| Untracked |  0
|4053|0x000002345e000000, 0x000002345e000000, 0x0000023460000000|  0%| F|  |TAMS 0x000002345e000000| PB 0x000002345e000000| Untracked |  0
|4054|0x0000023460000000, 0x0000023460000000, 0x0000023462000000|  0%| F|  |TAMS 0x0000023460000000| PB 0x0000023460000000| Untracked |  0
|4055|0x0000023462000000, 0x0000023462000000, 0x0000023464000000|  0%| F|  |TAMS 0x0000023462000000| PB 0x0000023462000000| Untracked |  0
|4056|0x0000023464000000, 0x0000023464000000, 0x0000023466000000|  0%| F|  |TAMS 0x0000023464000000| PB 0x0000023464000000| Untracked |  0
|4057|0x0000023466000000, 0x0000023466000000, 0x0000023468000000|  0%| F|  |TAMS 0x0000023466000000| PB 0x0000023466000000| Untracked |  0
|4058|0x0000023468000000, 0x0000023468000000, 0x000002346a000000|  0%| F|  |TAMS 0x0000023468000000| PB 0x0000023468000000| Untracked |  0
|4059|0x000002346a000000, 0x000002346a000000, 0x000002346c000000|  0%| F|  |TAMS 0x000002346a000000| PB 0x000002346a000000| Untracked |  0
|4060|0x000002346c000000, 0x000002346c000000, 0x000002346e000000|  0%| F|  |TAMS 0x000002346c000000| PB 0x000002346c000000| Untracked |  0
|4061|0x000002346e000000, 0x000002346e000000, 0x0000023470000000|  0%| F|  |TAMS 0x000002346e000000| PB 0x000002346e000000| Untracked |  0
|4062|0x0000023470000000, 0x0000023470000000, 0x0000023472000000|  0%| F|  |TAMS 0x0000023470000000| PB 0x0000023470000000| Untracked |  0
|4063|0x0000023472000000, 0x0000023472000000, 0x0000023474000000|  0%| F|  |TAMS 0x0000023472000000| PB 0x0000023472000000| Untracked |  0
|4064|0x0000023474000000, 0x0000023474000000, 0x0000023476000000|  0%| F|  |TAMS 0x0000023474000000| PB 0x0000023474000000| Untracked |  0
|4065|0x0000023476000000, 0x0000023476000000, 0x0000023478000000|  0%| F|  |TAMS 0x0000023476000000| PB 0x0000023476000000| Untracked |  0
|4066|0x0000023478000000, 0x0000023478000000, 0x000002347a000000|  0%| F|  |TAMS 0x0000023478000000| PB 0x0000023478000000| Untracked |  0
|4067|0x000002347a000000, 0x000002347a000000, 0x000002347c000000|  0%| F|  |TAMS 0x000002347a000000| PB 0x000002347a000000| Untracked |  0
|4068|0x000002347c000000, 0x000002347c000000, 0x000002347e000000|  0%| F|  |TAMS 0x000002347c000000| PB 0x000002347c000000| Untracked |  0
|4069|0x000002347e000000, 0x000002347e000000, 0x0000023480000000|  0%| F|  |TAMS 0x000002347e000000| PB 0x000002347e000000| Untracked |  0
|4070|0x0000023480000000, 0x0000023480000000, 0x0000023482000000|  0%| F|  |TAMS 0x0000023480000000| PB 0x0000023480000000| Untracked |  0
|4071|0x0000023482000000, 0x0000023482000000, 0x0000023484000000|  0%| F|  |TAMS 0x0000023482000000| PB 0x0000023482000000| Untracked |  0
|4072|0x0000023484000000, 0x0000023484000000, 0x0000023486000000|  0%| F|  |TAMS 0x0000023484000000| PB 0x0000023484000000| Untracked |  0
|4073|0x0000023486000000, 0x0000023486000000, 0x0000023488000000|  0%| F|  |TAMS 0x0000023486000000| PB 0x0000023486000000| Untracked |  0
|4074|0x0000023488000000, 0x0000023488000000, 0x000002348a000000|  0%| F|  |TAMS 0x0000023488000000| PB 0x0000023488000000| Untracked |  0
|4075|0x000002348a000000, 0x000002348a000000, 0x000002348c000000|  0%| F|  |TAMS 0x000002348a000000| PB 0x000002348a000000| Untracked |  0
|4076|0x000002348c000000, 0x000002348c000000, 0x000002348e000000|  0%| F|  |TAMS 0x000002348c000000| PB 0x000002348c000000| Untracked |  0
|4077|0x000002348e000000, 0x000002348e000000, 0x0000023490000000|  0%| F|  |TAMS 0x000002348e000000| PB 0x000002348e000000| Untracked |  0
|4078|0x0000023490000000, 0x0000023490000000, 0x0000023492000000|  0%| F|  |TAMS 0x0000023490000000| PB 0x0000023490000000| Untracked |  0
|4079|0x0000023492000000, 0x0000023492000000, 0x0000023494000000|  0%| F|  |TAMS 0x0000023492000000| PB 0x0000023492000000| Untracked |  0
|4080|0x0000023494000000, 0x0000023494000000, 0x0000023496000000|  0%| F|  |TAMS 0x0000023494000000| PB 0x0000023494000000| Untracked |  0
|4081|0x0000023496000000, 0x0000023496000000, 0x0000023498000000|  0%| F|  |TAMS 0x0000023496000000| PB 0x0000023496000000| Untracked |  0
|4082|0x0000023498000000, 0x0000023498000000, 0x000002349a000000|  0%| F|  |TAMS 0x0000023498000000| PB 0x0000023498000000| Untracked |  0
|4083|0x000002349a000000, 0x000002349a000000, 0x000002349c000000|  0%| F|  |TAMS 0x000002349a000000| PB 0x000002349a000000| Untracked |  0
|4084|0x000002349c000000, 0x000002349c000000, 0x000002349e000000|  0%| F|  |TAMS 0x000002349c000000| PB 0x000002349c000000| Untracked |  0
|4085|0x000002349e000000, 0x000002349e000000, 0x00000234a0000000|  0%| F|  |TAMS 0x000002349e000000| PB 0x000002349e000000| Untracked |  0
|4086|0x00000234a0000000, 0x00000234a0000000, 0x00000234a2000000|  0%| F|  |TAMS 0x00000234a0000000| PB 0x00000234a0000000| Untracked |  0
|4087|0x00000234a2000000, 0x00000234a2000000, 0x00000234a4000000|  0%| F|  |TAMS 0x00000234a2000000| PB 0x00000234a2000000| Untracked |  0
|4088|0x00000234a4000000, 0x00000234a4000000, 0x00000234a6000000|  0%| F|  |TAMS 0x00000234a4000000| PB 0x00000234a4000000| Untracked |  0
|4089|0x00000234a6000000, 0x00000234a6000000, 0x00000234a8000000|  0%| F|  |TAMS 0x00000234a6000000| PB 0x00000234a6000000| Untracked |  0
|4090|0x00000234a8000000, 0x00000234a8000000, 0x00000234aa000000|  0%| F|  |TAMS 0x00000234a8000000| PB 0x00000234a8000000| Untracked |  0
|4091|0x00000234aa000000, 0x00000234aa000000, 0x00000234ac000000|  0%| F|  |TAMS 0x00000234aa000000| PB 0x00000234aa000000| Untracked |  0
|4092|0x00000234ac000000, 0x00000234ac000000, 0x00000234ae000000|  0%| F|  |TAMS 0x00000234ac000000| PB 0x00000234ac000000| Untracked |  0
|4093|0x00000234ae000000, 0x00000234ae000000, 0x00000234b0000000|  0%| F|  |TAMS 0x00000234ae000000| PB 0x00000234ae000000| Untracked |  0
|4094|0x00000234b0000000, 0x00000234b0000000, 0x00000234b2000000|  0%| F|  |TAMS 0x00000234b0000000| PB 0x00000234b0000000| Untracked |  0
|4095|0x00000234b2000000, 0x00000234b2000000, 0x00000234b4000000|  0%| F|  |TAMS 0x00000234b2000000| PB 0x00000234b2000000| Untracked |  0
|4096|0x00000234b4000000, 0x00000234b4000000, 0x00000234b6000000|  0%| F|  |TAMS 0x00000234b4000000| PB 0x00000234b4000000| Untracked |  0
|4097|0x00000234b6000000, 0x00000234b6000000, 0x00000234b8000000|  0%| F|  |TAMS 0x00000234b6000000| PB 0x00000234b6000000| Untracked |  0
|4098|0x00000234b8000000, 0x00000234b8000000, 0x00000234ba000000|  0%| F|  |TAMS 0x00000234b8000000| PB 0x00000234b8000000| Untracked |  0
|4099|0x00000234ba000000, 0x00000234ba000000, 0x00000234bc000000|  0%| F|  |TAMS 0x00000234ba000000| PB 0x00000234ba000000| Untracked |  0
|4100|0x00000234bc000000, 0x00000234bc000000, 0x00000234be000000|  0%| F|  |TAMS 0x00000234bc000000| PB 0x00000234bc000000| Untracked |  0
|4101|0x00000234be000000, 0x00000234be000000, 0x00000234c0000000|  0%| F|  |TAMS 0x00000234be000000| PB 0x00000234be000000| Untracked |  0
|4102|0x00000234c0000000, 0x00000234c0000000, 0x00000234c2000000|  0%| F|  |TAMS 0x00000234c0000000| PB 0x00000234c0000000| Untracked |  0
|4103|0x00000234c2000000, 0x00000234c2000000, 0x00000234c4000000|  0%| F|  |TAMS 0x00000234c2000000| PB 0x00000234c2000000| Untracked |  0
|4104|0x00000234c4000000, 0x00000234c4000000, 0x00000234c6000000|  0%| F|  |TAMS 0x00000234c4000000| PB 0x00000234c4000000| Untracked |  0
|4105|0x00000234c6000000, 0x00000234c6000000, 0x00000234c8000000|  0%| F|  |TAMS 0x00000234c6000000| PB 0x00000234c6000000| Untracked |  0
|4106|0x00000234c8000000, 0x00000234c8000000, 0x00000234ca000000|  0%| F|  |TAMS 0x00000234c8000000| PB 0x00000234c8000000| Untracked |  0
|4107|0x00000234ca000000, 0x00000234ca000000, 0x00000234cc000000|  0%| F|  |TAMS 0x00000234ca000000| PB 0x00000234ca000000| Untracked |  0
|4108|0x00000234cc000000, 0x00000234cc000000, 0x00000234ce000000|  0%| F|  |TAMS 0x00000234cc000000| PB 0x00000234cc000000| Untracked |  0
|4109|0x00000234ce000000, 0x00000234ce000000, 0x00000234d0000000|  0%| F|  |TAMS 0x00000234ce000000| PB 0x00000234ce000000| Untracked |  0
|4110|0x00000234d0000000, 0x00000234d0000000, 0x00000234d2000000|  0%| F|  |TAMS 0x00000234d0000000| PB 0x00000234d0000000| Untracked |  0
|4111|0x00000234d2000000, 0x00000234d2000000, 0x00000234d4000000|  0%| F|  |TAMS 0x00000234d2000000| PB 0x00000234d2000000| Untracked |  0
|4112|0x00000234d4000000, 0x00000234d4000000, 0x00000234d6000000|  0%| F|  |TAMS 0x00000234d4000000| PB 0x00000234d4000000| Untracked |  0
|4113|0x00000234d6000000, 0x00000234d6000000, 0x00000234d8000000|  0%| F|  |TAMS 0x00000234d6000000| PB 0x00000234d6000000| Untracked |  0
|4114|0x00000234d8000000, 0x00000234d8000000, 0x00000234da000000|  0%| F|  |TAMS 0x00000234d8000000| PB 0x00000234d8000000| Untracked |  0
|4115|0x00000234da000000, 0x00000234da000000, 0x00000234dc000000|  0%| F|  |TAMS 0x00000234da000000| PB 0x00000234da000000| Untracked |  0
|4116|0x00000234dc000000, 0x00000234dc000000, 0x00000234de000000|  0%| F|  |TAMS 0x00000234dc000000| PB 0x00000234dc000000| Untracked |  0
|4117|0x00000234de000000, 0x00000234de000000, 0x00000234e0000000|  0%| F|  |TAMS 0x00000234de000000| PB 0x00000234de000000| Untracked |  0
|4118|0x00000234e0000000, 0x00000234e0000000, 0x00000234e2000000|  0%| F|  |TAMS 0x00000234e0000000| PB 0x00000234e0000000| Untracked |  0
|4119|0x00000234e2000000, 0x00000234e2000000, 0x00000234e4000000|  0%| F|  |TAMS 0x00000234e2000000| PB 0x00000234e2000000| Untracked |  0
|4120|0x00000234e4000000, 0x00000234e4000000, 0x00000234e6000000|  0%| F|  |TAMS 0x00000234e4000000| PB 0x00000234e4000000| Untracked |  0
|4121|0x00000234e6000000, 0x00000234e6000000, 0x00000234e8000000|  0%| F|  |TAMS 0x00000234e6000000| PB 0x00000234e6000000| Untracked |  0
|4122|0x00000234e8000000, 0x00000234e8000000, 0x00000234ea000000|  0%| F|  |TAMS 0x00000234e8000000| PB 0x00000234e8000000| Untracked |  0
|4123|0x00000234ea000000, 0x00000234ea000000, 0x00000234ec000000|  0%| F|  |TAMS 0x00000234ea000000| PB 0x00000234ea000000| Untracked |  0
|4124|0x00000234ec000000, 0x00000234ec000000, 0x00000234ee000000|  0%| F|  |TAMS 0x00000234ec000000| PB 0x00000234ec000000| Untracked |  0
|4125|0x00000234ee000000, 0x00000234ee000000, 0x00000234f0000000|  0%| F|  |TAMS 0x00000234ee000000| PB 0x00000234ee000000| Untracked |  0
|4126|0x00000234f0000000, 0x00000234f0000000, 0x00000234f2000000|  0%| F|  |TAMS 0x00000234f0000000| PB 0x00000234f0000000| Untracked |  0
|4127|0x00000234f2000000, 0x00000234f2000000, 0x00000234f4000000|  0%| F|  |TAMS 0x00000234f2000000| PB 0x00000234f2000000| Untracked |  0
|4128|0x00000234f4000000, 0x00000234f4000000, 0x00000234f6000000|  0%| F|  |TAMS 0x00000234f4000000| PB 0x00000234f4000000| Untracked |  0
|4129|0x00000234f6000000, 0x00000234f6000000, 0x00000234f8000000|  0%| F|  |TAMS 0x00000234f6000000| PB 0x00000234f6000000| Untracked |  0
|4130|0x00000234f8000000, 0x00000234f8000000, 0x00000234fa000000|  0%| F|  |TAMS 0x00000234f8000000| PB 0x00000234f8000000| Untracked |  0
|4131|0x00000234fa000000, 0x00000234fa000000, 0x00000234fc000000|  0%| F|  |TAMS 0x00000234fa000000| PB 0x00000234fa000000| Untracked |  0
|4132|0x00000234fc000000, 0x00000234fc000000, 0x00000234fe000000|  0%| F|  |TAMS 0x00000234fc000000| PB 0x00000234fc000000| Untracked |  0
|4133|0x00000234fe000000, 0x00000234fe000000, 0x0000023500000000|  0%| F|  |TAMS 0x00000234fe000000| PB 0x00000234fe000000| Untracked |  0
|4134|0x0000023500000000, 0x0000023500000000, 0x0000023502000000|  0%| F|  |TAMS 0x0000023500000000| PB 0x0000023500000000| Untracked |  0
|4135|0x0000023502000000, 0x0000023502000000, 0x0000023504000000|  0%| F|  |TAMS 0x0000023502000000| PB 0x0000023502000000| Untracked |  0
|4136|0x0000023504000000, 0x0000023504000000, 0x0000023506000000|  0%| F|  |TAMS 0x0000023504000000| PB 0x0000023504000000| Untracked |  0
|4137|0x0000023506000000, 0x0000023506000000, 0x0000023508000000|  0%| F|  |TAMS 0x0000023506000000| PB 0x0000023506000000| Untracked |  0
|4138|0x0000023508000000, 0x0000023508000000, 0x000002350a000000|  0%| F|  |TAMS 0x0000023508000000| PB 0x0000023508000000| Untracked |  0
|4139|0x000002350a000000, 0x000002350a000000, 0x000002350c000000|  0%| F|  |TAMS 0x000002350a000000| PB 0x000002350a000000| Untracked |  0
|4140|0x000002350c000000, 0x000002350c000000, 0x000002350e000000|  0%| F|  |TAMS 0x000002350c000000| PB 0x000002350c000000| Untracked |  0
|4141|0x000002350e000000, 0x000002350e000000, 0x0000023510000000|  0%| F|  |TAMS 0x000002350e000000| PB 0x000002350e000000| Untracked |  0
|4142|0x0000023510000000, 0x0000023510000000, 0x0000023512000000|  0%| F|  |TAMS 0x0000023510000000| PB 0x0000023510000000| Untracked |  0
|4143|0x0000023512000000, 0x0000023512000000, 0x0000023514000000|  0%| F|  |TAMS 0x0000023512000000| PB 0x0000023512000000| Untracked |  0
|4144|0x0000023514000000, 0x0000023514000000, 0x0000023516000000|  0%| F|  |TAMS 0x0000023514000000| PB 0x0000023514000000| Untracked |  0
|4145|0x0000023516000000, 0x0000023516000000, 0x0000023518000000|  0%| F|  |TAMS 0x0000023516000000| PB 0x0000023516000000| Untracked |  0
|4146|0x0000023518000000, 0x0000023518000000, 0x000002351a000000|  0%| F|  |TAMS 0x0000023518000000| PB 0x0000023518000000| Untracked |  0
|4147|0x000002351a000000, 0x000002351a000000, 0x000002351c000000|  0%| F|  |TAMS 0x000002351a000000| PB 0x000002351a000000| Untracked |  0
|4148|0x000002351c000000, 0x000002351c000000, 0x000002351e000000|  0%| F|  |TAMS 0x000002351c000000| PB 0x000002351c000000| Untracked |  0
|4149|0x000002351e000000, 0x000002351e000000, 0x0000023520000000|  0%| F|  |TAMS 0x000002351e000000| PB 0x000002351e000000| Untracked |  0
|4150|0x0000023520000000, 0x0000023520000000, 0x0000023522000000|  0%| F|  |TAMS 0x0000023520000000| PB 0x0000023520000000| Untracked |  0
|4151|0x0000023522000000, 0x0000023522000000, 0x0000023524000000|  0%| F|  |TAMS 0x0000023522000000| PB 0x0000023522000000| Untracked |  0
|4152|0x0000023524000000, 0x0000023524000000, 0x0000023526000000|  0%| F|  |TAMS 0x0000023524000000| PB 0x0000023524000000| Untracked |  0
|4153|0x0000023526000000, 0x0000023526000000, 0x0000023528000000|  0%| F|  |TAMS 0x0000023526000000| PB 0x0000023526000000| Untracked |  0
|4154|0x0000023528000000, 0x0000023528000000, 0x000002352a000000|  0%| F|  |TAMS 0x0000023528000000| PB 0x0000023528000000| Untracked |  0
|4155|0x000002352a000000, 0x000002352a000000, 0x000002352c000000|  0%| F|  |TAMS 0x000002352a000000| PB 0x000002352a000000| Untracked |  0
|4156|0x000002352c000000, 0x000002352c000000, 0x000002352e000000|  0%| F|  |TAMS 0x000002352c000000| PB 0x000002352c000000| Untracked |  0
|4157|0x000002352e000000, 0x000002352e000000, 0x0000023530000000|  0%| F|  |TAMS 0x000002352e000000| PB 0x000002352e000000| Untracked |  0
|4158|0x0000023530000000, 0x0000023530000000, 0x0000023532000000|  0%| F|  |TAMS 0x0000023530000000| PB 0x0000023530000000| Untracked |  0
|4159|0x0000023532000000, 0x0000023532000000, 0x0000023534000000|  0%| F|  |TAMS 0x0000023532000000| PB 0x0000023532000000| Untracked |  0
|4160|0x0000023534000000, 0x0000023534000000, 0x0000023536000000|  0%| F|  |TAMS 0x0000023534000000| PB 0x0000023534000000| Untracked |  0
|4161|0x0000023536000000, 0x0000023536000000, 0x0000023538000000|  0%| F|  |TAMS 0x0000023536000000| PB 0x0000023536000000| Untracked |  0
|4162|0x0000023538000000, 0x0000023538000000, 0x000002353a000000|  0%| F|  |TAMS 0x0000023538000000| PB 0x0000023538000000| Untracked |  0
|4163|0x000002353a000000, 0x000002353a000000, 0x000002353c000000|  0%| F|  |TAMS 0x000002353a000000| PB 0x000002353a000000| Untracked |  0
|4164|0x000002353c000000, 0x000002353c000000, 0x000002353e000000|  0%| F|  |TAMS 0x000002353c000000| PB 0x000002353c000000| Untracked |  0
|4165|0x000002353e000000, 0x000002353e000000, 0x0000023540000000|  0%| F|  |TAMS 0x000002353e000000| PB 0x000002353e000000| Untracked |  0
|4166|0x0000023540000000, 0x0000023540000000, 0x0000023542000000|  0%| F|  |TAMS 0x0000023540000000| PB 0x0000023540000000| Untracked |  0
|4167|0x0000023542000000, 0x0000023542000000, 0x0000023544000000|  0%| F|  |TAMS 0x0000023542000000| PB 0x0000023542000000| Untracked |  0
|4168|0x0000023544000000, 0x0000023544000000, 0x0000023546000000|  0%| F|  |TAMS 0x0000023544000000| PB 0x0000023544000000| Untracked |  0
|4169|0x0000023546000000, 0x0000023546000000, 0x0000023548000000|  0%| F|  |TAMS 0x0000023546000000| PB 0x0000023546000000| Untracked |  0
|4170|0x0000023548000000, 0x0000023548000000, 0x000002354a000000|  0%| F|  |TAMS 0x0000023548000000| PB 0x0000023548000000| Untracked |  0
|4171|0x000002354a000000, 0x000002354a000000, 0x000002354c000000|  0%| F|  |TAMS 0x000002354a000000| PB 0x000002354a000000| Untracked |  0
|4172|0x000002354c000000, 0x000002354c000000, 0x000002354e000000|  0%| F|  |TAMS 0x000002354c000000| PB 0x000002354c000000| Untracked |  0
|4173|0x000002354e000000, 0x000002354e000000, 0x0000023550000000|  0%| F|  |TAMS 0x000002354e000000| PB 0x000002354e000000| Untracked |  0
|4174|0x0000023550000000, 0x0000023550000000, 0x0000023552000000|  0%| F|  |TAMS 0x0000023550000000| PB 0x0000023550000000| Untracked |  0
|4175|0x0000023552000000, 0x0000023552000000, 0x0000023554000000|  0%| F|  |TAMS 0x0000023552000000| PB 0x0000023552000000| Untracked |  0
|4176|0x0000023554000000, 0x0000023554000000, 0x0000023556000000|  0%| F|  |TAMS 0x0000023554000000| PB 0x0000023554000000| Untracked |  0
|4177|0x0000023556000000, 0x0000023556000000, 0x0000023558000000|  0%| F|  |TAMS 0x0000023556000000| PB 0x0000023556000000| Untracked |  0
|4178|0x0000023558000000, 0x0000023558000000, 0x000002355a000000|  0%| F|  |TAMS 0x0000023558000000| PB 0x0000023558000000| Untracked |  0
|4179|0x000002355a000000, 0x000002355a000000, 0x000002355c000000|  0%| F|  |TAMS 0x000002355a000000| PB 0x000002355a000000| Untracked |  0
|4180|0x000002355c000000, 0x000002355c000000, 0x000002355e000000|  0%| F|  |TAMS 0x000002355c000000| PB 0x000002355c000000| Untracked |  0
|4181|0x000002355e000000, 0x000002355e000000, 0x0000023560000000|  0%| F|  |TAMS 0x000002355e000000| PB 0x000002355e000000| Untracked |  0
|4182|0x0000023560000000, 0x0000023560000000, 0x0000023562000000|  0%| F|  |TAMS 0x0000023560000000| PB 0x0000023560000000| Untracked |  0
|4183|0x0000023562000000, 0x0000023562000000, 0x0000023564000000|  0%| F|  |TAMS 0x0000023562000000| PB 0x0000023562000000| Untracked |  0
|4184|0x0000023564000000, 0x0000023564000000, 0x0000023566000000|  0%| F|  |TAMS 0x0000023564000000| PB 0x0000023564000000| Untracked |  0
|4185|0x0000023566000000, 0x0000023566000000, 0x0000023568000000|  0%| F|  |TAMS 0x0000023566000000| PB 0x0000023566000000| Untracked |  0
|4186|0x0000023568000000, 0x0000023568000000, 0x000002356a000000|  0%| F|  |TAMS 0x0000023568000000| PB 0x0000023568000000| Untracked |  0
|4187|0x000002356a000000, 0x000002356a000000, 0x000002356c000000|  0%| F|  |TAMS 0x000002356a000000| PB 0x000002356a000000| Untracked |  0
|4188|0x000002356c000000, 0x000002356c000000, 0x000002356e000000|  0%| F|  |TAMS 0x000002356c000000| PB 0x000002356c000000| Untracked |  0
|4189|0x000002356e000000, 0x000002356e000000, 0x0000023570000000|  0%| F|  |TAMS 0x000002356e000000| PB 0x000002356e000000| Untracked |  0
|4190|0x0000023570000000, 0x0000023570000000, 0x0000023572000000|  0%| F|  |TAMS 0x0000023570000000| PB 0x0000023570000000| Untracked |  0
|4191|0x0000023572000000, 0x0000023572000000, 0x0000023574000000|  0%| F|  |TAMS 0x0000023572000000| PB 0x0000023572000000| Untracked |  0
|4192|0x0000023574000000, 0x0000023574000000, 0x0000023576000000|  0%| F|  |TAMS 0x0000023574000000| PB 0x0000023574000000| Untracked |  0
|4193|0x0000023576000000, 0x0000023576000000, 0x0000023578000000|  0%| F|  |TAMS 0x0000023576000000| PB 0x0000023576000000| Untracked |  0
|4194|0x0000023578000000, 0x0000023578000000, 0x000002357a000000|  0%| F|  |TAMS 0x0000023578000000| PB 0x0000023578000000| Untracked |  0
|4195|0x000002357a000000, 0x000002357a000000, 0x000002357c000000|  0%| F|  |TAMS 0x000002357a000000| PB 0x000002357a000000| Untracked |  0
|4196|0x000002357c000000, 0x000002357c000000, 0x000002357e000000|  0%| F|  |TAMS 0x000002357c000000| PB 0x000002357c000000| Untracked |  0
|4197|0x000002357e000000, 0x000002357e000000, 0x0000023580000000|  0%| F|  |TAMS 0x000002357e000000| PB 0x000002357e000000| Untracked |  0
|4198|0x0000023580000000, 0x0000023580000000, 0x0000023582000000|  0%| F|  |TAMS 0x0000023580000000| PB 0x0000023580000000| Untracked |  0
|4199|0x0000023582000000, 0x0000023584000000, 0x0000023584000000|100%| S|CS|TAMS 0x0000023582000000| PB 0x0000023582000000| Complete |  0
|4200|0x0000023584000000, 0x0000023586000000, 0x0000023586000000|100%| S|CS|TAMS 0x0000023584000000| PB 0x0000023584000000| Complete |  0
|4201|0x0000023586000000, 0x0000023588000000, 0x0000023588000000|100%| S|CS|TAMS 0x0000023586000000| PB 0x0000023586000000| Complete |  0
|4202|0x0000023588000000, 0x000002358a000000, 0x000002358a000000|100%| S|CS|TAMS 0x0000023588000000| PB 0x0000023588000000| Complete |  0
|4203|0x000002358a000000, 0x000002358c000000, 0x000002358c000000|100%| S|CS|TAMS 0x000002358a000000| PB 0x000002358a000000| Complete |  0
|4204|0x000002358c000000, 0x000002358e000000, 0x000002358e000000|100%| S|CS|TAMS 0x000002358c000000| PB 0x000002358c000000| Complete |  0
|4205|0x000002358e000000, 0x0000023590000000, 0x0000023590000000|100%| S|CS|TAMS 0x000002358e000000| PB 0x000002358e000000| Complete |  0
|4206|0x0000023590000000, 0x0000023592000000, 0x0000023592000000|100%| S|CS|TAMS 0x0000023590000000| PB 0x0000023590000000| Complete |  0
|4207|0x0000023592000000, 0x0000023594000000, 0x0000023594000000|100%| S|CS|TAMS 0x0000023592000000| PB 0x0000023592000000| Complete |  0
|4208|0x0000023594000000, 0x0000023596000000, 0x0000023596000000|100%| S|CS|TAMS 0x0000023594000000| PB 0x0000023594000000| Complete |  0
|4209|0x0000023596000000, 0x0000023598000000, 0x0000023598000000|100%| S|CS|TAMS 0x0000023596000000| PB 0x0000023596000000| Complete |  0
|4210|0x0000023598000000, 0x0000023598000000, 0x000002359a000000|  0%| F|  |TAMS 0x0000023598000000| PB 0x0000023598000000| Untracked |  0
|4211|0x000002359a000000, 0x000002359a000000, 0x000002359c000000|  0%| F|  |TAMS 0x000002359a000000| PB 0x000002359a000000| Untracked |  0
|4212|0x000002359c000000, 0x000002359c000000, 0x000002359e000000|  0%| F|  |TAMS 0x000002359c000000| PB 0x000002359c000000| Untracked |  0
|4213|0x000002359e000000, 0x000002359e000000, 0x00000235a0000000|  0%| F|  |TAMS 0x000002359e000000| PB 0x000002359e000000| Untracked |  0
|4214|0x00000235a0000000, 0x00000235a0000000, 0x00000235a2000000|  0%| F|  |TAMS 0x00000235a0000000| PB 0x00000235a0000000| Untracked |  0
|4215|0x00000235a2000000, 0x00000235a2000000, 0x00000235a4000000|  0%| F|  |TAMS 0x00000235a2000000| PB 0x00000235a2000000| Untracked |  0
|4216|0x00000235a4000000, 0x00000235a4000000, 0x00000235a6000000|  0%| F|  |TAMS 0x00000235a4000000| PB 0x00000235a4000000| Untracked |  0
|4217|0x00000235a6000000, 0x00000235a6000000, 0x00000235a8000000|  0%| F|  |TAMS 0x00000235a6000000| PB 0x00000235a6000000| Untracked |  0
|4218|0x00000235a8000000, 0x00000235a8000000, 0x00000235aa000000|  0%| F|  |TAMS 0x00000235a8000000| PB 0x00000235a8000000| Untracked |  0
|4219|0x00000235aa000000, 0x00000235aa000000, 0x00000235ac000000|  0%| F|  |TAMS 0x00000235aa000000| PB 0x00000235aa000000| Untracked |  0
|4220|0x00000235ac000000, 0x00000235ac000000, 0x00000235ae000000|  0%| F|  |TAMS 0x00000235ac000000| PB 0x00000235ac000000| Untracked |  0
|4221|0x00000235ae000000, 0x00000235ae000000, 0x00000235b0000000|  0%| F|  |TAMS 0x00000235ae000000| PB 0x00000235ae000000| Untracked |  0
|4222|0x00000235b0000000, 0x00000235b0000000, 0x00000235b2000000|  0%| F|  |TAMS 0x00000235b0000000| PB 0x00000235b0000000| Untracked |  0
|4223|0x00000235b2000000, 0x00000235b2000000, 0x00000235b4000000|  0%| F|  |TAMS 0x00000235b2000000| PB 0x00000235b2000000| Untracked |  0
|4224|0x00000235b4000000, 0x00000235b4000000, 0x00000235b6000000|  0%| F|  |TAMS 0x00000235b4000000| PB 0x00000235b4000000| Untracked |  0
|4225|0x00000235b6000000, 0x00000235b6000000, 0x00000235b8000000|  0%| F|  |TAMS 0x00000235b6000000| PB 0x00000235b6000000| Untracked |  0
|4226|0x00000235b8000000, 0x00000235b8000000, 0x00000235ba000000|  0%| F|  |TAMS 0x00000235b8000000| PB 0x00000235b8000000| Untracked |  0
|4227|0x00000235ba000000, 0x00000235ba000000, 0x00000235bc000000|  0%| F|  |TAMS 0x00000235ba000000| PB 0x00000235ba000000| Untracked |  0
|4228|0x00000235bc000000, 0x00000235bc000000, 0x00000235be000000|  0%| F|  |TAMS 0x00000235bc000000| PB 0x00000235bc000000| Untracked |  0
|4229|0x00000235be000000, 0x00000235be000000, 0x00000235c0000000|  0%| F|  |TAMS 0x00000235be000000| PB 0x00000235be000000| Untracked |  0
|4230|0x00000235c0000000, 0x00000235c0000000, 0x00000235c2000000|  0%| F|  |TAMS 0x00000235c0000000| PB 0x00000235c0000000| Untracked |  0
|4231|0x00000235c2000000, 0x00000235c2000000, 0x00000235c4000000|  0%| F|  |TAMS 0x00000235c2000000| PB 0x00000235c2000000| Untracked |  0
|4232|0x00000235c4000000, 0x00000235c4000000, 0x00000235c6000000|  0%| F|  |TAMS 0x00000235c4000000| PB 0x00000235c4000000| Untracked |  0
|4233|0x00000235c6000000, 0x00000235c6000000, 0x00000235c8000000|  0%| F|  |TAMS 0x00000235c6000000| PB 0x00000235c6000000| Untracked |  0
|4234|0x00000235c8000000, 0x00000235c8000000, 0x00000235ca000000|  0%| F|  |TAMS 0x00000235c8000000| PB 0x00000235c8000000| Untracked |  0
|4235|0x00000235ca000000, 0x00000235ca000000, 0x00000235cc000000|  0%| F|  |TAMS 0x00000235ca000000| PB 0x00000235ca000000| Untracked |  0
|4236|0x00000235cc000000, 0x00000235cc000000, 0x00000235ce000000|  0%| F|  |TAMS 0x00000235cc000000| PB 0x00000235cc000000| Untracked |  0
|4237|0x00000235ce000000, 0x00000235ce000000, 0x00000235d0000000|  0%| F|  |TAMS 0x00000235ce000000| PB 0x00000235ce000000| Untracked |  0
|4238|0x00000235d0000000, 0x00000235d2000000, 0x00000235d2000000|100%| S|CS|TAMS 0x00000235d0000000| PB 0x00000235d0000000| Complete |  0
|4239|0x00000235d2000000, 0x00000235d4000000, 0x00000235d4000000|100%| S|CS|TAMS 0x00000235d2000000| PB 0x00000235d2000000| Complete |  0
|4240|0x00000235d4000000, 0x00000235d6000000, 0x00000235d6000000|100%| S|CS|TAMS 0x00000235d4000000| PB 0x00000235d4000000| Complete |  0
|4241|0x00000235d6000000, 0x00000235d8000000, 0x00000235d8000000|100%| S|CS|TAMS 0x00000235d6000000| PB 0x00000235d6000000| Complete |  0
|4242|0x00000235d8000000, 0x00000235da000000, 0x00000235da000000|100%| S|CS|TAMS 0x00000235d8000000| PB 0x00000235d8000000| Complete |  0
|4243|0x00000235da000000, 0x00000235dc000000, 0x00000235dc000000|100%| S|CS|TAMS 0x00000235da000000| PB 0x00000235da000000| Complete |  0
|4244|0x00000235dc000000, 0x00000235de000000, 0x00000235de000000|100%| S|CS|TAMS 0x00000235dc000000| PB 0x00000235dc000000| Complete |  0
|4245|0x00000235de000000, 0x00000235e0000000, 0x00000235e0000000|100%| S|CS|TAMS 0x00000235de000000| PB 0x00000235de000000| Complete |  0
|4246|0x00000235e0000000, 0x00000235e2000000, 0x00000235e2000000|100%| S|CS|TAMS 0x00000235e0000000| PB 0x00000235e0000000| Complete |  0
|4247|0x00000235e2000000, 0x00000235e4000000, 0x00000235e4000000|100%| S|CS|TAMS 0x00000235e2000000| PB 0x00000235e2000000| Complete |  0
|4248|0x00000235e4000000, 0x00000235e6000000, 0x00000235e6000000|100%| S|CS|TAMS 0x00000235e4000000| PB 0x00000235e4000000| Complete |  0
|4249|0x00000235e6000000, 0x00000235e8000000, 0x00000235e8000000|100%| S|CS|TAMS 0x00000235e6000000| PB 0x00000235e6000000| Complete |  0
|4250|0x00000235e8000000, 0x00000235ea000000, 0x00000235ea000000|100%| S|CS|TAMS 0x00000235e8000000| PB 0x00000235e8000000| Complete |  0
|4251|0x00000235ea000000, 0x00000235ec000000, 0x00000235ec000000|100%| S|CS|TAMS 0x00000235ea000000| PB 0x00000235ea000000| Complete |  0
|4252|0x00000235ec000000, 0x00000235ee000000, 0x00000235ee000000|100%| S|CS|TAMS 0x00000235ec000000| PB 0x00000235ec000000| Complete |  0
|4253|0x00000235ee000000, 0x00000235f0000000, 0x00000235f0000000|100%| S|CS|TAMS 0x00000235ee000000| PB 0x00000235ee000000| Complete |  0
|4254|0x00000235f0000000, 0x00000235f2000000, 0x00000235f2000000|100%| S|CS|TAMS 0x00000235f0000000| PB 0x00000235f0000000| Complete |  0
|4255|0x00000235f2000000, 0x00000235f2000000, 0x00000235f4000000|  0%| F|  |TAMS 0x00000235f2000000| PB 0x00000235f2000000| Untracked |  0
|4256|0x00000235f4000000, 0x00000235f4000000, 0x00000235f6000000|  0%| F|  |TAMS 0x00000235f4000000| PB 0x00000235f4000000| Untracked |  0
|4257|0x00000235f6000000, 0x00000235f6000000, 0x00000235f8000000|  0%| F|  |TAMS 0x00000235f6000000| PB 0x00000235f6000000| Untracked |  0
|4258|0x00000235f8000000, 0x00000235f8000000, 0x00000235fa000000|  0%| F|  |TAMS 0x00000235f8000000| PB 0x00000235f8000000| Untracked |  0
|4259|0x00000235fa000000, 0x00000235fa000000, 0x00000235fc000000|  0%| F|  |TAMS 0x00000235fa000000| PB 0x00000235fa000000| Untracked |  0
|4260|0x00000235fc000000, 0x00000235fc000000, 0x00000235fe000000|  0%| F|  |TAMS 0x00000235fc000000| PB 0x00000235fc000000| Untracked |  0
|4261|0x00000235fe000000, 0x00000235fe000000, 0x0000023600000000|  0%| F|  |TAMS 0x00000235fe000000| PB 0x00000235fe000000| Untracked |  0
|4262|0x0000023600000000, 0x0000023600000000, 0x0000023602000000|  0%| F|  |TAMS 0x0000023600000000| PB 0x0000023600000000| Untracked |  0
|4263|0x0000023602000000, 0x0000023602000000, 0x0000023604000000|  0%| F|  |TAMS 0x0000023602000000| PB 0x0000023602000000| Untracked |  0
|4264|0x0000023604000000, 0x0000023604000000, 0x0000023606000000|  0%| F|  |TAMS 0x0000023604000000| PB 0x0000023604000000| Untracked |  0
|4265|0x0000023606000000, 0x0000023606000000, 0x0000023608000000|  0%| F|  |TAMS 0x0000023606000000| PB 0x0000023606000000| Untracked |  0
|4266|0x0000023608000000, 0x0000023608000000, 0x000002360a000000|  0%| F|  |TAMS 0x0000023608000000| PB 0x0000023608000000| Untracked |  0
|4267|0x000002360a000000, 0x000002360a000000, 0x000002360c000000|  0%| F|  |TAMS 0x000002360a000000| PB 0x000002360a000000| Untracked |  0
|4268|0x000002360c000000, 0x000002360c000000, 0x000002360e000000|  0%| F|  |TAMS 0x000002360c000000| PB 0x000002360c000000| Untracked |  0
|4269|0x000002360e000000, 0x000002360e000000, 0x0000023610000000|  0%| F|  |TAMS 0x000002360e000000| PB 0x000002360e000000| Untracked |  0
|4270|0x0000023610000000, 0x0000023610000000, 0x0000023612000000|  0%| F|  |TAMS 0x0000023610000000| PB 0x0000023610000000| Untracked |  0
|4271|0x0000023612000000, 0x0000023612000000, 0x0000023614000000|  0%| F|  |TAMS 0x0000023612000000| PB 0x0000023612000000| Untracked |  0
|4272|0x0000023614000000, 0x0000023614000000, 0x0000023616000000|  0%| F|  |TAMS 0x0000023614000000| PB 0x0000023614000000| Untracked |  0
|4273|0x0000023616000000, 0x0000023616000000, 0x0000023618000000|  0%| F|  |TAMS 0x0000023616000000| PB 0x0000023616000000| Untracked |  0
|4274|0x0000023618000000, 0x0000023618000000, 0x000002361a000000|  0%| F|  |TAMS 0x0000023618000000| PB 0x0000023618000000| Untracked |  0
|4275|0x000002361a000000, 0x000002361a000000, 0x000002361c000000|  0%| F|  |TAMS 0x000002361a000000| PB 0x000002361a000000| Untracked |  0
|4276|0x000002361c000000, 0x000002361c000000, 0x000002361e000000|  0%| F|  |TAMS 0x000002361c000000| PB 0x000002361c000000| Untracked |  0
|4277|0x000002361e000000, 0x000002361e000000, 0x0000023620000000|  0%| F|  |TAMS 0x000002361e000000| PB 0x000002361e000000| Untracked |  0
|4278|0x0000023620000000, 0x0000023620000000, 0x0000023622000000|  0%| F|  |TAMS 0x0000023620000000| PB 0x0000023620000000| Untracked |  0
|4279|0x0000023622000000, 0x0000023622000000, 0x0000023624000000|  0%| F|  |TAMS 0x0000023622000000| PB 0x0000023622000000| Untracked |  0
|4280|0x0000023624000000, 0x0000023624000000, 0x0000023626000000|  0%| F|  |TAMS 0x0000023624000000| PB 0x0000023624000000| Untracked |  0
|4281|0x0000023626000000, 0x0000023626000000, 0x0000023628000000|  0%| F|  |TAMS 0x0000023626000000| PB 0x0000023626000000| Untracked |  0
|4282|0x0000023628000000, 0x0000023628000000, 0x000002362a000000|  0%| F|  |TAMS 0x0000023628000000| PB 0x0000023628000000| Untracked |  0
|4283|0x000002362a000000, 0x000002362a000000, 0x000002362c000000|  0%| F|  |TAMS 0x000002362a000000| PB 0x000002362a000000| Untracked |  0
|4284|0x000002362c000000, 0x000002362c000000, 0x000002362e000000|  0%| F|  |TAMS 0x000002362c000000| PB 0x000002362c000000| Untracked |  0
|4285|0x000002362e000000, 0x000002362e000000, 0x0000023630000000|  0%| F|  |TAMS 0x000002362e000000| PB 0x000002362e000000| Untracked |  0
|4286|0x0000023630000000, 0x0000023630000000, 0x0000023632000000|  0%| F|  |TAMS 0x0000023630000000| PB 0x0000023630000000| Untracked |  0
|4287|0x0000023632000000, 0x0000023632000000, 0x0000023634000000|  0%| F|  |TAMS 0x0000023632000000| PB 0x0000023632000000| Untracked |  0
|4288|0x0000023634000000, 0x0000023634000000, 0x0000023636000000|  0%| F|  |TAMS 0x0000023634000000| PB 0x0000023634000000| Untracked |  0
|4289|0x0000023636000000, 0x0000023636000000, 0x0000023638000000|  0%| F|  |TAMS 0x0000023636000000| PB 0x0000023636000000| Untracked |  0
|4290|0x0000023638000000, 0x0000023638000000, 0x000002363a000000|  0%| F|  |TAMS 0x0000023638000000| PB 0x0000023638000000| Untracked |  0
|4291|0x000002363a000000, 0x000002363a000000, 0x000002363c000000|  0%| F|  |TAMS 0x000002363a000000| PB 0x000002363a000000| Untracked |  0
|4292|0x000002363c000000, 0x000002363c000000, 0x000002363e000000|  0%| F|  |TAMS 0x000002363c000000| PB 0x000002363c000000| Untracked |  0
|4293|0x000002363e000000, 0x000002363e000000, 0x0000023640000000|  0%| F|  |TAMS 0x000002363e000000| PB 0x000002363e000000| Untracked |  0
|4294|0x0000023640000000, 0x0000023640000000, 0x0000023642000000|  0%| F|  |TAMS 0x0000023640000000| PB 0x0000023640000000| Untracked |  0
|4295|0x0000023642000000, 0x0000023642000000, 0x0000023644000000|  0%| F|  |TAMS 0x0000023642000000| PB 0x0000023642000000| Untracked |  0
|4296|0x0000023644000000, 0x0000023644000000, 0x0000023646000000|  0%| F|  |TAMS 0x0000023644000000| PB 0x0000023644000000| Untracked |  0
|4297|0x0000023646000000, 0x0000023646000000, 0x0000023648000000|  0%| F|  |TAMS 0x0000023646000000| PB 0x0000023646000000| Untracked |  0
|4298|0x0000023648000000, 0x0000023648000000, 0x000002364a000000|  0%| F|  |TAMS 0x0000023648000000| PB 0x0000023648000000| Untracked |  0
|4299|0x000002364a000000, 0x000002364a000000, 0x000002364c000000|  0%| F|  |TAMS 0x000002364a000000| PB 0x000002364a000000| Untracked |  0
|4300|0x000002364c000000, 0x000002364c000000, 0x000002364e000000|  0%| F|  |TAMS 0x000002364c000000| PB 0x000002364c000000| Untracked |  0
|4301|0x000002364e000000, 0x000002364e000000, 0x0000023650000000|  0%| F|  |TAMS 0x000002364e000000| PB 0x000002364e000000| Untracked |  0
|4302|0x0000023650000000, 0x0000023650000000, 0x0000023652000000|  0%| F|  |TAMS 0x0000023650000000| PB 0x0000023650000000| Untracked |  0
|4303|0x0000023652000000, 0x0000023652000000, 0x0000023654000000|  0%| F|  |TAMS 0x0000023652000000| PB 0x0000023652000000| Untracked |  0
|4304|0x0000023654000000, 0x0000023654000000, 0x0000023656000000|  0%| F|  |TAMS 0x0000023654000000| PB 0x0000023654000000| Untracked |  0
|4305|0x0000023656000000, 0x0000023656000000, 0x0000023658000000|  0%| F|  |TAMS 0x0000023656000000| PB 0x0000023656000000| Untracked |  0
|4306|0x0000023658000000, 0x0000023658000000, 0x000002365a000000|  0%| F|  |TAMS 0x0000023658000000| PB 0x0000023658000000| Untracked |  0
|4307|0x000002365a000000, 0x000002365a000000, 0x000002365c000000|  0%| F|  |TAMS 0x000002365a000000| PB 0x000002365a000000| Untracked |  0
|4308|0x000002365c000000, 0x000002365c000000, 0x000002365e000000|  0%| F|  |TAMS 0x000002365c000000| PB 0x000002365c000000| Untracked |  0
|4309|0x000002365e000000, 0x000002365e000000, 0x0000023660000000|  0%| F|  |TAMS 0x000002365e000000| PB 0x000002365e000000| Untracked |  0
|4310|0x0000023660000000, 0x0000023660000000, 0x0000023662000000|  0%| F|  |TAMS 0x0000023660000000| PB 0x0000023660000000| Untracked |  0
|4311|0x0000023662000000, 0x0000023662000000, 0x0000023664000000|  0%| F|  |TAMS 0x0000023662000000| PB 0x0000023662000000| Untracked |  0
|4312|0x0000023664000000, 0x0000023664000000, 0x0000023666000000|  0%| F|  |TAMS 0x0000023664000000| PB 0x0000023664000000| Untracked |  0
|4313|0x0000023666000000, 0x0000023666000000, 0x0000023668000000|  0%| F|  |TAMS 0x0000023666000000| PB 0x0000023666000000| Untracked |  0
|4314|0x0000023668000000, 0x0000023668000000, 0x000002366a000000|  0%| F|  |TAMS 0x0000023668000000| PB 0x0000023668000000| Untracked |  0
|4315|0x000002366a000000, 0x000002366a000000, 0x000002366c000000|  0%| F|  |TAMS 0x000002366a000000| PB 0x000002366a000000| Untracked |  0
|4316|0x000002366c000000, 0x000002366c000000, 0x000002366e000000|  0%| F|  |TAMS 0x000002366c000000| PB 0x000002366c000000| Untracked |  0
|4317|0x000002366e000000, 0x000002366e000000, 0x0000023670000000|  0%| F|  |TAMS 0x000002366e000000| PB 0x000002366e000000| Untracked |  0
|4318|0x0000023670000000, 0x0000023670000000, 0x0000023672000000|  0%| F|  |TAMS 0x0000023670000000| PB 0x0000023670000000| Untracked |  0
|4319|0x0000023672000000, 0x0000023672000000, 0x0000023674000000|  0%| F|  |TAMS 0x0000023672000000| PB 0x0000023672000000| Untracked |  0
|4320|0x0000023674000000, 0x0000023674000000, 0x0000023676000000|  0%| F|  |TAMS 0x0000023674000000| PB 0x0000023674000000| Untracked |  0
|4321|0x0000023676000000, 0x0000023676000000, 0x0000023678000000|  0%| F|  |TAMS 0x0000023676000000| PB 0x0000023676000000| Untracked |  0
|4322|0x0000023678000000, 0x0000023678000000, 0x000002367a000000|  0%| F|  |TAMS 0x0000023678000000| PB 0x0000023678000000| Untracked |  0
|4323|0x000002367a000000, 0x000002367a000000, 0x000002367c000000|  0%| F|  |TAMS 0x000002367a000000| PB 0x000002367a000000| Untracked |  0
|4324|0x000002367c000000, 0x000002367c000000, 0x000002367e000000|  0%| F|  |TAMS 0x000002367c000000| PB 0x000002367c000000| Untracked |  0
|4325|0x000002367e000000, 0x000002367e000000, 0x0000023680000000|  0%| F|  |TAMS 0x000002367e000000| PB 0x000002367e000000| Untracked |  0
|4326|0x0000023680000000, 0x0000023680000000, 0x0000023682000000|  0%| F|  |TAMS 0x0000023680000000| PB 0x0000023680000000| Untracked |  0
|4327|0x0000023682000000, 0x0000023682000000, 0x0000023684000000|  0%| F|  |TAMS 0x0000023682000000| PB 0x0000023682000000| Untracked |  0
|4328|0x0000023684000000, 0x0000023684000000, 0x0000023686000000|  0%| F|  |TAMS 0x0000023684000000| PB 0x0000023684000000| Untracked |  0
|4329|0x0000023686000000, 0x0000023686000000, 0x0000023688000000|  0%| F|  |TAMS 0x0000023686000000| PB 0x0000023686000000| Untracked |  0
|4330|0x0000023688000000, 0x0000023688000000, 0x000002368a000000|  0%| F|  |TAMS 0x0000023688000000| PB 0x0000023688000000| Untracked |  0
|4331|0x000002368a000000, 0x000002368a000000, 0x000002368c000000|  0%| F|  |TAMS 0x000002368a000000| PB 0x000002368a000000| Untracked |  0
|4332|0x000002368c000000, 0x000002368c000000, 0x000002368e000000|  0%| F|  |TAMS 0x000002368c000000| PB 0x000002368c000000| Untracked |  0
|4333|0x000002368e000000, 0x000002368e000000, 0x0000023690000000|  0%| F|  |TAMS 0x000002368e000000| PB 0x000002368e000000| Untracked |  0
|4334|0x0000023690000000, 0x0000023690000000, 0x0000023692000000|  0%| F|  |TAMS 0x0000023690000000| PB 0x0000023690000000| Untracked |  0
|4335|0x0000023692000000, 0x0000023692000000, 0x0000023694000000|  0%| F|  |TAMS 0x0000023692000000| PB 0x0000023692000000| Untracked |  0
|4336|0x0000023694000000, 0x0000023694000000, 0x0000023696000000|  0%| F|  |TAMS 0x0000023694000000| PB 0x0000023694000000| Untracked |  0
|4337|0x0000023696000000, 0x0000023696000000, 0x0000023698000000|  0%| F|  |TAMS 0x0000023696000000| PB 0x0000023696000000| Untracked |  0
|4338|0x0000023698000000, 0x0000023698000000, 0x000002369a000000|  0%| F|  |TAMS 0x0000023698000000| PB 0x0000023698000000| Untracked |  0
|4339|0x000002369a000000, 0x000002369a000000, 0x000002369c000000|  0%| F|  |TAMS 0x000002369a000000| PB 0x000002369a000000| Untracked |  0
|4340|0x000002369c000000, 0x000002369c000000, 0x000002369e000000|  0%| F|  |TAMS 0x000002369c000000| PB 0x000002369c000000| Untracked |  0
|4341|0x000002369e000000, 0x000002369e000000, 0x00000236a0000000|  0%| F|  |TAMS 0x000002369e000000| PB 0x000002369e000000| Untracked |  0
|4342|0x00000236a0000000, 0x00000236a0000000, 0x00000236a2000000|  0%| F|  |TAMS 0x00000236a0000000| PB 0x00000236a0000000| Untracked |  0
|4343|0x00000236a2000000, 0x00000236a2000000, 0x00000236a4000000|  0%| F|  |TAMS 0x00000236a2000000| PB 0x00000236a2000000| Untracked |  0
|4344|0x00000236a4000000, 0x00000236a4000000, 0x00000236a6000000|  0%| F|  |TAMS 0x00000236a4000000| PB 0x00000236a4000000| Untracked |  0
|4345|0x00000236a6000000, 0x00000236a6000000, 0x00000236a8000000|  0%| F|  |TAMS 0x00000236a6000000| PB 0x00000236a6000000| Untracked |  0
|4346|0x00000236a8000000, 0x00000236a8000000, 0x00000236aa000000|  0%| F|  |TAMS 0x00000236a8000000| PB 0x00000236a8000000| Untracked |  0
|4347|0x00000236aa000000, 0x00000236aa000000, 0x00000236ac000000|  0%| F|  |TAMS 0x00000236aa000000| PB 0x00000236aa000000| Untracked |  0
|4348|0x00000236ac000000, 0x00000236ac000000, 0x00000236ae000000|  0%| F|  |TAMS 0x00000236ac000000| PB 0x00000236ac000000| Untracked |  0
|4349|0x00000236ae000000, 0x00000236ae000000, 0x00000236b0000000|  0%| F|  |TAMS 0x00000236ae000000| PB 0x00000236ae000000| Untracked |  0
|4350|0x00000236b0000000, 0x00000236b0000000, 0x00000236b2000000|  0%| F|  |TAMS 0x00000236b0000000| PB 0x00000236b0000000| Untracked |  0
|4351|0x00000236b2000000, 0x00000236b2000000, 0x00000236b4000000|  0%| F|  |TAMS 0x00000236b2000000| PB 0x00000236b2000000| Untracked |  0
|4352|0x00000236b4000000, 0x00000236b4000000, 0x00000236b6000000|  0%| F|  |TAMS 0x00000236b4000000| PB 0x00000236b4000000| Untracked |  0
|4353|0x00000236b6000000, 0x00000236b6000000, 0x00000236b8000000|  0%| F|  |TAMS 0x00000236b6000000| PB 0x00000236b6000000| Untracked |  0
|4354|0x00000236b8000000, 0x00000236b8000000, 0x00000236ba000000|  0%| F|  |TAMS 0x00000236b8000000| PB 0x00000236b8000000| Untracked |  0
|4355|0x00000236ba000000, 0x00000236ba000000, 0x00000236bc000000|  0%| F|  |TAMS 0x00000236ba000000| PB 0x00000236ba000000| Untracked |  0
|4356|0x00000236bc000000, 0x00000236bc000000, 0x00000236be000000|  0%| F|  |TAMS 0x00000236bc000000| PB 0x00000236bc000000| Untracked |  0
|4357|0x00000236be000000, 0x00000236be000000, 0x00000236c0000000|  0%| F|  |TAMS 0x00000236be000000| PB 0x00000236be000000| Untracked |  0
|4358|0x00000236c0000000, 0x00000236c0000000, 0x00000236c2000000|  0%| F|  |TAMS 0x00000236c0000000| PB 0x00000236c0000000| Untracked |  0
|4359|0x00000236c2000000, 0x00000236c2000000, 0x00000236c4000000|  0%| F|  |TAMS 0x00000236c2000000| PB 0x00000236c2000000| Untracked |  0
|4360|0x00000236c4000000, 0x00000236c4000000, 0x00000236c6000000|  0%| F|  |TAMS 0x00000236c4000000| PB 0x00000236c4000000| Untracked |  0
|4361|0x00000236c6000000, 0x00000236c6000000, 0x00000236c8000000|  0%| F|  |TAMS 0x00000236c6000000| PB 0x00000236c6000000| Untracked |  0
|4362|0x00000236c8000000, 0x00000236c8000000, 0x00000236ca000000|  0%| F|  |TAMS 0x00000236c8000000| PB 0x00000236c8000000| Untracked |  0
|4363|0x00000236ca000000, 0x00000236ca000000, 0x00000236cc000000|  0%| F|  |TAMS 0x00000236ca000000| PB 0x00000236ca000000| Untracked |  0
|4364|0x00000236cc000000, 0x00000236cc000000, 0x00000236ce000000|  0%| F|  |TAMS 0x00000236cc000000| PB 0x00000236cc000000| Untracked |  0
|4365|0x00000236ce000000, 0x00000236ce000000, 0x00000236d0000000|  0%| F|  |TAMS 0x00000236ce000000| PB 0x00000236ce000000| Untracked |  0
|4366|0x00000236d0000000, 0x00000236d2000000, 0x00000236d2000000|100%| E|  |TAMS 0x00000236d0000000| PB 0x00000236d0000000| Complete |  0
|4367|0x00000236d2000000, 0x00000236d4000000, 0x00000236d4000000|100%| E|CS|TAMS 0x00000236d2000000| PB 0x00000236d2000000| Complete |  0
|4368|0x00000236d4000000, 0x00000236d6000000, 0x00000236d6000000|100%| E|CS|TAMS 0x00000236d4000000| PB 0x00000236d4000000| Complete |  0
|4369|0x00000236d6000000, 0x00000236d8000000, 0x00000236d8000000|100%| E|CS|TAMS 0x00000236d6000000| PB 0x00000236d6000000| Complete |  0
|4370|0x00000236d8000000, 0x00000236da000000, 0x00000236da000000|100%| E|CS|TAMS 0x00000236d8000000| PB 0x00000236d8000000| Complete |  0
|4371|0x00000236da000000, 0x00000236dc000000, 0x00000236dc000000|100%| E|CS|TAMS 0x00000236da000000| PB 0x00000236da000000| Complete |  0
|4372|0x00000236dc000000, 0x00000236de000000, 0x00000236de000000|100%| E|CS|TAMS 0x00000236dc000000| PB 0x00000236dc000000| Complete |  0
|4373|0x00000236de000000, 0x00000236e0000000, 0x00000236e0000000|100%| E|CS|TAMS 0x00000236de000000| PB 0x00000236de000000| Complete |  0
|4374|0x00000236e0000000, 0x00000236e2000000, 0x00000236e2000000|100%| E|CS|TAMS 0x00000236e0000000| PB 0x00000236e0000000| Complete |  0
|4375|0x00000236e2000000, 0x00000236e4000000, 0x00000236e4000000|100%| E|CS|TAMS 0x00000236e2000000| PB 0x00000236e2000000| Complete |  0
|4376|0x00000236e4000000, 0x00000236e6000000, 0x00000236e6000000|100%| E|CS|TAMS 0x00000236e4000000| PB 0x00000236e4000000| Complete |  0
|4377|0x00000236e6000000, 0x00000236e8000000, 0x00000236e8000000|100%| E|CS|TAMS 0x00000236e6000000| PB 0x00000236e6000000| Complete |  0
|4378|0x00000236e8000000, 0x00000236ea000000, 0x00000236ea000000|100%| E|CS|TAMS 0x00000236e8000000| PB 0x00000236e8000000| Complete |  0
|4379|0x00000236ea000000, 0x00000236ec000000, 0x00000236ec000000|100%| E|CS|TAMS 0x00000236ea000000| PB 0x00000236ea000000| Complete |  0
|4380|0x00000236ec000000, 0x00000236ee000000, 0x00000236ee000000|100%| E|CS|TAMS 0x00000236ec000000| PB 0x00000236ec000000| Complete |  0
|4381|0x00000236ee000000, 0x00000236f0000000, 0x00000236f0000000|100%| E|CS|TAMS 0x00000236ee000000| PB 0x00000236ee000000| Complete |  0
|4382|0x00000236f0000000, 0x00000236f2000000, 0x00000236f2000000|100%| E|CS|TAMS 0x00000236f0000000| PB 0x00000236f0000000| Complete |  0
|4383|0x00000236f2000000, 0x00000236f4000000, 0x00000236f4000000|100%| E|CS|TAMS 0x00000236f2000000| PB 0x00000236f2000000| Complete |  0
|4384|0x00000236f4000000, 0x00000236f6000000, 0x00000236f6000000|100%| E|CS|TAMS 0x00000236f4000000| PB 0x00000236f4000000| Complete |  0
|4385|0x00000236f6000000, 0x00000236f8000000, 0x00000236f8000000|100%| E|CS|TAMS 0x00000236f6000000| PB 0x00000236f6000000| Complete |  0
|4386|0x00000236f8000000, 0x00000236fa000000, 0x00000236fa000000|100%| E|CS|TAMS 0x00000236f8000000| PB 0x00000236f8000000| Complete |  0
|4387|0x00000236fa000000, 0x00000236fc000000, 0x00000236fc000000|100%| E|CS|TAMS 0x00000236fa000000| PB 0x00000236fa000000| Complete |  0
|4388|0x00000236fc000000, 0x00000236fe000000, 0x00000236fe000000|100%| E|CS|TAMS 0x00000236fc000000| PB 0x00000236fc000000| Complete |  0
|4389|0x00000236fe000000, 0x0000023700000000, 0x0000023700000000|100%| E|CS|TAMS 0x00000236fe000000| PB 0x00000236fe000000| Complete |  0
|4390|0x0000023700000000, 0x0000023702000000, 0x0000023702000000|100%| E|CS|TAMS 0x0000023700000000| PB 0x0000023700000000| Complete |  0
|4391|0x0000023702000000, 0x0000023704000000, 0x0000023704000000|100%| E|CS|TAMS 0x0000023702000000| PB 0x0000023702000000| Complete |  0
|4392|0x0000023704000000, 0x0000023706000000, 0x0000023706000000|100%| E|CS|TAMS 0x0000023704000000| PB 0x0000023704000000| Complete |  0
|4393|0x0000023706000000, 0x0000023708000000, 0x0000023708000000|100%| E|CS|TAMS 0x0000023706000000| PB 0x0000023706000000| Complete |  0
|4394|0x0000023708000000, 0x000002370a000000, 0x000002370a000000|100%| E|CS|TAMS 0x0000023708000000| PB 0x0000023708000000| Complete |  0
|4395|0x000002370a000000, 0x000002370c000000, 0x000002370c000000|100%| E|CS|TAMS 0x000002370a000000| PB 0x000002370a000000| Complete |  0
|4396|0x000002370c000000, 0x000002370e000000, 0x000002370e000000|100%| E|CS|TAMS 0x000002370c000000| PB 0x000002370c000000| Complete |  0
|4397|0x000002370e000000, 0x0000023710000000, 0x0000023710000000|100%| E|CS|TAMS 0x000002370e000000| PB 0x000002370e000000| Complete |  0
|4398|0x0000023710000000, 0x0000023712000000, 0x0000023712000000|100%| E|CS|TAMS 0x0000023710000000| PB 0x0000023710000000| Complete |  0
|4399|0x0000023712000000, 0x0000023714000000, 0x0000023714000000|100%| E|CS|TAMS 0x0000023712000000| PB 0x0000023712000000| Complete |  0
|4400|0x0000023714000000, 0x0000023716000000, 0x0000023716000000|100%| E|CS|TAMS 0x0000023714000000| PB 0x0000023714000000| Complete |  0
|4401|0x0000023716000000, 0x0000023718000000, 0x0000023718000000|100%| E|CS|TAMS 0x0000023716000000| PB 0x0000023716000000| Complete |  0
|4402|0x0000023718000000, 0x000002371a000000, 0x000002371a000000|100%| E|CS|TAMS 0x0000023718000000| PB 0x0000023718000000| Complete |  0
|4403|0x000002371a000000, 0x000002371c000000, 0x000002371c000000|100%| E|CS|TAMS 0x000002371a000000| PB 0x000002371a000000| Complete |  0
|4404|0x000002371c000000, 0x000002371e000000, 0x000002371e000000|100%| E|CS|TAMS 0x000002371c000000| PB 0x000002371c000000| Complete |  0
|4405|0x000002371e000000, 0x0000023720000000, 0x0000023720000000|100%| E|CS|TAMS 0x000002371e000000| PB 0x000002371e000000| Complete |  0
|4406|0x0000023720000000, 0x0000023722000000, 0x0000023722000000|100%| E|CS|TAMS 0x0000023720000000| PB 0x0000023720000000| Complete |  0
|4407|0x0000023722000000, 0x0000023724000000, 0x0000023724000000|100%| E|CS|TAMS 0x0000023722000000| PB 0x0000023722000000| Complete |  0
|4408|0x0000023724000000, 0x0000023726000000, 0x0000023726000000|100%| E|CS|TAMS 0x0000023724000000| PB 0x0000023724000000| Complete |  0
|4409|0x0000023726000000, 0x0000023728000000, 0x0000023728000000|100%| E|CS|TAMS 0x0000023726000000| PB 0x0000023726000000| Complete |  0
|4410|0x0000023728000000, 0x000002372a000000, 0x000002372a000000|100%| E|CS|TAMS 0x0000023728000000| PB 0x0000023728000000| Complete |  0
|4411|0x000002372a000000, 0x000002372c000000, 0x000002372c000000|100%| E|CS|TAMS 0x000002372a000000| PB 0x000002372a000000| Complete |  0
|4412|0x000002372c000000, 0x000002372e000000, 0x000002372e000000|100%| E|CS|TAMS 0x000002372c000000| PB 0x000002372c000000| Complete |  0
|4413|0x000002372e000000, 0x0000023730000000, 0x0000023730000000|100%| E|CS|TAMS 0x000002372e000000| PB 0x000002372e000000| Complete |  0
|4414|0x0000023730000000, 0x0000023732000000, 0x0000023732000000|100%| E|CS|TAMS 0x0000023730000000| PB 0x0000023730000000| Complete |  0
|4415|0x0000023732000000, 0x0000023734000000, 0x0000023734000000|100%| E|CS|TAMS 0x0000023732000000| PB 0x0000023732000000| Complete |  0
|4416|0x0000023734000000, 0x0000023736000000, 0x0000023736000000|100%| E|CS|TAMS 0x0000023734000000| PB 0x0000023734000000| Complete |  0
|4417|0x0000023736000000, 0x0000023738000000, 0x0000023738000000|100%| E|CS|TAMS 0x0000023736000000| PB 0x0000023736000000| Complete |  0
|4418|0x0000023738000000, 0x000002373a000000, 0x000002373a000000|100%| E|CS|TAMS 0x0000023738000000| PB 0x0000023738000000| Complete |  0
|4419|0x000002373a000000, 0x000002373c000000, 0x000002373c000000|100%| E|CS|TAMS 0x000002373a000000| PB 0x000002373a000000| Complete |  0
|4420|0x000002373c000000, 0x000002373e000000, 0x000002373e000000|100%| E|CS|TAMS 0x000002373c000000| PB 0x000002373c000000| Complete |  0
|4421|0x000002373e000000, 0x0000023740000000, 0x0000023740000000|100%| E|CS|TAMS 0x000002373e000000| PB 0x000002373e000000| Complete |  0
|4422|0x0000023740000000, 0x0000023742000000, 0x0000023742000000|100%| E|CS|TAMS 0x0000023740000000| PB 0x0000023740000000| Complete |  0
|4423|0x0000023742000000, 0x0000023744000000, 0x0000023744000000|100%| E|CS|TAMS 0x0000023742000000| PB 0x0000023742000000| Complete |  0
|4424|0x0000023744000000, 0x0000023746000000, 0x0000023746000000|100%| E|CS|TAMS 0x0000023744000000| PB 0x0000023744000000| Complete |  0
|4425|0x0000023746000000, 0x0000023748000000, 0x0000023748000000|100%| E|CS|TAMS 0x0000023746000000| PB 0x0000023746000000| Complete |  0
|4426|0x0000023748000000, 0x000002374a000000, 0x000002374a000000|100%| E|CS|TAMS 0x0000023748000000| PB 0x0000023748000000| Complete |  0
|4427|0x000002374a000000, 0x000002374c000000, 0x000002374c000000|100%| E|CS|TAMS 0x000002374a000000| PB 0x000002374a000000| Complete |  0
|4428|0x000002374c000000, 0x000002374e000000, 0x000002374e000000|100%| E|CS|TAMS 0x000002374c000000| PB 0x000002374c000000| Complete |  0
|4429|0x000002374e000000, 0x0000023750000000, 0x0000023750000000|100%| E|CS|TAMS 0x000002374e000000| PB 0x000002374e000000| Complete |  0
|6399|0x00000246b2000000, 0x00000246b4000000, 0x00000246b4000000|100%| E|CS|TAMS 0x00000246b2000000| PB 0x00000246b2000000| Complete |  0

Card table byte_map: [0x00000246cd000000,0x00000246e6000000] _byte_map_base: 0x00000245c2a60000

Marking Bits: (CMBitMap*) 0x000002149a4b05f0
 Bits: [0x00000246e6000000, 0x00000247ae000000)

Polling page: 0x00000214982f0000

Metaspace:
Metaspace        used 38052K, committed 38464K, reserved 1114112K
 class space     used 4741K, committed 4928K, reserved 1048576K

Usage:
  Non-class:     32.53 MB used.
      Class:      4.63 MB used.
       Both:     37.16 MB used.

Virtual space:
  Non-class space:       64.00 MB reserved,      32.75 MB ( 51%) committed,  1 nodes.
      Class space:        1.00 GB reserved,       4.81 MB ( <1%) committed,  1 nodes.
             Both:        1.06 GB reserved,      37.56 MB (  3%) committed. 

Chunk freelists:
   Non-Class:  15.04 MB
       Class:  11.01 MB
        Both:  26.05 MB

MaxMetaspaceSize: unlimited
CompressedClassSpaceSize: 1.00 GB
Initial GC threshold: 21.00 MB
Current GC threshold: 37.81 MB
CDS: on
 - commit_granule_bytes: 65536.
 - commit_granule_words: 8192.
 - virtual_space_node_default_size: 8388608.
 - enlarge_chunks_in_place: 1.
UseCompressedClassPointers 1, UseCompactObjectHeaders 0
Narrow klass pointer bits 32, Max shift 3
Narrow klass base: 0x0000000094000000, Narrow klass shift: 0
Encoding Range: [0x0000000094000000 - 0x0000000194000000), (4294967296 bytes)
Klass Range:    [0x0000000094010000 - 0x00000000d5000000), (1090453504 bytes)
Klass ID Range:  [65536 - 1090519033) (1090453497)
Protection zone: [0x0000000094000000 - 0x0000000094010000), (65536 bytes)


Internal statistics:

num_allocs_failed_limit: 27.
num_arena_births: 492.
num_arena_deaths: 0.
num_vsnodes_births: 2.
num_vsnodes_deaths: 0.
num_space_committed: 601.
num_space_uncommitted: 0.
num_chunks_returned_to_freelist: 27.
num_chunks_taken_from_freelist: 1655.
num_chunk_merges: 21.
num_chunk_splits: 1190.
num_chunks_enlarged: 932.
num_inconsistent_stats: 0.

CodeHeap 'non-profiled nmethods': size=120064Kb used=6654Kb max_used=6654Kb free=113409Kb
 bounds [0x00000214aa7a0000, 0x00000214aae20000, 0x00000214b1ce0000]
CodeHeap 'profiled nmethods': size=120000Kb used=14125Kb max_used=14125Kb free=105875Kb
 bounds [0x00000214a2ce0000, 0x00000214a3ab0000, 0x00000214aa210000]
CodeHeap 'non-nmethods': size=5696Kb used=1607Kb max_used=1649Kb free=4089Kb
 bounds [0x00000214aa210000, 0x00000214aa480000, 0x00000214aa7a0000]
CodeCache: size=245760Kb, used=22386Kb, max_used=22428Kb, free=223373Kb
 total_blobs=9799, nmethods=9069, adapters=631, full_count=0
Compilation: enabled, stopped_count=0, restarted_count=0

Compilation events (20 events):
Event: 1039.484 Thread 0x00000214b35d1c70 nmethod 9063 0x00000214aae18e08 code [0x00000214aae18f20, 0x00000214aae19d58]
Event: 1039.484 Thread 0x00000214b35d1c70 9064       4       org.matsim.vehicles.VehicleUtils::getVehicleTypes (30 bytes)
Event: 1039.495 Thread 0x00000214b35d1c70 nmethod 9064 0x00000214aae19d88 code [0x00000214aae19e80, 0x00000214aae1a288]
Event: 1039.495 Thread 0x00000214b35d1c70 9065       4       org.matsim.vehicles.VehicleUtils::insertVehicleIdsIntoAttributes (6 bytes)
Event: 1039.565 Thread 0x00000214b35d1c70 nmethod 9065 0x00000214aae1a308 code [0x00000214aae1a420, 0x00000214aae1c620]
Event: 1039.566 Thread 0x00000214b35d1c70 9066       4       org.matsim.vehicles.VehicleUtils::insertVehicleIdsIntoPersonAttributes (68 bytes)
Event: 1039.568 Thread 0x00000214b35dce60 9067 %     3       org.matsim.core.controler.PrepareForSimImpl::createAndAddVehiclesForEveryNetworkMode @ 30 (254 bytes)
Event: 1039.572 Thread 0x00000214b35dce60 nmethod 9067% 0x00000214a3aa5988 code [0x00000214a3aa5a80, 0x00000214a3aa7e98]
Event: 1039.573 Thread 0x00000214b35dce60 9068       3       org.matsim.core.controler.PrepareForSimImpl::createAndAddVehiclesForEveryNetworkMode (254 bytes)
Event: 1039.576 Thread 0x00000214b35dce60 nmethod 9068 0x00000214a3aa7f08 code [0x00000214a3aa8000, 0x00000214a3aaa320]
Event: 1039.635 Thread 0x00000214b35d1c70 nmethod 9066 0x00000214aae1c688 code [0x00000214aae1c7a0, 0x00000214aae1e9a0]
Event: 1039.649 Thread 0x00000214b35d1c70 9069 %     4       org.matsim.core.controler.PrepareForSimImpl::createAndAddVehiclesForEveryNetworkMode @ 30 (254 bytes)
Event: 1039.682 Thread 0x00000214b35d1c70 nmethod 9069% 0x00000214aae1ea08 code [0x00000214aae1eb00, 0x00000214aae1fa50]
Event: 1058.215 Thread 0x00000214b35dce60 9070       3       java.time.format.DateTimeFormatterBuilder::toFormatter (57 bytes)
Event: 1058.216 Thread 0x00000214b35dce60 nmethod 9070 0x00000214a3aaa388 code [0x00000214a3aaa480, 0x00000214a3aaad78]
Event: 1058.222 Thread 0x00000214b35dce60 9071       3       java.lang.Math::abs (13 bytes)
Event: 1058.223 Thread 0x00000214b35dce60 nmethod 9071 0x00000214a3aaad88 code [0x00000214a3aaae80, 0x00000214a3aaafe0]
Event: 1058.230 Thread 0x00000214b35dce60 9072       3       org.apache.logging.log4j.spi.AbstractLogger::logMessage (21 bytes)
Event: 1058.231 Thread 0x00000214b35dce60 nmethod 9072 0x00000214a3aab088 code [0x00000214a3aab180, 0x00000214a3aab3c0]
Event: 1058.231 Thread 0x00000214b35d1c70 9073       4       java.lang.Class::descriptorString (137 bytes)

GC Heap Usage History (20 events):
Event: 644.884 {heap Before GC invocations=46 (full 0):
 garbage-first heap   total reserved 209715200K, committed 145195008K, used 36618240K [0x00000214b4000000, 0x00000246b4000000)
  region size 32768K, 221 young (7241728K), 19 survivors (622592K)
}
Event: 645.704 {heap After GC invocations=47 (full 0):
 garbage-first heap   total reserved 209715200K, committed 145195008K, used 30375936K [0x00000214b4000000, 0x00000246b4000000)
  region size 32768K, 12 young (393216K), 12 survivors (393216K)
}
Event: 670.942 {heap Before GC invocations=47 (full 0):
 garbage-first heap   total reserved 209715200K, committed 145195008K, used 37224448K [0x00000214b4000000, 0x00000246b4000000)
  region size 32768K, 221 young (7241728K), 12 survivors (393216K)
}
Event: 671.387 {heap After GC invocations=48 (full 0):
 garbage-first heap   total reserved 209715200K, committed 145195008K, used 30752768K [0x00000214b4000000, 0x00000246b4000000)
  region size 32768K, 24 young (786432K), 24 survivors (786432K)
}
Event: 698.019 {heap Before GC invocations=48 (full 0):
 garbage-first heap   total reserved 209715200K, committed 145195008K, used 37208064K [0x00000214b4000000, 0x00000246b4000000)
  region size 32768K, 221 young (7241728K), 24 survivors (786432K)
}
Event: 698.843 {heap After GC invocations=49 (full 0):
 garbage-first heap   total reserved 209715200K, committed 145195008K, used 31078814K [0x00000214b4000000, 0x00000246b4000000)
  region size 32768K, 23 young (753664K), 23 survivors (753664K)
}
Event: 729.059 {heap Before GC invocations=49 (full 0):
 garbage-first heap   total reserved 209715200K, committed 145195008K, used 37566878K [0x00000214b4000000, 0x00000246b4000000)
  region size 32768K, 221 young (7241728K), 23 survivors (753664K)
}
Event: 729.742 {heap After GC invocations=50 (full 0):
 garbage-first heap   total reserved 209715200K, committed 145195008K, used 31469945K [0x00000214b4000000, 0x00000246b4000000)
  region size 32768K, 23 young (753664K), 23 survivors (753664K)
}
Event: 791.593 {heap Before GC invocations=50 (full 0):
 garbage-first heap   total reserved 209715200K, committed 145195008K, used 37958009K [0x00000214b4000000, 0x00000246b4000000)
  region size 32768K, 221 young (7241728K), 23 survivors (753664K)
}
Event: 793.075 {heap After GC invocations=51 (full 0):
 garbage-first heap   total reserved 209715200K, committed 145195008K, used 31809666K [0x00000214b4000000, 0x00000246b4000000)
  region size 32768K, 22 young (720896K), 22 survivors (720896K)
}
Event: 860.694 {heap Before GC invocations=51 (full 0):
 garbage-first heap   total reserved 209715200K, committed 145195008K, used 38330498K [0x00000214b4000000, 0x00000246b4000000)
  region size 32768K, 221 young (7241728K), 22 survivors (720896K)
}
Event: 861.593 {heap After GC invocations=52 (full 0):
 garbage-first heap   total reserved 209715200K, committed 145195008K, used 32186435K [0x00000214b4000000, 0x00000246b4000000)
  region size 32768K, 22 young (720896K), 22 survivors (720896K)
}
Event: 899.645 {heap Before GC invocations=52 (full 0):
 garbage-first heap   total reserved 209715200K, committed 145195008K, used 38707267K [0x00000214b4000000, 0x00000246b4000000)
  region size 32768K, 221 young (7241728K), 22 survivors (720896K)
}
Event: 900.319 {heap After GC invocations=53 (full 0):
 garbage-first heap   total reserved 209715200K, committed 145195008K, used 32563235K [0x00000214b4000000, 0x00000246b4000000)
  region size 32768K, 22 young (720896K), 22 survivors (720896K)
}
Event: 925.916 {heap Before GC invocations=53 (full 0):
 garbage-first heap   total reserved 209715200K, committed 145195008K, used 39084067K [0x00000214b4000000, 0x00000246b4000000)
  region size 32768K, 221 young (7241728K), 22 survivors (720896K)
}
Event: 931.706 {heap After GC invocations=54 (full 0):
 garbage-first heap   total reserved 209715200K, committed 145195008K, used 33931251K [0x00000214b4000000, 0x00000246b4000000)
  region size 32768K, 28 young (917504K), 28 survivors (917504K)
}
Event: 947.769 {heap Before GC invocations=54 (full 0):
 garbage-first heap   total reserved 209715200K, committed 145195008K, used 42090483K [0x00000214b4000000, 0x00000246b4000000)
  region size 32768K, 221 young (7241728K), 28 survivors (917504K)
}
Event: 955.988 {heap After GC invocations=55 (full 0):
 garbage-first heap   total reserved 209715200K, committed 145195008K, used 39141376K [0x00000214b4000000, 0x00000246b4000000)
  region size 32768K, 28 young (917504K), 28 survivors (917504K)
}
Event: 983.479 {heap Before GC invocations=55 (full 0):
 garbage-first heap   total reserved 209715200K, committed 145195008K, used 45236224K [0x00000214b4000000, 0x00000246b4000000)
  region size 32768K, 204 young (6684672K), 28 survivors (917504K)
}
Event: 987.229 {heap After GC invocations=56 (full 0):
 garbage-first heap   total reserved 209715200K, committed 145195008K, used 43286528K [0x00000214b4000000, 0x00000246b4000000)
  region size 32768K, 28 young (917504K), 28 survivors (917504K)
}

Metaspace Usage History (20 events):
Event: 644.884 {metaspace Before GC invocations=46 (full 0):
 Metaspace       used 23580K, committed 23872K, reserved 1114112K
  class space    used 2864K, committed 3008K, reserved 1048576K
}
Event: 645.704 {metaspace After GC invocations=47 (full 0):
 Metaspace       used 23580K, committed 23872K, reserved 1114112K
  class space    used 2864K, committed 3008K, reserved 1048576K
}
Event: 670.942 {metaspace Before GC invocations=47 (full 0):
 Metaspace       used 23580K, committed 23872K, reserved 1114112K
  class space    used 2864K, committed 3008K, reserved 1048576K
}
Event: 671.387 {metaspace After GC invocations=48 (full 0):
 Metaspace       used 23580K, committed 23872K, reserved 1114112K
  class space    used 2864K, committed 3008K, reserved 1048576K
}
Event: 698.019 {metaspace Before GC invocations=48 (full 0):
 Metaspace       used 23580K, committed 23872K, reserved 1114112K
  class space    used 2864K, committed 3008K, reserved 1048576K
}
Event: 698.843 {metaspace After GC invocations=49 (full 0):
 Metaspace       used 23580K, committed 23872K, reserved 1114112K
  class space    used 2864K, committed 3008K, reserved 1048576K
}
Event: 729.059 {metaspace Before GC invocations=49 (full 0):
 Metaspace       used 23581K, committed 23872K, reserved 1114112K
  class space    used 2864K, committed 3008K, reserved 1048576K
}
Event: 729.742 {metaspace After GC invocations=50 (full 0):
 Metaspace       used 23581K, committed 23872K, reserved 1114112K
  class space    used 2864K, committed 3008K, reserved 1048576K
}
Event: 791.593 {metaspace Before GC invocations=50 (full 0):
 Metaspace       used 23582K, committed 23872K, reserved 1114112K
  class space    used 2864K, committed 3008K, reserved 1048576K
}
Event: 793.075 {metaspace After GC invocations=51 (full 0):
 Metaspace       used 23582K, committed 23872K, reserved 1114112K
  class space    used 2864K, committed 3008K, reserved 1048576K
}
Event: 860.695 {metaspace Before GC invocations=51 (full 0):
 Metaspace       used 23583K, committed 23872K, reserved 1114112K
  class space    used 2864K, committed 3008K, reserved 1048576K
}
Event: 861.593 {metaspace After GC invocations=52 (full 0):
 Metaspace       used 23583K, committed 23872K, reserved 1114112K
  class space    used 2864K, committed 3008K, reserved 1048576K
}
Event: 899.645 {metaspace Before GC invocations=52 (full 0):
 Metaspace       used 23583K, committed 23872K, reserved 1114112K
  class space    used 2864K, committed 3008K, reserved 1048576K
}
Event: 900.319 {metaspace After GC invocations=53 (full 0):
 Metaspace       used 23583K, committed 23872K, reserved 1114112K
  class space    used 2864K, committed 3008K, reserved 1048576K
}
Event: 925.916 {metaspace Before GC invocations=53 (full 0):
 Metaspace       used 31726K, committed 32192K, reserved 1114112K
  class space    used 4030K, committed 4224K, reserved 1048576K
}
Event: 931.706 {metaspace After GC invocations=54 (full 0):
 Metaspace       used 31726K, committed 32192K, reserved 1114112K
  class space    used 4030K, committed 4224K, reserved 1048576K
}
Event: 947.769 {metaspace Before GC invocations=54 (full 0):
 Metaspace       used 33171K, committed 33600K, reserved 1114112K
  class space    used 4201K, committed 4352K, reserved 1048576K
}
Event: 955.988 {metaspace After GC invocations=55 (full 0):
 Metaspace       used 33171K, committed 33600K, reserved 1114112K
  class space    used 4201K, committed 4352K, reserved 1048576K
}
Event: 983.479 {metaspace Before GC invocations=55 (full 0):
 Metaspace       used 35817K, committed 36160K, reserved 1114112K
  class space    used 4454K, committed 4608K, reserved 1048576K
}
Event: 987.229 {metaspace After GC invocations=56 (full 0):
 Metaspace       used 35817K, committed 36160K, reserved 1114112K
  class space    used 4454K, committed 4608K, reserved 1048576K
}

Dll operation events (11 events):
Event: 0.013 Loaded shared library C:\Program Files\Java\jdk-25.0.2\bin\java.dll
Event: 0.292 Loaded shared library C:\Program Files\Java\jdk-25.0.2\bin\net.dll
Event: 0.294 Loaded shared library C:\Program Files\Java\jdk-25.0.2\bin\nio.dll
Event: 0.338 Loaded shared library C:\Program Files\Java\jdk-25.0.2\bin\zip.dll
Event: 0.373 Loaded shared library C:\Program Files\Java\jdk-25.0.2\bin\jimage.dll
Event: 0.512 Loaded shared library C:\Program Files\Java\jdk-25.0.2\bin\management.dll
Event: 0.515 Loaded shared library C:\Program Files\Java\jdk-25.0.2\bin\management_ext.dll
Event: 1.333 Loaded shared library C:\Program Files\Java\jdk-25.0.2\bin\extnet.dll
Event: 917.604 Loaded shared library C:\Program Files\Java\jdk-25.0.2\bin\verify.dll
Event: 983.084 Loaded shared library C:\Program Files\Java\jdk-25.0.2\bin\awt.dll
Event: 988.004 Loaded shared library C:\Program Files\Java\jdk-25.0.2\bin\sunmscapi.dll

Deoptimization events (20 events):
Event: 1058.221 Thread 0x0000021498185ea0 Uncommon trap: trap_request=0xffffff45 fr.pc=0x00000214aaa703e8 relative=0x0000000000000168
Event: 1058.221 Thread 0x0000021498185ea0 Uncommon trap: reason=unstable_if action=reinterpret pc=0x00000214aaa703e8 method=java.lang.AbstractStringBuilder.setLength(I)V @ 36 c2
Event: 1058.221 Thread 0x0000021498185ea0 DEOPT PACKING pc=0x00000214aaa703e8 sp=0x0000003074dfe8a0
Event: 1058.221 Thread 0x0000021498185ea0 DEOPT UNPACKING pc=0x00000214aa32f882 sp=0x0000003074dfe830 mode 2
Event: 1058.222 Thread 0x0000021498185ea0 Uncommon trap: trap_request=0xffffffde fr.pc=0x00000214aac15d88 relative=0x0000000000000108
Event: 1058.222 Thread 0x0000021498185ea0 Uncommon trap: reason=class_check action=maybe_recompile pc=0x00000214aac15d88 method=java.util.stream.AbstractPipeline.exactOutputSizeIfKnown(Ljava/util/Spliterator;)J @ 16 c2
Event: 1058.222 Thread 0x0000021498185ea0 DEOPT PACKING pc=0x00000214aac15d88 sp=0x0000003074dfe1e0
Event: 1058.222 Thread 0x0000021498185ea0 DEOPT UNPACKING pc=0x00000214aa32f882 sp=0x0000003074dfe170 mode 2
Event: 1058.242 Thread 0x0000021498185ea0 Uncommon trap: trap_request=0xffffff45 fr.pc=0x00000214aacb95d8 relative=0x0000000000000ad8
Event: 1058.242 Thread 0x0000021498185ea0 Uncommon trap: reason=unstable_if action=reinterpret pc=0x00000214aacb95d8 method=java.util.stream.ReferencePipeline.collect(Ljava/util/stream/Collector;)Ljava/lang/Object; @ 4 c2
Event: 1058.242 Thread 0x0000021498185ea0 DEOPT PACKING pc=0x00000214aacb95d8 sp=0x0000003074dff120
Event: 1058.242 Thread 0x0000021498185ea0 DEOPT UNPACKING pc=0x00000214aa32f882 sp=0x0000003074dff0e0 mode 2
Event: 1058.242 Thread 0x0000021498185ea0 Uncommon trap: trap_request=0xffffff45 fr.pc=0x00000214aad3bc08 relative=0x0000000000000588
Event: 1058.242 Thread 0x0000021498185ea0 Uncommon trap: reason=unstable_if action=reinterpret pc=0x00000214aad3bc08 method=java.util.stream.AbstractPipeline.evaluate(Ljava/util/stream/TerminalOp;)Ljava/lang/Object; @ 53 c2
Event: 1058.242 Thread 0x0000021498185ea0 DEOPT PACKING pc=0x00000214aad3bc08 sp=0x0000003074dff0b0
Event: 1058.242 Thread 0x0000021498185ea0 DEOPT UNPACKING pc=0x00000214aa32f882 sp=0x0000003074dff070 mode 2
Event: 1058.242 Thread 0x0000021498185ea0 Uncommon trap: trap_request=0xffffff45 fr.pc=0x00000214aab80e54 relative=0x00000000000000d4
Event: 1058.242 Thread 0x0000021498185ea0 Uncommon trap: reason=unstable_if action=reinterpret pc=0x00000214aab80e54 method=java.util.stream.AbstractPipeline.sourceSpliterator(I)Ljava/util/Spliterator; @ 82 c2
Event: 1058.242 Thread 0x0000021498185ea0 DEOPT PACKING pc=0x00000214aab80e54 sp=0x0000003074dff040
Event: 1058.242 Thread 0x0000021498185ea0 DEOPT UNPACKING pc=0x00000214aa32f882 sp=0x0000003074dfefc0 mode 2

Classes loaded (20 events):
Event: 988.108 Loading class java/util/concurrent/CountDownLatch$Sync
Event: 988.109 Loading class java/util/concurrent/CountDownLatch$Sync done
Event: 988.199 Loading class sun/nio/ch/ServerSocketAdaptor
Event: 988.199 Loading class java/net/ServerSocket
Event: 988.200 Loading class java/net/ServerSocket done
Event: 988.200 Loading class sun/nio/ch/ServerSocketAdaptor done
Event: 988.200 Loading class sun/nio/ch/DummySocketImpl
Event: 988.201 Loading class sun/nio/ch/DummySocketImpl done
Event: 988.215 Loading class java/io/StringWriter
Event: 988.216 Loading class java/io/StringWriter done
Event: 988.302 Loading class java/util/LinkedList$LLSpliterator
Event: 988.302 Loading class java/util/LinkedList$LLSpliterator done
Event: 990.535 Loading class sun/nio/ch/SocketChannelImpl$DefaultOptionsHolder
Event: 990.540 Loading class sun/nio/ch/SocketChannelImpl$DefaultOptionsHolder done
Event: 998.531 Loading class java/nio/DirectByteBuffer$Deallocator
Event: 998.531 Loading class java/nio/DirectByteBuffer$Deallocator done
Event: 1058.207 Loading class java/util/zip/DataFormatException
Event: 1058.209 Loading class java/util/zip/DataFormatException done
Event: 1058.247 Loading class java/util/stream/ReduceOps$4
Event: 1058.249 Loading class java/util/stream/ReduceOps$4 done

Classes unloaded (0 events):
No events

Classes redefined (0 events):
No events

Internal exceptions (20 events):
Event: 983.001 Thread 0x0000021498185ea0 Exception <a 'java/lang/NoSuchMethodError'{0x00000235f9979510}: 'java.lang.Object java.lang.invoke.DelegatingMethodHandle$Holder.reinvoke_L(java.lang.Object, java.lang.Object, double, long)'> (0x00000235f9979510) 
thrown [s\open\src\hotspot\share\interpreter\linkResolver.cpp, line 804]
Event: 983.013 Thread 0x00000247b587a240 Exception <a 'java/lang/NoSuchMethodError'{0x00000235f71e4ea0}: 'java.lang.Object java.lang.invoke.DelegatingMethodHandle$Holder.reinvoke_L(java.lang.Object, java.lang.Object, long, long, long, long)'> (0x00000235f71e4ea0) 
thrown [s\open\src\hotspot\share\interpreter\linkResolver.cpp, line 804]
Event: 983.013 Thread 0x0000021498185ea0 Exception <a 'java/lang/IncompatibleClassChangeError'{0x00000235f99da2e0}: Found class java.lang.Object, but interface was expected> (0x00000235f99da2e0) 
thrown [s\open\src\hotspot\share\interpreter\linkResolver.cpp, line 871]
Event: 983.036 Thread 0x0000021498185ea0 Exception <a 'java/lang/ClassNotFoundException'{0x00000235f9a06818}: sun/awt/resources/spi/awtProvider> (0x00000235f9a06818) 
thrown [s\open\src\hotspot\share\classfile\systemDictionary.cpp, line 327]
Event: 983.088 Thread 0x0000021498185ea0 Exception <a 'java/io/FileNotFoundException'{0x00000235f9a0a6e8}> (0x00000235f9a0a6e8) 
thrown [s\open\src\hotspot\share\prims\jni.cpp, line 516]
Event: 983.089 Thread 0x0000021498185ea0 Exception <a 'java/io/FileNotFoundException'{0x00000235f9a0b348}> (0x00000235f9a0b348) 
thrown [s\open\src\hotspot\share\prims\jni.cpp, line 516]
Event: 983.131 Thread 0x0000021498185ea0 Exception <a 'java/lang/NoClassDefFoundError'{0x00000235f9a35c60}: com/sun/medialib/codec/jiio/Util> (0x00000235f9a35c60) 
thrown [s\open\src\hotspot\share\classfile\systemDictionary.cpp, line 316]
Event: 983.411 Thread 0x0000021498185ea0 Exception <a 'java/lang/NoSuchMethodError'{0x00000235f468f1b8}: 'int java.lang.invoke.DirectMethodHandle$Holder.invokeSpecialIFC(java.lang.Object, java.lang.Object, java.lang.Object)'> (0x00000235f468f1b8) 
thrown [s\open\src\hotspot\share\interpreter\linkResolver.cpp, line 804]
Event: 987.405 Thread 0x0000021498185ea0 Exception <a 'java/lang/NoSuchMethodError'{0x00000246b2599418}: 'java.lang.Object java.lang.invoke.Invokers$Holder.linkToTargetMethod(java.lang.Object, int, java.lang.Object, java.lang.Object)'> (0x00000246b2599418) 
thrown [s\open\src\hotspot\share\interpreter\linkResolver.cpp, line 804]
Event: 987.744 Thread 0x0000021498185ea0 Exception <a 'java/lang/NoSuchMethodError'{0x00000246b2dd1b50}: 'java.lang.Object java.lang.invoke.DirectMethodHandle$Holder.invokeStaticInit(java.lang.Object, int, int, int, int)'> (0x00000246b2dd1b50) 
thrown [s\open\src\hotspot\share\interpreter\linkResolver.cpp, line 804]
Event: 987.915 Thread 0x0000021498185ea0 Exception <a 'java/lang/NoSuchMethodError'{0x00000246b2e4c8f8}: 'java.lang.Object java.lang.invoke.DirectMethodHandle$Holder.invokeStaticInit(java.lang.Object, java.lang.Object, int, int, int, int)'> (0x00000246b2e4c8f8) 
thrown [s\open\src\hotspot\share\interpreter\linkResolver.cpp, line 804]
Event: 988.311 Thread 0x0000021498185ea0 Exception <a 'java/lang/NoSuchMethodError'{0x000002374f165b40}: 'float java.lang.invoke.DirectMethodHandle$Holder.invokeSpecial(java.lang.Object, java.lang.Object)'> (0x000002374f165b40) 
thrown [s\open\src\hotspot\share\interpreter\linkResolver.cpp, line 804]
Event: 988.312 Thread 0x0000021498185ea0 Exception <a 'java/lang/NoSuchMethodError'{0x000002374f16fa30}: 'float java.lang.invoke.DelegatingMethodHandle$Holder.reinvoke_L(java.lang.Object, java.lang.Object)'> (0x000002374f16fa30) 
thrown [s\open\src\hotspot\share\interpreter\linkResolver.cpp, line 804]
Event: 988.323 Thread 0x0000021498185ea0 Exception <a 'java/lang/NoSuchMethodError'{0x000002374f1a00c0}: 'long java.lang.invoke.DirectMethodHandle$Holder.invokeVirtual(java.lang.Object, java.lang.Object)'> (0x000002374f1a00c0) 
thrown [s\open\src\hotspot\share\interpreter\linkResolver.cpp, line 804]
Event: 998.532 Thread 0x00000247b77e0400 Exception <a 'java/lang/NoSuchMethodError'{0x000002374e0ba7e0}: 'void java.lang.invoke.DirectMethodHandle$Holder.invokeVirtual(java.lang.Object, java.lang.Object)'> (0x000002374e0ba7e0) 
thrown [s\open\src\hotspot\share\interpreter\linkResolver.cpp, line 804]
Event: 998.541 Thread 0x00000247b77e0400 Exception <a 'java/lang/NoSuchMethodError'{0x000002374e0ee150}: 'int java.lang.invoke.DirectMethodHandle$Holder.invokeSpecial(java.lang.Object, java.lang.Object, java.lang.Object, java.lang.Object, java.lang.Object)'> (0x000002374e0ee150) 
thrown [s\open\src\hotspot\share\interpreter\linkResolver.cpp, line 804]
Event: 1039.399 Thread 0x0000021498185ea0 Implicit null exception at 0x00000214aae17454 to 0x00000214aae1776c
Event: 1058.200 Thread 0x0000021498185ea0 Implicit null exception at 0x00000214aae1ebaf to 0x00000214aae1f644
Event: 1058.205 Thread 0x0000021498185ea0 Exception <a 'java/io/IOException'{0x00000236d1f6c0f0}> (0x00000236d1f6c0f0) 
thrown [s\open\src\hotspot\share\prims\jni.cpp, line 516]
Event: 1058.210 Thread 0x0000021498185ea0 Exception <a 'java/lang/NoClassDefFoundError'{0x00000236d1f6c928}: org/matsim/core/router/TripStructureUtils> (0x00000236d1f6c928) 
thrown [s\open\src\hotspot\share\classfile\systemDictionary.cpp, line 316]

VM Operations (20 events):
Event: 987.681 Executing safepoint VM operation: CollectForMetadataAllocation (Metadata GC Threshold)
Event: 987.681 Executing safepoint VM operation: CollectForMetadataAllocation (Metadata GC Threshold) done
Event: 987.686 Executing non-safepoint VM operation: HandshakeAllThreads (Deoptimize)
Event: 987.686 Executing non-safepoint VM operation: HandshakeAllThreads (Deoptimize) done
Event: 987.916 Executing safepoint VM operation: CollectForMetadataAllocation (Metadata GC Threshold)
Event: 987.916 Executing safepoint VM operation: CollectForMetadataAllocation (Metadata GC Threshold) done
Event: 988.014 Executing safepoint VM operation: CollectForMetadataAllocation (Metadata GC Threshold)
Event: 988.015 Executing safepoint VM operation: CollectForMetadataAllocation (Metadata GC Threshold) done
Event: 988.151 Executing safepoint VM operation: CollectForMetadataAllocation (Metadata GC Threshold)
Event: 988.151 Executing safepoint VM operation: CollectForMetadataAllocation (Metadata GC Threshold) done
Event: 988.226 Executing safepoint VM operation: CollectForMetadataAllocation (Metadata GC Threshold)
Event: 988.226 Executing safepoint VM operation: CollectForMetadataAllocation (Metadata GC Threshold) done
Event: 998.541 Executing safepoint VM operation: CollectForMetadataAllocation (Metadata GC Threshold)
Event: 998.546 Executing safepoint VM operation: CollectForMetadataAllocation (Metadata GC Threshold) done
Event: 1022.968 Executing non-safepoint VM operation: HandshakeAllThreads (HandshakeForDeflation)
Event: 1022.971 Executing non-safepoint VM operation: HandshakeAllThreads (HandshakeForDeflation) done
Event: 1022.971 Executing non-safepoint VM operation: RendezvousGCThreads
Event: 1022.972 Executing non-safepoint VM operation: RendezvousGCThreads done
Event: 1058.318 Executing non-safepoint VM operation: HandshakeAllThreads (Deoptimize)
Event: 1058.319 Executing non-safepoint VM operation: HandshakeAllThreads (Deoptimize) done

Memory protections (0 events):
No events

Nmethod flushes (0 events):
No events

Events (20 events):
Event: 936.497 Thread 0x0000021498185ea0 Thread added: 0x00000247b5289a40
Event: 936.497 Thread 0x0000021498185ea0 Thread added: 0x00000247b528a210
Event: 936.512 Thread 0x00000214b35dce60 Thread added: 0x00000247b6be1080
Event: 936.775 Thread 0x0000021498185ea0 Thread added: 0x00000247b5288aa0
Event: 936.775 Thread 0x0000021498185ea0 Thread added: 0x00000247b76fc680
Event: 936.775 Thread 0x00000247b6be1080 Thread exited: 0x00000247b6be1080
Event: 936.800 Thread 0x00000214b35d1c70 Thread added: 0x00000247b83420b0
Event: 937.170 Thread 0x00000247b83420b0 Thread exited: 0x00000247b83420b0
Event: 942.465 Thread 0x00000247b528a210 Thread exited: 0x00000247b528a210
Event: 942.465 Thread 0x00000247b5289a40 Thread exited: 0x00000247b5289a40
Event: 942.466 Thread 0x00000247b5288aa0 Thread exited: 0x00000247b5288aa0
Event: 942.466 Thread 0x00000247b76fc680 Thread exited: 0x00000247b76fc680
Event: 955.989 Thread 0x00000247b558a3c0 Thread exited: 0x00000247b558a3c0
Event: 983.010 Thread 0x0000021498185ea0 Thread added: 0x00000247b587a240
Event: 983.134 Thread 0x00000214b35dce60 Thread added: 0x00000247b832ca20
Event: 987.954 Thread 0x00000247b832ca20 Thread exited: 0x00000247b832ca20
Event: 988.129 Thread 0x0000021498185ea0 Thread added: 0x00000247b77e0bd0
Event: 988.147 Thread 0x0000021498185ea0 Thread added: 0x00000247b77e0400
Event: 988.343 Thread 0x00000214b35dce60 Thread added: 0x00000247b6be38d0
Event: 989.566 Thread 0x00000247b6be38d0 Thread exited: 0x00000247b6be38d0


Dynamic libraries:
0x00007ff7351b0000 - 0x00007ff7351c0000 	C:\Program Files\Java\jdk-25.0.2\bin\java.exe
0x00007ffbf7320000 - 0x00007ffbf7586000 	C:\WINDOWS\SYSTEM32\ntdll.dll
0x00007ffbf65c0000 - 0x00007ffbf6689000 	C:\WINDOWS\System32\KERNEL32.DLL
0x00007ffbf48a0000 - 0x00007ffbf4c9e000 	C:\WINDOWS\System32\KERNELBASE.dll
0x00007ffbf4d70000 - 0x00007ffbf4ebc000 	C:\WINDOWS\System32\ucrtbase.dll
0x00007ffb34a40000 - 0x00007ffb34a57000 	C:\Program Files\Java\jdk-25.0.2\bin\jli.dll
0x00007ffb342b0000 - 0x00007ffb342ce000 	C:\Program Files\Java\jdk-25.0.2\bin\VCRUNTIME140.dll
0x00007ffbf6bc0000 - 0x00007ffbf6d87000 	C:\WINDOWS\System32\USER32.dll
0x00007ffbf5020000 - 0x00007ffbf5047000 	C:\WINDOWS\System32\win32u.dll
0x00007ffbd5570000 - 0x00007ffbd5802000 	C:\WINDOWS\WinSxS\amd64_microsoft.windows.common-controls_6595b64144ccf1df_6.0.26100.8875_none_3e0d5d42e32fe9dd\COMCTL32.dll
0x00007ffbf6270000 - 0x00007ffbf629b000 	C:\WINDOWS\System32\GDI32.dll
0x00007ffbf6690000 - 0x00007ffbf6739000 	C:\WINDOWS\System32\msvcrt.dll
0x00007ffbf46c0000 - 0x00007ffbf47ea000 	C:\WINDOWS\System32\gdi32full.dll
0x00007ffbf47f0000 - 0x00007ffbf4893000 	C:\WINDOWS\System32\msvcp_win.dll
0x00007ffbf6940000 - 0x00007ffbf6972000 	C:\WINDOWS\System32\IMM32.DLL
0x00007ffbd3dc0000 - 0x00007ffbd3dcc000 	C:\Program Files\Java\jdk-25.0.2\bin\vcruntime140_1.dll
0x00007ffb26a50000 - 0x00007ffb26add000 	C:\Program Files\Java\jdk-25.0.2\bin\msvcp140.dll
0x00007ffaf9e60000 - 0x00007ffafacbf000 	C:\Program Files\Java\jdk-25.0.2\bin\server\jvm.dll
0x00007ffbf6440000 - 0x00007ffbf64f7000 	C:\WINDOWS\System32\ADVAPI32.dll
0x00007ffbf6aa0000 - 0x00007ffbf6b4a000 	C:\WINDOWS\System32\sechost.dll
0x00007ffbf6980000 - 0x00007ffbf6a98000 	C:\WINDOWS\System32\RPCRT4.dll
0x00007ffbf53e0000 - 0x00007ffbf5460000 	C:\WINDOWS\System32\WS2_32.dll
0x00007ffbf43a0000 - 0x00007ffbf43fe000 	C:\WINDOWS\SYSTEM32\POWRPROF.dll
0x00007ffbdd3e0000 - 0x00007ffbdd416000 	C:\WINDOWS\SYSTEM32\WINMM.dll
0x00007ffbe0aa0000 - 0x00007ffbe0aab000 	C:\WINDOWS\SYSTEM32\VERSION.dll
0x00007ffbf4380000 - 0x00007ffbf4394000 	C:\WINDOWS\SYSTEM32\UMPDC.dll
0x00007ffbf31e0000 - 0x00007ffbf31fb000 	C:\WINDOWS\SYSTEM32\kernel.appcore.dll
0x00007ffbd3950000 - 0x00007ffbd395a000 	C:\Program Files\Java\jdk-25.0.2\bin\jimage.dll
0x00007ffbf1800000 - 0x00007ffbf1a42000 	C:\WINDOWS\SYSTEM32\DBGHELP.DLL
0x00007ffbf6d90000 - 0x00007ffbf7113000 	C:\WINDOWS\System32\combase.dll
0x00007ffbf6740000 - 0x00007ffbf6819000 	C:\WINDOWS\System32\OLEAUT32.dll
0x00007ffbc5c40000 - 0x00007ffbc5c7b000 	C:\WINDOWS\SYSTEM32\dbgcore.DLL
0x00007ffbf4f60000 - 0x00007ffbf500c000 	C:\WINDOWS\System32\bcryptPrimitives.dll
0x00007ffb2c480000 - 0x00007ffb2c49f000 	C:\Program Files\Java\jdk-25.0.2\bin\java.dll
0x00007ffbf62a0000 - 0x00007ffbf6439000 	C:\WINDOWS\System32\ole32.dll
0x00007ffbf5ad0000 - 0x00007ffbf6262000 	C:\WINDOWS\System32\SHELL32.dll
0x00007ffbf1ed0000 - 0x00007ffbf2762000 	C:\WINDOWS\SYSTEM32\windows.storage.dll
0x00007ffbf52c0000 - 0x00007ffbf53b7000 	C:\WINDOWS\System32\SHCORE.dll
0x00007ffbf6500000 - 0x00007ffbf6567000 	C:\WINDOWS\System32\shlwapi.dll
0x00007ffbf4460000 - 0x00007ffbf4489000 	C:\WINDOWS\SYSTEM32\profapi.dll
0x00007ffb2c3e0000 - 0x00007ffb2c3f2000 	C:\Program Files\Java\jdk-25.0.2\bin\net.dll
0x00007ffbf3770000 - 0x00007ffbf37dc000 	C:\WINDOWS\system32\mswsock.dll
0x00007ffb2c3c0000 - 0x00007ffb2c3d6000 	C:\Program Files\Java\jdk-25.0.2\bin\nio.dll
0x00007ffb2b090000 - 0x00007ffb2b0a7000 	C:\Program Files\Java\jdk-25.0.2\bin\zip.dll
0x00007ffbd37a0000 - 0x00007ffbd37aa000 	C:\Program Files\Java\jdk-25.0.2\bin\management.dll
0x00007ffbd1db0000 - 0x00007ffbd1dbc000 	C:\Program Files\Java\jdk-25.0.2\bin\management_ext.dll
0x00007ffbf5630000 - 0x00007ffbf5638000 	C:\WINDOWS\System32\PSAPI.DLL
0x00007ffbc5ef0000 - 0x00007ffbc5f08000 	C:\WINDOWS\system32\napinsp.dll
0x00007ffbf2a60000 - 0x00007ffbf2bb6000 	C:\WINDOWS\SYSTEM32\DNSAPI.dll
0x00007ffbf3570000 - 0x00007ffbf357d000 	C:\WINDOWS\SYSTEM32\DSPARSE.dll
0x00007ffbf29c0000 - 0x00007ffbf29f3000 	C:\WINDOWS\SYSTEM32\IPHLPAPI.DLL
0x00007ffbf6930000 - 0x00007ffbf693a000 	C:\WINDOWS\System32\NSI.dll
0x00007ffbc5c20000 - 0x00007ffbc5c33000 	C:\WINDOWS\System32\winrnr.dll
0x00007ffbc4f10000 - 0x00007ffbc4f32000 	C:\WINDOWS\system32\nlansp_c.dll
0x00007ffbe57b0000 - 0x00007ffbe57c6000 	C:\WINDOWS\system32\wshbth.dll
0x00007ffbe5c20000 - 0x00007ffbe5c2b000 	C:\Windows\System32\rasadhlp.dll
0x00007ffbed4a0000 - 0x00007ffbed526000 	C:\WINDOWS\System32\fwpuclnt.dll
0x00007ffbcece0000 - 0x00007ffbcece9000 	C:\Program Files\Java\jdk-25.0.2\bin\extnet.dll
0x00007ffbec9a0000 - 0x00007ffbec9b0000 	C:\Program Files\Java\jdk-25.0.2\bin\verify.dll
0x00007ffb364b0000 - 0x00007ffb36634000 	C:\Program Files\Java\jdk-25.0.2\bin\awt.dll
0x00007ffbf0550000 - 0x00007ffbf05f0000 	C:\WINDOWS\SYSTEM32\apphelp.dll
0x00007ffbf3ba0000 - 0x00007ffbf3bbb000 	C:\WINDOWS\SYSTEM32\CRYPTSP.dll
0x00007ffbf3140000 - 0x00007ffbf3179000 	C:\WINDOWS\system32\rsaenh.dll
0x00007ffbf3830000 - 0x00007ffbf3862000 	C:\WINDOWS\SYSTEM32\USERENV.dll
0x00007ffbf4430000 - 0x00007ffbf445a000 	C:\WINDOWS\SYSTEM32\bcrypt.dll
0x00007ffbf3b70000 - 0x00007ffbf3b7c000 	C:\WINDOWS\SYSTEM32\CRYPTBASE.dll
0x00007ffbec940000 - 0x00007ffbec94e000 	C:\Program Files\Java\jdk-25.0.2\bin\sunmscapi.dll
0x00007ffbf4540000 - 0x00007ffbf46b8000 	C:\WINDOWS\System32\CRYPT32.dll
0x00007ffbf3d10000 - 0x00007ffbf3d40000 	C:\WINDOWS\SYSTEM32\ncrypt.dll
0x00007ffbf3cc0000 - 0x00007ffbf3cff000 	C:\WINDOWS\SYSTEM32\NTASN1.dll
0x00007ffbf06f0000 - 0x00007ffbf06f8000 	C:\WINDOWS\system32\wshunix.dll

JVMTI agents: none

dbghelp: loaded successfully - version: 4.0.5 - missing functions: none
symbol engine: initialized successfully - sym options: 0x614 - pdb path: .;C:\Program Files\Java\jdk-25.0.2\bin;C:\WINDOWS\SYSTEM32;C:\WINDOWS\WinSxS\amd64_microsoft.windows.common-controls_6595b64144ccf1df_6.0.26100.8875_none_3e0d5d42e32fe9dd;C:\Program Files\Java\jdk-25.0.2\bin\server

VM Arguments:
jvm_args: -Xms100g -Xmx200g -XX:ActiveProcessorCount=8 -Xlog:gc*,os=info,memops=info -Djava.awt.headless=true 
java_command: org.eqasim.bavaria.RunSimulationWithFleetPy --config-path C:\Users\ge37ser\Documents\Coding\FleetPy\studies\minga_simulations\matsim_data\test_grafing_2024_100pct\test_grafing.xml --config:global.numberOfThreads 8 --config:controller.outputDirectory C:\Users\ge37ser\Documents\Coding\FleetPy\studies\minga_simulations\matsim_results\fleetpy_grafing_test --use-vdf True --remote-port 6000
java_class_path (initial): bavaria/target/bavaria-2.0.0.jar
Launcher Type: SUN_STANDARD

[Global flags]
      int ActiveProcessorCount                     = 8                                         {product} {command line}
     intx CICompilerCount                          = 4                                         {product} {ergonomic}
     uint ConcGCThreads                            = 2                                         {product} {ergonomic}
     uint G1ConcRefinementThreads                  = 8                                         {product} {ergonomic}
   size_t G1HeapRegionSize                         = 33554432                                  {product} {ergonomic}
   size_t InitialHeapSize                          = 107374182400                              {product} {command line}
   size_t MarkStackSize                            = 4194304                                   {product} {ergonomic}
   size_t MarkStackSizeMax                         = 536870912                                 {product} {ergonomic}
   size_t MaxHeapSize                              = 214748364800                              {product} {command line}
   size_t MaxNewSize                               = 128849018880                              {product} {ergonomic}
   size_t MinHeapDeltaBytes                        = 33554432                                  {product} {ergonomic}
   size_t MinHeapSize                              = 107374182400                              {product} {command line}
    uintx NonNMethodCodeHeapSize                   = 5832704                                {pd product} {ergonomic}
    uintx NonProfiledCodeHeapSize                  = 122945536                              {pd product} {ergonomic}
    uintx ProfiledCodeHeapSize                     = 122880000                              {pd product} {ergonomic}
    uintx ReservedCodeCacheSize                    = 251658240                              {pd product} {ergonomic}
     bool SegmentedCodeCache                       = true                                      {product} {ergonomic}
   size_t SoftMaxHeapSize                          = 214748364800                           {manageable} {ergonomic}
     bool UseG1GC                                  = true                                      {product} {ergonomic}
     bool UseLargePagesIndividualAllocation        = false                                  {pd product} {ergonomic}

Logging:
Log output configuration:
 #0: stdout all=warning,gc*=info,os=info uptime,level,tags foldmultilines=false
 #1: stderr all=off uptime,level,tags foldmultilines=false

Release file:
IMPLEMENTOR="Oracle Corporation" 
JAVA_RUNTIME_VERSION="25.0.2+10-LTS-69" 
JAVA_VERSION="25.0.2" 
JAVA_VERSION_DATE="2026-01-20" 
LIBC="default" 
MODULES="java.base java.compiler java.datatransfer java.xml java.prefs java.desktop java.instrument java.logging java.management java.security.sasl java.naming java.rmi java.management.rmi java.net.http java.scripting java.security.jgss java.transaction.xa java.sql java.sql.rowset java.xml.crypto java.se java.smartcardio jdk.accessibility jdk.internal.jvmstat jdk.attach jdk.charsets jdk.internal.opt jdk.zipfs jdk.compiler jdk.crypto.cryptoki jdk.crypto.ec jdk.crypto.mscapi jdk.dynalink jdk.internal.ed jdk.editpad jdk.internal.vm.ci jdk.graal.compiler jdk.graal.compiler.management jdk.hotspot.agent jdk.httpserver jdk.incubator.vector jdk.internal.le jdk.internal.md jdk.jartool jdk.javadoc jdk.jcmd jdk.management jdk.management.agent jdk.jconsole jdk.jdeps jdk.jdwp.agent jdk.jdi jdk.jfr jdk.jlink jdk.jpackage jdk.jshell jdk.jsobject jdk.jstatd jdk.localedata jdk.management.jfr jdk.naming.dns jdk.naming.rmi jdk.net jdk.nio.mapmode jdk.sctp jdk.security.auth jdk.security.jgss jdk.unsupported jdk.unsupported.desktop jdk.xml.dom" 
OS_ARCH="x86_64" 
OS_NAME="Windows" 
SOURCE=".:git:b75efb40c93a open:git:405a5699ebd0" 

Environment Variables:
PATH=C:\Users\ge37ser\.conda\envs\fleetpy;C:\Users\ge37ser\.conda\envs\fleetpy\Library\mingw-w64\bin;C:\Users\ge37ser\.conda\envs\fleetpy\Library\usr\bin;C:\Users\ge37ser\.conda\envs\fleetpy\Library\bin;C:\Users\ge37ser\.conda\envs\fleetpy\Scripts;C:\Users\ge37ser\.conda\envs\fleetpy\bin;C:\ProgramData\anaconda3\condabin;C:\gurobi1302\win64\bin;C:\Program Files\Common Files\Oracle\Java\javapath;C:\WINDOWS\system32;C:\WINDOWS;C:\WINDOWS\System32\Wbem;C:\WINDOWS\System32\WindowsPowerShell\v1.0;C:\WINDOWS\System32\OpenSSH;C:\Program Files\Git\cmd;C:\ProgramData\anaconda3\condabin;C:\Program Files\PuTTY;C:\Users\ge37ser\AppData\Local\Microsoft\WindowsApps;C:\Users\ge37ser\AppData\Local\Programs\Microsoft VS Code\bin;C:\Program Files\Java\jdk-25.0.2\bin;C:\Program Files\apache-maven-3.9.16\bin;.
USERNAME=ge37ser
OS=Windows_NT
PROCESSOR_IDENTIFIER=Intel64 Family 6 Model 142 Stepping 12, GenuineIntel
TMP=C:\Users\ge37ser\AppData\Local\Temp
TEMP=C:\Users\ge37ser\AppData\Local\Temp




Compilation memory statistics disabled.

Periodic native trim disabled

---------------  S Y S T E M  ---------------

OS:
 Windows 11 , 64 bit Build 26100 (10.0.26100.8875)
OS uptime: 0 days 8:19 hours
Hyper-V role detected

CPU: total 8 (initial active 8) (4 cores per cpu, 2 threads per core) family 6 model 142 stepping 12 microcode 0x100, cx8, cmov, fxsr, ht, mmx, 3dnowpref, sse, sse2, sse3, ssse3, sse4.1, sse4.2, popcnt, lzcnt, tsc, tscinvbit, avx, avx2, aes, erms, clmul, bmi1, bmi2, adx, fma, vzeroupper, clflush, clflushopt, hv, rdtscp, f16c
Processor Information for the first 8 processors :
  Max Mhz: 2304, Current Mhz: 801, Mhz Limit: 783

Memory: 4k page, system-wide physical 40678M (3815M free)
TotalPageFile size 162613M (AvailPageFile size 0M)
current process WorkingSet (physical memory assigned to process): 22089M, peak: 30790M
current process commit charge ("private bytes"): 145080M, peak: 145113M

vm_info: Java HotSpot(TM) 64-Bit Server VM (25.0.2+10-LTS-69) for windows-amd64 JRE (25.0.2+10-LTS-69), built on 2025-12-18T11:36:35Z with MS VC++ 17.13 (VS2022)

END.
