version 2
JvmtiExport can_access_local_variables 0
JvmtiExport can_hotswap_or_post_breakpoint 1
JvmtiExport can_post_on_exceptions 0
# 235 ciObject found
instanceKlass java/lang/Class
ciInstanceKlass java/lang/Cloneable 1 0 7 100 1 100 1 1 1
instanceKlass  @bci java/util/stream/DistinctOps$1 reduce (Ljava/util/stream/PipelineHelper;Ljava/util/Spliterator;)Ljava/util/stream/Node; 10 <appendix> argL0 ; # java/util/stream/DistinctOps$1$$Lambda+0x00000000954c6218
instanceKlass  @bci java/util/stream/DistinctOps$1 reduce (Ljava/util/stream/PipelineHelper;Ljava/util/Spliterator;)Ljava/util/stream/Node; 5 <appendix> argL0 ; # java/util/stream/DistinctOps$1$$Lambda+0x00000000954c5fe0
instanceKlass  @bci java/util/stream/DistinctOps$1 reduce (Ljava/util/stream/PipelineHelper;Ljava/util/Spliterator;)Ljava/util/stream/Node; 0 <appendix> argL0 ; # java/util/stream/DistinctOps$1$$Lambda+0x00000000954c5db8
instanceKlass  @bci org/matsim/analysis/PersonWriter prepareAttributes ()Ljava/util/List; 24 <appendix> argL0 ; # org/matsim/analysis/PersonWriter$$Lambda+0x00000000954badb0
instanceKlass  @bci org/matsim/core/controler/ControllerListenerManagerImpl fireControllerShutdownEvent (ZILjava/lang/Throwable;)V 135 <appendix> argL0 ; # org/matsim/core/controler/ControllerListenerManagerImpl$$Lambda+0x00000000954ba988
instanceKlass  @bci org/matsim/core/controler/ControllerListenerManagerImpl fireControllerShutdownEvent (ZILjava/lang/Throwable;)V 32 <appendix> argL0 ; # org/matsim/core/controler/ControllerListenerManagerImpl$$Lambda+0x00000000954ba760
instanceKlass org/apache/logging/log4j/core/pattern/ThrowableStackTraceRenderer$Context
instanceKlass org/apache/logging/log4j/core/pattern/ThrowableStackTraceRenderer$Context$Metadata
instanceKlass zmq/util/Blob
instanceKlass  @bci zmq/io/mechanism/Mechanism parseMetadata (Ljava/nio/ByteBuffer;IZ)I 22 <appendix> member <vmtarget> ; # zmq/io/mechanism/Mechanism$$Lambda+0x00000000954b9ce0
instanceKlass  @cpi zmq/io/mechanism/Mechanism 379 form vmentry <vmtarget> ; # java/lang/invoke/LambdaForm$DMH+0x00000000954bc000
instanceKlass zmq/io/Metadata$ParseListener
instanceKlass zmq/io/Msgs
instanceKlass zmq/io/Metadata
instanceKlass zmq/io/coder/Decoder$MessageReady
instanceKlass zmq/io/coder/Decoder$FlagsReady
instanceKlass zmq/io/coder/Decoder$EightByteSizeReady
instanceKlass zmq/io/coder/Decoder$OneByteSizeReady
instanceKlass zmq/io/coder/IDecoder$Step
instanceKlass zmq/io/coder/DecoderBase
instanceKlass  @bci zmq/io/coder/Encoder <init> (Lzmq/util/Errno;I)V 18 <appendix> member <vmtarget> ; # zmq/io/coder/Encoder$$Lambda+0x00000000954b3ae0
instanceKlass  @bci zmq/io/coder/Encoder <init> (Lzmq/util/Errno;I)V 8 <appendix> member <vmtarget> ; # zmq/io/coder/Encoder$$Lambda+0x00000000954b38b0
instanceKlass  @cpi zmq/io/coder/Encoder 35 form vmentry <vmtarget> ; # java/lang/invoke/LambdaForm$DMH+0x00000000954b1800
instanceKlass zmq/io/coder/EncoderBase
instanceKlass org/matsim/core/controler/XY2LinksForFacilities
instanceKlass org/matsim/core/controler/PrepareForSimImpl$1
instanceKlass zmq/io/SessionBase$1
instanceKlass zmq/util/Wire
instanceKlass zmq/poll/PollerBase$TimerInfo
instanceKlass zmq/util/Clock
instanceKlass zmq/pipe/YQueue$Chunk
instanceKlass zmq/pipe/YQueue
instanceKlass zmq/pipe/YPipe
instanceKlass zmq/pipe/YPipeBase
instanceKlass  @bci zmq/io/StreamEngine <init> (Ljava/nio/channels/SocketChannel;Lzmq/Options;Ljava/lang/String;)V 149 <appendix> member <vmtarget> ; # zmq/io/StreamEngine$$Lambda+0x00000000954b5a18
instanceKlass  @bci zmq/io/StreamEngine <init> (Ljava/nio/channels/SocketChannel;Lzmq/Options;Ljava/lang/String;)V 106 <appendix> member <vmtarget> ; # zmq/io/StreamEngine$$Lambda+0x00000000954b57e8
instanceKlass  @bci zmq/io/StreamEngine <init> (Ljava/nio/channels/SocketChannel;Lzmq/Options;Ljava/lang/String;)V 96 <appendix> member <vmtarget> ; # zmq/io/StreamEngine$$Lambda+0x00000000954b55b8
instanceKlass  @bci zmq/io/StreamEngine <init> (Ljava/nio/channels/SocketChannel;Lzmq/Options;Ljava/lang/String;)V 86 <appendix> member <vmtarget> ; # zmq/io/StreamEngine$$Lambda+0x00000000954b5388
instanceKlass  @bci zmq/io/StreamEngine <init> (Ljava/nio/channels/SocketChannel;Lzmq/Options;Ljava/lang/String;)V 76 <appendix> member <vmtarget> ; # zmq/io/StreamEngine$$Lambda+0x00000000954b5158
instanceKlass  @bci zmq/io/StreamEngine <init> (Ljava/nio/channels/SocketChannel;Lzmq/Options;Ljava/lang/String;)V 66 <appendix> member <vmtarget> ; # zmq/io/StreamEngine$$Lambda+0x00000000954b4f28
instanceKlass  @bci zmq/io/StreamEngine <init> (Ljava/nio/channels/SocketChannel;Lzmq/Options;Ljava/lang/String;)V 56 <appendix> member <vmtarget> ; # zmq/io/StreamEngine$$Lambda+0x00000000954b4cf8
instanceKlass  @bci zmq/io/StreamEngine <init> (Ljava/nio/channels/SocketChannel;Lzmq/Options;Ljava/lang/String;)V 46 <appendix> member <vmtarget> ; # zmq/io/StreamEngine$$Lambda+0x00000000954b4ac8
instanceKlass  @bci zmq/io/StreamEngine <init> (Ljava/nio/channels/SocketChannel;Lzmq/Options;Ljava/lang/String;)V 36 <appendix> member <vmtarget> ; # zmq/io/StreamEngine$$Lambda+0x00000000954b4898
instanceKlass  @bci zmq/io/StreamEngine <init> (Ljava/nio/channels/SocketChannel;Lzmq/Options;Ljava/lang/String;)V 26 <appendix> member <vmtarget> ; # zmq/io/StreamEngine$$Lambda+0x00000000954b4668
instanceKlass  @bci zmq/io/StreamEngine <init> (Ljava/nio/channels/SocketChannel;Lzmq/Options;Ljava/lang/String;)V 16 <appendix> member <vmtarget> ; # zmq/io/StreamEngine$$Lambda+0x00000000954b4438
instanceKlass  @bci zmq/io/StreamEngine <init> (Ljava/nio/channels/SocketChannel;Lzmq/Options;Ljava/lang/String;)V 6 <appendix> member <vmtarget> ; # zmq/io/StreamEngine$$Lambda+0x00000000954b4208
instanceKlass zmq/util/function/Function
instanceKlass zmq/io/coder/IDecoder
instanceKlass zmq/io/coder/IEncoder
instanceKlass zmq/io/StreamEngine
instanceKlass sun/nio/ch/SocketChannelImpl$DefaultOptionsHolder
instanceKlass jakarta/validation/constraints/NotEmpty$List
# instanceKlass java/lang/invoke/LambdaForm$MH+0x00000000954b1400
# instanceKlass java/lang/invoke/LambdaForm$DMH+0x00000000954b1000
# instanceKlass java/lang/invoke/LambdaForm$MH+0x00000000954b0c00
# instanceKlass java/lang/invoke/LambdaForm$MH+0x00000000954b0800
# instanceKlass java/lang/invoke/LambdaForm$BMH+0x00000000954b0400
# instanceKlass java/lang/invoke/LambdaForm$DMH+0x00000000954b0000
instanceKlass java/util/LinkedList$LLSpliterator
instanceKlass  @bci org/matsim/core/config/ReflectiveConfigGroup toString (Ljava/lang/Object;)Ljava/lang/String; 31 <appendix> argL0 ; # org/matsim/core/config/ReflectiveConfigGroup$$Lambda+0x00000000954af108
instanceKlass  @bci org/matsim/core/config/ReflectiveConfigGroup getComments ()Ljava/util/Map; 153 <appendix> argL0 ; # org/matsim/core/config/ReflectiveConfigGroup$$Lambda+0x00000000954aeec0
instanceKlass  @bci org/matsim/contribs/discrete_mode_choice/modules/config/ShapeFileConstraintConfigGroup getComments ()Ljava/util/Map; 19 <appendix> argL0 ; # org/matsim/contribs/discrete_mode_choice/modules/config/ShapeFileConstraintConfigGroup$$Lambda+0x00000000954aec78
instanceKlass  @bci org/matsim/contribs/discrete_mode_choice/modules/config/LinkAttributeConstraintConfigGroup getComments ()Ljava/util/Map; 19 <appendix> argL0 ; # org/matsim/contribs/discrete_mode_choice/modules/config/LinkAttributeConstraintConfigGroup$$Lambda+0x00000000954aea30
instanceKlass  @bci org/matsim/contribs/discrete_mode_choice/modules/config/DiscreteModeChoiceConfigGroup getComments ()Ljava/util/Map; 93 <appendix> argL0 ; # org/matsim/contribs/discrete_mode_choice/modules/config/DiscreteModeChoiceConfigGroup$$Lambda+0x00000000954ae7e8
instanceKlass  @bci org/matsim/contribs/discrete_mode_choice/modules/config/DiscreteModeChoiceConfigGroup getComments ()Ljava/util/Map; 18 <appendix> argL0 ; # org/matsim/contribs/discrete_mode_choice/modules/config/DiscreteModeChoiceConfigGroup$$Lambda+0x00000000954ae5a0
instanceKlass org/matsim/core/config/ConfigWriterHandler
instanceKlass org/matsim/core/controler/ControllerUtils
instanceKlass  @bci zmq/util/MultiMap getValues (Ljava/lang/Comparable;)Ljava/util/List; 5 <appendix> argL0 ; # zmq/util/MultiMap$$Lambda+0x00000000954ada48
instanceKlass zmq/SocketBase$EndpointPipe
instanceKlass  @bci zmq/Signaler recv ()V 22 <appendix> member <vmtarget> ; # zmq/Signaler$$Lambda+0x00000000954ad818
instanceKlass zmq/ZObject$1
instanceKlass  @bci zmq/Signaler send ()V 22 <appendix> member <vmtarget> ; # zmq/Signaler$$Lambda+0x00000000954ad1c0
instanceKlass zmq/Signaler$IoOperation
instanceKlass zmq/Command
instanceKlass java/net/ServerSocket
instanceKlass zmq/io/net/ProtocolFamily
instanceKlass zmq/io/net/tcp/TcpAddress
instanceKlass zmq/io/IOObject
instanceKlass zmq/io/IEngine
instanceKlass zmq/SocketBase$1
instanceKlass zmq/io/net/Address
instanceKlass zmq/io/net/Address$IZAddress
instanceKlass  @bci zmq/io/net/NetProtocol <init> (Ljava/lang/String;IZZZ[Lzmq/socket/Sockets;)V 17 <appendix> argL0 ; # zmq/io/net/NetProtocol$$Lambda+0x00000000954aa590
instanceKlass zmq/SocketBase$SimpleURI
instanceKlass zmq/util/ValueReference
instanceKlass zmq/Msg
instanceKlass zmq/socket/FQ
instanceKlass zmq/Options
instanceKlass zmq/poll/Poller$Handle
instanceKlass zmq/poll/PollerBase
instanceKlass  @bci org/zeromq/ZMQ$Socket <init> (Lorg/zeromq/ZContext;Lorg/zeromq/SocketType;)V 18 <appendix> member <vmtarget> ; # org/zeromq/ZMQ$Socket$$Lambda+0x0000000095495540
instanceKlass zmq/util/function/Consumer
instanceKlass zmq/ZMQ$EventConsummer
instanceKlass org/zeromq/ZMQ$Socket
instanceKlass java/lang/invoke/ConstantBootstraps
instanceKlass java/nio/channels/SelectionKey
instanceKlass sun/security/smartcardio/SunPCSC$1
instanceKlass org/jcp/xml/dsig/internal/dom/XMLDSigRI$2
instanceKlass org/jcp/xml/dsig/internal/dom/XMLDSigRI$1
instanceKlass  @bci sun/security/pkcs11/SunPKCS11 register (Lsun/security/pkcs11/SunPKCS11$Descriptor;)V 27 <appendix> argL0 ; # sun/security/pkcs11/SunPKCS11$$Lambda+0x000000009549a6c8
instanceKlass sun/security/pkcs11/SunPKCS11$Descriptor
instanceKlass javax/security/auth/Subject
instanceKlass javax/security/auth/callback/CallbackHandler
instanceKlass sun/security/jca/ProviderConfig$ProviderLoader
instanceKlass java/security/spec/ECFieldF2m
instanceKlass sun/security/util/ObjectIdentifier
instanceKlass sun/security/util/ByteArrayTagOrder
instanceKlass sun/security/util/ByteArrayLexOrder
instanceKlass sun/security/util/DerEncoder
instanceKlass java/security/spec/ECParameterSpec
instanceKlass java/security/spec/AlgorithmParameterSpec
instanceKlass java/security/spec/ECPoint
instanceKlass java/security/spec/EllipticCurve
instanceKlass java/security/spec/ECFieldFp
instanceKlass java/security/spec/ECField
instanceKlass sun/security/util/CurveDB
instanceKlass sun/security/rsa/SunRsaSignEntries
instanceKlass sun/nio/ch/UnixDomainSocketsUtil
instanceKlass sun/nio/ch/UnixDomainSockets
instanceKlass sun/nio/ch/WEPoll
instanceKlass sun/nio/ch/Util$2
instanceKlass java/nio/channels/spi/AbstractSelector$1
instanceKlass java/nio/channels/Selector
instanceKlass zmq/io/net/tcp/TcpUtils$SocketOptionsProvider
instanceKlass zmq/io/net/tcp/TcpUtils
instanceKlass java/nio/BufferMismatch
instanceKlass sun/security/provider/AbstractDrbg$NonceProvider
instanceKlass  @bci sun/security/provider/AbstractDrbg$SeederHolder <clinit> ()V 42 <appendix> member <vmtarget> ; # sun/security/provider/AbstractDrbg$SeederHolder$$Lambda+0x000000009547a008
instanceKlass  @cpi sun/security/provider/AbstractDrbg$SeederHolder 91 form vmentry <vmtarget> ; # java/lang/invoke/LambdaForm$DMH+0x0000000095498c00
# instanceKlass java/lang/invoke/LambdaForm$DMH+0x0000000095498800
instanceKlass sun/nio/fs/BasicFileAttributesHolder
instanceKlass sun/nio/fs/WindowsDirectoryStream$WindowsDirectoryIterator
instanceKlass sun/nio/fs/WindowsDirectoryStream
instanceKlass java/nio/file/DirectoryStream
instanceKlass java/nio/file/Files$AcceptAllFilter
instanceKlass java/nio/file/DirectoryStream$Filter
instanceKlass java/net/NetworkInterface$1
instanceKlass sun/security/provider/ByteArrayAccess$BE
instanceKlass sun/security/provider/ByteArrayAccess
instanceKlass sun/security/util/MessageDigestSpi2
instanceKlass sun/security/jca/GetInstance$Instance
instanceKlass sun/security/jca/GetInstance
instanceKlass java/security/MessageDigestSpi
instanceKlass sun/security/provider/SeedGenerator
instanceKlass sun/security/provider/AbstractDrbg$SeederHolder
instanceKlass java/security/DrbgParameters$NextBytes
instanceKlass java/net/DefaultInterface
instanceKlass java/net/InterfaceAddress
instanceKlass sun/nio/ch/PipeImpl$Initializer$LoopbackConnector
instanceKlass sun/nio/ch/PipeImpl$Initializer
instanceKlass  @bci sun/security/provider/AbstractDrbg <clinit> ()V 12 <appendix> argL0 ; # sun/security/provider/AbstractDrbg$$Lambda+0x0000000095475748
instanceKlass  @cpi sun/security/provider/AbstractDrbg 383 form vmentry <vmtarget> ; # java/lang/invoke/LambdaForm$DMH+0x0000000095498400
# instanceKlass java/lang/invoke/LambdaForm$DMH+0x0000000095498000
instanceKlass sun/security/provider/EntropySource
instanceKlass sun/security/provider/AbstractDrbg
instanceKlass java/security/DrbgParameters$Instantiation
instanceKlass java/security/DrbgParameters
instanceKlass sun/security/provider/MoreDrbgParameters
instanceKlass java/security/SecureRandomSpi
instanceKlass sun/security/util/SecurityProviderConstants
instanceKlass java/security/Provider$UString
instanceKlass java/security/Provider$Service
instanceKlass sun/security/provider/NativePRNG$NonBlocking
instanceKlass sun/security/provider/NativePRNG$Blocking
instanceKlass sun/security/provider/NativePRNG
instanceKlass sun/security/provider/SunEntries
instanceKlass sun/security/util/SecurityConstants
instanceKlass java/util/AbstractList$Itr
instanceKlass javax/security/auth/login/Configuration$Parameters
instanceKlass java/security/Policy$Parameters
instanceKlass javax/crypto/KDFParameters
instanceKlass java/security/cert/CertStoreParameters
instanceKlass java/security/SecureRandomParameters
instanceKlass java/security/Provider$EngineDescription
instanceKlass  @bci java/security/Provider <clinit> ()V 28 <appendix> argL0 ; # java/security/Provider$$Lambda+0x0000000095470dc0
instanceKlass java/security/Provider$ServiceKey
instanceKlass sun/security/jca/ProviderConfig
instanceKlass sun/security/jca/ProviderList
instanceKlass sun/security/jca/Providers
instanceKlass sun/nio/ch/DefaultSelectorProvider
instanceKlass java/nio/channels/spi/SelectorProvider$Holder
instanceKlass java/nio/channels/spi/SelectorProvider
instanceKlass java/nio/channels/Pipe
instanceKlass  @bci zmq/Signaler <init> (Lzmq/Ctx;ILzmq/util/Errno;)V 17 <appendix> argL0 ; # zmq/Signaler$$Lambda+0x0000000095493e58
instanceKlass  @bci zmq/Signaler <init> (Lzmq/Ctx;ILzmq/util/Errno;)V 5 <appendix> argL0 ; # zmq/Signaler$$Lambda+0x0000000095493c30
instanceKlass zmq/Signaler
instanceKlass zmq/Mailbox
instanceKlass zmq/IMailbox
instanceKlass  @bci zmq/Ctx <init> ()V 120 <appendix> member <vmtarget> ; # zmq/Ctx$$Lambda+0x0000000095493328
instanceKlass zmq/util/function/BiFunction
instanceKlass  @bci zmq/Ctx <init> ()V 68 <appendix> argL0 ; # zmq/Ctx$$Lambda+0x0000000095492ef8
instanceKlass  @bci zmq/util/Errno <clinit> ()V 0 <appendix> argL0 ; # zmq/util/Errno$$Lambda+0x0000000095492cd0
instanceKlass zmq/util/Errno
instanceKlass zmq/util/MultiMap$EntryComparator
instanceKlass zmq/util/MultiMap
instanceKlass zmq/pipe/Pipe$IPipeEvents
instanceKlass zmq/poll/IPollEvents
instanceKlass zmq/ZObject
instanceKlass zmq/Ctx
instanceKlass  @bci zmq/util/Utils checkArgument (ZLjava/lang/String;)V 2 <appendix> member <vmtarget> ; # zmq/util/Utils$$Lambda+0x0000000095490b88
instanceKlass zmq/util/function/Supplier
instanceKlass  @bci zmq/util/Utils <clinit> ()V 0 <appendix> argL0 ; # zmq/util/Utils$$Lambda+0x0000000095490758
instanceKlass zmq/util/Utils
instanceKlass org/zeromq/ZMQ$Context
instanceKlass zmq/msg/MsgAllocatorHeap
instanceKlass zmq/msg/MsgAllocatorDirect
instanceKlass zmq/msg/MsgAllocatorThreshold
instanceKlass zmq/io/mechanism/Mechanism
instanceKlass zmq/msg/MsgAllocator
instanceKlass zmq/ZMQ
instanceKlass org/zeromq/ZMQ
instanceKlass org/zeromq/ZContext
instanceKlass org/matsim/contribs/discrete_mode_choice/modules/DiscreteModeChoiceConfigurator
instanceKlass  @bci org/matsim/analysis/ScoreStatsControlerListener notifyStartup (Lorg/matsim/core/controler/events/StartupEvent;)V 58 <appendix> member <vmtarget> ; # org/matsim/analysis/ScoreStatsControlerListener$$Lambda+0x000000009548f058
instanceKlass java/io/FileOutputStream$1
instanceKlass com/google/common/primitives/IntsMethodsForWeb
instanceKlass org/matsim/guice/GraphvizRenderer$1
instanceKlass com/google/inject/grapher/graphviz/GraphvizEdge
instanceKlass  @bci org/matsim/core/config/ConfigGroup toString ()Ljava/lang/String; 111 <adapter> ; # java/lang/invoke/LambdaForm$MH+0x0000000095488c00
instanceKlass  @bci org/matsim/core/config/ConfigGroup toString ()Ljava/lang/String; 111 <appendix> form vmentry <vmtarget> ; # java/lang/invoke/LambdaForm$MH+0x0000000095488800
instanceKlass com/google/inject/grapher/graphviz/GraphvizNode
instanceKlass com/google/inject/grapher/graphviz/PortIdFactoryImpl
instanceKlass com/google/inject/grapher/ShortNameFactory
instanceKlass com/google/inject/grapher/graphviz/PortIdFactory
instanceKlass com/google/inject/grapher/NameFactory
instanceKlass org/matsim/guice/GraphvizRenderer
instanceKlass  @bci org/jgrapht/graph/MaskEdgeSet iterator ()Ljava/util/Iterator; 10 <appendix> member <vmtarget> ; # org/jgrapht/graph/MaskEdgeSet$$Lambda+0x000000009548c000
instanceKlass org/jgrapht/traverse/BreadthFirstIterator$SearchNodeData
instanceKlass org/jgrapht/util/TypeUtil
instanceKlass org/jgrapht/traverse/AbstractGraphIterator
instanceKlass org/jgrapht/traverse/GraphIterator
instanceKlass  @bci java/util/stream/StreamSpliterators$WrappingSpliterator initPartialTraversalState ()V 37 <appendix> member <vmtarget> ; # java/util/stream/StreamSpliterators$WrappingSpliterator$$Lambda+0x000000009546cce0
instanceKlass  @bci java/util/stream/StreamSpliterators$WrappingSpliterator initPartialTraversalState ()V 24 <appendix> member <vmtarget> ; # java/util/stream/StreamSpliterators$WrappingSpliterator$$Lambda+0x000000009546ca28
instanceKlass java/util/stream/StreamSpliterators
instanceKlass java/util/stream/StreamSpliterators$AbstractWrappingSpliterator
instanceKlass  @bci java/util/stream/AbstractPipeline spliterator ()Ljava/util/Spliterator; 103 <appendix> member <vmtarget> ; # java/util/stream/AbstractPipeline$$Lambda+0x000000009546c0a8
instanceKlass  @bci java/util/function/Predicate negate ()Ljava/util/function/Predicate; 1 <appendix> member <vmtarget> ; # java/util/function/Predicate$$Lambda+0x000000009546be48
instanceKlass  @cpi java/util/function/Predicate 75 form vmentry <vmtarget> ; # java/lang/invoke/LambdaForm$DMH+0x0000000095488000
instanceKlass org/jgrapht/Graphs
instanceKlass  @bci org/matsim/guice/MatsimGrapher findGraphComponentReachableFromControler (Lorg/jgrapht/Graph;)Lorg/jgrapht/Graph; 58 <appendix> argL0 ; # org/matsim/guice/MatsimGrapher$$Lambda+0x0000000095485c48
instanceKlass  @bci org/matsim/guice/MatsimGrapher findGraphComponentReachableFromControler (Lorg/jgrapht/Graph;)Lorg/jgrapht/Graph; 53 <appendix> member <vmtarget> ; # org/matsim/guice/MatsimGrapher$$Lambda+0x00000000954859e8
instanceKlass org/jgrapht/alg/interfaces/PartitioningAlgorithm$Partitioning
instanceKlass org/jgrapht/GraphTests
instanceKlass org/jgrapht/event/TraversalListener
instanceKlass org/jgrapht/alg/connectivity/ConnectivityInspector
instanceKlass org/jgrapht/event/GraphListener
instanceKlass org/jgrapht/event/VertexSetListener
instanceKlass  @bci org/matsim/guice/MatsimGrapher filterGraph ()Lorg/jgrapht/Graph; 14 <appendix> argL0 ; # org/matsim/guice/MatsimGrapher$$Lambda+0x00000000954839e8
instanceKlass  @bci org/matsim/guice/MatsimGrapher filterGraph ()Lorg/jgrapht/Graph; 9 <appendix> member <vmtarget> ; # org/matsim/guice/MatsimGrapher$$Lambda+0x0000000095483788
instanceKlass  @bci org/jgrapht/graph/UniformIntrusiveEdgesSpecifics add (Ljava/lang/Object;Ljava/lang/Object;Ljava/lang/Object;)Z 35 <appendix> argL0 ; # org/jgrapht/graph/UniformIntrusiveEdgesSpecifics$$Lambda+0x0000000095483100
instanceKlass org/jgrapht/alg/util/Pair
instanceKlass org/jgrapht/graph/specifics/DirectedEdgeContainer
instanceKlass com/google/inject/grapher/Node
instanceKlass com/google/inject/grapher/Alias
instanceKlass org/jgrapht/graph/BaseIntrusiveEdgesSpecifics
instanceKlass  @bci org/jgrapht/graph/FastLookupGraphSpecificsStrategy getIntrusiveEdgesSpecificsFactory ()Ljava/util/function/Function; 0 <appendix> argL0 ; # org/jgrapht/graph/FastLookupGraphSpecificsStrategy$$Lambda+0x000000009545f968
instanceKlass org/jgrapht/graph/specifics/ArrayUnenforcedSetEdgeSetFactory
instanceKlass org/jgrapht/graph/specifics/DirectedSpecifics
instanceKlass  @bci org/jgrapht/graph/FastLookupGraphSpecificsStrategy getSpecificsFactory ()Ljava/util/function/BiFunction; 1 <appendix> member <vmtarget> ; # org/jgrapht/graph/FastLookupGraphSpecificsStrategy$$Lambda+0x000000009545eec8
instanceKlass org/jgrapht/graph/specifics/Specifics
instanceKlass org/jgrapht/graph/IntrusiveEdgesSpecifics
instanceKlass org/jgrapht/graph/EdgeSetFactory
instanceKlass org/jgrapht/graph/FastLookupGraphSpecificsStrategy
instanceKlass org/jgrapht/graph/DefaultGraphType
instanceKlass org/jgrapht/graph/DefaultGraphType$Builder
instanceKlass  @bci org/jgrapht/util/SupplierUtil getThrowingSupplier (Ljava/lang/Throwable;)Ljava/util/function/Supplier; 1 <appendix> member <vmtarget> ; # org/jgrapht/util/SupplierUtil$$Lambda+0x000000009545de98
instanceKlass com/google/inject/grapher/NodeId
instanceKlass  @bci org/jgrapht/util/SupplierUtil <clinit> ()V 28 <appendix> argL0 ; # org/jgrapht/util/SupplierUtil$$Lambda+0x000000009545da58
instanceKlass  @bci org/jgrapht/util/SupplierUtil <clinit> ()V 14 <appendix> argL0 ; # org/jgrapht/util/SupplierUtil$$Lambda+0x000000009545d830
instanceKlass  @bci org/jgrapht/util/SupplierUtil <clinit> ()V 0 <appendix> argL0 ; # org/jgrapht/util/SupplierUtil$$Lambda+0x000000009545d1c0
instanceKlass org/jgrapht/graph/IntrusiveEdge
instanceKlass org/jgrapht/util/SupplierUtil
instanceKlass com/google/inject/grapher/Edge
instanceKlass org/jgrapht/GraphType
instanceKlass org/jgrapht/graph/GraphSpecificsStrategy
instanceKlass org/jgrapht/GraphIterables
instanceKlass org/jgrapht/graph/AbstractGraph
instanceKlass  @bci org/matsim/guice/DependencyGraphControllerListener notifyStartup (Lorg/matsim/core/controler/events/StartupEvent;)V 54 <appendix> argL0 ; # org/matsim/guice/DependencyGraphControllerListener$$Lambda+0x000000009545b1c0
instanceKlass com/google/inject/grapher/DefaultEdgeCreator
instanceKlass com/google/inject/grapher/DefaultNodeCreator
instanceKlass com/google/inject/grapher/ProviderAliasCreator
instanceKlass com/google/inject/grapher/DefaultRootKeySetCreator
instanceKlass com/google/inject/grapher/EdgeCreator
instanceKlass com/google/inject/grapher/NodeCreator
instanceKlass com/google/inject/grapher/AliasCreator
instanceKlass com/google/inject/grapher/RootKeySetCreator
instanceKlass com/google/inject/grapher/AbstractInjectorGrapher$GrapherParameters
instanceKlass org/jgrapht/Graph
instanceKlass com/google/inject/grapher/AbstractInjectorGrapher
instanceKlass com/google/inject/grapher/InjectorGrapher
instanceKlass javax/imageio/ImageIO$CacheInfo
instanceKlass javax/imageio/ImageTypeSpecifier
instanceKlass javax/imageio/metadata/IIOMetadataFormat
instanceKlass javax/imageio/ImageWriter
instanceKlass javax/imageio/ImageTranscoder
instanceKlass javax/imageio/spi/FilterIterator
instanceKlass java/awt/image/RenderedImage
instanceKlass javax/accessibility/Accessible
instanceKlass java/awt/event/MouseMotionListener
instanceKlass java/awt/event/MouseListener
instanceKlass java/awt/event/ComponentListener
instanceKlass java/awt/event/AdjustmentListener
instanceKlass java/awt/Component
instanceKlass java/awt/MenuContainer
instanceKlass java/awt/image/ImageObserver
instanceKlass it/geosolutions/imageio/utilities/ImageIOUtilities
instanceKlass it/geosolutions/imageioimpl/plugins/tiff/TIFFImageReaderSpi$TIFFFilter
instanceKlass javax/imageio/spi/ServiceRegistry$Filter
instanceKlass com/sun/media/imageioimpl/plugins/bmp/BMPConstants
instanceKlass java/awt/image/ColorModel
instanceKlass com/sun/media/imageioimpl/common/ImageUtil
instanceKlass jj2000/j2k/util/MsgLogger
instanceKlass com/sun/media/imageioimpl/common/PackageUtil$1
instanceKlass javax/imageio/ImageReader
instanceKlass it/geosolutions/imageio/core/BasicAuthURI
instanceKlass javax/imageio/spi/PartialOrderIterator
instanceKlass com/sun/media/imageioimpl/common/PackageUtil
instanceKlass javax/imageio/stream/ImageInputStreamImpl
instanceKlass sun/java2d/cmm/ProfileDeferralInfo
instanceKlass java/awt/color/ICC_Profile$BuiltInProfile
instanceKlass  @bci java/awt/color/ICC_Profile <clinit> ()V 0 <appendix> argL0 ; # java/awt/color/ICC_Profile$$Lambda+0x0000000095461588
instanceKlass sun/java2d/cmm/Profile
instanceKlass sun/awt/AWTAccessor$ICC_ProfileAccessor
instanceKlass java/awt/color/ICC_Profile
instanceKlass java/awt/color/ColorSpace$BuiltInSpace
instanceKlass java/awt/color/ColorSpace
instanceKlass com/sun/imageio/plugins/jpeg/JPEG
instanceKlass javax/imageio/stream/ImageOutputStream
instanceKlass javax/imageio/spi/DigraphNode
instanceKlass javax/imageio/stream/ImageInputStream
instanceKlass javax/imageio/spi/SubRegistry
instanceKlass sun/awt/PostEventQueue
instanceKlass sun/awt/MostRecentKeyValue
instanceKlass java/awt/Queue
instanceKlass java/awt/EventQueue$2
instanceKlass sun/awt/AWTAccessor$EventQueueAccessor
instanceKlass java/awt/EventQueue$1
instanceKlass java/awt/EventQueue
instanceKlass sun/awt/WeakIdentityHashMap
instanceKlass java/awt/GraphicsEnvironment
instanceKlass java/awt/Insets
instanceKlass sun/awt/AWTAccessor
instanceKlass java/awt/Toolkit$1
instanceKlass sun/awt/AWTAccessor$ToolkitAccessor
instanceKlass java/awt/Toolkit
instanceKlass sun/awt/KeyboardFocusManagerPeerProvider
instanceKlass sun/awt/InputMethodSupport
instanceKlass sun/awt/ComponentFactory
instanceKlass sun/awt/AppContext$3
instanceKlass jdk/internal/access/JavaAWTAccess
instanceKlass sun/awt/AppContext$GetAppContextLock
instanceKlass sun/awt/AppContext
instanceKlass javax/imageio/spi/IIOServiceProvider
instanceKlass javax/imageio/spi/RegisterableService
instanceKlass javax/imageio/spi/ServiceRegistry
instanceKlass javax/imageio/ImageIO
instanceKlass  @bci org/matsim/core/controler/ControllerListenerManagerImpl fireControllerStartupEvent ()V 180 <appendix> form vmentry <vmtarget> ; # java/lang/invoke/LambdaForm$MH+0x000000009544bc00
instanceKlass  @bci org/matsim/core/controler/ControllerListenerManagerImpl fireControllerStartupEvent ()V 122 <appendix> argL0 ; # org/matsim/core/controler/ControllerListenerManagerImpl$$Lambda+0x0000000095445b80
instanceKlass java/util/Collections$ReverseComparator2
instanceKlass java/util/Collections$ReverseComparator
instanceKlass  @bci org/matsim/core/controler/ControllerListenerManagerImpl fireControllerStartupEvent ()V 26 <appendix> argL0 ; # org/matsim/core/controler/ControllerListenerManagerImpl$$Lambda+0x0000000095445958
instanceKlass  @bci org/matsim/utils/MemoryObserver printMemory ()V 68 <adapter> ; # java/lang/invoke/LambdaForm$MH+0x000000009544b400
instanceKlass  @bci org/matsim/utils/MemoryObserver printMemory ()V 68 <appendix> form vmentry <vmtarget> ; # java/lang/invoke/LambdaForm$MH+0x000000009544b000
# instanceKlass java/lang/invoke/LambdaForm$BMH+0x000000009544ac00
instanceKlass  @bci org/matsim/utils/MemoryObserver printMemory ()V 68 <appendix> form names 7 function resolvedHandle form vmentry <vmtarget> ; # java/lang/invoke/LambdaForm$DMH+0x000000009544a800
instanceKlass org/matsim/core/controler/MatsimRuntimeModifications$1
instanceKlass  @bci org/matsim/utils/MemoryObserver printMemory ()V 68 <appendix> argL0 form vmentry <vmtarget> ; # java/lang/invoke/LambdaForm$DMH+0x000000009544a400
instanceKlass org/matsim/core/controler/MatsimRuntimeModifications
instanceKlass org/matsim/core/controler/AbstractController$1
instanceKlass org/matsim/utils/MemoryObserver$MemoryPrinter
instanceKlass org/matsim/utils/MemoryObserver
instanceKlass  @bci org/matsim/core/gbl/Gbl printSystemInfo ()V 104 <adapter> ; # java/lang/invoke/LambdaForm$MH+0x0000000095449c00
instanceKlass  @bci org/matsim/core/gbl/Gbl printSystemInfo ()V 104 <appendix> form vmentry <vmtarget> ; # java/lang/invoke/LambdaForm$MH+0x0000000095449800
# instanceKlass java/lang/invoke/LambdaForm$BMH+0x0000000095449400
instanceKlass  @bci org/matsim/core/gbl/Gbl printSystemInfo ()V 104 <appendix> form names 5 function resolvedHandle form vmentry <vmtarget> ; # java/lang/invoke/LambdaForm$DMH+0x0000000095449000
instanceKlass  @bci org/matsim/core/gbl/Gbl printSystemInfo ()V 104 <appendix> argL0 form vmentry <vmtarget> ; # java/lang/invoke/LambdaForm$DMH+0x0000000095448c00
instanceKlass  @bci org/matsim/core/config/ConfigWriterHandlerImplV2 writeRegularEntries (Ljava/io/BufferedWriter;Ljava/lang/String;Ljava/lang/String;Ljava/lang/String;Ljava/lang/String;Lorg/matsim/core/config/ConfigGroup;Ljava/util/Map;Ljava/util/Map;)Ljava/lang/Boolean; 388 <appendix> form vmentry <vmtarget> ; # java/lang/invoke/LambdaForm$MH+0x0000000095448400
instanceKlass org/apache/logging/log4j/core/appender/ConfigurationFactoryData
instanceKlass org/apache/logging/log4j/core/appender/FileManager$FileManagerFactory
instanceKlass org/matsim/core/controler/OutputDirectoryLogging
instanceKlass  @bci java/lang/reflect/Executable sharedToString (IZ[Ljava/lang/Class;[Ljava/lang/Class;)Ljava/lang/String; 29 <appendix> argL0 ; # java/lang/reflect/Executable$$Lambda+0x00000000952f6588
instanceKlass com/google/inject/internal/asm/$Context
instanceKlass com/google/inject/internal/asm/$ClassReader
instanceKlass com/google/inject/internal/util/LineNumbers
instanceKlass com/google/common/base/MoreObjects$ToStringHelper$ValueHolder
instanceKlass com/google/common/base/MoreObjects$ToStringHelper
instanceKlass  @bci org/matsim/analysis/ScoreStatsControlerListener <init> (Lorg/matsim/core/config/groups/ControllerConfigGroup;Lorg/matsim/api/core/v01/population/Population;Lorg/matsim/core/controler/OutputDirectoryHierarchy;Lorg/matsim/core/config/groups/GlobalConfigGroup;)V 94 <appendix> argL0 ; # org/matsim/analysis/ScoreStatsControlerListener$$Lambda+0x00000000954406c0
instanceKlass  @bci org/matsim/analysis/ScoreStatsControlerListener <init> (Lorg/matsim/core/config/groups/ControllerConfigGroup;Lorg/matsim/api/core/v01/population/Population;Lorg/matsim/core/controler/OutputDirectoryHierarchy;Lorg/matsim/core/config/groups/GlobalConfigGroup;)V 84 <appendix> argL0 ; # org/matsim/analysis/ScoreStatsControlerListener$$Lambda+0x0000000095440478
instanceKlass  @bci org/apache/commons/lang3/ArrayUtils addAll ([Ljava/lang/Object;[Ljava/lang/Object;)[Ljava/lang/Object; 31 <appendix> member <vmtarget> ; # org/apache/commons/lang3/ArrayUtils$$Lambda+0x0000000095440248
instanceKlass  @bci org/apache/commons/lang3/ClassUtils <clinit> ()V 522 <appendix> argL0 ; # org/apache/commons/lang3/ClassUtils$$Lambda+0x0000000095440000
instanceKlass  @bci org/apache/commons/lang3/ClassUtils <clinit> ()V 517 <appendix> argL0 ; # org/apache/commons/lang3/ClassUtils$$Lambda+0x0000000095438cd8
instanceKlass  @bci org/apache/commons/lang3/ClassUtils <clinit> ()V 353 <appendix> argL0 ; # org/apache/commons/lang3/ClassUtils$$Lambda+0x0000000095438aa0
instanceKlass  @bci org/apache/commons/lang3/ClassUtils <clinit> ()V 0 <appendix> argL0 ; # org/apache/commons/lang3/ClassUtils$$Lambda+0x0000000095438800
instanceKlass org/apache/commons/lang3/ClassUtils
instanceKlass org/apache/commons/lang3/ObjectUtils$Null
instanceKlass org/apache/commons/lang3/ObjectUtils
instanceKlass org/apache/commons/lang3/ArrayUtils
instanceKlass org/matsim/analysis/CalcLinkStats$LinkData
instanceKlass org/eqasim/core/simulation/modes/drt/analysis/dvrp_vehicles/VehicleAnalysisListener
instanceKlass org/eqasim/core/simulation/modes/drt/analysis/utils/PassengerTracker
instanceKlass  @bci org/eqasim/core/simulation/modes/drt/analysis/DrtAnalysisListener <init> (Lorg/eqasim/core/components/config/EqasimConfigGroup;Lorg/matsim/contrib/drt/run/MultiModeDrtConfigGroup;Lorg/matsim/core/controler/OutputDirectoryHierarchy;Lorg/matsim/api/core/v01/network/Network;Lorg/eqasim/core/simulation/modes/drt/analysis/utils/VehicleRegistry;)V 47 <appendix> argL0 ; # org/eqasim/core/simulation/modes/drt/analysis/DrtAnalysisListener$$Lambda+0x000000009543b9d8
instanceKlass org/eqasim/core/simulation/modes/drt/analysis/passengers/PassengerAnalysisListener
instanceKlass org/eqasim/core/simulation/modes/drt/analysis/utils/LinkFinder
instanceKlass org/eqasim/core/scenario/cutter/network/RoadNetwork
instanceKlass org/matsim/contrib/dvrp/optimizer/Request
instanceKlass org/jfree/data/statistics/BoxAndWhiskerCategoryDataset
instanceKlass org/jfree/data/category/CategoryDataset
instanceKlass org/jfree/data/KeyedValues2D
instanceKlass org/jfree/data/Values2D
instanceKlass  @bci org/matsim/contrib/dvrp/analysis/VehicleTaskProfileView <init> (Lorg/matsim/contrib/dvrp/analysis/VehicleTaskProfileCalculator;Ljava/util/Comparator;Ljava/util/Map;)V 19 <appendix> argL0 ; # org/matsim/contrib/dvrp/analysis/VehicleTaskProfileView$$Lambda+0x000000009543a498
instanceKlass org/matsim/contrib/dvrp/analysis/VehicleTaskProfileView
instanceKlass  @bci one/util/streamex/EntryStream toMapConsumer (Ljava/util/Map;)Ljava/util/function/Consumer; 1 <appendix> member <vmtarget> ; # one/util/streamex/EntryStream$$Lambda+0x000000009543a000
instanceKlass  @bci one/util/streamex/EntryStream mapKeys (Ljava/util/function/Function;)Lone/util/streamex/EntryStream; 12 <appendix> member <vmtarget> ; # one/util/streamex/EntryStream$$Lambda+0x000000009543fc18
instanceKlass  @bci org/matsim/contrib/dvrp/analysis/VehicleOccupancyProfileView <init> (Lorg/matsim/contrib/dvrp/analysis/VehicleOccupancyProfileCalculator;Ljava/util/Comparator;Ljava/util/Map;)V 19 <appendix> argL0 ; # org/matsim/contrib/dvrp/analysis/VehicleOccupancyProfileView$$Lambda+0x000000009543f9d0
instanceKlass  @bci one/util/streamex/StreamContext of (Ljava/util/stream/BaseStream;)Lone/util/streamex/StreamContext; 34 <appendix> member <vmtarget> ; # one/util/streamex/StreamContext$$Lambda+0x000000009543f7a0
instanceKlass one/util/streamex/StreamContext
instanceKlass java/util/stream/LongStream
instanceKlass one/util/streamex/BaseStreamEx
instanceKlass org/matsim/contrib/dvrp/analysis/VehicleOccupancyProfileView
instanceKlass org/eqasim/core/components/transit/events/PublicTransitEventMapper
instanceKlass org/matsim/core/events/MatsimEventsReader$CustomEventMapper
instanceKlass  @bci org/eqasim/core/simulation/modes/feeder_drt/config/MultiModeFeederDrtConfigGroup getModeConfigs ()Ljava/util/Map; 14 <appendix> argL0 ; # org/eqasim/core/simulation/modes/feeder_drt/config/MultiModeFeederDrtConfigGroup$$Lambda+0x000000009543d178
instanceKlass  @bci org/eqasim/core/simulation/modes/feeder_drt/config/MultiModeFeederDrtConfigGroup getModeConfigs ()Ljava/util/Map; 9 <appendix> argL0 ; # org/eqasim/core/simulation/modes/feeder_drt/config/MultiModeFeederDrtConfigGroup$$Lambda+0x000000009543cf30
instanceKlass org/matsim/api/core/v01/IdMap$IdIterator
instanceKlass org/eqasim/core/simulation/vdf/io/VDFWriterInterface
instanceKlass org/eqasim/core/simulation/vdf/io/VDFReaderInterface
instanceKlass  @bci org/matsim/core/scoring/ScoringFunctionsForPopulation <init> (Lorg/matsim/core/controler/ControllerListenerManager;Lorg/matsim/core/api/experimental/events/EventsManager;Lorg/matsim/core/scoring/EventsToActivities;Lorg/matsim/core/scoring/EventsToLegs;Lorg/matsim/api/core/v01/population/Population;Lorg/matsim/core/scoring/ScoringFunctionFactory;Lorg/matsim/core/config/Config;)V 177 <appendix> member <vmtarget> ; # org/matsim/core/scoring/ScoringFunctionsForPopulation$$Lambda+0x000000009543c000
instanceKlass  @bci org/matsim/core/scoring/ScoringFunctionsForPopulation <init> (Lorg/matsim/core/controler/ControllerListenerManager;Lorg/matsim/core/api/experimental/events/EventsManager;Lorg/matsim/core/scoring/EventsToActivities;Lorg/matsim/core/scoring/EventsToLegs;Lorg/matsim/api/core/v01/population/Population;Lorg/matsim/core/scoring/ScoringFunctionFactory;Lorg/matsim/core/config/Config;)V 166 <appendix> member <vmtarget> ; # org/matsim/core/scoring/ScoringFunctionsForPopulation$$Lambda+0x0000000095437ba8
instanceKlass  @bci org/matsim/core/scoring/ScoringFunctionsForPopulation <init> (Lorg/matsim/core/controler/ControllerListenerManager;Lorg/matsim/core/api/experimental/events/EventsManager;Lorg/matsim/core/scoring/EventsToActivities;Lorg/matsim/core/scoring/EventsToLegs;Lorg/matsim/api/core/v01/population/Population;Lorg/matsim/core/scoring/ScoringFunctionFactory;Lorg/matsim/core/config/Config;)V 85 <appendix> member <vmtarget> ; # org/matsim/core/scoring/ScoringFunctionsForPopulation$$Lambda+0x0000000095437958
instanceKlass org/matsim/core/scoring/ExperiencedPlansServiceImpl$1
instanceKlass org/matsim/core/utils/misc/ClassUtils
instanceKlass org/matsim/core/scoring/EventsToActivities$1
instanceKlass  @bci org/matsim/core/replanning/GenericStrategyManagerImpl addChangeRequest (ILorg/matsim/core/replanning/GenericPlanStrategy;Ljava/lang/String;D)V 91 <adapter> ; # java/lang/invoke/LambdaForm$MH+0x0000000095438400
instanceKlass  @bci org/matsim/core/replanning/GenericStrategyManagerImpl addChangeRequest (ILorg/matsim/core/replanning/GenericPlanStrategy;Ljava/lang/String;D)V 91 <appendix> form vmentry <vmtarget> ; # java/lang/invoke/LambdaForm$MH+0x0000000095438000
instanceKlass  @bci org/matsim/core/replanning/GenericStrategyManagerImpl addChangeRequest (ILorg/matsim/core/replanning/GenericPlanStrategy;Ljava/lang/String;D)V 91 <appendix> form names 6 function resolvedHandle form vmentry <vmtarget> ; # java/lang/invoke/LambdaForm$DMH+0x0000000095435c00
instanceKlass org/matsim/core/replanning/ReplanningUtils
instanceKlass org/matsim/core/replanning/GenericStrategyManagerImpl$StrategyWeights
instanceKlass org/matsim/core/replanning/selectors/GenericWorstPlanForRemovalSelector
instanceKlass org/matsim/core/replanning/selectors/KeepSelected
instanceKlass org/matsim/core/replanning/GenericPlanStrategyImpl
instanceKlass org/matsim/core/replanning/modules/AbstractMultithreadedModule$ExceptionHandler
instanceKlass org/matsim/core/replanning/selectors/RandomPlanSelector
instanceKlass org/matsim/core/replanning/PlanStrategyImpl$Builder
instanceKlass  @bci org/matsim/contrib/drt/analysis/DrtModeAnalysisModule lambda$install$14 (Lorg/matsim/core/modal/ModalProviders$InstanceGetter;)Lorg/matsim/contrib/common/zones/ZoneSystem; 56 <appendix> argL0 ; # org/matsim/contrib/drt/analysis/DrtModeAnalysisModule$$Lambda+0x00000000954332f8
instanceKlass java/awt/Stroke
instanceKlass org/jfree/data/xy/XYDataset
instanceKlass org/jfree/data/general/SeriesDataset
instanceKlass org/jfree/data/general/Dataset
instanceKlass org/jfree/data/time/RegularTimePeriod
instanceKlass org/jfree/chart/date/MonthConstants
instanceKlass org/jfree/data/time/TimePeriod
instanceKlass  @bci org/matsim/contrib/dvrp/analysis/VehicleTaskProfileCalculator <init> (Ljava/lang/String;Lorg/matsim/contrib/dvrp/fleet/FleetSpecification;ILorg/matsim/core/config/groups/QSimConfigGroup;)V 54 <appendix> argL0 ; # org/matsim/contrib/dvrp/analysis/VehicleTaskProfileCalculator$$Lambda+0x0000000095432110
instanceKlass java/util/stream/ReduceOps$12ReducingSink
instanceKlass java/util/stream/Sink$OfDouble
instanceKlass  @bci java/util/stream/DoublePipeline max ()Ljava/util/OptionalDouble; 1 <appendix> argL0 ; # java/util/stream/DoublePipeline$$Lambda+0x00000000952f5078
instanceKlass  @cpi java/util/stream/DoublePipeline 612 form vmentry <vmtarget> ; # java/lang/invoke/LambdaForm$DMH+0x0000000095435400
instanceKlass java/util/function/DoubleBinaryOperator
instanceKlass java/util/stream/DoubleStream
instanceKlass  @bci org/matsim/contrib/dvrp/analysis/VehicleOccupancyProfileCalculator <init> (Ljava/lang/String;Lorg/matsim/contrib/dvrp/fleet/FleetSpecification;ILorg/matsim/core/config/groups/QSimConfigGroup;Lcom/google/common/collect/ImmutableSet;Lorg/matsim/contrib/dvrp/load/DvrpLoadType;)V 60 <appendix> argL0 ; # org/matsim/contrib/dvrp/analysis/VehicleOccupancyProfileCalculator$$Lambda+0x0000000095431ee8
instanceKlass  @cpi org/matsim/contrib/dvrp/analysis/VehicleTaskProfileCalculator 283 form vmentry <vmtarget> ; # java/lang/invoke/LambdaForm$DMH+0x0000000095435000
instanceKlass org/matsim/contrib/drt/analysis/DrtVehicleDistanceStats$VehicleState
instanceKlass  @bci org/matsim/contrib/drt/analysis/DrtVehicleDistanceStats initializeVehicles ()V 33 <appendix> member <vmtarget> ; # org/matsim/contrib/drt/analysis/DrtVehicleDistanceStats$$Lambda+0x0000000095431a90
instanceKlass  @cpi org/matsim/contrib/drt/analysis/DrtVehicleDistanceStats 252 form vmentry <vmtarget> ; # java/lang/invoke/LambdaForm$DMH+0x0000000095434c00
instanceKlass org/matsim/core/router/speedy/DAryMinHeap$IntIterator
instanceKlass org/matsim/core/router/speedy/DAryMinHeap
instanceKlass org/matsim/core/router/speedy/SpeedyALT
instanceKlass  @bci org/matsim/core/router/speedy/SpeedyALTData calcLandmarks ()V 190 <appendix> member <vmtarget> ; # org/matsim/core/router/speedy/SpeedyALTData$$Lambda+0x0000000095430f28
instanceKlass  @bci org/matsim/core/router/speedy/SpeedyALTData calcLandmarks ()V 168 <appendix> member <vmtarget> ; # org/matsim/core/router/speedy/SpeedyALTData$$Lambda+0x0000000095430cf8
instanceKlass  @bci org/matsim/core/router/speedy/SpeedyALTData calculateTreeBackward (I)[D 47 <appendix> member <vmtarget> ; # org/matsim/core/router/speedy/SpeedyALTData$$Lambda+0x0000000095430ac8
instanceKlass  @bci org/matsim/core/router/speedy/SpeedyALTData calculateTreeForward (I)[D 47 <appendix> member <vmtarget> ; # org/matsim/core/router/speedy/SpeedyALTData$$Lambda+0x0000000095430898
instanceKlass  @bci org/matsim/core/router/speedy/SpeedyALTData calculateNextLandmark (I)I 68 <appendix> member <vmtarget> ; # org/matsim/core/router/speedy/SpeedyALTData$$Lambda+0x0000000095430668
# instanceKlass java/lang/invoke/LambdaForm$DMH+0x0000000095434800
# instanceKlass java/lang/invoke/LambdaForm$DMH+0x0000000095434400
instanceKlass  @cpi org/matsim/core/router/speedy/SpeedyALTData 409 form vmentry <vmtarget> ; # java/lang/invoke/LambdaForm$DMH+0x0000000095434000
instanceKlass org/matsim/core/router/speedy/NodeMinHeap$CostSetter
instanceKlass  @bci org/matsim/core/router/speedy/SpeedyALTData calculateNextLandmark (I)I 62 <appendix> member <vmtarget> ; # org/matsim/core/router/speedy/SpeedyALTData$$Lambda+0x0000000095430230
instanceKlass  @bci org/matsim/core/router/speedy/SpeedyALTData calculateTreeForward (I)[D 41 <appendix> member <vmtarget> ; # org/matsim/core/router/speedy/SpeedyALTData$$Lambda+0x0000000095430000
instanceKlass  @bci org/matsim/core/router/speedy/SpeedyALTData calculateTreeBackward (I)[D 41 <appendix> member <vmtarget> ; # org/matsim/core/router/speedy/SpeedyALTData$$Lambda+0x000000009542dd60
instanceKlass org/matsim/core/router/speedy/NodeMinHeap$CostGetter
instanceKlass org/matsim/core/router/speedy/NodeMinHeap
instanceKlass  @bci org/matsim/core/router/speedy/SpeedyALTData calcLandmarks ()V 119 <appendix> member <vmtarget> ; # org/matsim/core/router/speedy/SpeedyALTData$$Lambda+0x000000009542d6d8
instanceKlass  @bci org/matsim/core/router/speedy/SpeedyALTData calcLandmarks ()V 102 <appendix> form vmentry <vmtarget> ; # java/lang/invoke/LambdaForm$DMH+0x000000009542cc00
instanceKlass  @bci org/matsim/core/router/speedy/SpeedyALTData calcLandmarks ()V 102 <appendix> member <vmtarget> ; # org/matsim/core/router/speedy/SpeedyALTData$$Lambda+0x000000009542d4a8
instanceKlass  @bci org/matsim/core/router/speedy/SpeedyALTData findDeadEnds ()V 167 <appendix> member <vmtarget> ; # org/matsim/core/router/speedy/SpeedyALTData$$Lambda+0x000000009542d268
instanceKlass org/matsim/core/router/speedy/SpeedyGraph$AbstractLinkIterator
instanceKlass org/matsim/core/router/speedy/SpeedyALTData
instanceKlass org/matsim/core/router/speedy/SpeedyGraph$LinkIterator
instanceKlass org/matsim/api/core/v01/IdMap$KeySet
instanceKlass org/matsim/core/router/speedy/SpeedyGraph
instanceKlass org/matsim/core/router/speedy/SpeedyGraphBuilder
instanceKlass  @bci org/matsim/contrib/drt/run/DrtModeRoutingModule lambda$install$2 (Lorg/matsim/contrib/drt/optimizer/constraints/DrtOptimizationConstraintsSet;)Lorg/matsim/contrib/drt/optimizer/constraints/ConstraintSetChooser; 1 <appendix> member <vmtarget> ; # org/matsim/contrib/drt/run/DrtModeRoutingModule$$Lambda+0x000000009542e480
instanceKlass  @cpi org/matsim/contrib/drt/run/DrtModeRoutingModule 504 form vmentry <vmtarget> ; # java/lang/invoke/LambdaForm$DMH+0x000000009542c800
instanceKlass java/util/stream/Sink$ChainedInt
instanceKlass java/util/stream/Sink$OfInt
instanceKlass  @bci org/matsim/contrib/drt/routing/DefaultDrtRouteUpdater <init> (Lorg/matsim/contrib/drt/run/DrtConfigGroup;Lorg/matsim/api/core/v01/network/Network;Lorg/matsim/api/core/v01/population/Population;Lorg/matsim/core/config/Config;Ljava/util/function/Supplier;Lorg/matsim/contrib/drt/estimator/DrtEstimator;)V 44 <appendix> member <vmtarget> ; # org/matsim/contrib/drt/routing/DefaultDrtRouteUpdater$$Lambda+0x000000009542e250
instanceKlass  @cpi org/matsim/contrib/drt/routing/DefaultDrtRouteUpdater 306 form vmentry <vmtarget> ; # java/lang/invoke/LambdaForm$DMH+0x000000009542c400
instanceKlass org/matsim/contrib/util/ExecutorServiceWithResource
instanceKlass  @bci org/matsim/contrib/drt/run/DrtModeRoutingModule$1 get ()Lorg/matsim/contrib/drt/routing/DefaultDrtRouteUpdater; 73 <appendix> member <vmtarget> ; # org/matsim/contrib/drt/run/DrtModeRoutingModule$1$$Lambda+0x000000009542bc68
instanceKlass  @bci org/matsim/core/utils/collections/QuadTrees createQuadTree (Ljava/util/Collection;)Lorg/matsim/core/utils/collections/QuadTree; 1 <appendix> argL0 ; # org/matsim/core/utils/collections/QuadTrees$$Lambda+0x000000009542ba20
instanceKlass org/matsim/core/utils/collections/QuadTrees
instanceKlass  @bci org/matsim/contrib/drt/run/DrtModeRoutingModule createDrtStopNetworkFromTransitSchedule (Lorg/matsim/core/config/Config;Lorg/matsim/contrib/drt/run/DrtConfigGroup;)Lorg/matsim/contrib/drt/routing/DrtStopNetwork; 87 <appendix> member <vmtarget> ; # org/matsim/contrib/drt/run/DrtModeRoutingModule$$Lambda+0x000000009542b5e0
instanceKlass  @bci com/google/common/collect/CollectCollectors toImmutableMap (Ljava/util/function/Function;Ljava/util/function/Function;)Ljava/util/stream/Collector; 27 <appendix> argL0 ; # com/google/common/collect/CollectCollectors$$Lambda+0x000000009542b398
instanceKlass  @bci com/google/common/collect/CollectCollectors toImmutableMap (Ljava/util/function/Function;Ljava/util/function/Function;)Ljava/util/stream/Collector; 22 <appendix> argL0 ; # com/google/common/collect/CollectCollectors$$Lambda+0x000000009542b148
instanceKlass  @bci com/google/common/collect/CollectCollectors toImmutableMap (Ljava/util/function/Function;Ljava/util/function/Function;)Ljava/util/stream/Collector; 17 <appendix> member <vmtarget> ; # com/google/common/collect/CollectCollectors$$Lambda+0x000000009542af08
instanceKlass  @bci com/google/common/collect/CollectCollectors toImmutableMap (Ljava/util/function/Function;Ljava/util/function/Function;)Ljava/util/stream/Collector; 10 <appendix> argL0 ; # com/google/common/collect/CollectCollectors$$Lambda+0x000000009542ace0
instanceKlass  @bci org/matsim/contrib/drt/run/DrtModeRoutingModule createDrtStopNetworkFromTransitSchedule (Lorg/matsim/core/config/Config;Lorg/matsim/contrib/drt/run/DrtConfigGroup;)Lorg/matsim/contrib/drt/routing/DrtStopNetwork; 67 <appendix> argL0 ; # org/matsim/contrib/drt/run/DrtModeRoutingModule$$Lambda+0x000000009542aa98
instanceKlass  @bci org/matsim/contrib/drt/run/DrtModeRoutingModule createDrtStopNetworkFromTransitSchedule (Lorg/matsim/core/config/Config;Lorg/matsim/contrib/drt/run/DrtConfigGroup;)Lorg/matsim/contrib/drt/routing/DrtStopNetwork; 62 <appendix> argL0 ; # org/matsim/contrib/drt/run/DrtModeRoutingModule$$Lambda+0x000000009542a850
instanceKlass  @bci org/matsim/contrib/drt/run/DrtModeRoutingModule createDrtStopNetworkFromTransitSchedule (Lorg/matsim/core/config/Config;Lorg/matsim/contrib/drt/run/DrtConfigGroup;)Lorg/matsim/contrib/drt/routing/DrtStopNetwork; 52 <appendix> argL0 ; # org/matsim/contrib/drt/run/DrtModeRoutingModule$$Lambda+0x000000009542a608
instanceKlass org/matsim/contrib/drt/routing/DrtStopFacilityImpl
instanceKlass org/matsim/contrib/common/util/DistanceUtils
instanceKlass  @bci java/util/function/BinaryOperator minBy (Ljava/util/Comparator;)Ljava/util/function/BinaryOperator; 6 <appendix> member <vmtarget> ; # java/util/function/BinaryOperator$$Lambda+0x00000000952f2d98
instanceKlass  @bci org/matsim/contrib/drt/analysis/zonal/MostCentralDrtZoneTargetLinkSelector lambda$new$3 (Lorg/matsim/contrib/common/zones/ZoneSystem;Lorg/matsim/contrib/common/zones/Zone;)Lorg/matsim/api/core/v01/network/Link; 29 <appendix> member <vmtarget> ; # org/matsim/contrib/drt/analysis/zonal/MostCentralDrtZoneTargetLinkSelector$$Lambda+0x0000000095429ee0
instanceKlass  @bci java/util/Comparator comparingDouble (Ljava/util/function/ToDoubleFunction;)Ljava/util/Comparator; 6 <appendix> member <vmtarget> ; # java/util/Comparator$$Lambda+0x00000000952f2af0
instanceKlass  @bci org/matsim/contrib/drt/analysis/zonal/MostCentralDrtZoneTargetLinkSelector lambda$new$3 (Lorg/matsim/contrib/common/zones/ZoneSystem;Lorg/matsim/contrib/common/zones/Zone;)Lorg/matsim/api/core/v01/network/Link; 19 <appendix> member <vmtarget> ; # org/matsim/contrib/drt/analysis/zonal/MostCentralDrtZoneTargetLinkSelector$$Lambda+0x0000000095429cb0
instanceKlass  @cpi org/matsim/contrib/drt/analysis/zonal/MostCentralDrtZoneTargetLinkSelector 170 form vmentry <vmtarget> ; # java/lang/invoke/LambdaForm$DMH+0x000000009542c000
instanceKlass java/util/function/ToDoubleFunction
instanceKlass  @bci org/matsim/contrib/drt/analysis/zonal/MostCentralDrtZoneTargetLinkSelector <init> (Lorg/matsim/contrib/common/zones/ZoneSystem;)V 28 <appendix> member <vmtarget> ; # org/matsim/contrib/drt/analysis/zonal/MostCentralDrtZoneTargetLinkSelector$$Lambda+0x0000000095429a60
instanceKlass  @bci org/matsim/contrib/drt/analysis/zonal/MostCentralDrtZoneTargetLinkSelector <init> (Lorg/matsim/contrib/common/zones/ZoneSystem;)V 21 <appendix> argL0 ; # org/matsim/contrib/drt/analysis/zonal/MostCentralDrtZoneTargetLinkSelector$$Lambda+0x0000000095429818
instanceKlass org/matsim/contrib/drt/analysis/zonal/MostCentralDrtZoneTargetLinkSelector
instanceKlass org/matsim/contrib/drt/optimizer/rebalancing/RebalancingModule$2
instanceKlass org/matsim/core/utils/geometry/geotools/MGC
instanceKlass org/locationtech/jts/util/Assert
instanceKlass org/locationtech/jts/geom/CoordinateArrays
instanceKlass java/lang/FdLibm
instanceKlass java/lang/FdLibm$Hypot
instanceKlass org/locationtech/jts/algorithm/Orientation
instanceKlass org/locationtech/jts/algorithm/Centroid
instanceKlass org/matsim/contrib/common/zones/ZoneImpl
instanceKlass org/locationtech/jts/geom/util/ComponentCoordinateExtracter
instanceKlass org/locationtech/jts/algorithm/locate/PointOnGeometryLocator
instanceKlass org/locationtech/jts/geom/prep/BasicPreparedGeometry
instanceKlass org/locationtech/jts/geom/Geometry$1
instanceKlass org/locationtech/jts/geom/GeometryComponentFilter
instanceKlass org/locationtech/jts/geom/Coordinates
instanceKlass org/locationtech/jts/geom/Coordinate
instanceKlass org/locationtech/jts/geom/impl/CoordinateArraySequence
instanceKlass java/awt/geom/Point2D
instanceKlass org/locationtech/jts/geom/util/AffineTransformation
instanceKlass org/geotools/geometry/AbstractPosition
instanceKlass org/geotools/api/util/Cloneable
instanceKlass org/geotools/api/referencing/crs/CoordinateReferenceSystem
instanceKlass org/geotools/api/referencing/ReferenceSystem
instanceKlass org/geotools/api/referencing/IdentifiedObject
instanceKlass org/geotools/api/geometry/Position
instanceKlass java/awt/geom/RectangularShape
instanceKlass org/locationtech/jts/geom/CoordinateSequenceFilter
instanceKlass java/awt/Shape
instanceKlass org/geotools/api/geometry/BoundingBox3D
instanceKlass org/locationtech/jts/geom/Envelope
instanceKlass org/geotools/api/geometry/BoundingBox
instanceKlass org/geotools/api/geometry/Bounds
instanceKlass org/geotools/geometry/jts/JTS
instanceKlass org/geotools/geometry/jts/GeometryBuilder
instanceKlass org/locationtech/jts/geom/CoordinateSequence
instanceKlass org/locationtech/jts/geom/impl/CoordinateArraySequenceFactory
instanceKlass org/locationtech/jts/geom/PrecisionModel$Type
instanceKlass org/locationtech/jts/geom/PrecisionModel
instanceKlass org/locationtech/jts/geom/CoordinateSequenceFactory
instanceKlass org/locationtech/jts/geom/util/GeometryEditor$GeometryEditorOperation
instanceKlass org/locationtech/jts/geom/Lineal
instanceKlass org/locationtech/jts/geom/GeometryFactory
instanceKlass org/matsim/core/utils/geometry/GeometryUtils
instanceKlass  @bci org/matsim/contrib/common/zones/systems/grid/square/SquareGridZoneSystem <init> (Lorg/matsim/api/core/v01/network/Network;DZLjava/util/function/Predicate;)V 151 <appendix> member <vmtarget> ; # org/matsim/contrib/common/zones/systems/grid/square/SquareGridZoneSystem$$Lambda+0x000000009541a650
instanceKlass  @bci org/matsim/contrib/common/zones/systems/grid/square/SquareGridZoneSystem getIndexToLink (Lorg/matsim/api/core/v01/network/Network;)Ljava/util/Map; 17 <appendix> member <vmtarget> ; # org/matsim/contrib/common/zones/systems/grid/square/SquareGridZoneSystem$$Lambda+0x000000009541a400
instanceKlass org/locationtech/jts/geom/Polygonal
instanceKlass org/matsim/contrib/common/zones/systems/grid/square/SquareGridZoneSystem
instanceKlass org/matsim/contrib/common/zones/GridZoneSystem
instanceKlass org/matsim/contrib/common/zones/util/ZoneFinder
instanceKlass org/locationtech/jts/geom/Puntal
instanceKlass org/locationtech/jts/geom/Geometry
instanceKlass org/matsim/contrib/common/zones/ZoneSystemUtils
instanceKlass  @bci org/matsim/contrib/drt/optimizer/rebalancing/RebalancingModule lambda$install$3 (Lorg/matsim/contrib/drt/optimizer/rebalancing/RebalancingParams;Lorg/matsim/core/modal/ModalProviders$InstanceGetter;)Lorg/matsim/contrib/common/zones/ZoneSystem; 57 <appendix> argL0 ; # org/matsim/contrib/drt/optimizer/rebalancing/RebalancingModule$$Lambda+0x000000009541e548
instanceKlass org/matsim/contrib/dvrp/fleet/ImmutableDvrpVehicleSpecification$Builder
instanceKlass org/matsim/contrib/dvrp/fleet/ImmutableDvrpVehicleSpecification
instanceKlass org/matsim/contrib/dvrp/fleet/DvrpVehicleSpecification
instanceKlass org/matsim/contrib/common/collections/SpecificationContainer
instanceKlass org/matsim/contrib/dvrp/fleet/FleetSpecificationImpl
instanceKlass  @bci org/eqasim/core/simulation/modes/feeder_drt/router/access_egress_stop_search/CompositeAccessEgressStopSearch <init> (Ljava/util/Collection;Lorg/matsim/api/core/v01/network/Network;)V 131 <appendix> member <vmtarget> ; # org/eqasim/core/simulation/modes/feeder_drt/router/access_egress_stop_search/CompositeAccessEgressStopSearch$$Lambda+0x000000009541d470
instanceKlass  @bci org/eqasim/core/simulation/modes/feeder_drt/router/access_egress_stop_search/CompositeAccessEgressStopSearch <init> (Ljava/util/Collection;Lorg/matsim/api/core/v01/network/Network;)V 118 <appendix> argL0 ; # org/eqasim/core/simulation/modes/feeder_drt/router/access_egress_stop_search/CompositeAccessEgressStopSearch$$Lambda+0x000000009541d228
instanceKlass  @bci org/eqasim/core/simulation/modes/feeder_drt/router/access_egress_stop_search/CompositeAccessEgressStopSearch <init> (Ljava/util/Collection;Lorg/matsim/api/core/v01/network/Network;)V 102 <appendix> member <vmtarget> ; # org/eqasim/core/simulation/modes/feeder_drt/router/access_egress_stop_search/CompositeAccessEgressStopSearch$$Lambda+0x000000009541cfe8
instanceKlass  @bci org/eqasim/core/simulation/modes/feeder_drt/router/access_egress_stop_search/CompositeAccessEgressStopSearch <init> (Ljava/util/Collection;Lorg/matsim/api/core/v01/network/Network;)V 89 <appendix> argL0 ; # org/eqasim/core/simulation/modes/feeder_drt/router/access_egress_stop_search/CompositeAccessEgressStopSearch$$Lambda+0x000000009541cda0
instanceKlass org/eqasim/core/simulation/modes/feeder_drt/router/access_egress_stop_search/CompositeAccessEgressStopSearch
instanceKlass org/matsim/core/router/LinkWrapperFacility
instanceKlass org/matsim/core/router/LinkWrapperFacilityI
instanceKlass org/matsim/core/utils/collections/IdentifiableArrayMap$Entry
instanceKlass org/matsim/core/utils/collections/QuadTree$MutableDouble
instanceKlass  @bci org/matsim/core/network/NetworkImpl buildQuadTree ()V 325 <appendix> form vmentry <vmtarget> ; # java/lang/invoke/LambdaForm$MH+0x0000000095418c00
instanceKlass org/matsim/core/utils/collections/QuadTree$Leaf
instanceKlass  @bci org/matsim/core/network/NetworkImpl buildQuadTree ()V 213 <adapter> ; # java/lang/invoke/LambdaForm$MH+0x0000000095418800
instanceKlass  @bci org/matsim/core/network/NetworkImpl buildQuadTree ()V 213 <appendix> form vmentry <vmtarget> ; # java/lang/invoke/LambdaForm$MH+0x0000000095418400
# instanceKlass java/lang/invoke/LambdaForm$BMH+0x0000000095418000
instanceKlass  @bci org/matsim/core/network/NetworkImpl buildQuadTree ()V 213 <appendix> form names 7 function resolvedHandle form vmentry <vmtarget> ; # java/lang/invoke/LambdaForm$DMH+0x0000000095415c00
instanceKlass  @bci org/matsim/core/network/NetworkImpl buildQuadTree ()V 213 <appendix> argL0 form vmentry <vmtarget> ; # java/lang/invoke/LambdaForm$DMH+0x0000000095415800
instanceKlass org/matsim/core/utils/collections/QuadTree$Rect
instanceKlass org/matsim/core/utils/collections/QuadTree$Node
instanceKlass org/eqasim/core/simulation/modes/feeder_drt/router/access_egress_stop_search/TransitStopByModeAccessEgressStopSearch
instanceKlass  @bci org/eqasim/core/simulation/modes/feeder_drt/router/access_egress_stop_search/AccessEgressStopSearchModule getAccessEgressStopSearch (Lorg/eqasim/core/simulation/modes/feeder_drt/config/AccessEgressStopSearchParams;Lcom/google/inject/Injector;)Lorg/eqasim/core/simulation/modes/feeder_drt/router/access_egress_stop_search/AccessEgressStopSearch; 237 <appendix> member <vmtarget> ; # org/eqasim/core/simulation/modes/feeder_drt/router/access_egress_stop_search/AccessEgressStopSearchModule$$Lambda+0x0000000095417640
instanceKlass  @bci org/eqasim/core/simulation/modes/feeder_drt/router/access_egress_stop_search/CompositeAccessEgressStopSearchParameterSet getDelegateAccessEgressStopSearchParamSets ()Ljava/util/List; 24 <appendix> argL0 ; # org/eqasim/core/simulation/modes/feeder_drt/router/access_egress_stop_search/CompositeAccessEgressStopSearchParameterSet$$Lambda+0x00000000954173f8
instanceKlass  @bci org/eqasim/core/simulation/modes/feeder_drt/router/access_egress_stop_search/CompositeAccessEgressStopSearchParameterSet getDelegateAccessEgressStopSearchParamSets ()Ljava/util/List; 14 <appendix> argL0 ; # org/eqasim/core/simulation/modes/feeder_drt/router/access_egress_stop_search/CompositeAccessEgressStopSearchParameterSet$$Lambda+0x00000000954171b0
instanceKlass java/util/TreeMap$TreeMapSpliterator
instanceKlass  @bci org/eqasim/core/simulation/modes/feeder_drt/router/access_egress_stop_search/AccessEgressStopSearchModule getAccessEgressStopSearch (Lorg/eqasim/core/simulation/modes/feeder_drt/config/AccessEgressStopSearchParams;Lcom/google/inject/Injector;)Lorg/eqasim/core/simulation/modes/feeder_drt/router/access_egress_stop_search/AccessEgressStopSearch; 0 <appendix> argL0 ; # org/eqasim/core/simulation/modes/feeder_drt/router/access_egress_stop_search/AccessEgressStopSearchModule$$Lambda+0x0000000095416f68
instanceKlass  @bci org/eqasim/core/simulation/modes/feeder_drt/mode_choice/EqasimFeederDrtModeChoiceModule provideFeederDrtConstraintFactory (Lorg/eqasim/core/simulation/modes/feeder_drt/config/MultiModeFeederDrtConfigGroup;)Lorg/eqasim/core/simulation/modes/feeder_drt/mode_choice/constraints/FeederDrtConstraint$Factory; 45 <appendix> argL0 ; # org/eqasim/core/simulation/modes/feeder_drt/mode_choice/EqasimFeederDrtModeChoiceModule$$Lambda+0x0000000095416d20
instanceKlass  @bci org/eqasim/core/simulation/modes/feeder_drt/mode_choice/EqasimFeederDrtModeChoiceModule provideFeederDrtConstraintFactory (Lorg/eqasim/core/simulation/modes/feeder_drt/config/MultiModeFeederDrtConfigGroup;)Lorg/eqasim/core/simulation/modes/feeder_drt/mode_choice/constraints/FeederDrtConstraint$Factory; 40 <appendix> argL0 ; # org/eqasim/core/simulation/modes/feeder_drt/mode_choice/EqasimFeederDrtModeChoiceModule$$Lambda+0x0000000095416ad8
instanceKlass  @bci org/eqasim/core/simulation/modes/feeder_drt/mode_choice/EqasimFeederDrtModeChoiceModule provideFeederDrtConstraintFactory (Lorg/eqasim/core/simulation/modes/feeder_drt/config/MultiModeFeederDrtConfigGroup;)Lorg/eqasim/core/simulation/modes/feeder_drt/mode_choice/constraints/FeederDrtConstraint$Factory; 14 <appendix> argL0 ; # org/eqasim/core/simulation/modes/feeder_drt/mode_choice/EqasimFeederDrtModeChoiceModule$$Lambda+0x0000000095416890
instanceKlass  @bci org/eqasim/core/simulation/modes/feeder_drt/mode_choice/EqasimFeederDrtModeChoiceModule provideFeederDrtConstraintFactory (Lorg/eqasim/core/simulation/modes/feeder_drt/config/MultiModeFeederDrtConfigGroup;)Lorg/eqasim/core/simulation/modes/feeder_drt/mode_choice/constraints/FeederDrtConstraint$Factory; 9 <appendix> argL0 ; # org/eqasim/core/simulation/modes/feeder_drt/mode_choice/EqasimFeederDrtModeChoiceModule$$Lambda+0x0000000095416648
instanceKlass  @bci org/matsim/contrib/dvrp/trafficmonitoring/DvrpOfflineTravelTimes convertToLinkTravelTimeMatrix (Lorg/matsim/core/router/util/TravelTime;Ljava/util/Collection;Lorg/matsim/contrib/common/timeprofile/TimeDiscretizer;)[[D 66 <appendix> member <vmtarget> ; # org/matsim/contrib/dvrp/trafficmonitoring/DvrpOfflineTravelTimes$$Lambda+0x0000000095416418
instanceKlass  @cpi org/matsim/contrib/dvrp/trafficmonitoring/DvrpOfflineTravelTimes 324 form vmentry <vmtarget> ; # java/lang/invoke/LambdaForm$DMH+0x0000000095415000
instanceKlass org/matsim/contrib/common/timeprofile/TimeDiscretizer$TimeBinConsumer
instanceKlass org/matsim/contrib/dvrp/trafficmonitoring/DvrpOfflineTravelTimes
instanceKlass org/matsim/core/trafficmonitoring/TravelTimeCalculator$1
instanceKlass org/matsim/core/events/EventsManagerImpl$HandlerData
instanceKlass org/matsim/core/trafficmonitoring/AveragingTravelTimeGetter
instanceKlass org/matsim/core/trafficmonitoring/TimeBinUtils
instanceKlass java/util/concurrent/CyclicBarrier$Generation
instanceKlass org/matsim/core/router/costcalculators/OnlyTimeDependentTravelDisutilityFactory
instanceKlass org/eqasim/core/simulation/policies/routing/SumRoutingPenalty
instanceKlass org/eqasim/bavaria/mode_choice/parameters/BavariaModeParameters$BavariaDrtParameters
instanceKlass org/eqasim/bavaria/mode_choice/parameters/BavariaModeParameters$BavariaPtParameters
instanceKlass org/eqasim/bavaria/mode_choice/parameters/BavariaModeParameters$BavariaCarPassengerParameters
instanceKlass org/eqasim/bavaria/mode_choice/parameters/BavariaModeParameters$BavariaCarParameters
instanceKlass org/eqasim/bavaria/mode_choice/parameters/BavariaModeParameters$BavariaBicycleParameters
instanceKlass org/eqasim/bavaria/mode_choice/parameters/BavariaModeParameters$BavariaWalkParameters
instanceKlass java/util/concurrent/atomic/AtomicLongFieldUpdater
instanceKlass org/matsim/core/utils/collections/IdentifiableArrayMap$ArrayIterator
instanceKlass org/matsim/core/utils/collections/IdentifiableArrayMap$ArrayCollection
instanceKlass org/matsim/api/core/v01/IdSet$IdSetIterator
instanceKlass org/matsim/api/core/v01/IdSet
instanceKlass org/matsim/api/core/v01/IdMap$DataIterator
instanceKlass org/matsim/api/core/v01/IdMap$DataCollection
instanceKlass org/matsim/core/network/algorithms/TransportModeNetworkFilter
instanceKlass  @bci org/matsim/contrib/dvrp/router/DvrpGlobalRoutingNetworkProvider logNetworkSize (Ljava/lang/String;Lorg/matsim/api/core/v01/network/Network;)V 26 <adapter> ; # java/lang/invoke/LambdaForm$MH+0x0000000095414c00
instanceKlass  @bci org/matsim/contrib/dvrp/router/DvrpGlobalRoutingNetworkProvider logNetworkSize (Ljava/lang/String;Lorg/matsim/api/core/v01/network/Network;)V 26 <appendix> form vmentry <vmtarget> ; # java/lang/invoke/LambdaForm$MH+0x0000000095414800
instanceKlass  @bci org/matsim/contrib/dvrp/router/DvrpGlobalRoutingNetworkProvider logNetworkSize (Ljava/lang/String;Lorg/matsim/api/core/v01/network/Network;)V 26 <appendix> form names 6 function resolvedHandle form vmentry <vmtarget> ; # java/lang/invoke/LambdaForm$DMH+0x0000000095414400
instanceKlass org/matsim/core/router/TeleportationRoutingModule
instanceKlass org/matsim/core/router/DefaultRoutingModules
instanceKlass org/matsim/core/utils/timing/TimeInterpretation$1
instanceKlass com/google/inject/internal/Initializer$1
instanceKlass com/google/inject/internal/Indexer$IndexedBinding
instanceKlass com/google/common/collect/AbstractMapBasedMultimap$WrappedCollection$WrappedIterator
instanceKlass org/matsim/guice/DependencyGraphControllerListener$$FastClassByGuice$$914df3c
instanceKlass org/matsim/core/population/VspPlansCleaner$$FastClassByGuice$$900b142
instanceKlass org/matsim/counts/CountsControllerListener$$FastClassByGuice$$8f5b8aa
instanceKlass org/matsim/counts/algorithms/graphs/CountsGraphsCreator
instanceKlass org/matsim/analysis/ModeChoiceCoverageControllerListener$$FastClassByGuice$$8ebf79c
instanceKlass org/matsim/analysis/IterationTravelStatsControllerListener$$FastClassByGuice$$8d8f7db
instanceKlass org/matsim/analysis/TripsAndLegsWriter$DefaultTimeWriter$$FastClassByGuice$$8cbb6f0
instanceKlass org/matsim/analysis/TripsAndLegsWriter$NoLegsWriterExtension$$FastClassByGuice$$8bced4e
instanceKlass org/matsim/analysis/TripsAndLegsWriter$NoTripWriterExtension$$FastClassByGuice$$8a1fbda
instanceKlass org/matsim/analysis/LegTimesControllerListener$$FastClassByGuice$$89ed03e
instanceKlass org/matsim/analysis/LegHistogramListener$$FastClassByGuice$$887766e
instanceKlass org/matsim/core/replanning/ReplanningContextImpl$$FastClassByGuice$$87389a6
instanceKlass org/matsim/core/replanning/choosers/WeightedStrategyChooser$$FastClassByGuice$$86b18ff
instanceKlass org/matsim/core/replanning/choosers/StrategyChooser$Weights
instanceKlass org/matsim/core/replanning/strategies/KeepLastSelected$$FastClassByGuice$$8592c70
instanceKlass org/matsim/core/router/FallbackRoutingModuleDefaultImpl$$FastClassByGuice$$84ebbb4
instanceKlass org/matsim/core/router/speedy/SpeedyALTFactory$$FastClassByGuice$$83fa972
instanceKlass org/matsim/core/router/MultimodalLinkChooserDefaultImpl$$FastClassByGuice$$82c5252
instanceKlass org/matsim/core/scoring/functions/SubpopulationScoringParameters$$FastClassByGuice$$81d739f
instanceKlass org/matsim/core/scoring/functions/ScoringParameters
instanceKlass org/matsim/core/scoring/functions/CharyparNagelScoringFunctionFactory$$FastClassByGuice$$80b7a7d
instanceKlass org/matsim/core/scoring/SumScoringFunction$BasicScoring
instanceKlass org/matsim/core/mobsim/qsim/QSimProvider$$FastClassByGuice$$7fbcd1e
instanceKlass org/matsim/core/events/SimStepParallelEventsManagerImpl$$FastClassByGuice$$7ee4bde
instanceKlass org/matsim/core/events/SimStepParallelEventsManagerImpl$ProcessedEventsChecker
instanceKlass org/matsim/core/events/EventsManagerImpl
instanceKlass org/matsim/core/events/SimStepParallelEventsManagerImpl$ProcessEventsRunnable
instanceKlass java/util/concurrent/CyclicBarrier
instanceKlass org/matsim/core/controler/corelisteners/DumpDataAtEndImpl$$FastClassByGuice$$7d94494
instanceKlass org/matsim/core/controler/corelisteners/EventsHandlingImpl$$FastClassByGuice$$7cb51da
instanceKlass org/matsim/core/controler/corelisteners/PlansDumpingImpl$$FastClassByGuice$$7b8cb61
instanceKlass org/matsim/core/controler/corelisteners/PlansReplanningImpl$$FastClassByGuice$$7aa4fe3
instanceKlass org/matsim/core/scoring/NewScoreAssignerImpl$$FastClassByGuice$$79da119
instanceKlass org/matsim/core/scoring/ExperiencedPlansServiceImpl$$FastClassByGuice$$7825e47
instanceKlass org/matsim/core/scoring/PlansScoringImpl$$FastClassByGuice$$77f0141
instanceKlass org/matsim/core/controler/PrepareForMobsimImpl$$FastClassByGuice$$76567ea
instanceKlass org/matsim/core/population/algorithms/ParallelPersonAlgorithmUtils$PersonAlgorithmProvider
instanceKlass org/matsim/core/controler/PrepareForSimImpl$$FastClassByGuice$$75e1901
instanceKlass org/matsim/core/population/algorithms/PlanAlgorithm
instanceKlass org/matsim/core/controler/MatsimServicesImpl$$FastClassByGuice$$7451ada
instanceKlass org/matsim/core/controler/NewControler$$FastClassByGuice$$7320f16
instanceKlass org/matsim/core/controler/MatsimRuntimeModifications$MyRunnable
instanceKlass com/google/inject/internal/DefaultConstructionProxyFactory$ReflectiveProxy
instanceKlass ch/sbb/matsim/routing/pt/raptor/DefaultRaptorTransferCostCalculator$$FastClassByGuice$$721e25c
instanceKlass ch/sbb/matsim/routing/pt/raptor/SwissRailRaptorCore$PathElement
instanceKlass ch/sbb/matsim/routing/pt/raptor/DefaultRaptorInVehicleCostCalculator$$FastClassByGuice$$71ab3f2
instanceKlass ch/sbb/matsim/routing/pt/raptor/RaptorInVehicleCostCalculator$RouteSegmentIterator
instanceKlass ch/sbb/matsim/routing/pt/raptor/DefaultRaptorIntermodalAccessEgress$$FastClassByGuice$$700d604
instanceKlass ch/sbb/matsim/routing/pt/raptor/RaptorIntermodalAccessEgress$RIntermodalAccessEgress
instanceKlass ch/sbb/matsim/routing/pt/raptor/DefaultRaptorStopFinder$$FastClassByGuice$$6fd611e
instanceKlass ch/sbb/matsim/routing/pt/raptor/InitialStop
instanceKlass ch/sbb/matsim/routing/pt/raptor/LeastCostRaptorRouteSelector$$FastClassByGuice$$6e94314
instanceKlass ch/sbb/matsim/routing/pt/raptor/RaptorRoute
instanceKlass ch/sbb/matsim/routing/pt/raptor/SwissRailRaptorRoutingModuleProvider$$FastClassByGuice$$6d0dd63
instanceKlass ch/sbb/matsim/routing/pt/raptor/SwissRailRaptorFactory$$FastClassByGuice$$6c874ef
instanceKlass org/eqasim/core/components/transit/departure/DefaultDepartureFinder$$FastClassByGuice$$6b8afc8
instanceKlass org/eqasim/core/components/transit/departure/DepartureFinder$StopDeparture
instanceKlass org/matsim/contribs/discrete_mode_choice/components/constraints/TransitWalkConstraint$Factory$$FastClassByGuice$$6ab2eec
instanceKlass org/matsim/contribs/discrete_mode_choice/modules/utils/ModeChoiceInTheLoopChecker$$FastClassByGuice$$69a06ad
instanceKlass org/matsim/contribs/discrete_mode_choice/replanning/NonSelectedPlanSelector$$FastClassByGuice$$68afe8f
instanceKlass org/matsim/contribs/discrete_mode_choice/modules/UtilitiesWriterHandler$$FastClassByGuice$$671b471
instanceKlass org/matsim/contribs/discrete_mode_choice/replanning/DiscreteModeChoiceStrategyProvider$$FastClassByGuice$$668800d
instanceKlass org/eqasim/core/simulation/mode_choice/EqasimHomeFinder$$FastClassByGuice$$6588adc
instanceKlass org/eqasim/core/simulation/mode_choice/cost/ZeroCostModel$$FastClassByGuice$$64f8438
instanceKlass org/eqasim/core/simulation/modes/drt/mode_choice/utilities/estimators/DrtUtilityEstimator$$FastClassByGuice$$6318604
instanceKlass org/eqasim/core/simulation/mode_choice/utilities/estimators/WalkUtilityEstimator$$FastClassByGuice$$62d319d
instanceKlass org/eqasim/core/simulation/mode_choice/utilities/estimators/BikeUtilityEstimator$$FastClassByGuice$$6132364
instanceKlass org/eqasim/core/simulation/mode_choice/utilities/estimators/PtUtilityEstimator$$FastClassByGuice$$602e56f
instanceKlass org/eqasim/core/simulation/mode_choice/utilities/estimators/CarUtilityEstimator$$FastClassByGuice$$5f26bcd
instanceKlass org/eqasim/core/simulation/mode_choice/utilities/estimators/ZeroUtilityEstimator$$FastClassByGuice$$5ed0763
instanceKlass org/eqasim/core/simulation/mode_choice/filters/OutsideFilter$$FastClassByGuice$$5d88163
instanceKlass org/eqasim/core/simulation/mode_choice/filters/TourLengthFilter$$FastClassByGuice$$5c16219
instanceKlass org/eqasim/core/simulation/modes/drt/mode_choice/constraints/DrtServiceAreaConstraint$Factory$$FastClassByGuice$$5bf30f7
instanceKlass org/eqasim/core/simulation/modes/drt/mode_choice/constraints/DrtWalkConstraint$Factory$$FastClassByGuice$$5a1ac91
instanceKlass org/eqasim/core/simulation/mode_choice/constraints/OutsideConstraint$Factory$$FastClassByGuice$$592a984
instanceKlass org/eqasim/core/simulation/mode_choice/constraints/PassengerConstraint$Factory$$FastClassByGuice$$5816830
instanceKlass org/matsim/contribs/discrete_mode_choice/model/constraints/AbstractTripConstraint
instanceKlass org/eqasim/core/simulation/analysis/stuck/StuckAnalysisListener$$FastClassByGuice$$57bed9d
instanceKlass org/eqasim/core/simulation/analysis/stuck/StuckAnalysisHandler
instanceKlass org/eqasim/core/simulation/modes/drt/analysis/DrtPersonAnalysisFilter$$FastClassByGuice$$568658a
instanceKlass org/eqasim/core/simulation/analysis/AnalysisOutputListener$$FastClassByGuice$$5543561
instanceKlass org/matsim/contrib/dvrp/router/DvrpGlobalRoutingNetworkProvider$$FastClassByGuice$$5425e65
instanceKlass org/matsim/contrib/dvrp/trafficmonitoring/QSimFreeSpeedTravelTime$$FastClassByGuice$$5365eb2
instanceKlass org/matsim/contrib/dvrp/vrpagent/VrpAgentQueryHelper$$FastClassByGuice$$527928a
instanceKlass org/matsim/contrib/dvrp/fleet/DvrpVehicle
instanceKlass org/matsim/core/mobsim/framework/MobsimAgent
instanceKlass org/matsim/core/mobsim/framework/NetworkAgent
instanceKlass org/matsim/core/mobsim/framework/MobsimAgentMarkerInterface
instanceKlass org/eqasim/core/simulation/modes/feeder_drt/router/access_egress_stop_selection/ClosestAccessEgressStopSelector$$FastClassByGuice$$5102f84
instanceKlass org/matsim/core/utils/collections/QuadTree
instanceKlass org/matsim/core/router/RoutingRequest
instanceKlass org/eqasim/bavaria/mode_choice/constraints/FeederDrtServiceAreaConstraint$Factory$$FastClassByGuice$$5028bcb
instanceKlass org/eqasim/bavaria/mode_choice/constraints/FeederDrtServiceAreaConstraint
instanceKlass org/eqasim/bavaria/mode_choice/utilities/estimators/BavariaDrtUtilityEstimator$$FastClassByGuice$$4fd6d74
instanceKlass org/eqasim/core/simulation/modes/drt/mode_choice/variables/DrtVariables
instanceKlass org/eqasim/bavaria/mode_choice/utilities/estimators/BavariaWalkUtilityEstimator$$FastClassByGuice$$4ea3ea7
instanceKlass org/eqasim/bavaria/mode_choice/utilities/estimators/BavariaPtUtilityEstimator$$FastClassByGuice$$4dab618
instanceKlass org/eqasim/bavaria/mode_choice/utilities/estimators/BavariaCarPassengerUtilityEstimator$$FastClassByGuice$$4c618d6
instanceKlass org/eqasim/bavaria/mode_choice/utilities/estimators/BavariaBicycleUtilityEstimator$$FastClassByGuice$$4bc886f
instanceKlass org/eqasim/bavaria/mode_choice/utilities/estimators/BavariaCarUtilityEstimator$$FastClassByGuice$$4a1d157
instanceKlass org/eqasim/bavaria/mode_choice/costs/BavariaFreeFeederDrtCostModel$$FastClassByGuice$$49d40ea
instanceKlass org/eqasim/bavaria/mode_choice/costs/BavariaAutonomDrtCostModel$$FastClassByGuice$$486afeb
instanceKlass org/eqasim/bavaria/mode_choice/costs/BavariaFeederDrtCostModel$$FastClassByGuice$$4708115
instanceKlass org/eqasim/bavaria/mode_choice/costs/BavariaDrtCostModel$$FastClassByGuice$$46c3947
instanceKlass org/eqasim/bavaria/mode_choice/costs/BavariaPtCostModel$$FastClassByGuice$$451c0eb
instanceKlass org/eqasim/bavaria/mode_choice/costs/BavariaCarCostModel$$FastClassByGuice$$44c0399
instanceKlass  @bci com/google/inject/internal/InjectorImpl createJustInTimeBinding (Lcom/google/inject/Key;Lcom/google/inject/internal/Errors;ZLcom/google/inject/internal/InjectorImpl$JitLimitation;)Lcom/google/inject/internal/BindingImpl; 196 <appendix> member <vmtarget> ; # com/google/inject/internal/InjectorImpl$$Lambda+0x00000000953fbed8
instanceKlass org/matsim/counts/CountsModule$CountsInitializer$$FastClassByGuice$$4399809
instanceKlass org/matsim/analysis/ModeStatsControllerListener$$FastClassByGuice$$424e613
instanceKlass org/matsim/analysis/ScoreStatsControlerListener$$FastClassByGuice$$418da4f
instanceKlass org/matsim/analysis/TripsAndLegsWriter$$FastClassByGuice$$405c995
instanceKlass org/matsim/analysis/PersonWriter$$FastClassByGuice$$3fe6389
instanceKlass org/matsim/analysis/ActivityWriter$$FastClassByGuice$$3e490da
instanceKlass org/matsim/analysis/PHbyModeCalculator$$FastClassByGuice$$3d00247
instanceKlass org/matsim/analysis/PKMbyModeCalculator$$FastClassByGuice$$3cce313
instanceKlass org/apache/commons/csv/CSVPrinter
instanceKlass org/matsim/analysis/TravelDistanceStats$$FastClassByGuice$$3b7ba5f
instanceKlass org/matsim/core/router/TripStructureUtils$Trip
instanceKlass java/util/DoubleSummaryStatistics
instanceKlass org/matsim/analysis/CalcLegTimes$$FastClassByGuice$$3a5b8fe
instanceKlass org/matsim/analysis/LegHistogram$$FastClassByGuice$$399c411
instanceKlass org/matsim/analysis/LegHistogram$DataFrame
instanceKlass org/matsim/analysis/VolumesAnalyzer$$FastClassByGuice$$38a0bea
instanceKlass org/matsim/analysis/LinkStatsControllerListener$$FastClassByGuice$$3777f54
instanceKlass org/matsim/analysis/CalcLinkStats$$FastClassByGuice$$36bf288
instanceKlass org/matsim/core/replanning/StrategyManager$$FastClassByGuice$$358cd16
instanceKlass org/matsim/core/replanning/GenericStrategyManagerImpl
instanceKlass org/matsim/core/replanning/GenericStrategyManager
instanceKlass org/matsim/core/router/SingleModeNetworksCache$$FastClassByGuice$$34c351d
instanceKlass org/matsim/core/router/TripRouter$$FastClassByGuice$$33bdeed
instanceKlass org/matsim/core/trafficmonitoring/TravelTimeCalculator$$FastClassByGuice$$32b3881
instanceKlass org/matsim/core/trafficmonitoring/TimeSlotComputation
instanceKlass org/matsim/core/events/MobsimScopeEventHandling$$FastClassByGuice$$312dcc5
instanceKlass  @bci com/google/inject/internal/aop/ImmutableStringTrie buildTrie (Ljava/util/Collection;)Ljava/util/function/ToIntFunction; 38 <appendix> argL0 ; # com/google/inject/internal/aop/ImmutableStringTrie$$Lambda+0x00000000953f7960
instanceKlass org/matsim/core/events/EventsManagerModule$EventHandlerRegistrator$$FastClassByGuice$$30a16b7
instanceKlass org/matsim/core/scoring/ScoringFunctionsForPopulation$$FastClassByGuice$$2fcc644
instanceKlass org/matsim/core/scoring/ScoringFunction
instanceKlass org/matsim/core/scoring/PersonExperiencedActivity
instanceKlass org/matsim/core/scoring/PersonExperiencedLeg
instanceKlass org/matsim/core/events/algorithms/Vehicle2DriverEventHandler
instanceKlass org/matsim/core/scoring/EventsToLegsAndActivities$$FastClassByGuice$$2e7fcf9
instanceKlass com/google/inject/internal/SingleMethodInjector$1
instanceKlass org/matsim/core/scoring/EventsToLegs$$FastClassByGuice$$2dfa0ce
instanceKlass com/google/inject/internal/InjectorImpl$MethodInvoker
instanceKlass com/google/inject/internal/SingleMethodInjector
instanceKlass com/google/inject/spi/InjectionPoint$OverrideIndex
instanceKlass org/matsim/core/scoring/EventsToLegs$VehicleRoute
instanceKlass org/matsim/core/scoring/EventsToLegs$PendingVehicleTravel
instanceKlass org/matsim/api/core/v01/events/HasVehicleId
instanceKlass org/matsim/core/scoring/EventsToActivities$$FastClassByGuice$$2c3a45f
instanceKlass org/matsim/api/core/v01/events/HasFacilityId
instanceKlass org/matsim/core/controler/OutputDirectoryHierarchy$$FastClassByGuice$$2befcab
instanceKlass org/matsim/analysis/IterationStopWatch$$FastClassByGuice$$2a2699c
instanceKlass org/matsim/core/controler/ControllerListenerManagerImpl$$FastClassByGuice$$29eabe9
instanceKlass javax/swing/event/EventListenerList
instanceKlass org/eqasim/core/simulation/mode_choice/utilities/predictors/PersonPredictor$$FastClassByGuice$$28c8145
instanceKlass org/eqasim/core/simulation/mode_choice/utilities/variables/PersonVariables
instanceKlass org/eqasim/core/simulation/mode_choice/utilities/predictors/WalkPredictor$$FastClassByGuice$$278ff8c
instanceKlass org/eqasim/core/simulation/mode_choice/utilities/variables/WalkVariables
instanceKlass org/eqasim/core/simulation/mode_choice/utilities/predictors/BikePredictor$$FastClassByGuice$$2683838
instanceKlass org/eqasim/core/simulation/mode_choice/utilities/variables/BikeVariables
instanceKlass org/eqasim/core/simulation/mode_choice/utilities/predictors/PtPredictor$$FastClassByGuice$$25cc507
instanceKlass org/eqasim/core/simulation/mode_choice/utilities/variables/PtVariables
instanceKlass org/eqasim/core/simulation/mode_choice/utilities/predictors/CarPredictor$$FastClassByGuice$$244e60d
instanceKlass org/eqasim/core/simulation/mode_choice/utilities/variables/CarVariables
instanceKlass org/eqasim/core/simulation/modes/drt/analysis/utils/VehicleRegistry$$FastClassByGuice$$23bd114
instanceKlass org/matsim/api/core/v01/events/Event
instanceKlass org/matsim/api/core/v01/events/HasLinkId
instanceKlass org/matsim/api/core/v01/events/HasPersonId
instanceKlass org/matsim/contrib/dvrp/trafficmonitoring/DvrpOfflineTravelTimeEstimator$$FastClassByGuice$$220a50d
instanceKlass org/matsim/core/mobsim/framework/events/AbstractMobsimEvent
instanceKlass org/eqasim/core/simulation/modes/feeder_drt/analysis/FeederDrtAnalysisListener$$FastClassByGuice$$2129467
instanceKlass org/eqasim/core/simulation/modes/feeder_drt/analysis/passengers/FeederTripSequenceListener
instanceKlass org/eqasim/bavaria/mode_choice/utilities/predictors/BavariaPtPredictor$$FastClassByGuice$$20848f9
instanceKlass org/eqasim/bavaria/mode_choice/utilities/variables/BavariaPtVariables
instanceKlass org/eqasim/bavaria/mode_choice/utilities/predictors/BavariaCarPassengerPredictor$$FastClassByGuice$$1fd6dfb
instanceKlass org/eqasim/bavaria/mode_choice/utilities/variables/BavariaCarPassengerVariables
instanceKlass com/google/inject/internal/DefaultConstructionProxyFactory$FastClassProxy
instanceKlass org/eqasim/bavaria/mode_choice/utilities/predictors/BavariaPersonPredictor$$FastClassByGuice$$1ecd35c
instanceKlass com/google/inject/internal/DefaultConstructionProxyFactory
instanceKlass com/google/inject/internal/ConstructorInjector
instanceKlass com/google/inject/internal/ConstructionProxy
instanceKlass com/google/inject/internal/ProxyFactory
instanceKlass  @bci com/google/inject/internal/ConstructorInjectorStore createConstructor (Lcom/google/inject/spi/InjectionPoint;Lcom/google/inject/internal/Errors;)Lcom/google/inject/internal/ConstructorInjector; 62 <appendix> argL0 ; # com/google/inject/internal/ConstructorInjectorStore$$Lambda+0x00000000953eceb0
instanceKlass com/google/inject/spi/InterceptorBinding
instanceKlass com/google/inject/internal/MethodAspect
instanceKlass org/matsim/contribs/discrete_mode_choice/model/DiscreteModeChoiceTrip
instanceKlass org/eqasim/bavaria/mode_choice/utilities/variables/BavariaPersonVariables
instanceKlass com/google/inject/internal/InjectorImpl$SyntheticProviderBindingImpl$1
instanceKlass com/google/common/collect/AbstractMapBasedMultiset$1
instanceKlass  @bci com/google/inject/internal/ChildBindingAlreadySetError <init> (Lcom/google/inject/Key;Ljava/lang/Iterable;Ljava/util/List;)V 35 <appendix> argL0 ; # com/google/inject/internal/ChildBindingAlreadySetError$$Lambda+0x00000000953eb700
instanceKlass com/google/common/collect/Streams
instanceKlass org/matsim/core/router/util/LinkToLinkTravelTime
instanceKlass org/matsim/core/trafficmonitoring/TravelTimeData
instanceKlass org/matsim/core/trafficmonitoring/TravelTimeGetter
instanceKlass org/matsim/contrib/common/timeprofile/TimeDiscretizer
instanceKlass com/google/inject/internal/ConstructorBindingImpl$Factory
instanceKlass  @bci com/google/inject/spi/InjectionPoint forConstructorOf (Lcom/google/inject/TypeLiteral;Z)Lcom/google/inject/spi/InjectionPoint; 83 <appendix> member <vmtarget> ; # com/google/inject/spi/InjectionPoint$$Lambda+0x00000000953e96b0
instanceKlass  @bci com/google/inject/spi/InjectionPoint forConstructorOf (Lcom/google/inject/TypeLiteral;Z)Lcom/google/inject/spi/InjectionPoint; 67 <appendix> argL0 ; # com/google/inject/spi/InjectionPoint$$Lambda+0x00000000953e9458
instanceKlass  @bci com/google/inject/spi/InjectionPoint forConstructorOf (Lcom/google/inject/TypeLiteral;Z)Lcom/google/inject/spi/InjectionPoint; 57 <appendix> argL0 ; # com/google/inject/spi/InjectionPoint$$Lambda+0x00000000953e9200
instanceKlass  @bci com/google/inject/spi/InjectionPoint forConstructorOf (Lcom/google/inject/TypeLiteral;Z)Lcom/google/inject/spi/InjectionPoint; 24 <appendix> argL0 ; # com/google/inject/spi/InjectionPoint$$Lambda+0x00000000953e8fa8
instanceKlass org/eqasim/core/simulation/mode_choice/utilities/variables/BaseVariables
instanceKlass com/google/inject/ProvidedBy
instanceKlass com/google/inject/ImplementedBy
instanceKlass  @bci com/google/inject/internal/UntargettedBindingProcessor$1 visit (Lcom/google/inject/spi/UntargettedBinding;)Ljava/lang/Boolean; 109 <appendix> member <vmtarget> ; # com/google/inject/internal/UntargettedBindingProcessor$1$$Lambda+0x00000000953e8750
instanceKlass com/google/inject/spi/ProvidesMethodTargetVisitor
instanceKlass  @bci com/google/inject/internal/AbstractBindingProcessor$Processor scheduleInitialization (Lcom/google/inject/internal/BindingImpl;)V 9 <appendix> member <vmtarget> ; # com/google/inject/internal/AbstractBindingProcessor$Processor$$Lambda+0x00000000953e4400
instanceKlass com/google/inject/internal/ProviderInternalFactory
instanceKlass com/google/inject/internal/Initializer$InjectableReference
instanceKlass com/google/inject/internal/FactoryProxy
instanceKlass com/google/inject/internal/WeakKeySet$KeyAndSource
instanceKlass com/google/common/collect/Count
instanceKlass  @bci com/google/inject/internal/WeakKeySet add (Lcom/google/inject/Key;Lcom/google/inject/internal/InjectorBindingData;Ljava/lang/Object;)V 41 <appendix> argL0 ; # com/google/inject/internal/WeakKeySet$$Lambda+0x00000000953e6f20
instanceKlass com/google/common/collect/Lists$ReverseList$1
instanceKlass com/google/common/base/Strings
instanceKlass com/google/inject/internal/SourceFormatter
instanceKlass com/google/inject/internal/Messages$Converter
instanceKlass com/google/inject/internal/Messages
instanceKlass  @bci com/google/inject/internal/AbstractBindingProcessor$Processor scheduleDelayedInitialization (Lcom/google/inject/internal/BindingImpl;)V 9 <appendix> member <vmtarget> ; # com/google/inject/internal/AbstractBindingProcessor$Processor$$Lambda+0x00000000953e2d50
instanceKlass com/google/inject/internal/BindingProcessor$2
instanceKlass com/google/inject/multibindings/MultibindingsTargetVisitor
instanceKlass java/lang/FunctionalInterface
instanceKlass com/google/inject/internal/InjectorShell$InheritedScannersModule
instanceKlass com/google/inject/util/Modules$CombinedModule
# instanceKlass java/lang/invoke/LambdaForm$MH+0x00000000953e4000
instanceKlass  @bci org/irtx/matsim_fleetpy/bridge/FleetPyModule install ()V 35 <appendix> argL0 ; # org/irtx/matsim_fleetpy/bridge/FleetPyModule$$Lambda+0x00000000953e1f40
instanceKlass  @bci org/irtx/matsim_fleetpy/bridge/FleetPyModule install ()V 8 <appendix> member <vmtarget> ; # org/irtx/matsim_fleetpy/bridge/FleetPyModule$$Lambda+0x00000000953e1cf0
instanceKlass  @bci org/matsim/contrib/dvrp/run/DvrpQSimComponents lambda$activateModes$0 (Ljava/util/List;Ljava/util/List;Lorg/matsim/core/mobsim/qsim/components/QSimComponentsConfig;)V 19 <appendix> member <vmtarget> ; # org/matsim/contrib/dvrp/run/DvrpQSimComponents$$Lambda+0x00000000953e1ab0
instanceKlass  @bci org/matsim/contrib/dvrp/run/DvrpQSimComponents activateModes (Ljava/util/List;Ljava/util/List;)Lorg/matsim/core/mobsim/qsim/components/QSimComponentsConfigurator; 2 <appendix> member <vmtarget> ; # org/matsim/contrib/dvrp/run/DvrpQSimComponents$$Lambda+0x00000000953e1880
instanceKlass  @bci org/matsim/contrib/dvrp/run/DvrpQSimComponents activateAllModes ([Lorg/matsim/contrib/dvrp/run/MultiModal;)Lorg/matsim/core/mobsim/qsim/components/QSimComponentsConfigurator; 7 <appendix> argL0 ; # org/matsim/contrib/dvrp/run/DvrpQSimComponents$$Lambda+0x00000000953e1638
instanceKlass org/matsim/contrib/dvrp/run/DvrpQSimComponents
instanceKlass org/matsim/core/mobsim/qsim/changeeventsengine/NetworkChangeEventsQSimComponentsConfigurator
instanceKlass org/matsim/core/mobsim/qsim/pt/TransitQSimComponentsConfigurator
instanceKlass org/matsim/core/mobsim/qsim/components/QSimComponentsFromConfigConfigurator
instanceKlass  @bci org/matsim/core/mobsim/qsim/components/DefaultQSimComponentsConfigurator configure (Lorg/matsim/core/mobsim/qsim/components/QSimComponentsConfig;)V 13 <appendix> member <vmtarget> ; # org/matsim/core/mobsim/qsim/components/DefaultQSimComponentsConfigurator$$Lambda+0x00000000953e0940
instanceKlass org/matsim/core/mobsim/qsim/components/DefaultQSimComponentsConfigurator
instanceKlass org/matsim/core/mobsim/qsim/components/StandardQSimComponentConfigurator
instanceKlass org/eqasim/bavaria/mode_choice/BavariaModeChoiceModule$$FastClassByGuice$$1d8eca5
instanceKlass org/eqasim/bavaria/mode_choice/constraints/FeederDrtServiceAreaConstraint$Factory
instanceKlass org/eqasim/bavaria/mode_choice/utilities/estimators/BavariaDrtUtilityEstimator
instanceKlass org/eqasim/bavaria/mode_choice/utilities/estimators/BavariaPtUtilityEstimator
instanceKlass org/eqasim/bavaria/mode_choice/utilities/estimators/BavariaCarPassengerUtilityEstimator
instanceKlass org/eqasim/bavaria/mode_choice/costs/BavariaFreeFeederDrtCostModel
instanceKlass org/eqasim/bavaria/mode_choice/costs/BavariaDrtCostModel
instanceKlass org/eqasim/bavaria/mode_choice/costs/BavariaPtCostModel
instanceKlass org/eqasim/core/simulation/mode_choice/cost/AbstractCostModel
instanceKlass org/eqasim/core/simulation/policies/PolicyModule$$FastClassByGuice$$1c599a7
instanceKlass org/eqasim/core/simulation/policies/Policy
instanceKlass org/eqasim/core/simulation/policies/impl/discount/DiscountPolicyExtension$$FastClassByGuice$$1b42d58
instanceKlass org/eqasim/core/simulation/policies/impl/discount/DiscountPolicyFactory
instanceKlass org/eqasim/core/simulation/policies/impl/limited_traffic_zone/LimitedTrafficZonePolicyExtension$$FastClassByGuice$$1adc579
instanceKlass org/eqasim/core/simulation/policies/impl/limited_traffic_zone/LimitedTrafficZonePolicyFactory
instanceKlass org/eqasim/core/simulation/policies/impl/city_tax/CityTaxPolicyExtension$$FastClassByGuice$$19e13e1
instanceKlass org/eqasim/core/simulation/policies/impl/city_tax/CityTaxPolicyFactory
instanceKlass org/eqasim/core/simulation/policies/PolicyFactory
instanceKlass org/eqasim/core/simulation/vdf/VDFModule$$FastClassByGuice$$1835bc3
instanceKlass org/eqasim/core/simulation/vdf/VDFModule$1
instanceKlass org/eqasim/core/simulation/modes/feeder_drt/mode_choice/EqasimFeederDrtModeChoiceModule$$FastClassByGuice$$17487a8
instanceKlass org/eqasim/core/simulation/modes/feeder_drt/analysis/FeederDrtAnalysisListener
instanceKlass org/eqasim/core/simulation/modes/feeder_drt/FeederDrtModeModule$1
instanceKlass org/eqasim/core/simulation/modes/feeder_drt/router/access_egress_stop_selection/ClosestAccessEgressStopSelector
instanceKlass org/eqasim/core/simulation/modes/feeder_drt/router/access_egress_stop_selection/AccessEgressStopSelector
instanceKlass org/eqasim/core/simulation/modes/feeder_drt/FeederDrtModeModule$2
instanceKlass org/eqasim/core/simulation/modes/feeder_drt/router/access_egress_stop_search/AccessEgressStopSearchModule$1
instanceKlass org/eqasim/core/simulation/modes/feeder_drt/router/access_egress_stop_search/AccessEgressStopSearch
instanceKlass  @bci org/eqasim/core/simulation/modes/feeder_drt/FeederDrtModeModule install ()V 26 <appendix> member <vmtarget> ; # org/eqasim/core/simulation/modes/feeder_drt/FeederDrtModeModule$$Lambda+0x00000000953d9e20
instanceKlass  @bci org/matsim/contrib/drt/routing/MultiModeDrtMainModeIdentifier <init> (Lorg/matsim/contrib/drt/run/MultiModeDrtConfigGroup;)V 84 <appendix> argL0 ; # org/matsim/contrib/drt/routing/MultiModeDrtMainModeIdentifier$$Lambda+0x00000000953d9948
instanceKlass  @bci org/matsim/contrib/drt/routing/MultiModeDrtMainModeIdentifier <init> (Lorg/matsim/contrib/drt/run/MultiModeDrtConfigGroup;)V 79 <appendix> argL0 ; # org/matsim/contrib/drt/routing/MultiModeDrtMainModeIdentifier$$Lambda+0x00000000953d9700
instanceKlass  @bci org/matsim/contrib/drt/routing/MultiModeDrtMainModeIdentifier <init> (Lorg/matsim/contrib/drt/run/MultiModeDrtConfigGroup;)V 69 <appendix> argL0 ; # org/matsim/contrib/drt/routing/MultiModeDrtMainModeIdentifier$$Lambda+0x00000000953d9250
instanceKlass  @bci org/matsim/contrib/drt/routing/MultiModeDrtMainModeIdentifier <init> (Lorg/matsim/contrib/drt/run/MultiModeDrtConfigGroup;)V 40 <appendix> argL0 ; # org/matsim/contrib/drt/routing/MultiModeDrtMainModeIdentifier$$Lambda+0x00000000953d9008
instanceKlass  @bci org/matsim/contrib/drt/routing/MultiModeDrtMainModeIdentifier <init> (Lorg/matsim/contrib/drt/run/MultiModeDrtConfigGroup;)V 35 <appendix> argL0 ; # org/matsim/contrib/drt/routing/MultiModeDrtMainModeIdentifier$$Lambda+0x00000000953d8dc0
instanceKlass  @bci org/matsim/contrib/drt/routing/MultiModeDrtMainModeIdentifier <init> (Lorg/matsim/contrib/drt/run/MultiModeDrtConfigGroup;)V 25 <appendix> argL0 ; # org/matsim/contrib/drt/routing/MultiModeDrtMainModeIdentifier$$Lambda+0x00000000953d8b78
instanceKlass org/matsim/contrib/drt/routing/MultiModeDrtMainModeIdentifier
instanceKlass  @bci org/matsim/contrib/drt/analysis/DrtModeAnalysisModule install ()V 408 <appendix> member <vmtarget> ; # org/matsim/contrib/drt/analysis/DrtModeAnalysisModule$$Lambda+0x00000000953d86f0
instanceKlass  @bci org/matsim/contrib/drt/analysis/DrtModeAnalysisModule install ()V 350 <appendix> member <vmtarget> ; # org/matsim/contrib/drt/analysis/DrtModeAnalysisModule$$Lambda+0x00000000953d84a0
instanceKlass  @bci org/matsim/contrib/drt/analysis/DrtModeAnalysisModule install ()V 324 <appendix> member <vmtarget> ; # org/matsim/contrib/drt/analysis/DrtModeAnalysisModule$$Lambda+0x00000000953d8250
instanceKlass  @bci org/matsim/contrib/drt/analysis/DrtModeAnalysisModule install ()V 295 <appendix> member <vmtarget> ; # org/matsim/contrib/drt/analysis/DrtModeAnalysisModule$$Lambda+0x00000000953d8000
instanceKlass  @bci org/matsim/contrib/drt/sharingmetrics/SharingMetricsModule install ()V 49 <appendix> member <vmtarget> ; # org/matsim/contrib/drt/sharingmetrics/SharingMetricsModule$$Lambda+0x00000000953d5c28
instanceKlass  @bci org/matsim/contrib/drt/sharingmetrics/SharingMetricsModule install ()V 7 <appendix> argL0 ; # org/matsim/contrib/drt/sharingmetrics/SharingMetricsModule$$Lambda+0x00000000953d59e0
instanceKlass org/matsim/contrib/drt/sharingmetrics/SharingMetricsControllerListener
instanceKlass org/matsim/contrib/drt/sharingmetrics/SharingMetricsTracker
instanceKlass  @bci org/matsim/contrib/drt/analysis/DrtModeAnalysisModule install ()V 256 <appendix> member <vmtarget> ; # org/matsim/contrib/drt/analysis/DrtModeAnalysisModule$$Lambda+0x00000000953d5000
instanceKlass  @bci org/matsim/contrib/drt/analysis/DrtModeAnalysisModule install ()V 236 <appendix> member <vmtarget> ; # org/matsim/contrib/drt/analysis/DrtModeAnalysisModule$$Lambda+0x00000000953d7cc0
instanceKlass  @bci org/matsim/contrib/drt/analysis/DrtModeAnalysisModule install ()V 196 <appendix> member <vmtarget> ; # org/matsim/contrib/drt/analysis/DrtModeAnalysisModule$$Lambda+0x00000000953d7a70
instanceKlass  @bci org/matsim/contrib/drt/analysis/DrtModeAnalysisModule install ()V 174 <appendix> member <vmtarget> ; # org/matsim/contrib/drt/analysis/DrtModeAnalysisModule$$Lambda+0x00000000953d7820
instanceKlass  @bci org/matsim/contrib/drt/analysis/DrtModeAnalysisModule install ()V 134 <appendix> member <vmtarget> ; # org/matsim/contrib/drt/analysis/DrtModeAnalysisModule$$Lambda+0x00000000953d75d0
instanceKlass  @bci org/matsim/contrib/drt/analysis/DrtModeAnalysisModule install ()V 92 <appendix> member <vmtarget> ; # org/matsim/contrib/drt/analysis/DrtModeAnalysisModule$$Lambda+0x00000000953d7380
instanceKlass  @bci org/matsim/contrib/drt/analysis/DrtModeAnalysisModule install ()V 50 <appendix> member <vmtarget> ; # org/matsim/contrib/drt/analysis/DrtModeAnalysisModule$$Lambda+0x00000000953d7130
instanceKlass  @bci org/matsim/contrib/drt/analysis/DrtModeAnalysisModule install ()V 8 <appendix> member <vmtarget> ; # org/matsim/contrib/drt/analysis/DrtModeAnalysisModule$$Lambda+0x00000000953d6ee0
instanceKlass org/matsim/contrib/drt/analysis/DrtAnalysisControlerListener
instanceKlass org/matsim/contrib/dvrp/analysis/CapacityLoadAnalysisHandler
instanceKlass org/matsim/contrib/dvrp/passenger/PassengerRequestSubmittedEventHandler
instanceKlass org/matsim/contrib/dvrp/vrpagent/VehicleCapacityChangedEventHandler
instanceKlass org/matsim/contrib/drt/analysis/zonal/ZonalIdleVehicleXYVisualiser
instanceKlass org/matsim/contrib/drt/analysis/zonal/DrtZonalWaitTimesAnalyzer
instanceKlass org/matsim/contrib/dvrp/analysis/VehicleTaskProfileCalculator
instanceKlass org/matsim/contrib/drt/analysis/DrtEventSequenceCollector
instanceKlass org/matsim/api/core/v01/events/handler/PersonMoneyEventHandler
instanceKlass org/matsim/contrib/dvrp/passenger/PassengerWaitingEventHandler
instanceKlass org/matsim/contrib/common/timeprofile/ProfileWriter
instanceKlass org/matsim/contrib/drt/analysis/DrtVehicleDistanceStats
instanceKlass org/matsim/contrib/dvrp/passenger/PassengerDroppedOffEventHandler
instanceKlass org/matsim/contrib/dvrp/passenger/PassengerPickedUpEventHandler
instanceKlass org/matsim/contrib/dvrp/analysis/ExecutedScheduleCollector
instanceKlass org/matsim/contrib/dvrp/analysis/VehicleOccupancyProfileCalculator
instanceKlass org/matsim/contrib/dvrp/vrpagent/TaskEndedEventHandler
instanceKlass  @bci org/matsim/contrib/drt/schedule/DrtTaskType hashCode ()I 1 <appendix> form vmentry <vmtarget> ; # java/lang/invoke/LambdaForm$MH+0x00000000953d4c00
# instanceKlass java/lang/invoke/LambdaForm$MH+0x00000000953d4800
# instanceKlass java/lang/invoke/LambdaForm$MH+0x00000000953d4400
instanceKlass  @bci org/matsim/contrib/drt/schedule/DrtTaskType hashCode ()I 1 <appendix> argL2 argL2 form vmentry <vmtarget> ; # java/lang/invoke/LambdaForm$MH+0x00000000953d4000
instanceKlass  @bci java/lang/runtime/ObjectMethods bootstrap (Ljava/lang/invoke/MethodHandles$Lookup;Ljava/lang/String;Ljava/lang/invoke/TypeDescriptor;Ljava/lang/Class;Ljava/lang/String;[Ljava/lang/invoke/MethodHandle;)Ljava/lang/Object; 37 <appendix> argL0 ; # java/lang/runtime/ObjectMethods$$Lambda+0x800000015
instanceKlass java/lang/invoke/MethodHandleImpl$2
instanceKlass java/lang/runtime/ObjectMethods
instanceKlass org/matsim/contrib/drt/schedule/DrtStopTask
instanceKlass org/matsim/contrib/dvrp/path/VrpPath
instanceKlass org/matsim/contrib/dvrp/schedule/DriveTask
instanceKlass java/awt/Color
instanceKlass java/awt/Paint
instanceKlass java/awt/Transparency
instanceKlass org/matsim/contrib/dvrp/schedule/AbstractTask
instanceKlass org/matsim/contrib/dvrp/schedule/StayTask
instanceKlass org/matsim/contrib/dvrp/schedule/Task
instanceKlass  @bci org/matsim/contrib/drt/analysis/DrtModeAnalysisModule <clinit> ()V 11 <appendix> argL0 ; # org/matsim/contrib/drt/analysis/DrtModeAnalysisModule$$Lambda+0x00000000953cf7b8
instanceKlass  @bci org/matsim/contrib/drt/analysis/DrtModeAnalysisModule <clinit> ()V 0 <appendix> argL0 ; # org/matsim/contrib/drt/analysis/DrtModeAnalysisModule$$Lambda+0x00000000953cf570
instanceKlass org/matsim/contrib/dvrp/schedule/Task$TaskType
instanceKlass org/matsim/contrib/common/timeprofile/ProfileWriter$ProfileView
instanceKlass org/matsim/contrib/drt/vrpagent/DrtActionCreator
instanceKlass org/matsim/contrib/dvrp/vrpagent/VrpAgentLogic$DynActionCreator
instanceKlass org/matsim/contrib/drt/passenger/DrtRequestCreator
instanceKlass org/matsim/contrib/dvrp/passenger/PassengerRequestCreator
instanceKlass org/matsim/contrib/drt/speedup/DrtTeleportedRouteCalculator
instanceKlass org/matsim/contrib/dvrp/passenger/TeleportingPassengerEngine$TeleportedRouteCalculator
instanceKlass org/matsim/contrib/dvrp/schedule/ScheduleTimingUpdater
instanceKlass org/matsim/contrib/dvrp/schedule/ScheduleTimingUpdater$StayTaskEndTimeCalculator
instanceKlass org/matsim/contrib/drt/optimizer/QsimScopeForkJoinPool
instanceKlass  @bci org/matsim/contrib/drt/run/DrtModeModule install ()V 526 <appendix> member <vmtarget> ; # org/matsim/contrib/drt/run/DrtModeModule$$Lambda+0x00000000953cbe50
instanceKlass  @bci org/matsim/contrib/drt/run/DrtModeModule install ()V 496 <appendix> argL0 ; # org/matsim/contrib/drt/run/DrtModeModule$$Lambda+0x00000000953cbc08
instanceKlass  @bci org/matsim/contrib/drt/run/DrtModeModule install ()V 471 <appendix> member <vmtarget> ; # org/matsim/contrib/drt/run/DrtModeModule$$Lambda+0x00000000953cb9b8
instanceKlass  @bci org/matsim/contrib/zone/skims/AdaptiveTravelTimeMatrixModule install ()V 8 <appendix> member <vmtarget> ; # org/matsim/contrib/zone/skims/AdaptiveTravelTimeMatrixModule$$Lambda+0x00000000953cb768
instanceKlass org/matsim/contrib/zone/skims/AdaptiveTravelTimeMatrixImpl
instanceKlass org/matsim/contrib/zone/skims/AdaptiveTravelTimeMatrix
instanceKlass  @bci org/matsim/contrib/drt/run/DrtModeModule install ()V 321 <appendix> member <vmtarget> ; # org/matsim/contrib/drt/run/DrtModeModule$$Lambda+0x00000000953cabc0
instanceKlass  @bci org/matsim/contrib/drt/run/DrtModeModule install ()V 280 <appendix> member <vmtarget> ; # org/matsim/contrib/drt/run/DrtModeModule$$Lambda+0x00000000953ca970
instanceKlass  @bci org/matsim/contrib/drt/run/DrtModeModule install ()V 258 <appendix> member <vmtarget> ; # org/matsim/contrib/drt/run/DrtModeModule$$Lambda+0x00000000953ca720
instanceKlass  @bci org/matsim/contrib/drt/run/DrtModeModule install ()V 242 <appendix> member <vmtarget> ; # org/matsim/contrib/drt/run/DrtModeModule$$Lambda+0x00000000953ca4e0
instanceKlass org/matsim/contrib/drt/routing/DefaultDrtRouteUpdater
instanceKlass  @bci org/matsim/contrib/drt/run/DrtModeRoutingModule install ()V 375 <appendix> argL0 ; # org/matsim/contrib/drt/run/DrtModeRoutingModule$$Lambda+0x00000000953ca008
instanceKlass org/matsim/contrib/drt/routing/DrtRouteUpdater
instanceKlass  @bci org/matsim/contrib/drt/run/DrtModeRoutingModule install ()V 316 <appendix> member <vmtarget> ; # org/matsim/contrib/drt/run/DrtModeRoutingModule$$Lambda+0x00000000953c9938
instanceKlass  @bci org/matsim/contrib/drt/run/DrtModeRoutingModule install ()V 224 <appendix> member <vmtarget> ; # org/matsim/contrib/drt/run/DrtModeRoutingModule$$Lambda+0x00000000953c96f0
instanceKlass  @bci org/matsim/contrib/drt/run/DrtModeRoutingModule install ()V 186 <appendix> member <vmtarget> ; # org/matsim/contrib/drt/run/DrtModeRoutingModule$$Lambda+0x00000000953c94a0
instanceKlass  @bci org/matsim/contrib/drt/run/DrtModeRoutingModule$DrtStopNetworkProvider <init> (Lorg/matsim/core/config/Config;Lorg/matsim/contrib/drt/run/DrtConfigGroup;)V 5 <appendix> argL0 ; # org/matsim/contrib/drt/run/DrtModeRoutingModule$DrtStopNetworkProvider$$Lambda+0x00000000953c9258
instanceKlass org/matsim/contrib/drt/routing/DrtRouteCreator
instanceKlass org/matsim/core/router/util/LeastCostPathCalculator
instanceKlass  @bci org/matsim/contrib/drt/run/DrtModeRoutingModule$DrtRouteCreatorProvider <init> (Lorg/matsim/contrib/drt/run/DrtConfigGroup;)V 5 <appendix> argL0 ; # org/matsim/contrib/drt/run/DrtModeRoutingModule$DrtRouteCreatorProvider$$Lambda+0x00000000953c8958
instanceKlass org/matsim/contrib/dvrp/router/DefaultMainLegRouter$RouteCreator
instanceKlass  @bci org/matsim/contrib/dvrp/router/DvrpModeRoutingModule$DefaultMainLegRouterProvider <init> (Ljava/lang/String;)V 2 <appendix> argL0 ; # org/matsim/contrib/dvrp/router/DvrpModeRoutingModule$DefaultMainLegRouterProvider$$Lambda+0x00000000953c8290
instanceKlass org/matsim/contrib/dvrp/router/DvrpRoutingModule
instanceKlass  @bci org/matsim/contrib/dvrp/router/DvrpRoutingModuleProvider <init> (Ljava/lang/String;)V 2 <appendix> argL0 ; # org/matsim/contrib/dvrp/router/DvrpRoutingModuleProvider$$Lambda+0x00000000953c7230
instanceKlass org/matsim/core/modal/ModalProviders$AbstractProvider
instanceKlass org/matsim/contrib/drt/run/DrtModeRoutingModule$2
instanceKlass org/matsim/contrib/drt/routing/DrtStopNetwork
instanceKlass org/matsim/contrib/dvrp/router/ClosestAccessEgressFacilityFinder
instanceKlass org/matsim/contrib/dvrp/router/DecideOnLinkAccessEgressFacilityFinder
instanceKlass org/matsim/contrib/dvrp/router/DvrpRoutingModule$AccessEgressFacilityFinder
instanceKlass org/matsim/contrib/drt/optimizer/constraints/ConstraintSetChooser
instanceKlass org/matsim/contrib/drt/routing/DrtStopFacility
instanceKlass org/matsim/contrib/drt/routing/DefaultDrtRouteConstraintsCalculator
instanceKlass org/matsim/contrib/drt/routing/DrtRouteConstraintsCalculator
instanceKlass org/matsim/contrib/drt/optimizer/rebalancing/plusOne/FastHeuristicLinkBasedRelocationCalculator
instanceKlass org/matsim/contrib/drt/optimizer/rebalancing/plusOne/LinkBasedRelocationCalculator
instanceKlass org/matsim/contrib/drt/optimizer/rebalancing/plusOne/PlusOneRebalancingStrategy
instanceKlass org/matsim/core/events/MobsimScopeEventHandler
instanceKlass org/matsim/contrib/dvrp/passenger/PassengerRequestRejectedEventHandler
instanceKlass org/matsim/contrib/drt/passenger/events/DrtRequestSubmittedEventHandler
instanceKlass org/matsim/contrib/dvrp/passenger/PassengerRequestScheduledEventHandler
instanceKlass org/matsim/contrib/drt/optimizer/rebalancing/RebalancingStrategy
instanceKlass  @bci org/matsim/contrib/drt/optimizer/rebalancing/RebalancingModule install ()V 70 <appendix> member <vmtarget> ; # org/matsim/contrib/drt/optimizer/rebalancing/RebalancingModule$$Lambda+0x00000000953c3c28
instanceKlass  @bci org/matsim/contrib/drt/optimizer/rebalancing/RebalancingModule install ()V 43 <appendix> member <vmtarget> ; # org/matsim/contrib/drt/optimizer/rebalancing/RebalancingModule$$Lambda+0x00000000953c39d8
instanceKlass org/locationtech/jts/geom/prep/PreparedGeometry
instanceKlass org/matsim/contrib/drt/analysis/zonal/DrtZoneTargetLinkSelector
instanceKlass  @bci org/matsim/contrib/dvrp/fleet/FleetModule install ()V 175 <appendix> member <vmtarget> ; # org/matsim/contrib/dvrp/fleet/FleetModule$$Lambda+0x00000000953c2e98
instanceKlass org/matsim/contrib/dvrp/fleet/Fleet
instanceKlass  @bci org/matsim/contrib/dvrp/fleet/FleetModule install ()V 56 <appendix> member <vmtarget> ; # org/matsim/contrib/dvrp/fleet/FleetModule$$Lambda+0x00000000953c2a40
instanceKlass org/matsim/core/modal/ModalProviders$1
instanceKlass org/matsim/core/modal/ModalProviders
instanceKlass  @bci org/matsim/contrib/dvrp/fleet/FleetModule install ()V 27 <appendix> member <vmtarget> ; # org/matsim/contrib/dvrp/fleet/FleetModule$$Lambda+0x00000000953c2390
instanceKlass org/matsim/contrib/dvrp/load/IntegerLoad
instanceKlass org/matsim/contrib/dvrp/load/DvrpLoad
instanceKlass org/matsim/contrib/dvrp/load/IntegerLoadType
instanceKlass org/matsim/contrib/dvrp/load/DvrpLoadType
instanceKlass org/matsim/contrib/dvrp/fleet/FleetControlerListener
instanceKlass org/matsim/contrib/dvrp/fleet/VehicleStartLinkToLastLinkUpdater
instanceKlass org/matsim/contrib/dvrp/load/DefaultDvrpLoadFromVehicle
instanceKlass org/matsim/contrib/dvrp/load/DvrpLoadFromVehicle
instanceKlass org/matsim/contrib/dvrp/fleet/FleetSpecification
instanceKlass  @bci org/matsim/contrib/drt/run/DrtModeModule install ()V 68 <appendix> argL0 ; # org/matsim/contrib/drt/run/DrtModeModule$$Lambda+0x00000000953c0248
instanceKlass org/matsim/contrib/dvrp/router/TimeAsTravelDisutility
instanceKlass org/matsim/contrib/zone/skims/FreeSpeedTravelTimeMatrix
instanceKlass org/matsim/contrib/dvrp/run/DvrpModes$DvrpModeImpl
instanceKlass org/matsim/contrib/drt/optimizer/StopWaypointFactoryImpl
instanceKlass org/matsim/contrib/drt/optimizer/StopWaypointFactory
instanceKlass org/matsim/contrib/dvrp/passenger/DefaultDvrpLoadFromTrip
instanceKlass org/matsim/contrib/dvrp/passenger/DvrpLoadFromTrip
instanceKlass org/matsim/contrib/drt/stops/DefaultStopTimeCalculator
instanceKlass org/matsim/contrib/drt/stops/StaticPassengerStopDurationProvider
instanceKlass org/matsim/contrib/drt/stops/PassengerStopDurationProvider
instanceKlass org/matsim/contrib/drt/stops/MinimumStopDurationAdapter
instanceKlass org/matsim/contrib/drt/speedup/DrtSpeedUp
instanceKlass org/matsim/contrib/drt/stops/StopTimeCalculator
instanceKlass org/matsim/contrib/dvrp/router/DvrpGlobalRoutingNetworkProvider
instanceKlass org/matsim/contrib/dvrp/run/DvrpModule$2
instanceKlass org/matsim/contrib/zone/skims/TravelTimeMatrix
instanceKlass org/matsim/contrib/common/zones/Zone
instanceKlass org/matsim/contrib/dvrp/run/DvrpModule$1
instanceKlass org/matsim/contrib/common/zones/ZoneSystem
instanceKlass org/matsim/contrib/dvrp/trafficmonitoring/DvrpOfflineTravelTimeEstimator
instanceKlass org/matsim/core/mobsim/framework/listeners/MobsimBeforeCleanupListener
instanceKlass org/matsim/contrib/dvrp/trafficmonitoring/DvrpTravelTimeEstimator
instanceKlass org/matsim/contrib/dvrp/trafficmonitoring/QSimFreeSpeedTravelTime
instanceKlass org/matsim/contrib/dvrp/vrpagent/VrpAgentQueryHelper
instanceKlass org/matsim/vis/otfvis/OnTheFlyServer$NonPlanAgentQueryHelper
instanceKlass org/eqasim/core/simulation/termination/mode_share/TerminationModeShareModule$$FastClassByGuice$$168d98e
instanceKlass org/eqasim/core/simulation/termination/mode_share/ModeShareCriterion$1
instanceKlass org/eqasim/core/simulation/termination/mode_share/ModeShareCriterion
instanceKlass org/eqasim/core/simulation/termination/mode_share/ModeShareIndicator$1
instanceKlass org/eqasim/core/simulation/termination/mode_share/ModeShareIndicator
instanceKlass org/eqasim/core/simulation/termination/EqasimTerminationModule$$FastClassByGuice$$159b246
instanceKlass org/eqasim/core/simulation/termination/TerminationCriterionCalculator
instanceKlass org/eqasim/core/simulation/termination/TerminationIndicatorSupplier
instanceKlass org/eqasim/core/simulation/analysis/EqasimAnalysisModule$$FastClassByGuice$$14d4780
instanceKlass org/eqasim/core/simulation/analysis/stuck/StuckAnalysisListener
instanceKlass org/eqasim/core/simulation/modes/drt/analysis/DrtAnalysisModule$$FastClassByGuice$$137caa4
instanceKlass org/eqasim/core/analysis/DefaultPersonAnalysisFilter
instanceKlass org/eqasim/core/simulation/modes/drt/analysis/DrtAnalysisListener
instanceKlass org/eqasim/core/simulation/modes/drt/analysis/utils/VehicleRegistry
instanceKlass org/matsim/contrib/dvrp/vrpagent/TaskStartedEventHandler
instanceKlass org/eqasim/core/simulation/analysis/AnalysisOutputListener
instanceKlass org/eqasim/core/components/traffic/EqasimTrafficModule$$FastClassByGuice$$12612c6
instanceKlass org/eqasim/core/simulation/mode_choice/EqasimModeChoiceModule$$FastClassByGuice$$1131ced
instanceKlass org/eqasim/core/simulation/mode_choice/parameters/ModeParameters$DrtParameters
instanceKlass org/eqasim/core/simulation/mode_choice/parameters/ModeParameters$WalkParameters
instanceKlass org/eqasim/core/simulation/mode_choice/parameters/ModeParameters$BikeParameters
instanceKlass org/eqasim/core/simulation/mode_choice/parameters/ModeParameters$PtParameters
instanceKlass org/eqasim/core/simulation/mode_choice/parameters/ModeParameters$CarParameters
instanceKlass org/eqasim/core/simulation/mode_choice/EqasimHomeFinder
instanceKlass org/eqasim/core/simulation/mode_choice/cost/ZeroCostModel
instanceKlass org/eqasim/core/simulation/modes/drt/mode_choice/utilities/estimators/DrtUtilityEstimator
instanceKlass org/eqasim/core/simulation/mode_choice/utilities/estimators/WalkUtilityEstimator
instanceKlass org/eqasim/core/simulation/mode_choice/utilities/estimators/BikeUtilityEstimator
instanceKlass org/eqasim/core/simulation/mode_choice/utilities/estimators/PtUtilityEstimator
instanceKlass org/eqasim/core/simulation/mode_choice/utilities/estimators/CarUtilityEstimator
instanceKlass org/eqasim/core/simulation/mode_choice/utilities/UtilityEstimatorWithPreviousTrips
instanceKlass org/eqasim/core/simulation/mode_choice/utilities/estimators/ZeroUtilityEstimator
instanceKlass org/eqasim/core/simulation/mode_choice/utilities/predictors/CachedVariablePredictor
instanceKlass org/eqasim/core/simulation/mode_choice/utilities/predictors/CachedVariablePredictorWithPreviousTrips
instanceKlass org/eqasim/core/simulation/mode_choice/utilities/predictors/VariablePredictorWithPreviousTrips
instanceKlass org/eqasim/core/simulation/mode_choice/filters/OutsideFilter
instanceKlass org/eqasim/core/simulation/mode_choice/filters/TourLengthFilter
instanceKlass org/eqasim/core/simulation/modes/drt/mode_choice/constraints/DrtServiceAreaConstraint$Factory
instanceKlass org/eqasim/core/simulation/modes/drt/mode_choice/constraints/DrtWalkConstraint$Factory
instanceKlass org/eqasim/core/simulation/mode_choice/constraints/OutsideConstraint$Factory
instanceKlass org/eqasim/core/simulation/mode_choice/constraints/PassengerConstraint$Factory
instanceKlass org/eqasim/core/components/raptor/EqasimRaptorModule$$FastClassByGuice$$10be88a
instanceKlass org/eqasim/core/simulation/mode_choice/epsilon/EpsilonModule$$FastClassByGuice$$f6f96d
instanceKlass org/eqasim/core/components/EqasimComponentsModule$$FastClassByGuice$$e7eaff
instanceKlass org/matsim/core/router/RoutingModeMainModeIdentifier
instanceKlass org/matsim/contribs/discrete_mode_choice/modules/ModelModule$$FastClassByGuice$$d51d3e
instanceKlass org/matsim/contribs/discrete_mode_choice/modules/HomeFinderModule$$FastClassByGuice$$ca0779
instanceKlass org/matsim/contribs/discrete_mode_choice/components/utils/home_finder/ActivityTypeHomeFinder
instanceKlass org/matsim/contribs/discrete_mode_choice/components/utils/home_finder/FirstActivityHomeFinder
instanceKlass org/matsim/contribs/discrete_mode_choice/modules/FilterModule$$FastClassByGuice$$b4ea32
instanceKlass org/matsim/contribs/discrete_mode_choice/components/filters/TourLengthFilter
instanceKlass org/matsim/contribs/discrete_mode_choice/modules/ConstraintModule$$FastClassByGuice$$a9b467
instanceKlass org/matsim/contribs/discrete_mode_choice/components/constraints/TransitWalkConstraint$Factory
instanceKlass org/matsim/contribs/discrete_mode_choice/components/constraints/SubtourModeConstraint$Factory
instanceKlass org/matsim/contribs/discrete_mode_choice/components/constraints/VehicleTripConstraint$Factory
instanceKlass org/matsim/contribs/discrete_mode_choice/components/constraints/VehicleTourConstraint$Factory
instanceKlass org/matsim/contribs/discrete_mode_choice/components/constraints/LinkAttributeConstraint$Factory
instanceKlass org/matsim/contribs/discrete_mode_choice/components/constraints/ShapeFileConstraint$Factory
instanceKlass org/matsim/contribs/discrete_mode_choice/model/constraints/TourFromTripConstraintFactory
instanceKlass org/matsim/contribs/discrete_mode_choice/modules/SelectorModule$$FastClassByGuice$$969a16
instanceKlass org/matsim/contribs/discrete_mode_choice/model/utilities/MultinomialLogitSelector$Factory
instanceKlass org/matsim/contribs/discrete_mode_choice/model/utilities/RandomSelector$Factory
instanceKlass org/matsim/contribs/discrete_mode_choice/model/utilities/MaximumSelector$Factory
instanceKlass org/matsim/contribs/discrete_mode_choice/modules/TourFinderModule$$FastClassByGuice$$881b50
instanceKlass org/matsim/contribs/discrete_mode_choice/components/tour_finder/PlanTourFinder
instanceKlass org/matsim/contribs/discrete_mode_choice/components/tour_finder/AbstractTourFinder
instanceKlass org/matsim/contribs/discrete_mode_choice/modules/EstimatorModule$$FastClassByGuice$$77b497
instanceKlass org/matsim/contribs/discrete_mode_choice/modules/utils/ScheduleWaitingTimeEstimatorModule$$FastClassByGuice$$6d6175
instanceKlass org/matsim/contribs/discrete_mode_choice/components/utils/ScheduleWaitingTimeEstimator
instanceKlass org/matsim/contribs/discrete_mode_choice/components/estimators/MATSimDayScoringEstimator
instanceKlass org/matsim/contribs/discrete_mode_choice/components/estimators/CumulativeTourEstimator
instanceKlass org/matsim/contribs/discrete_mode_choice/components/estimators/UniformTripEstimator
instanceKlass org/matsim/contribs/discrete_mode_choice/components/estimators/UniformTourEstimator
instanceKlass org/matsim/contribs/discrete_mode_choice/components/utils/NullWaitingTimeEstimator
instanceKlass org/matsim/contribs/discrete_mode_choice/components/utils/PTWaitingTimeEstimator
instanceKlass org/matsim/contribs/discrete_mode_choice/modules/ModeAvailabilityModule$$FastClassByGuice$$5aca85
instanceKlass org/matsim/contribs/discrete_mode_choice/model/mode_availability/DefaultModeAvailability
instanceKlass org/matsim/contribs/discrete_mode_choice/model/mode_chain/DefaultModeChainGenerator$Factory
instanceKlass org/matsim/contribs/discrete_mode_choice/model/tour_based/EfficientTourBasedModel
instanceKlass org/matsim/contribs/discrete_mode_choice/replanning/TripListConverter
instanceKlass org/matsim/contribs/discrete_mode_choice/model/tour_based/TourBasedModel
instanceKlass org/matsim/contribs/discrete_mode_choice/model/mode_chain/ModeChainGeneratorFactory
instanceKlass org/matsim/contribs/discrete_mode_choice/model/tour_based/TourEstimator
instanceKlass org/matsim/contribs/discrete_mode_choice/model/trip_based/TripBasedModel
instanceKlass org/matsim/contribs/discrete_mode_choice/model/utilities/UtilitySelectorFactory
instanceKlass org/matsim/contribs/discrete_mode_choice/model/tour_based/TourFilter
instanceKlass org/matsim/contribs/discrete_mode_choice/model/tour_based/TripFilter
instanceKlass org/matsim/contribs/discrete_mode_choice/modules/utils/ModeChoiceInTheLoopChecker
instanceKlass org/matsim/contribs/discrete_mode_choice/replanning/NonSelectedPlanSelector
instanceKlass org/matsim/core/replanning/selectors/PlanSelector
instanceKlass org/matsim/contribs/discrete_mode_choice/modules/UtilitiesWriterHandler
instanceKlass org/matsim/contribs/discrete_mode_choice/replanning/DiscreteModeChoiceStrategyProvider
instanceKlass org/eqasim/core/components/transit/departure/DefaultDepartureFinder
instanceKlass org/eqasim/core/components/transit/departure/DepartureFinder
instanceKlass com/google/inject/spi/DefaultBindingScopingVisitor
instanceKlass org/matsim/core/scenario/ScenarioByInstanceModule$$FastClassByGuice$$4a1336
instanceKlass org/matsim/core/scenario/ScenarioByInstanceModule$TransitVehiclesProvider
instanceKlass com/google/inject/Key$AnnotationTypeStrategy
instanceKlass org/matsim/pt/transitSchedule/api/Transit
instanceKlass org/matsim/core/scenario/ScenarioByInstanceModule$TransitScheduleProvider
instanceKlass org/eqasim/core/components/travel_disutility/EqasimTravelDisutilityFactory
instanceKlass org/eqasim/core/simulation/mode_choice/epsilon/AbstractEpsilonProvider
instanceKlass ch/sbb/matsim/routing/pt/raptor/RaptorParameters
instanceKlass org/eqasim/core/simulation/mode_choice/constraints/EqasimVehicleTourConstraint$Factory
instanceKlass org/matsim/contribs/discrete_mode_choice/model/tour_based/TourConstraintFactory
instanceKlass org/matsim/contribs/discrete_mode_choice/components/utils/home_finder/HomeFinder
instanceKlass org/matsim/contribs/discrete_mode_choice/components/estimators/AbstractTripRouterEstimator
instanceKlass org/matsim/contribs/discrete_mode_choice/model/trip_based/TripEstimator
instanceKlass org/eqasim/core/simulation/mode_choice/epsilon/EpsilonProvider
instanceKlass org/eqasim/core/simulation/modes/drt/mode_choice/predictors/DefaultDrtPredictor
instanceKlass org/eqasim/core/simulation/modes/drt/mode_choice/predictors/DrtPredictor
instanceKlass org/eqasim/core/simulation/mode_choice/utilities/predictors/VariablePredictor
instanceKlass org/eqasim/core/components/traffic/AttributeCrossingPenalty
instanceKlass org/eqasim/core/components/traffic/DefaultCrossingPenalty
instanceKlass org/eqasim/core/analysis/pt/PublicTransportLegListener
instanceKlass org/matsim/core/api/experimental/events/handler/AgentWaitingForPtEventHandler
instanceKlass org/eqasim/core/components/travel_time/TravelTimeRecorder
instanceKlass org/eqasim/core/analysis/legs/LegListener
instanceKlass org/eqasim/core/analysis/activities/ActivityListener
instanceKlass org/eqasim/core/analysis/trips/TripListener
instanceKlass org/matsim/api/core/v01/events/handler/GenericEventHandler
instanceKlass org/matsim/api/core/v01/events/handler/PersonLeavesVehicleEventHandler
instanceKlass org/eqasim/core/analysis/PersonAnalysisFilter
instanceKlass org/eqasim/core/simulation/termination/EqasimTerminationCriterion
instanceKlass org/eqasim/core/simulation/termination/TerminationWriter
instanceKlass org/eqasim/core/simulation/termination/mode_share/ModeShareTracker
instanceKlass org/eqasim/core/simulation/modes/feeder_drt/mode_choice/constraints/FeederDrtConstraint$Factory
instanceKlass org/matsim/contribs/discrete_mode_choice/model/trip_based/TripConstraintFactory
instanceKlass org/eqasim/core/simulation/modes/feeder_drt/mode_choice/utilities/estimator/DefaultFeederDrtUtilityEstimator
instanceKlass org/eqasim/core/simulation/mode_choice/utilities/UtilityEstimator
instanceKlass org/eqasim/core/simulation/vdf/handlers/VDFSparseHorizonHandler
instanceKlass org/eqasim/core/simulation/vdf/handlers/VDFInterpolationHandler
instanceKlass org/eqasim/core/simulation/vdf/VDFUpdateListener
instanceKlass org/eqasim/core/simulation/vdf/travel_time/VDFTravelTime
instanceKlass org/eqasim/core/simulation/vdf/travel_time/function/BPRFunction
instanceKlass org/eqasim/core/simulation/vdf/travel_time/function/VolumeDelayFunction
instanceKlass org/eqasim/core/simulation/vdf/handlers/VDFHorizonHandler
instanceKlass org/eqasim/core/simulation/vdf/handlers/VDFTrafficHandler
instanceKlass org/eqasim/core/simulation/vdf/VDFScope
instanceKlass org/eqasim/core/simulation/mode_choice/parameters/ModeParameters
instanceKlass org/eqasim/core/simulation/mode_choice/tour_finder/ActivityTourFinderWithExcludedActivities
instanceKlass org/matsim/contribs/discrete_mode_choice/components/tour_finder/TourFinder
instanceKlass org/eqasim/bavaria/mode_choice/BavariaModeAvailability
instanceKlass org/matsim/contribs/discrete_mode_choice/model/mode_availability/ModeAvailability
instanceKlass org/eqasim/bavaria/mode_choice/parameters/BavariaCostParameters
instanceKlass org/eqasim/core/simulation/mode_choice/cost/CostModel
instanceKlass org/irtx/matsim_fleetpy/bridge/TravelTimeManager
instanceKlass org/irtx/matsim_fleetpy/bridge/communication/CommunicationManager
instanceKlass org/matsim/core/modal/ModalProviders$InstanceGetter
instanceKlass org/matsim/core/controler/ControlerDefaultsModule$1
instanceKlass com/google/inject/RestrictedBindingSource$Permit
instanceKlass org/matsim/core/controler/events/ControllerEvent
instanceKlass org/matsim/core/replanning/inheritance/PlanInheritanceRecordWriter
instanceKlass org/matsim/guice/DependencyGraphControllerListener
instanceKlass org/matsim/vis/snapshotwriters/SnapshotWritersModule$SnapshotWriterManagerProvider
instanceKlass org/matsim/core/population/VspPlansCleaner
instanceKlass org/matsim/counts/CountsModule$$FastClassByGuice$$3edb74
instanceKlass org/matsim/counts/CountsModule$CountsInitializer
instanceKlass org/matsim/counts/CountsControllerListener
instanceKlass org/matsim/counts/Counts
instanceKlass org/matsim/analysis/ModeChoiceCoverageControllerListener
instanceKlass org/matsim/analysis/ModeStatsControllerListener
instanceKlass org/matsim/analysis/ScoreStatsControlerListener
instanceKlass org/matsim/analysis/ScoreStats
instanceKlass org/matsim/core/controler/listener/StartupListener
instanceKlass org/matsim/analysis/IterationTravelStatsControllerListener
instanceKlass org/matsim/analysis/TripsAndLegsWriter
instanceKlass org/matsim/analysis/PersonWriter
instanceKlass org/matsim/analysis/ActivityWriter
instanceKlass org/matsim/analysis/TripsAndLegsWriter$DefaultTimeWriter
instanceKlass org/matsim/analysis/TripsAndLegsWriter$CustomTimeWriter
instanceKlass org/matsim/analysis/TripsAndLegsWriter$NoLegsWriterExtension
instanceKlass org/matsim/analysis/TripsAndLegsWriter$CustomLegsWriterExtension
instanceKlass org/matsim/analysis/TripsAndLegsWriter$NoTripWriterExtension
instanceKlass org/matsim/analysis/TripsAndLegsWriter$CustomTripsWriterExtension
instanceKlass org/matsim/analysis/PHbyModeCalculator
instanceKlass org/matsim/analysis/PKMbyModeCalculator
instanceKlass org/matsim/analysis/TravelDistanceStats
instanceKlass org/matsim/analysis/LegTimesControllerListener
instanceKlass org/matsim/analysis/CalcLegTimes
instanceKlass org/matsim/analysis/LegHistogramListener
instanceKlass org/matsim/analysis/LegHistogram
instanceKlass org/matsim/api/core/v01/events/handler/PersonStuckEventHandler
instanceKlass org/matsim/analysis/VolumesAnalyzer
instanceKlass org/matsim/analysis/LinkStatsControllerListener
instanceKlass org/matsim/analysis/CalcLinkStats
instanceKlass org/matsim/core/utils/timing/TimeInterpretationModule$$FastClassByGuice$$2a46d6
instanceKlass org/matsim/core/replanning/conflicts/ConflictModule$$FastClassByGuice$$1ddf26
instanceKlass org/matsim/core/replanning/conflicts/ConflictResolver
instanceKlass org/matsim/core/replanning/conflicts/ConflictManager
instanceKlass org/matsim/core/replanning/conflicts/ConflictWriter
instanceKlass org/matsim/core/replanning/ReplanningContextImpl
instanceKlass org/matsim/core/controler/listener/IterationStartsListener
instanceKlass org/matsim/core/replanning/ReplanningContext
instanceKlass org/matsim/core/replanning/choosers/WeightedStrategyChooser
instanceKlass org/matsim/core/replanning/choosers/StrategyChooser
instanceKlass org/matsim/core/replanning/StrategyManager
instanceKlass org/matsim/core/replanning/strategies/KeepLastSelected
instanceKlass org/matsim/core/replanning/PlanStrategy
instanceKlass org/matsim/core/replanning/GenericPlanStrategy
instanceKlass org/matsim/core/router/FallbackRoutingModuleDefaultImpl
instanceKlass org/matsim/core/router/FallbackRoutingModule
instanceKlass org/matsim/core/router/NetworkRoutingProvider
instanceKlass org/matsim/core/router/BeelineTeleportationRouting
instanceKlass org/matsim/core/router/SingleModeNetworksCache
instanceKlass ch/sbb/matsim/routing/pt/raptor/DefaultRaptorTransferCostCalculator
instanceKlass ch/sbb/matsim/routing/pt/raptor/RaptorTransferCostCalculator
instanceKlass ch/sbb/matsim/routing/pt/raptor/DefaultRaptorInVehicleCostCalculator
instanceKlass ch/sbb/matsim/routing/pt/raptor/RaptorInVehicleCostCalculator
instanceKlass ch/sbb/matsim/routing/pt/raptor/DefaultRaptorIntermodalAccessEgress
instanceKlass ch/sbb/matsim/routing/pt/raptor/RaptorIntermodalAccessEgress
instanceKlass ch/sbb/matsim/routing/pt/raptor/OccupancyData$RouteData
instanceKlass ch/sbb/matsim/routing/pt/raptor/OccupancyData$DepartureData
instanceKlass ch/sbb/matsim/routing/pt/raptor/SwissRailRaptorData$RRouteStop
instanceKlass ch/sbb/matsim/routing/pt/raptor/SwissRailRaptorData
instanceKlass ch/sbb/matsim/routing/pt/raptor/OccupancyData$CacheData
instanceKlass ch/sbb/matsim/routing/pt/raptor/DefaultRaptorStopFinder
instanceKlass ch/sbb/matsim/routing/pt/raptor/RaptorStopFinder
instanceKlass ch/sbb/matsim/routing/pt/raptor/DefaultRaptorParametersForPerson
instanceKlass ch/sbb/matsim/routing/pt/raptor/RaptorParametersForPerson
instanceKlass ch/sbb/matsim/routing/pt/raptor/SwissRailRaptorModule$1
instanceKlass ch/sbb/matsim/routing/pt/raptor/LeastCostRaptorRouteSelector
instanceKlass ch/sbb/matsim/routing/pt/raptor/RaptorRouteSelector
instanceKlass ch/sbb/matsim/routing/pt/raptor/SwissRailRaptorRoutingModuleProvider
instanceKlass ch/sbb/matsim/routing/pt/raptor/SwissRailRaptor
instanceKlass ch/sbb/matsim/routing/pt/raptor/SwissRailRaptorFactory
instanceKlass org/matsim/pt/router/TransitRouter
instanceKlass org/matsim/pt/router/TransitRouterModule$1
instanceKlass org/matsim/core/router/speedy/SpeedyALTFactory
instanceKlass org/matsim/core/router/util/LeastCostPathCalculatorFactory
instanceKlass org/matsim/core/router/MultimodalLinkChooserDefaultImpl
instanceKlass org/matsim/core/router/MultimodalLinkChooser
instanceKlass org/matsim/core/router/DefaultAnalysisMainModeIdentifier
instanceKlass org/matsim/core/router/AnalysisMainModeIdentifier
instanceKlass org/matsim/core/router/MainModeIdentifierImpl
instanceKlass org/matsim/core/router/MainModeIdentifier
instanceKlass org/matsim/core/router/TripRouter
instanceKlass org/matsim/core/scoring/functions/SubpopulationScoringParameters
instanceKlass org/matsim/core/scoring/functions/ScoringParametersForPerson
instanceKlass  @bci org/matsim/core/config/groups/ScoringConfigGroup$ScoringParameterSet getTasteVariationsParams ()Lorg/matsim/core/config/groups/TasteVariationsConfigParameterSet; 18 <appendix> member <vmtarget> ; # org/matsim/core/config/groups/ScoringConfigGroup$ScoringParameterSet$$Lambda+0x0000000095390b18
instanceKlass  @bci org/matsim/core/scoring/functions/CharyparNagelScoringFunctionModule install ()V 36 <appendix> argL0 ; # org/matsim/core/scoring/functions/CharyparNagelScoringFunctionModule$$Lambda+0x00000000953908c0
instanceKlass org/matsim/core/scoring/functions/CharyparNagelScoringFunctionFactory
instanceKlass org/matsim/core/scoring/ScoringFunctionFactory
instanceKlass org/matsim/core/router/costcalculators/RandomizingTimeDistanceTravelDisutilityFactory
instanceKlass org/matsim/core/router/costcalculators/TravelDisutilityFactory
instanceKlass org/matsim/core/trafficmonitoring/TravelTimeCalculatorModule$ObservedLinkTravelTimes
instanceKlass org/matsim/core/router/util/TravelTime
instanceKlass org/matsim/core/trafficmonitoring/TravelTimeCalculator
instanceKlass org/matsim/api/core/v01/events/handler/VehicleAbortsEventHandler
instanceKlass org/matsim/api/core/v01/events/handler/LinkLeaveEventHandler
instanceKlass org/matsim/core/events/MobsimScopeEventHandling
instanceKlass org/matsim/core/controler/listener/AfterMobsimListener
instanceKlass org/matsim/core/mobsim/qsim/QSimProvider
instanceKlass org/matsim/core/mobsim/qsim/pt/TransitStopAgentTracker
instanceKlass org/matsim/core/mobsim/qsim/AgentTracker
instanceKlass org/matsim/core/mobsim/qsim/QSim
instanceKlass org/matsim/core/mobsim/qsim/ActivityEndRescheduler
instanceKlass org/matsim/vis/snapshotwriters/VisMobsim
instanceKlass org/matsim/core/mobsim/qsim/qnetsimengine/QVehicleFactory
instanceKlass org/matsim/core/utils/timing/TimeInterpretation
instanceKlass org/matsim/core/mobsim/qsim/interfaces/Netsim
instanceKlass org/matsim/core/mobsim/framework/ObservableMobsim
instanceKlass org/matsim/core/mobsim/framework/Mobsim
instanceKlass com/google/inject/internal/RealElement
instanceKlass com/google/inject/internal/Element
instanceKlass  @bci org/matsim/core/mobsim/qsim/QSimModule install ()V 22 <appendix> member <vmtarget> ; # org/matsim/core/mobsim/qsim/QSimModule$$Lambda+0x000000009538e780
instanceKlass org/matsim/core/mobsim/qsim/agents/AgentFactory
instanceKlass com/google/inject/internal/ProviderMethodsModule$MethodAndAnnotation
instanceKlass com/google/inject/Exposed
instanceKlass  @bci com/google/inject/internal/aop/AbstractGlueGenerator lambda$bindSignaturesToInvokers$0 (Ljava/lang/invoke/MethodHandle;Ljava/util/function/ToIntFunction;Ljava/lang/String;)Ljava/util/function/BiFunction; 8 <adapter> ; # java/lang/invoke/LambdaForm$MH+0x0000000095389000
instanceKlass java/lang/ClassValue$RemovalToken
instanceKlass  @bci com/google/inject/internal/aop/AbstractGlueGenerator bindSignaturesToInvokers (Ljava/util/function/ToIntFunction;Ljava/lang/invoke/MethodHandle;)Ljava/util/function/Function; 13 <appendix> member <vmtarget> ; # com/google/inject/internal/aop/AbstractGlueGenerator$$Lambda+0x000000009538c230
instanceKlass com/google/inject/internal/aop/ImmutableStringTrie
instanceKlass java/util/function/ToIntFunction
instanceKlass org/matsim/core/mobsim/qsim/components/QSimComponentsModule$$FastClassByGuice$$3dafd
instanceKlass com/google/inject/internal/aop/GeneratedClassDefiner
# instanceKlass java/lang/ClassLoader$$DefineAccessByGuice$$+0x0000000095388c00
instanceKlass java/lang/classfile/AccessFlags
instanceKlass java/lang/classfile/MethodModel
instanceKlass java/lang/classfile/FieldModel
instanceKlass  @bci jdk/internal/classfile/impl/ClassFileImpl attributeMapper ()Ljava/util/function/Function; 7 <appendix> argL0 ; # jdk/internal/classfile/impl/ClassFileImpl$$Lambda+0x80000004b
instanceKlass java/lang/classfile/ClassModel
instanceKlass java/lang/classfile/AttributedElement
instanceKlass java/lang/classfile/CompoundElement
# instanceKlass java/lang/invoke/LambdaForm$MH+0x0000000095388800
# instanceKlass java/lang/invoke/LambdaForm$MH+0x0000000095388400
# instanceKlass java/lang/invoke/LambdaForm$MH+0x0000000095388000
# instanceKlass java/lang/invoke/LambdaForm$MH+0x0000000095384400
instanceKlass  @bci com/google/inject/internal/aop/UnsafeClassDefiner$ClassLoaderDefineClassHolder <clinit> ()V 0 <appendix> argL0 ; # com/google/inject/internal/aop/UnsafeClassDefiner$ClassLoaderDefineClassHolder$$Lambda+0x0000000095384800
instanceKlass com/google/inject/internal/aop/UnsafeClassDefiner$ClassLoaderDefineClassHolder
instanceKlass com/google/inject/internal/asm/$Handler
instanceKlass com/google/inject/internal/asm/$Attribute
instanceKlass com/google/inject/internal/aop/BytecodeTasks
instanceKlass  @bci com/google/inject/internal/aop/AbstractGlueGenerator generateTrampoline (Lcom/google/inject/internal/asm/$ClassWriter;Ljava/util/Collection;)V 30 <appendix> argL0 ; # com/google/inject/internal/aop/AbstractGlueGenerator$$Lambda+0x0000000095385418
instanceKlass com/google/inject/internal/asm/$Handle
instanceKlass com/google/inject/internal/asm/$Label
instanceKlass com/google/inject/internal/asm/$Frame
instanceKlass com/google/inject/internal/asm/$ByteVector
instanceKlass com/google/inject/internal/asm/$Symbol
instanceKlass com/google/inject/internal/asm/$SymbolTable
instanceKlass com/google/inject/internal/asm/$FieldVisitor
instanceKlass com/google/inject/internal/asm/$MethodVisitor
instanceKlass com/google/inject/internal/asm/$ModuleVisitor
instanceKlass com/google/inject/internal/asm/$RecordComponentVisitor
instanceKlass com/google/inject/internal/asm/$AnnotationVisitor
instanceKlass com/google/inject/internal/asm/$ClassVisitor
instanceKlass com/google/inject/internal/aop/AbstractGlueGenerator
instanceKlass  @bci com/google/inject/internal/aop/ClassBuilding buildFastClass (Ljava/lang/Class;)Ljava/util/function/Function; 20 <appendix> member <vmtarget> ; # com/google/inject/internal/aop/ClassBuilding$$Lambda+0x0000000095381fe8
instanceKlass  @bci com/google/inject/internal/aop/ClassBuilding buildFastClass (Ljava/lang/Class;)Ljava/util/function/Function; 10 <appendix> member <vmtarget> ; # com/google/inject/internal/aop/ClassBuilding$$Lambda+0x0000000095381da8
instanceKlass com/google/inject/internal/asm/$Type
instanceKlass java/util/stream/WhileOps$DropWhileSink
instanceKlass java/util/stream/SliceOps
instanceKlass java/util/stream/WhileOps$DropWhileOp
instanceKlass java/util/stream/WhileOps
instanceKlass  @bci sun/misc/Unsafe lambda$beforeMemoryAccessSlow$0 (Ljava/util/stream/Stream;)Ljava/util/List; 1 <appendix> argL0 ; # sun/misc/Unsafe$$Lambda+0x00000000952eb320
instanceKlass java/lang/StackStreamFactory$FrameBuffer
instanceKlass java/lang/StackStreamFactory
instanceKlass  @bci sun/misc/Unsafe beforeMemoryAccessSlow ()V 26 <appendix> argL0 ; # sun/misc/Unsafe$$Lambda+0x00000000952e98a8
instanceKlass sun/misc/Unsafe$StackWalkerHolder
instanceKlass  @bci com/google/inject/internal/aop/UnsafeClassDefiner <clinit> ()V 30 <appendix> argL0 ; # com/google/inject/internal/aop/UnsafeClassDefiner$$Lambda+0x0000000095381968
instanceKlass com/google/inject/internal/aop/HiddenClassDefiner
instanceKlass  @bci java/util/stream/Collectors joining (Ljava/lang/CharSequence;Ljava/lang/CharSequence;Ljava/lang/CharSequence;)Ljava/util/stream/Collector; 22 <appendix> argL0 ; # java/util/stream/Collectors$$Lambda+0x800000043
instanceKlass  @bci java/util/stream/Collectors joining (Ljava/lang/CharSequence;Ljava/lang/CharSequence;Ljava/lang/CharSequence;)Ljava/util/stream/Collector; 17 <appendix> argL0 ; # java/util/stream/Collectors$$Lambda+0x800000041
instanceKlass  @bci java/util/stream/Collectors joining (Ljava/lang/CharSequence;Ljava/lang/CharSequence;Ljava/lang/CharSequence;)Ljava/util/stream/Collector; 12 <appendix> argL0 ; # java/util/stream/Collectors$$Lambda+0x80000003e
instanceKlass  @bci java/util/stream/Collectors joining (Ljava/lang/CharSequence;Ljava/lang/CharSequence;Ljava/lang/CharSequence;)Ljava/util/stream/Collector; 7 <appendix> member <vmtarget> ; # java/util/stream/Collectors$$Lambda+0x800000046
instanceKlass  @bci java/lang/Class methodToString (Ljava/lang/String;[Ljava/lang/Class;)Ljava/lang/String; 42 <appendix> argL0 ; # java/lang/Class$$Lambda+0x00000000952e9000
instanceKlass sun/misc/Unsafe
instanceKlass com/google/inject/internal/aop/UnsafeGetter
instanceKlass  @bci com/google/inject/internal/aop/UnsafeClassDefiner <clinit> ()V 11 <appendix> argL0 ; # com/google/inject/internal/aop/UnsafeClassDefiner$$Lambda+0x0000000095381308
instanceKlass com/google/inject/internal/aop/AnonymousClassDefiner
instanceKlass java/security/PrivilegedExceptionAction
instanceKlass com/google/inject/internal/aop/UnsafeClassDefiner
instanceKlass com/google/inject/internal/aop/ClassDefining$ClassDefinerHolder
instanceKlass com/google/inject/internal/aop/ClassDefiner
instanceKlass com/google/inject/internal/aop/ClassDefining
instanceKlass  @bci com/google/inject/internal/aop/ClassBuilding getOverridableObjectMethods ()[Ljava/lang/reflect/Method; 15 <appendix> member <vmtarget> ; # com/google/inject/internal/aop/ClassBuilding$$Lambda+0x0000000095380650
instanceKlass  @cpi org/apache/commons/lang3/ClassUtils 782 form vmentry <vmtarget> ; # java/lang/invoke/LambdaForm$DMH+0x0000000095384000
instanceKlass com/google/inject/spi/ProvidesMethodBinding
instanceKlass com/google/inject/internal/ProvidesMethodScanner$AnnotationOrError
instanceKlass com/google/inject/multibindings/MapKey
instanceKlass com/google/inject/spi/Message
instanceKlass com/google/inject/spi/TypeListener
instanceKlass org/aopalliance/intercept/MethodInterceptor
instanceKlass org/aopalliance/intercept/Interceptor
instanceKlass org/aopalliance/aop/Advice
instanceKlass org/matsim/core/events/EventsManagerModule$EventHandlerRegistrator
instanceKlass org/matsim/core/events/SimStepParallelEventsManagerImpl
instanceKlass org/apache/commons/lang3/BooleanUtils
instanceKlass org/matsim/core/controler/corelisteners/DumpDataAtEndImpl
instanceKlass org/matsim/core/controler/corelisteners/DumpDataAtEnd
instanceKlass org/matsim/core/controler/corelisteners/EventsHandlingImpl
instanceKlass org/matsim/core/controler/listener/ShutdownListener
instanceKlass org/matsim/core/controler/corelisteners/EventsHandling
instanceKlass org/matsim/core/controler/corelisteners/PlansDumpingImpl
instanceKlass org/matsim/core/controler/listener/BeforeMobsimListener
instanceKlass org/matsim/core/controler/corelisteners/PlansDumping
instanceKlass org/matsim/core/controler/corelisteners/PlansReplanningImpl
instanceKlass org/matsim/core/controler/listener/ReplanningListener
instanceKlass org/matsim/core/controler/corelisteners/PlansReplanning
instanceKlass org/matsim/core/scoring/NewScoreAssignerImpl
instanceKlass org/matsim/core/scoring/NewScoreAssigner
instanceKlass org/matsim/core/scoring/ExperiencedPlansServiceImpl
instanceKlass org/matsim/core/scoring/EventsToActivities$ActivityHandler
instanceKlass org/matsim/core/scoring/EventsToLegs$LegHandler
instanceKlass org/matsim/core/scoring/ExperiencedPlansService
instanceKlass org/matsim/core/scoring/PlansScoringImpl
instanceKlass org/matsim/core/controler/listener/IterationEndsListener
instanceKlass org/matsim/core/controler/listener/ScoringListener
instanceKlass org/matsim/core/controler/corelisteners/PlansScoring
instanceKlass org/matsim/core/scoring/ScoringFunctionsForPopulation
instanceKlass org/matsim/core/events/handler/BasicEventHandler
instanceKlass org/matsim/core/scoring/EventsToLegsAndActivities
instanceKlass org/matsim/core/scoring/EventsToLegs
instanceKlass org/matsim/api/core/v01/events/handler/VehicleLeavesTrafficEventHandler
instanceKlass org/matsim/api/core/v01/events/handler/VehicleEntersTrafficEventHandler
instanceKlass org/matsim/core/api/experimental/events/handler/VehicleArrivesAtFacilityEventHandler
instanceKlass org/matsim/api/core/v01/events/handler/PersonContinuesInVehicleEventHandler
instanceKlass org/matsim/api/core/v01/events/handler/PersonEntersVehicleEventHandler
instanceKlass org/matsim/api/core/v01/events/handler/TransitDriverStartsEventHandler
instanceKlass org/matsim/core/api/experimental/events/handler/TeleportationArrivalEventHandler
instanceKlass org/matsim/api/core/v01/events/handler/LinkEnterEventHandler
instanceKlass org/matsim/api/core/v01/events/handler/PersonArrivalEventHandler
instanceKlass org/matsim/api/core/v01/events/handler/PersonDepartureEventHandler
instanceKlass org/matsim/core/scoring/EventsToActivities
instanceKlass org/matsim/api/core/v01/events/handler/ActivityEndEventHandler
instanceKlass org/matsim/api/core/v01/events/handler/ActivityStartEventHandler
instanceKlass org/matsim/core/controler/PersonPrepareForSimAlgorithm
instanceKlass org/matsim/core/population/algorithms/PersonAlgorithm
instanceKlass org/matsim/core/controler/PrepareForMobsimImpl
instanceKlass org/matsim/core/controler/PrepareForSimImpl
instanceKlass org/matsim/core/controler/PrepareForMobsim
instanceKlass org/matsim/core/controler/PrepareForSim
instanceKlass org/matsim/core/controler/MatsimServicesImpl
instanceKlass org/matsim/core/controler/TerminateAtFixedIterationNumber
instanceKlass org/matsim/core/controler/TerminationCriterion
instanceKlass org/matsim/analysis/IterationStopWatch
instanceKlass org/matsim/core/controler/ControllerListenerManagerImpl
instanceKlass org/matsim/core/controler/ControllerListenerManager
instanceKlass org/matsim/core/api/internal/MatsimManager
instanceKlass org/matsim/core/controler/AbstractController
instanceKlass com/google/inject/util/Modules$RealOverriddenModuleBuilder
instanceKlass jakarta/inject/Named
instanceKlass com/google/inject/Key$AnnotationInstanceStrategy
instanceKlass com/google/inject/name/NamedImpl
instanceKlass com/google/inject/name/Named
instanceKlass com/google/inject/name/Names
instanceKlass com/google/inject/multibindings/MapBinderBinding
instanceKlass com/google/inject/internal/RealMapBinder$BindingSelection
instanceKlass org/matsim/core/controler/listener/ControllerListener
instanceKlass org/matsim/core/events/handler/EventHandler
instanceKlass org/matsim/vis/snapshotwriters/SnapshotWriter
instanceKlass  @bci com/google/inject/internal/RealMultibinder$RealMultibinderCollectionOfProvidersProvider <init> (Lcom/google/inject/internal/RealMultibinder$BindingSelection;)V 2 <appendix> argL0 ; # com/google/inject/internal/RealMultibinder$RealMultibinderCollectionOfProvidersProvider$$Lambda+0x0000000095375238
instanceKlass com/google/inject/internal/MoreTypes$WildcardTypeImpl
instanceKlass com/google/inject/internal/SingleParameterInjector
instanceKlass  @bci com/google/inject/internal/RealMultibinder$RealMultibinderProvider <init> (Lcom/google/inject/internal/RealMultibinder$BindingSelection;)V 2 <appendix> argL0 ; # com/google/inject/internal/RealMultibinder$RealMultibinderProvider$$Lambda+0x0000000095374258
instanceKlass com/google/inject/internal/InternalProviderInstanceBindingImpl$Factory
instanceKlass com/google/inject/multibindings/MultibinderBinding
instanceKlass com/google/inject/spi/ProviderWithExtensionVisitor
instanceKlass com/google/inject/internal/MoreTypes$ParameterizedTypeImpl
instanceKlass com/google/inject/internal/MoreTypes$CompositeType
instanceKlass com/google/inject/util/Types
instanceKlass com/google/inject/internal/RealMultibinder$BindingSelection
instanceKlass org/matsim/core/mobsim/framework/listeners/MobsimListener
instanceKlass org/matsim/core/mobsim/qsim/components/QSimComponent
instanceKlass com/google/inject/internal/InjectorImpl$1
instanceKlass org/matsim/core/router/RoutingModule
instanceKlass com/google/inject/internal/ProvisionListenerStackCallback$ProvisionCallback
instanceKlass com/google/inject/internal/MembersInjectorImpl
instanceKlass com/google/inject/internal/EncounterImpl
instanceKlass com/google/inject/internal/SingleFieldInjector
instanceKlass com/google/inject/internal/Nullability
instanceKlass  @bci com/google/inject/internal/KotlinSupport$KotlinUnsupported <clinit> ()V 7 <appendix> argL0 ; # com/google/inject/internal/KotlinSupport$KotlinUnsupported$$Lambda+0x000000009536ccd8
instanceKlass  @cpi com/google/inject/internal/KotlinSupport$KotlinUnsupported 78 form vmentry <vmtarget> ; # java/lang/invoke/LambdaForm$DMH+0x0000000095370000
instanceKlass com/google/inject/internal/KotlinSupport$KotlinUnsupported
instanceKlass com/google/inject/internal/KotlinSupport$KotlinSupportHolder
instanceKlass com/google/inject/internal/KotlinSupportInterface
instanceKlass com/google/inject/internal/KotlinSupport
instanceKlass com/google/errorprone/annotations/Keep
instanceKlass  @bci com/google/inject/internal/BytecodeGen <clinit> ()V 25 <appendix> argL0 ; # com/google/inject/internal/BytecodeGen$$Lambda+0x000000009536b560
instanceKlass com/google/inject/internal/BytecodeGen$EnhancerBuilder
instanceKlass com/google/inject/internal/aop/ClassBuilding
instanceKlass com/google/common/collect/MapMakerInternalMap$StrongValueEntry
instanceKlass com/google/common/collect/MapMakerInternalMap$WeakKeyStrongValueEntry$Helper
instanceKlass com/google/common/collect/MapMakerInternalMap$InternalEntry
instanceKlass com/google/common/collect/MapMakerInternalMap$1
instanceKlass com/google/common/collect/MapMakerInternalMap$InternalEntryHelper
instanceKlass com/google/common/collect/MapMakerInternalMap$WeakValueReference
instanceKlass com/google/common/collect/MapMaker
instanceKlass com/google/inject/internal/BytecodeGen
instanceKlass com/google/common/collect/TransformedIterator
instanceKlass com/google/common/collect/AbstractMapBasedMultimap$AsMap$AsMapIterator
instanceKlass com/google/inject/spi/Dependency
instanceKlass com/google/inject/internal/InternalContext
instanceKlass com/google/inject/internal/InternalFactoryToProviderAdapter
instanceKlass com/google/inject/internal/CycleDetectingLock$CycleDetectingLockFactory$ReentrantCycleDetectingLock
instanceKlass com/google/inject/internal/ConstructionContext
instanceKlass com/google/inject/internal/SingletonScope$1
instanceKlass com/google/inject/internal/ProviderToInternalFactoryAdapter
instanceKlass com/google/inject/spi/ProvisionListener
instanceKlass com/google/inject/internal/ProvisionListenerStackCallback
instanceKlass com/google/common/cache/LocalCache$AbstractReferenceEntry
instanceKlass com/google/inject/internal/ProvisionListenerCallbackStore$KeyBinding
instanceKlass com/google/inject/internal/util/Classes
instanceKlass com/google/inject/spi/ExposedBinding
instanceKlass com/google/inject/internal/CreationListener
instanceKlass com/google/inject/internal/InjectorShell$LoggerFactory
instanceKlass com/google/inject/internal/InjectorShell$InjectorFactory
instanceKlass com/google/inject/internal/Initializables$1
instanceKlass com/google/inject/internal/Initializables
instanceKlass com/google/inject/internal/ConstantFactory
instanceKlass com/google/inject/internal/InjectorShell
instanceKlass com/google/common/cache/LocalCache$StrongValueReference
instanceKlass com/google/common/util/concurrent/AbstractFuture$Failure
instanceKlass com/google/common/util/concurrent/AbstractFuture$Cancellation
instanceKlass com/google/common/util/concurrent/AbstractFuture$DelegatingToFuture
instanceKlass com/google/common/util/concurrent/Platform
instanceKlass com/google/common/util/concurrent/Uninterruptibles
instanceKlass com/google/common/util/concurrent/AbstractFuture$Listener
instanceKlass com/google/common/util/concurrent/AbstractFutureState$Waiter
instanceKlass com/google/common/util/concurrent/LazyLogger
instanceKlass com/google/common/util/concurrent/AbstractFutureState$AtomicHelper
instanceKlass com/google/common/util/concurrent/internal/InternalFutureFailureAccess
instanceKlass com/google/common/util/concurrent/AbstractFuture$Trusted
instanceKlass com/google/common/util/concurrent/ListenableFuture
instanceKlass jakarta/inject/Qualifier
instanceKlass com/google/inject/BindingAnnotation
instanceKlass jakarta/inject/Scope
instanceKlass com/google/inject/ScopeAnnotation
instanceKlass com/google/inject/internal/Annotations$AnnotationChecker
instanceKlass com/google/inject/internal/Annotations$TestAnnotation
instanceKlass com/google/inject/internal/Annotations$AnnotationToStringConfig
instanceKlass com/google/common/base/Joiner$MapJoiner
instanceKlass com/google/common/base/Joiner
instanceKlass com/google/inject/internal/Annotations
instanceKlass com/google/inject/internal/ProvisionListenerCallbackStore
instanceKlass com/google/inject/internal/SingleMemberInjector
instanceKlass com/google/inject/spi/TypeEncounter
instanceKlass com/google/inject/internal/MembersInjectorStore
instanceKlass com/google/inject/internal/TypeConverterBindingProcessor$4
instanceKlass com/google/inject/internal/TypeConverterBindingProcessor$2
instanceKlass com/google/inject/internal/TypeConverterBindingProcessor$1
instanceKlass com/google/inject/spi/TypeConverterBinding
instanceKlass com/google/inject/matcher/AbstractMatcher
instanceKlass com/google/inject/matcher/Matchers
instanceKlass com/google/inject/internal/TypeConverterBindingProcessor$5
instanceKlass com/google/inject/spi/TypeConverter
instanceKlass com/google/inject/matcher/Matcher
instanceKlass com/google/inject/internal/ConstructionProxyFactory
instanceKlass com/google/inject/internal/FailableCache
instanceKlass com/google/inject/internal/ConstructorInjectorStore
instanceKlass com/google/inject/internal/DeferredLookups
instanceKlass com/google/inject/spi/ProviderBinding
instanceKlass com/google/inject/spi/ConvertedConstantBinding
instanceKlass com/google/inject/MembersInjector
instanceKlass com/google/inject/internal/InjectorImpl
instanceKlass com/google/inject/internal/Lookups
instanceKlass com/google/inject/internal/InjectorImpl$InjectorOptions
instanceKlass  @bci com/google/inject/internal/AbstractProcessor process (Lcom/google/inject/internal/InjectorImpl;Ljava/util/List;)V 13 <appendix> member <vmtarget> ; # com/google/inject/internal/AbstractProcessor$$Lambda+0x0000000095351268
instanceKlass  @bci com/google/inject/spi/BindingSourceRestriction check (Lcom/google/inject/internal/GuiceInternal;Ljava/util/List;)Lcom/google/common/collect/ImmutableList; 11 <appendix> argL0 ; # com/google/inject/spi/BindingSourceRestriction$$Lambda+0x0000000095350968
instanceKlass com/google/inject/internal/GuiceInternal
instanceKlass com/google/inject/internal/util/StackTraceElements$InMemoryStackTraceElement
instanceKlass com/google/inject/internal/util/StackTraceElements
instanceKlass com/google/inject/Inject
instanceKlass jakarta/inject/Inject
instanceKlass  @bci com/google/inject/internal/DeclaredMembers getDeclaredFields (Ljava/lang/Class;)[Ljava/lang/reflect/Field; 38 <appendix> argL0 ; # com/google/inject/internal/DeclaredMembers$$Lambda+0x000000009534bd10
instanceKlass  @bci com/google/inject/internal/DeclaredMembers getDeclaredFields (Ljava/lang/Class;)[Ljava/lang/reflect/Field; 20 <appendix> argL0 ; # com/google/inject/internal/DeclaredMembers$$Lambda+0x000000009534bac8
instanceKlass  @bci com/google/inject/internal/DeclaredMembers getDeclaredFields (Ljava/lang/Class;)[Ljava/lang/reflect/Field; 15 <appendix> argL0 ; # com/google/inject/internal/DeclaredMembers$$Lambda+0x000000009534b880
instanceKlass  @bci com/google/inject/internal/DeclaredMembers getDeclaredFields (Ljava/lang/Class;)[Ljava/lang/reflect/Field; 7 <appendix> argL0 ; # com/google/inject/internal/DeclaredMembers$$Lambda+0x000000009534b638
instanceKlass com/google/inject/spi/InjectionPoint$InjectableMembers
instanceKlass com/google/inject/spi/InjectionPoint$InjectableMember
instanceKlass com/google/inject/spi/InjectionPoint
instanceKlass com/google/inject/internal/Scoping
instanceKlass com/google/inject/internal/InternalFactory
instanceKlass com/google/inject/spi/ConstructorBinding
instanceKlass com/google/inject/internal/DelayedInitialize
instanceKlass com/google/inject/spi/ProviderKeyBinding
instanceKlass com/google/inject/spi/ProviderInstanceBinding
instanceKlass com/google/inject/spi/InstanceBinding
instanceKlass com/google/inject/spi/HasDependencies
instanceKlass com/google/inject/spi/LinkedKeyBinding
instanceKlass com/google/inject/spi/UntargettedBinding
instanceKlass com/google/inject/internal/BindingImpl
instanceKlass com/google/inject/Key$AnnotationStrategy
instanceKlass com/google/inject/Key
instanceKlass org/matsim/core/controler/ExplodedConfigModule
instanceKlass  @bci com/google/inject/internal/util/SourceProvider getCaller ()Ljava/lang/StackTraceElement; 4 <appendix> member <vmtarget> ; # com/google/inject/internal/util/SourceProvider$$Lambda+0x000000009534c000
instanceKlass com/google/inject/internal/InternalFlags$1
instanceKlass com/google/inject/internal/InternalFlags
instanceKlass com/google/inject/spi/RequireExplicitBindingsOption
instanceKlass com/google/inject/util/Modules$EmptyModule
instanceKlass com/google/inject/util/Modules$OverriddenModuleBuilder
instanceKlass com/google/inject/util/Modules
instanceKlass  @bci com/google/inject/internal/DeclaredMembers getDeclaredMethods (Ljava/lang/Class;)[Ljava/lang/reflect/Method; 62 <appendix> argL0 ; # com/google/inject/internal/DeclaredMembers$$Lambda+0x0000000095345298
instanceKlass  @bci com/google/inject/internal/DeclaredMembers getDeclaredMethods (Ljava/lang/Class;)[Ljava/lang/reflect/Method; 38 <appendix> argL0 ; # com/google/inject/internal/DeclaredMembers$$Lambda+0x0000000095345050
instanceKlass  @bci com/google/inject/internal/DeclaredMembers getDeclaredMethods (Ljava/lang/Class;)[Ljava/lang/reflect/Method; 33 <appendix> argL0 ; # com/google/inject/internal/DeclaredMembers$$Lambda+0x0000000095344e08
instanceKlass  @bci java/util/Comparator thenComparing (Ljava/util/Comparator;)Ljava/util/Comparator; 7 <appendix> member <vmtarget> ; # java/util/Comparator$$Lambda+0x00000000952e7af0
instanceKlass  @cpi java/util/Comparator 251 form vmentry <vmtarget> ; # java/lang/invoke/LambdaForm$DMH+0x0000000095348400
instanceKlass  @bci java/util/Comparator comparing (Ljava/util/function/Function;Ljava/util/Comparator;)Ljava/util/Comparator; 12 <appendix> member <vmtarget> ; # java/util/Comparator$$Lambda+0x00000000952e7848
instanceKlass  @cpi java/util/Comparator 256 form vmentry <vmtarget> ; # java/lang/invoke/LambdaForm$DMH+0x0000000095348000
instanceKlass  @bci com/google/inject/internal/DeclaredMembers getDeclaredMethods (Ljava/lang/Class;)[Ljava/lang/reflect/Method; 20 <appendix> argL0 ; # com/google/inject/internal/DeclaredMembers$$Lambda+0x0000000095344bc0
instanceKlass  @bci com/google/inject/internal/DeclaredMembers getDeclaredMethods (Ljava/lang/Class;)[Ljava/lang/reflect/Method; 15 <appendix> argL0 ; # com/google/inject/internal/DeclaredMembers$$Lambda+0x0000000095344978
instanceKlass  @bci com/google/inject/internal/DeclaredMembers getDeclaredMethods (Ljava/lang/Class;)[Ljava/lang/reflect/Method; 7 <appendix> argL0 ; # com/google/inject/internal/DeclaredMembers$$Lambda+0x0000000095344730
instanceKlass com/google/inject/internal/DeclaredMembers
instanceKlass com/google/common/base/ExtraObjectsMethodsForWeb
instanceKlass com/google/common/collect/ImmutableMap$Builder
instanceKlass com/google/inject/internal/MoreTypes
instanceKlass com/google/inject/multibindings/ProvidesIntoOptional
instanceKlass com/google/inject/multibindings/ProvidesIntoMap
instanceKlass com/google/inject/multibindings/ProvidesIntoSet
instanceKlass com/google/inject/Provides
instanceKlass com/google/inject/spi/ModuleAnnotatedMethodScanner
instanceKlass jakarta/inject/Singleton
instanceKlass com/google/inject/spi/ElementSource
instanceKlass com/google/inject/spi/ScopeBinding
instanceKlass com/google/inject/Scopes$2
instanceKlass com/google/inject/Scopes$1
instanceKlass com/google/inject/internal/SingletonScope
instanceKlass com/google/inject/spi/BindingScopingVisitor
instanceKlass com/google/inject/Scope
instanceKlass com/google/inject/Scopes
instanceKlass com/google/inject/Singleton
instanceKlass com/google/inject/spi/Elements$ModuleInfo
instanceKlass com/google/inject/PrivateModule
instanceKlass  @bci com/google/inject/spi/BindingSourceRestriction$PermitMapConstruction pushModule (Ljava/lang/Class;Lcom/google/inject/spi/ModuleSource;)V 5 <appendix> member <vmtarget> ; # com/google/inject/spi/BindingSourceRestriction$PermitMapConstruction$$Lambda+0x000000009533e288
instanceKlass  @bci com/google/inject/spi/BindingSourceRestriction getPermits (Ljava/lang/Class;)Ljava/util/stream/Stream; 43 <appendix> argL0 ; # com/google/inject/spi/BindingSourceRestriction$$Lambda+0x000000009533e030
instanceKlass  @bci com/google/inject/spi/BindingSourceRestriction getPermits (Ljava/lang/Class;)Ljava/util/stream/Stream; 33 <appendix> argL0 ; # com/google/inject/spi/BindingSourceRestriction$$Lambda+0x000000009533dde8
instanceKlass com/google/inject/RestrictedBindingSource
instanceKlass com/google/inject/spi/BindingSourceRestriction
instanceKlass com/google/inject/spi/ModuleSource
instanceKlass com/google/inject/spi/BindingSourceRestriction$PermitMapConstruction$PermitMapImpl
instanceKlass com/google/inject/spi/BindingSourceRestriction$PermitMap
instanceKlass com/google/inject/spi/BindingSourceRestriction$PermitMapConstruction
instanceKlass com/google/inject/internal/ProviderMethodsModule
instanceKlass com/google/inject/internal/RealOptionalBinder
instanceKlass com/google/inject/internal/RealMultibinder
instanceKlass com/google/inject/internal/RealMapBinder$MultimapBinder
instanceKlass com/google/inject/internal/RealMapBinder
instanceKlass com/google/inject/internal/InternalClassesToSkipSources
instanceKlass com/google/inject/multibindings/OptionalBinder
instanceKlass com/google/inject/multibindings/Multibinder
instanceKlass com/google/inject/multibindings/MapBinder
instanceKlass com/google/inject/internal/AbstractBindingBuilder
instanceKlass com/google/inject/binder/ConstantBindingBuilder
instanceKlass com/google/inject/binder/AnnotatedElementBuilder
instanceKlass com/google/inject/binder/AnnotatedConstantBindingBuilder
instanceKlass com/google/inject/binder/AnnotatedBindingBuilder
instanceKlass com/google/inject/spi/Elements$RecordingBinder
instanceKlass com/google/inject/PrivateBinder
instanceKlass com/google/inject/Binding
instanceKlass com/google/inject/spi/DefaultBindingTargetVisitor
instanceKlass com/google/inject/Binder
instanceKlass com/google/inject/spi/BindingTargetVisitor
instanceKlass com/google/inject/spi/Elements
instanceKlass com/google/inject/internal/InjectorShell$RootModule
instanceKlass com/google/common/collect/ListMultimap
instanceKlass com/google/inject/internal/InjectorBindingData
instanceKlass com/google/common/cache/LocalCache$LoadingValueReference
instanceKlass com/google/common/cache/Weigher
instanceKlass com/google/common/base/Equivalence
instanceKlass java/util/function/BiPredicate
instanceKlass com/google/common/base/MoreObjects
instanceKlass com/google/common/cache/LocalCache$1
instanceKlass com/google/common/cache/ReferenceEntry
instanceKlass com/google/common/cache/CacheLoader
instanceKlass com/google/common/cache/LocalCache$LocalManualCache
instanceKlass  @bci com/google/inject/internal/WeakKeySet <init> (Ljava/lang/Object;)V 12 <appendix> member <vmtarget> ; # com/google/inject/internal/WeakKeySet$$Lambda+0x0000000095332570
instanceKlass com/google/common/cache/RemovalListener
instanceKlass com/google/common/cache/LocalCache$ValueReference
instanceKlass com/google/common/cache/CacheBuilder$2
instanceKlass com/google/common/cache/CacheStats
instanceKlass com/google/common/base/Suppliers$SupplierOfInstance
instanceKlass com/google/common/base/Suppliers
instanceKlass com/google/common/cache/CacheBuilder$1
instanceKlass com/google/common/cache/AbstractCache$StatsCounter
instanceKlass com/google/common/cache/LoadingCache
instanceKlass com/google/common/cache/Cache
instanceKlass com/google/common/base/Supplier
instanceKlass com/google/common/cache/CacheBuilder
instanceKlass com/google/inject/internal/WeakKeySet
instanceKlass com/google/inject/internal/InjectorJitBindingData
instanceKlass com/google/inject/internal/ProcessedBindingData
instanceKlass com/google/inject/spi/Element
instanceKlass com/google/inject/spi/DefaultElementVisitor
instanceKlass com/google/inject/internal/InjectorShell$Builder
instanceKlass com/google/common/collect/Lists
instanceKlass com/google/common/collect/CollectPreconditions
instanceKlass com/google/common/collect/LinkedHashMultimap$MultimapIterationChain
instanceKlass com/google/common/collect/Platform
instanceKlass com/google/common/collect/Multiset
instanceKlass com/google/common/collect/AbstractMultimap
instanceKlass com/google/common/collect/SetMultimap
instanceKlass com/google/common/base/Converter
instanceKlass com/google/common/collect/ImmutableMap
instanceKlass com/google/common/collect/BiMap
instanceKlass com/google/common/base/Function
instanceKlass com/google/common/collect/SortedMapDifference
instanceKlass com/google/common/collect/MapDifference
instanceKlass com/google/common/collect/Maps
instanceKlass com/google/inject/internal/CycleDetectingLock
instanceKlass com/google/common/collect/Multimap
instanceKlass com/google/inject/internal/CycleDetectingLock$CycleDetectingLockFactory
instanceKlass com/google/inject/internal/Initializable
instanceKlass com/google/inject/internal/Initializer
instanceKlass com/google/common/collect/PeekingIterator
instanceKlass com/google/common/collect/Iterators
instanceKlass com/google/common/collect/Hashing
instanceKlass com/google/common/math/IntMath$1
instanceKlass com/google/common/math/MathPreconditions
instanceKlass com/google/common/math/IntMath
instanceKlass com/google/inject/internal/util/NewThrowableFinder
instanceKlass com/google/inject/internal/util/CallerFinder
instanceKlass com/google/inject/internal/util/SourceProvider
instanceKlass com/google/inject/spi/ErrorDetail
instanceKlass com/google/inject/internal/Errors
instanceKlass java/util/logging/Logger$SystemLoggerHelper
instanceKlass com/google/common/base/Ticker
instanceKlass com/google/common/base/Stopwatch
instanceKlass com/google/inject/internal/util/ContinuousStopwatch
instanceKlass com/google/inject/Injector
instanceKlass com/google/inject/internal/InternalInjectorCreator
instanceKlass com/google/inject/Guice
instanceKlass org/matsim/core/controler/Injector$1
instanceKlass com/google/inject/spi/ElementVisitor
instanceKlass org/matsim/core/controler/Injector
instanceKlass org/matsim/pt/PtConstants
instanceKlass ch/sbb/matsim/routing/pt/raptor/RaptorStaticConfig
# instanceKlass java/lang/invoke/LambdaForm$MH+0x0000000095321000
instanceKlass org/matsim/core/replanning/modules/AbstractMultithreadedModule
instanceKlass org/matsim/api/core/v01/replanning/PlanStrategyModule
instanceKlass org/matsim/core/replanning/modules/GenericPlanStrategyModule
instanceKlass org/matsim/core/utils/io/AbstractMatsimWriter
instanceKlass org/matsim/core/api/internal/MatsimWriter
instanceKlass org/matsim/core/api/internal/MatsimSomeWriter
# instanceKlass java/lang/invoke/LambdaForm$DMH+0x0000000095320c00
# instanceKlass java/lang/invoke/LambdaForm$MH+0x0000000095320800
instanceKlass jakarta/validation/constraints/DecimalMin$List
instanceKlass  @cpi org/matsim/contrib/drt/run/DrtModeModule 405 form vmentry <vmtarget> ; # java/lang/invoke/LambdaForm$DMH+0x0000000095320400
instanceKlass java/lang/Class$EnclosingMethodInfo
instanceKlass  @bci jdk/internal/reflect/MethodHandleDoubleFieldAccessorImpl getDouble (Ljava/lang/Object;)D 20 <adapter> ; # java/lang/invoke/LambdaForm$MH+0x0000000095320000
instanceKlass jdk/internal/math/FormattedFPDecimal
instanceKlass org/hibernate/validator/internal/constraintvalidators/bv/number/bound/decimal/DecimalNumberComparatorHelper
instanceKlass org/hibernate/validator/internal/constraintvalidators/bv/number/InfinityNumberComparatorHelper
instanceKlass java/math/MathContext
# instanceKlass java/lang/invoke/LambdaForm$MH+0x0000000095319c00
# instanceKlass java/lang/invoke/LambdaForm$DMH+0x0000000095319800
instanceKlass  @bci org/hibernate/validator/internal/metadata/aggregated/PropertyMetaData$Builder adaptConstraints (Lorg/hibernate/validator/internal/metadata/raw/ConstrainedElement;Ljava/util/Set;)Ljava/util/Set; 52 <appendix> member <vmtarget> ; # org/hibernate/validator/internal/metadata/aggregated/PropertyMetaData$Builder$$Lambda+0x000000009531b8b8
instanceKlass org/hibernate/validator/internal/util/actions/GetDeclaredMethod
instanceKlass org/hibernate/validator/internal/properties/javabean/JavaBeanGetter$GetterAccessor
instanceKlass org/hibernate/validator/internal/metadata/location/ParameterConstraintLocation
instanceKlass org/hibernate/validator/internal/metadata/location/CrossParameterConstraintLocation
instanceKlass org/hibernate/validator/internal/metadata/location/ReturnValueConstraintLocation
instanceKlass  @bci java/util/stream/Collectors lambda$groupingBy$0 (Ljava/util/function/Function;Ljava/util/function/Supplier;Ljava/util/function/BiConsumer;Ljava/util/Map;Ljava/lang/Object;)V 20 <appendix> member <vmtarget> ; # java/util/stream/Collectors$$Lambda+0x00000000952e6b48
instanceKlass jakarta/validation/constraints/DecimalMax$List
# instanceKlass java/lang/invoke/LambdaForm$DMH+0x0000000095319400
instanceKlass jakarta/validation/constraints/PositiveOrZero$List
instanceKlass jakarta/validation/constraints/NotBlank$List
instanceKlass jakarta/validation/constraints/NotNull$List
# instanceKlass java/lang/invoke/LambdaForm$MH+0x0000000095319000
instanceKlass org/matsim/core/controler/OutputDirectoryHierarchy
instanceKlass org/matsim/contribs/discrete_mode_choice/components/constraints/ShapeFileConstraint
instanceKlass org/matsim/contribs/discrete_mode_choice/components/constraints/LinkAttributeConstraint
instanceKlass org/matsim/contribs/discrete_mode_choice/model/trip_based/TripConstraint
instanceKlass com/fasterxml/classmate/GenericType
instanceKlass sun/reflect/generics/reflectiveObjects/GenericArrayTypeImpl
instanceKlass java/lang/reflect/AnnotatedTypeVariable
instanceKlass java/io/ObjectOutput
instanceKlass java/io/ObjectStreamConstants
instanceKlass java/io/ObjectInput
instanceKlass java/util/function/UnaryOperator
instanceKlass org/hibernate/validator/internal/engine/valueextraction/ValueExtractorHelper
instanceKlass org/hibernate/validator/internal/engine/ValidatorImpl$CascadingValueReceiver
instanceKlass org/hibernate/validator/internal/engine/validationcontext/AbstractValidationContext$BeanGroupProcessedUnit
instanceKlass org/hibernate/validator/internal/constraintvalidators/bv/number/sign/NumberSignHelper
instanceKlass org/hibernate/validator/constraintvalidation/HibernateConstraintViolationBuilder
instanceKlass jakarta/validation/ConstraintValidatorContext$ConstraintViolationBuilder
instanceKlass org/hibernate/validator/internal/engine/constraintvalidation/ConstraintValidatorContextImpl
instanceKlass org/hibernate/validator/constraintvalidation/HibernateConstraintValidatorContext
instanceKlass org/hibernate/validator/internal/util/actions/NewInstance
instanceKlass org/hibernate/validator/internal/engine/constraintvalidation/ConstraintValidatorManagerImpl$CacheKey
instanceKlass org/hibernate/validator/internal/engine/valuecontext/ValueContext$ValueState
instanceKlass org/hibernate/validator/internal/engine/valuecontext/ValueContexts
instanceKlass org/hibernate/validator/internal/engine/path/NodeImpl
instanceKlass org/hibernate/validator/path/ContainerElementNode
instanceKlass org/hibernate/validator/path/PropertyNode
instanceKlass jakarta/validation/Path$ContainerElementNode
instanceKlass jakarta/validation/Path$CrossParameterNode
instanceKlass jakarta/validation/Path$ReturnValueNode
instanceKlass jakarta/validation/Path$ParameterNode
instanceKlass jakarta/validation/Path$BeanNode
instanceKlass jakarta/validation/Path$ConstructorNode
instanceKlass jakarta/validation/Path$MethodNode
instanceKlass jakarta/validation/Path$PropertyNode
instanceKlass org/hibernate/validator/internal/engine/path/PathImpl
instanceKlass jakarta/validation/MessageInterpolator$Context
instanceKlass org/hibernate/validator/internal/engine/validationcontext/AbstractValidationContext
instanceKlass org/hibernate/validator/internal/engine/validationcontext/ExecutableValidationContext
instanceKlass org/hibernate/validator/internal/engine/validationcontext/ValidationContextBuilder
instanceKlass org/hibernate/validator/internal/util/ConcurrentReferenceHashMap$KeyReference
instanceKlass org/hibernate/validator/internal/engine/groups/GroupWithInheritance
instanceKlass org/hibernate/validator/internal/engine/groups/Sequence
instanceKlass org/hibernate/validator/internal/engine/groups/ValidationOrder$DefaultSequenceValidationOrder
instanceKlass org/hibernate/validator/internal/engine/groups/Group
instanceKlass org/hibernate/validator/internal/engine/groups/ValidationOrder$DefaultGroupValidationOrder
instanceKlass org/hibernate/validator/internal/metadata/aggregated/BeanMetaDataImpl$DefaultGroupSequenceContext
instanceKlass org/hibernate/validator/internal/util/classhierarchy/Filters$InterfacesFilter
instanceKlass jakarta/validation/metadata/BeanDescriptor
instanceKlass org/hibernate/validator/internal/metadata/aggregated/BeanMetaDataImpl
instanceKlass org/hibernate/validator/internal/metadata/aggregated/AbstractPropertyCascadable
instanceKlass  @bci org/hibernate/validator/internal/engine/valueextraction/ValueExtractorResolver getPotentiallyRuntimeTypeCompliantAndContainerElementCompliantValueExtractors (Ljava/lang/reflect/Type;Ljava/lang/reflect/TypeVariable;)Ljava/util/Set; 22 <appendix> member <vmtarget> ; # org/hibernate/validator/internal/engine/valueextraction/ValueExtractorResolver$$Lambda+0x0000000095314d68
instanceKlass org/hibernate/validator/internal/util/TypeVariableBindings
instanceKlass  @bci org/hibernate/validator/internal/engine/valueextraction/ValueExtractorResolver getRuntimeAndContainerElementCompliantValueExtractorsFromPossibleCandidates (Ljava/lang/reflect/Type;Ljava/lang/reflect/TypeVariable;Ljava/lang/Class;Ljava/util/Collection;)Ljava/util/Set; 86 <adapter> ; # java/lang/invoke/LambdaForm$MH+0x0000000095318c00
instanceKlass  @bci org/matsim/core/config/ConfigGroup toString ()Ljava/lang/String; 111 <appendix> form names 6 function resolvedHandle form vmentry <vmtarget> ; # java/lang/invoke/LambdaForm$DMH+0x0000000095318800
instanceKlass  @bci org/hibernate/validator/internal/engine/valueextraction/ValueExtractorResolver getRuntimeAndContainerElementCompliantValueExtractorsFromPossibleCandidates (Ljava/lang/reflect/Type;Ljava/lang/reflect/TypeVariable;Ljava/lang/Class;Ljava/util/Collection;)Ljava/util/Set; 86 <appendix> form vmentry <vmtarget> ; # java/lang/invoke/LambdaForm$DMH+0x0000000095318400
instanceKlass  @bci org/hibernate/validator/internal/engine/valueextraction/ValueExtractorResolver getRuntimeAndContainerElementCompliantValueExtractorsFromPossibleCandidates (Ljava/lang/reflect/Type;Ljava/lang/reflect/TypeVariable;Ljava/lang/Class;Ljava/util/Collection;)Ljava/util/Set; 86 <appendix> member <vmtarget> ; # org/hibernate/validator/internal/engine/valueextraction/ValueExtractorResolver$$Lambda+0x00000000953148f8
instanceKlass  @cpi org/hibernate/validator/internal/engine/valueextraction/ValueExtractorResolver 398 form vmentry <vmtarget> ; # java/lang/invoke/LambdaForm$DMH+0x0000000095318000
instanceKlass  @bci org/hibernate/validator/internal/engine/valueextraction/ValueExtractorResolver getRuntimeAndContainerElementCompliantValueExtractorsFromPossibleCandidates (Ljava/lang/reflect/Type;Ljava/lang/reflect/TypeVariable;Ljava/lang/Class;Ljava/util/Collection;)Ljava/util/Set; 70 <appendix> member <vmtarget> ; # org/hibernate/validator/internal/engine/valueextraction/ValueExtractorResolver$$Lambda+0x0000000095314698
instanceKlass org/hibernate/validator/internal/engine/valueextraction/ValueExtractorResolver$ValueExtractorCacheKey
instanceKlass  @bci org/hibernate/validator/internal/metadata/aggregated/ContainerCascadingMetaData <init> (Lorg/hibernate/validator/internal/engine/valueextraction/ValueExtractorManager;Lorg/hibernate/validator/internal/metadata/aggregated/CascadingMetaDataBuilder;)V 46 <appendix> argL0 ; # org/hibernate/validator/internal/metadata/aggregated/ContainerCascadingMetaData$$Lambda+0x0000000095314238
instanceKlass  @bci org/hibernate/validator/internal/metadata/aggregated/ContainerCascadingMetaData <init> (Lorg/hibernate/validator/internal/engine/valueextraction/ValueExtractorManager;Lorg/hibernate/validator/internal/metadata/aggregated/CascadingMetaDataBuilder;)V 33 <appendix> member <vmtarget> ; # org/hibernate/validator/internal/metadata/aggregated/ContainerCascadingMetaData$$Lambda+0x0000000095313fe8
instanceKlass org/hibernate/validator/internal/metadata/aggregated/ContainerCascadingMetaData
instanceKlass  @bci org/hibernate/validator/internal/metadata/aggregated/PropertyMetaData$Builder build ()Lorg/hibernate/validator/internal/metadata/aggregated/PropertyMetaData; 14 <appendix> argL0 ; # org/hibernate/validator/internal/metadata/aggregated/PropertyMetaData$Builder$$Lambda+0x0000000095313ac0
instanceKlass jakarta/validation/metadata/ReturnValueDescriptor
instanceKlass  @bci org/hibernate/validator/internal/metadata/aggregated/ValidatableParametersMetaData <init> (Ljava/util/List;)V 19 <appendix> argL0 ; # org/hibernate/validator/internal/metadata/aggregated/ValidatableParametersMetaData$$Lambda+0x0000000095312fd8
instanceKlass org/hibernate/validator/internal/metadata/aggregated/ValidatableParametersMetaData
instanceKlass  @bci org/hibernate/validator/internal/metadata/aggregated/AbstractConstraintMetaData <init> (Ljava/lang/String;Ljava/lang/reflect/Type;Ljava/util/Set;Ljava/util/Set;ZZ)V 51 <appendix> argL0 ; # org/hibernate/validator/internal/metadata/aggregated/AbstractConstraintMetaData$$Lambda+0x0000000095312b48
instanceKlass org/hibernate/validator/internal/metadata/aggregated/GroupConversionHelper
instanceKlass org/hibernate/validator/internal/metadata/aggregated/NonContainerCascadingMetaData
instanceKlass jakarta/validation/metadata/ParameterDescriptor
instanceKlass jakarta/validation/metadata/ContainerDescriptor
instanceKlass jakarta/validation/metadata/CascadableDescriptor
instanceKlass jakarta/validation/metadata/ElementDescriptor
instanceKlass org/hibernate/validator/internal/metadata/aggregated/AbstractConstraintMetaData
instanceKlass org/hibernate/validator/internal/metadata/facets/Cascadable
instanceKlass org/hibernate/validator/internal/metadata/aggregated/AbstractPropertyCascadable$AbstractBuilder
instanceKlass org/hibernate/validator/internal/metadata/facets/Cascadable$Builder
instanceKlass org/hibernate/validator/internal/metadata/aggregated/PropertyMetaData$1
instanceKlass com/fasterxml/classmate/Annotations
instanceKlass com/fasterxml/classmate/util/MethodKey
instanceKlass org/hibernate/validator/internal/util/actions/GetResolvedMemberMethods
instanceKlass com/fasterxml/classmate/ResolvedTypeWithMembers$AnnotationHandler
instanceKlass com/fasterxml/classmate/members/ResolvedMember
instanceKlass com/fasterxml/classmate/AnnotationConfiguration
instanceKlass com/fasterxml/classmate/ResolvedTypeWithMembers
instanceKlass com/fasterxml/classmate/members/HierarchicType
instanceKlass org/hibernate/validator/internal/util/ExecutableHelper$SimpleMethodFilter
instanceKlass com/fasterxml/classmate/MemberResolver
instanceKlass com/fasterxml/classmate/util/ResolvedTypeKey
instanceKlass com/fasterxml/classmate/util/ClassStack
instanceKlass  @bci java/util/stream/Collectors toMap (Ljava/util/function/Function;Ljava/util/function/Function;Ljava/util/function/BinaryOperator;Ljava/util/function/Supplier;)Ljava/util/stream/Collector; 3 <appendix> member <vmtarget> ; # java/util/stream/Collectors$$Lambda+0x00000000952e4bb8
instanceKlass  @bci java/util/stream/Collectors toMap (Ljava/util/function/Function;Ljava/util/function/Function;Ljava/util/function/BinaryOperator;)Ljava/util/stream/Collector; 3 <appendix> argL0 ; # java/util/stream/Collectors$$Lambda+0x00000000952e4990
instanceKlass  @bci org/hibernate/validator/internal/metadata/aggregated/CascadingMetaDataBuilder merge (Lorg/hibernate/validator/internal/metadata/aggregated/CascadingMetaDataBuilder;)Lorg/hibernate/validator/internal/metadata/aggregated/CascadingMetaDataBuilder; 91 <appendix> argL0 ; # org/hibernate/validator/internal/metadata/aggregated/CascadingMetaDataBuilder$$Lambda+0x000000009530c0f0
instanceKlass  @bci org/hibernate/validator/internal/metadata/aggregated/CascadingMetaDataBuilder merge (Lorg/hibernate/validator/internal/metadata/aggregated/CascadingMetaDataBuilder;)Lorg/hibernate/validator/internal/metadata/aggregated/CascadingMetaDataBuilder; 86 <appendix> argL0 ; # org/hibernate/validator/internal/metadata/aggregated/CascadingMetaDataBuilder$$Lambda+0x000000009530bea8
instanceKlass  @bci org/hibernate/validator/internal/metadata/aggregated/CascadingMetaDataBuilder merge (Lorg/hibernate/validator/internal/metadata/aggregated/CascadingMetaDataBuilder;)Lorg/hibernate/validator/internal/metadata/aggregated/CascadingMetaDataBuilder; 81 <appendix> argL0 ; # org/hibernate/validator/internal/metadata/aggregated/CascadingMetaDataBuilder$$Lambda+0x000000009530bc60
instanceKlass java/util/stream/Streams$2
instanceKlass java/util/stream/Streams$ConcatSpliterator
instanceKlass org/hibernate/validator/internal/properties/Signature
instanceKlass org/hibernate/validator/internal/metadata/aggregated/ConstraintMetaData
instanceKlass org/hibernate/validator/internal/metadata/aggregated/BeanMetaDataBuilder$1
instanceKlass org/hibernate/validator/internal/metadata/aggregated/MetaDataBuilder
instanceKlass org/hibernate/validator/internal/metadata/aggregated/BeanMetaDataBuilder$BuilderDelegate
instanceKlass sun/reflect/generics/tree/VoidDescriptor
instanceKlass  @bci org/hibernate/validator/internal/metadata/core/ConstraintHelper isMultiValueConstraint (Ljava/lang/Class;)Z 16 <appendix> member <vmtarget> ; # org/hibernate/validator/internal/metadata/core/ConstraintHelper$$Lambda+0x000000009530a5c8
instanceKlass org/hibernate/validator/internal/metadata/provider/AnnotationMetaDataProvider$NestedTypeArgumentLocation
instanceKlass sun/reflect/annotation/TypeAnnotation$TypeAnnotationTargetInfo
instanceKlass jakarta/validation/ConstraintValidatorContext
instanceKlass org/hibernate/validator/internal/engine/constraintvalidation/ConstraintTree
instanceKlass org/hibernate/validator/internal/metadata/core/MetaConstraint$ValueExtractionPathNode
instanceKlass org/hibernate/validator/internal/metadata/core/MetaConstraint
instanceKlass org/hibernate/validator/internal/metadata/location/TypeArgumentConstraintLocation
instanceKlass  @bci org/hibernate/validator/internal/metadata/core/MetaConstraints addValueExtractorDescriptorForWrappedValue (Lorg/hibernate/validator/internal/util/TypeResolutionHelper;Lorg/hibernate/validator/internal/engine/valueextraction/ValueExtractorManager;Lorg/hibernate/validator/internal/metadata/descriptor/ConstraintDescriptorImpl;Ljava/util/List;Lorg/hibernate/validator/internal/metadata/location/ConstraintLocation;)Ljava/lang/reflect/Type; 146 <appendix> argL0 ; # org/hibernate/validator/internal/metadata/core/MetaConstraints$$Lambda+0x00000000953091f8
instanceKlass java/util/Spliterators$EmptySpliterator
instanceKlass  @bci org/hibernate/validator/internal/engine/valueextraction/ValueExtractorResolver getRuntimeCompliantValueExtractors (Ljava/lang/Class;Ljava/util/Set;)Ljava/util/Set; 42 <appendix> member <vmtarget> ; # org/hibernate/validator/internal/engine/valueextraction/ValueExtractorResolver$$Lambda+0x0000000095308f98
instanceKlass org/hibernate/validator/internal/metadata/core/MetaConstraints
instanceKlass org/hibernate/validator/internal/util/actions/GetDeclaredField
instanceKlass org/hibernate/validator/internal/properties/javabean/JavaBeanField$FieldAccessor
instanceKlass org/hibernate/validator/engine/HibernateValidatorEnhancedBean
instanceKlass org/hibernate/validator/internal/metadata/location/AbstractPropertyConstraintLocation
instanceKlass org/hibernate/validator/internal/metadata/location/ConstraintLocation
instanceKlass jakarta/validation/OverridesAttribute$List
instanceKlass jakarta/validation/OverridesAttribute
instanceKlass  @bci org/hibernate/validator/internal/metadata/core/ConstraintHelper findValidatorDescriptors (Ljava/lang/Class;Ljakarta/validation/constraintvalidation/ValidationTarget;)Ljava/util/List; 12 <appendix> member <vmtarget> ; # org/hibernate/validator/internal/metadata/core/ConstraintHelper$$Lambda+0x0000000095305930
instanceKlass  @bci java/util/function/Function andThen (Ljava/util/function/Function;)Ljava/util/function/Function; 7 <appendix> member <vmtarget> ; # java/util/function/Function$$Lambda+0x00000000952e3b60
instanceKlass  @cpi java/util/function/Function 58 form vmentry <vmtarget> ; # java/lang/invoke/LambdaForm$DMH+0x0000000095304400
instanceKlass  @bci org/hibernate/validator/internal/metadata/descriptor/ConstraintDescriptorImpl <init> (Lorg/hibernate/validator/internal/metadata/core/ConstraintHelper;Lorg/hibernate/validator/internal/properties/Constrainable;Lorg/hibernate/validator/internal/util/annotation/ConstraintAnnotationDescriptor;Lorg/hibernate/validator/internal/metadata/location/ConstraintLocation$ConstraintLocationKind;Ljava/lang/Class;Lorg/hibernate/validator/internal/metadata/core/ConstraintOrigin;Lorg/hibernate/validator/internal/metadata/descriptor/ConstraintDescriptorImpl$ConstraintType;)V 103 <appendix> argL0 ; # org/hibernate/validator/internal/metadata/descriptor/ConstraintDescriptorImpl$$Lambda+0x00000000953056e8
instanceKlass  @bci org/hibernate/validator/internal/metadata/descriptor/ConstraintDescriptorImpl <init> (Lorg/hibernate/validator/internal/metadata/core/ConstraintHelper;Lorg/hibernate/validator/internal/properties/Constrainable;Lorg/hibernate/validator/internal/util/annotation/ConstraintAnnotationDescriptor;Lorg/hibernate/validator/internal/metadata/location/ConstraintLocation$ConstraintLocationKind;Ljava/lang/Class;Lorg/hibernate/validator/internal/metadata/core/ConstraintOrigin;Lorg/hibernate/validator/internal/metadata/descriptor/ConstraintDescriptorImpl$ConstraintType;)V 90 <appendix> argL0 ; # org/hibernate/validator/internal/metadata/descriptor/ConstraintDescriptorImpl$$Lambda+0x00000000953054a0
instanceKlass  @bci org/hibernate/validator/internal/metadata/core/ConstraintHelper getAllValidatorDescriptors (Ljava/lang/Class;)Ljava/util/List; 18 <appendix> member <vmtarget> ; # org/hibernate/validator/internal/metadata/core/ConstraintHelper$$Lambda+0x0000000095305250
instanceKlass jakarta/validation/valueextraction/Unwrapping$Skip
instanceKlass jakarta/validation/valueextraction/Unwrapping$Unwrap
instanceKlass jakarta/validation/Payload
instanceKlass jakarta/validation/constraints/Positive$List
instanceKlass org/hibernate/validator/internal/util/actions/GetAnnotationAttributes
instanceKlass org/hibernate/validator/internal/util/annotation/AnnotationDescriptor
instanceKlass jakarta/validation/ReportAsSingleViolation
instanceKlass  @bci org/apache/logging/log4j/core/util/internal/InternalLoggerRegistry expungeStaleEntries ()V 86 <appendix> argL0 ; # org/apache/logging/log4j/core/util/internal/InternalLoggerRegistry$$Lambda+0x0000000095306000
instanceKlass java/util/WeakHashMap$HashIterator
instanceKlass  @bci org/hibernate/validator/internal/metadata/provider/AnnotationMetaDataProvider findConstraintAnnotations (Lorg/hibernate/validator/internal/properties/Constrainable;Ljava/lang/annotation/Annotation;Lorg/hibernate/validator/internal/metadata/location/ConstraintLocation$ConstraintLocationKind;)Ljava/util/List; 107 <appendix> member <vmtarget> ; # org/hibernate/validator/internal/metadata/provider/AnnotationMetaDataProvider$$Lambda+0x0000000095303b90
instanceKlass org/matsim/contribs/discrete_mode_choice/model/DiscreteModeChoiceModel
instanceKlass org/hibernate/validator/internal/metadata/provider/AnnotationMetaDataProvider$TypeArgumentFieldLocation
instanceKlass org/hibernate/validator/internal/properties/javabean/JavaBeanField
instanceKlass org/hibernate/validator/internal/util/classhierarchy/Filters$WeldProxyFilter
instanceKlass org/hibernate/validator/internal/util/classhierarchy/Filters
instanceKlass org/hibernate/validator/internal/util/classhierarchy/ClassHierarchyHelper
instanceKlass org/hibernate/validator/internal/util/classhierarchy/Filter
instanceKlass org/hibernate/validator/internal/metadata/aggregated/BeanMetaDataBuilder
instanceKlass org/matsim/core/config/consistency/VspConfigConsistencyCheckerImpl$1
instanceKlass  @bci org/matsim/contrib/dvrp/run/MultiModals isAllModesUnique (Ljava/util/stream/Stream;)Z 8 <appendix> member <vmtarget> ; # org/matsim/contrib/dvrp/run/MultiModals$$Lambda+0x0000000095301ce0
instanceKlass  @cpi org/matsim/contrib/dvrp/run/MultiModals 75 form vmentry <vmtarget> ; # java/lang/invoke/LambdaForm$DMH+0x0000000095304000
instanceKlass  @bci org/matsim/contrib/dvrp/run/MultiModal modes ()Ljava/util/stream/Stream; 11 <appendix> argL0 ; # org/matsim/contrib/dvrp/run/MultiModal$$Lambda+0x0000000095301a98
instanceKlass org/matsim/contrib/dvrp/run/MultiModals
instanceKlass  @bci org/matsim/contrib/drt/optimizer/constraints/DrtOptimizationConstraintsParams checkConsistency (Lorg/matsim/core/config/Config;)V 39 <appendix> argL0 ; # org/matsim/contrib/drt/optimizer/constraints/DrtOptimizationConstraintsParams$$Lambda+0x0000000095301640
instanceKlass java/util/AbstractList$RandomAccessSpliterator
instanceKlass  @bci java/util/stream/ReferencePipeline toArray ()[Ljava/lang/Object; 1 <appendix> argL0 ; # java/util/stream/ReferencePipeline$$Lambda+0x00000000952e24d0
instanceKlass  @bci org/matsim/contrib/drt/optimizer/constraints/DrtOptimizationConstraintsParams getDrtOptimizationConstraintsSets ()Ljava/util/List; 35 <appendix> member <vmtarget> ; # org/matsim/contrib/drt/optimizer/constraints/DrtOptimizationConstraintsParams$$Lambda+0x00000000953013f0
instanceKlass  @bci org/matsim/contrib/drt/optimizer/constraints/DrtOptimizationConstraintsParams getDrtOptimizationConstraintsSets ()Ljava/util/List; 18 <appendix> member <vmtarget> ; # org/matsim/contrib/drt/optimizer/constraints/DrtOptimizationConstraintsParams$$Lambda+0x0000000095301190
instanceKlass org/matsim/contrib/dynagent/run/DynQSimConfigConsistencyChecker
instanceKlass  @bci org/matsim/core/config/Config removeConfigConsistencyChecker (Ljava/lang/Class;)V 5 <appendix> member <vmtarget> ; # org/matsim/core/config/Config$$Lambda+0x0000000095300d00
instanceKlass  @bci org/matsim/contrib/dvrp/run/AbstractDvrpModeQSimModule <init> (Ljava/lang/String;)V 2 <appendix> argL0 ; # org/matsim/contrib/dvrp/run/AbstractDvrpModeQSimModule$$Lambda+0x0000000095300868
instanceKlass org/matsim/core/router/util/TravelDisutility
instanceKlass  @bci org/matsim/contrib/dvrp/run/AbstractDvrpModeModule <init> (Ljava/lang/String;)V 2 <appendix> argL0 ; # org/matsim/contrib/dvrp/run/AbstractDvrpModeModule$$Lambda+0x0000000095300418
instanceKlass org/matsim/contrib/dvrp/run/DvrpMode
instanceKlass org/matsim/contrib/dvrp/run/DvrpModes
instanceKlass org/matsim/core/modal/ModalAnnotationCreator
instanceKlass  @bci org/eqasim/core/simulation/EqasimConfigurator configureController (Lorg/matsim/core/controler/Controler;)V 90 <appendix> member <vmtarget> ; # org/eqasim/core/simulation/EqasimConfigurator$$Lambda+0x00000000952bbb20
instanceKlass org/matsim/core/mobsim/qsim/components/QSimComponentsConfigurator
instanceKlass org/matsim/core/config/consistency/ConfigConsistencyCheckerImpl
instanceKlass org/matsim/core/api/experimental/events/EventsManager
instanceKlass org/matsim/core/controler/Controler
instanceKlass org/matsim/core/controler/ControlerI
instanceKlass org/matsim/core/controler/Controller
instanceKlass org/matsim/core/controler/AllowsConfiguration
instanceKlass org/matsim/core/controler/MatsimServices
instanceKlass org/matsim/core/controler/IterationCounter
instanceKlass java/util/AbstractMap$SimpleEntry
instanceKlass org/matsim/vehicles/VehicleImpl
instanceKlass org/matsim/utils/objectattributes/attributeconverters/EnumConverter
instanceKlass org/matsim/vehicles/VehicleCapacity
instanceKlass org/matsim/vehicles/CostInformation
instanceKlass org/matsim/vehicles/EngineInformation
instanceKlass com/sun/org/apache/xerces/internal/impl/dv/xs/DoubleDV$XDouble
instanceKlass com/sun/org/apache/xerces/internal/xs/datatypes/XSDouble
instanceKlass org/matsim/vehicles/MatsimVehicleReader
instanceKlass org/matsim/pt/transitSchedule/TransitRouteImpl
instanceKlass org/matsim/pt/transitSchedule/TransitRouteStopImpl
instanceKlass  @bci org/matsim/pt/transitSchedule/TransitScheduleReaderV2 endTag (Ljava/lang/String;Ljava/lang/String;Ljava/util/Stack;)V 141 <appendix> member <vmtarget> ; # org/matsim/pt/transitSchedule/TransitScheduleReaderV2$$Lambda+0x00000000952b7678
instanceKlass org/matsim/pt/transitSchedule/DepartureImpl
instanceKlass  @bci org/matsim/pt/transitSchedule/TransitScheduleReaderV2 startTag (Ljava/lang/String;Lorg/xml/sax/Attributes;Ljava/util/Stack;)V 813 <appendix> member <vmtarget> ; # org/matsim/pt/transitSchedule/TransitScheduleReaderV2$$Lambda+0x00000000952b7180
instanceKlass  @bci org/matsim/pt/transitSchedule/TransitScheduleReaderV2 startTag (Ljava/lang/String;Lorg/xml/sax/Attributes;Ljava/util/Stack;)V 788 <appendix> member <vmtarget> ; # org/matsim/pt/transitSchedule/TransitScheduleReaderV2$$Lambda+0x00000000952b6f40
instanceKlass org/matsim/pt/transitSchedule/TransitRouteStopImpl$Builder
instanceKlass org/matsim/pt/transitSchedule/TransitScheduleReaderV2$TempRoute
instanceKlass org/matsim/pt/transitSchedule/TransitScheduleReaderV2$TempTransitRoute
instanceKlass org/matsim/pt/transitSchedule/TransitLineImpl
instanceKlass  @bci org/matsim/pt/transitSchedule/MinimalTransferTimesImpl set (Lorg/matsim/api/core/v01/Id;Lorg/matsim/api/core/v01/Id;D)D 19 <appendix> argL0 ; # org/matsim/pt/transitSchedule/MinimalTransferTimesImpl$$Lambda+0x00000000952b63a8
instanceKlass org/matsim/pt/transitSchedule/api/TransitStopArea
instanceKlass org/matsim/pt/transitSchedule/TransitStopFacilityImpl
instanceKlass org/matsim/pt/transitSchedule/TransitScheduleReaderV2$StringCache
instanceKlass org/matsim/pt/transitSchedule/api/TransitScheduleReader
instanceKlass  @bci org/matsim/core/utils/misc/Counter printCounter ()V 18 <adapter> ; # java/lang/invoke/LambdaForm$MH+0x00000000952bac00
instanceKlass  @bci org/matsim/core/utils/misc/Counter printCounter ()V 18 <appendix> form vmentry <vmtarget> ; # java/lang/invoke/LambdaForm$MH+0x00000000952ba800
# instanceKlass java/lang/invoke/LambdaForm$BMH+0x00000000952ba400
instanceKlass  @bci org/matsim/core/utils/misc/Counter printCounter ()V 18 <appendix> form names 6 function resolvedHandle form vmentry <vmtarget> ; # java/lang/invoke/LambdaForm$DMH+0x00000000952ba000
instanceKlass  @bci org/matsim/core/utils/misc/Counter printCounter ()V 18 <appendix> argL0 form vmentry <vmtarget> ; # java/lang/invoke/LambdaForm$DMH+0x00000000952b9c00
instanceKlass org/matsim/households/HouseholdImpl
instanceKlass com/sun/org/apache/xerces/internal/xs/ShortList
instanceKlass com/sun/org/apache/xerces/internal/xs/datatypes/ObjectList
instanceKlass com/sun/org/apache/xerces/internal/impl/xs/AttributePSVImpl
instanceKlass com/sun/org/apache/xerces/internal/xs/AttributePSVI
instanceKlass com/sun/org/apache/xerces/internal/impl/dtd/models/CMStateSet
instanceKlass com/sun/org/apache/xerces/internal/impl/xs/models/XSDFACM
instanceKlass com/sun/org/apache/xerces/internal/impl/dtd/models/CMNode
instanceKlass com/sun/org/apache/xerces/internal/impl/dv/xs/XSSimpleTypeDecl$ValidationContextImpl
instanceKlass com/sun/org/apache/xerces/internal/impl/xs/traversers/XSDAbstractTraverser$FacetInfo
instanceKlass com/sun/org/apache/xerces/internal/impl/xs/XSAnnotationImpl
instanceKlass com/sun/org/apache/xerces/internal/xs/XSAnnotation
instanceKlass com/sun/org/apache/xerces/internal/impl/xs/util/XSObjectListImpl$EmptyIterator
instanceKlass com/sun/org/apache/xerces/internal/xs/XSObjectList
instanceKlass com/sun/org/apache/xerces/internal/xs/datatypes/XSQName
instanceKlass com/sun/org/apache/xerces/internal/impl/xpath/regex/RegularExpression$ClosureContext
instanceKlass com/sun/org/apache/xerces/internal/impl/xpath/regex/RegularExpression$ExpressionTarget
instanceKlass java/util/concurrent/Semaphore
instanceKlass com/sun/org/apache/xerces/internal/impl/xpath/regex/RegularExpression$Context
instanceKlass com/sun/org/apache/xerces/internal/impl/xpath/regex/Op
instanceKlass com/sun/org/apache/xerces/internal/impl/xs/opti/NamedNodeMapImpl
instanceKlass com/sun/org/apache/xerces/internal/impl/xs/identity/IdentityConstraint
instanceKlass com/sun/org/apache/xerces/internal/xs/XSIDCDefinition
instanceKlass com/sun/org/apache/xerces/internal/impl/xs/traversers/XSDAbstractParticleTraverser$ParticleArray
instanceKlass com/sun/org/apache/xerces/internal/impl/xs/traversers/XSDAbstractTraverser
instanceKlass com/sun/org/apache/xerces/internal/impl/xs/traversers/Container
instanceKlass com/sun/org/apache/xerces/internal/impl/xs/traversers/OneAttr
instanceKlass com/sun/org/apache/xerces/internal/impl/xs/util/XInt
instanceKlass com/sun/org/apache/xerces/internal/impl/xs/util/XIntPool
instanceKlass com/sun/org/apache/xerces/internal/impl/xs/traversers/XSAttributeChecker
instanceKlass com/sun/org/apache/xerces/internal/util/DOMUtil
instanceKlass com/sun/org/apache/xerces/internal/util/NamespaceSupport$Prefixes
instanceKlass com/sun/org/apache/xerces/internal/impl/xs/opti/DefaultNode
instanceKlass com/sun/org/apache/xerces/internal/impl/xs/traversers/XSDHandler$XSDKey
instanceKlass com/sun/org/apache/xerces/internal/impl/xs/XMLSchemaLoader$LocationArray
instanceKlass java/util/StringTokenizer
instanceKlass com/sun/org/apache/xerces/internal/parsers/AbstractSAXParser$LocatorProxy
instanceKlass com/sun/org/apache/xerces/internal/impl/xs/XMLSchemaValidator$LocalIDKey
instanceKlass com/sun/org/apache/xerces/internal/impl/xs/XMLSchemaValidator$ValueStoreCache
instanceKlass com/sun/org/apache/xerces/internal/impl/xs/identity/XPathMatcher
instanceKlass com/sun/org/apache/xerces/internal/impl/xs/XMLSchemaValidator$XPathMatcherStack
instanceKlass com/sun/org/apache/xerces/internal/impl/xs/XSNotationDecl
instanceKlass com/sun/org/apache/xerces/internal/xs/XSNotationDeclaration
instanceKlass com/sun/org/apache/xerces/internal/impl/xs/opti/SchemaDOMParser$BooleanStack
instanceKlass com/sun/org/apache/xerces/internal/impl/xs/opti/DefaultXMLDocumentHandler
instanceKlass com/sun/org/apache/xerces/internal/impl/xs/traversers/XSDocumentInfo
instanceKlass com/sun/org/apache/xerces/internal/impl/xs/traversers/XSDHandler
instanceKlass com/sun/org/apache/xerces/internal/impl/xs/XSMessageFormatter
instanceKlass com/sun/org/apache/xerces/internal/util/DefaultErrorHandler
instanceKlass com/sun/org/apache/xerces/internal/impl/xs/XMLSchemaLoader
instanceKlass org/w3c/dom/DOMConfiguration
instanceKlass com/sun/org/apache/xerces/internal/xs/XSLoader
instanceKlass com/sun/org/apache/xerces/internal/xni/grammars/XMLGrammarLoader
instanceKlass com/sun/org/apache/xerces/internal/impl/xs/models/XSEmptyCM
instanceKlass com/sun/org/apache/xerces/internal/impl/xs/models/XSCMValidator
instanceKlass com/sun/org/apache/xerces/internal/impl/xs/models/CMBuilder
instanceKlass com/sun/org/apache/xerces/internal/impl/xs/models/CMNodeFactory
instanceKlass com/sun/org/apache/xerces/internal/impl/xs/SubstitutionGroupHandler$OneSubGroup
instanceKlass com/sun/org/apache/xerces/internal/impl/xs/SubstitutionGroupHandler
instanceKlass com/sun/org/apache/xerces/internal/impl/xs/XSGrammarBucket
instanceKlass com/sun/org/apache/xerces/internal/impl/xs/XMLSchemaValidator$XSIErrorReporter
instanceKlass com/sun/org/apache/xerces/internal/impl/xs/ElementPSVImpl
instanceKlass com/sun/org/apache/xerces/internal/xs/ElementPSVI
instanceKlass com/sun/org/apache/xerces/internal/xs/ItemPSVI
instanceKlass com/sun/org/apache/xerces/internal/impl/xs/XSAttributeDecl
instanceKlass com/sun/org/apache/xerces/internal/xs/XSAttributeDeclaration
instanceKlass com/sun/org/apache/xerces/internal/xni/grammars/XMLSchemaDescription
instanceKlass  @bci com/sun/org/apache/xerces/internal/utils/ObjectFactory newInstance (Ljava/lang/String;Ljava/lang/ClassLoader;Z)Ljava/lang/Object; 26 <appendix> member <vmtarget> ; # com/sun/org/apache/xerces/internal/utils/ObjectFactory$$Lambda+0x00000000952c9168
instanceKlass com/sun/org/apache/xerces/internal/impl/xpath/regex/Token
instanceKlass  @bci jdk/internal/module/SystemModuleFinders$SystemModuleReader open (Ljava/lang/String;)Ljava/util/Optional; 6 <appendix> member <vmtarget> ; # jdk/internal/module/SystemModuleFinders$SystemModuleReader$$Lambda+0x00000000952c7508
instanceKlass jdk/internal/module/SystemModuleFinders
instanceKlass java/util/ResourceBundle$CacheKeyReference
instanceKlass java/util/ResourceBundle$CacheKey
instanceKlass com/sun/org/apache/xerces/internal/impl/xpath/regex/RegexParser
instanceKlass com/sun/org/apache/xerces/internal/impl/xpath/regex/REUtil
instanceKlass com/sun/org/apache/xerces/internal/impl/xpath/regex/RegularExpression
instanceKlass com/sun/org/apache/xerces/internal/impl/dv/xs/DecimalDV$XDecimal
instanceKlass com/sun/org/apache/xerces/internal/xs/datatypes/XSDecimal
instanceKlass com/sun/org/apache/xerces/internal/impl/dv/ValidatedInfo
instanceKlass com/sun/org/apache/xerces/internal/xs/XSValue
instanceKlass com/sun/org/apache/xerces/internal/impl/dv/XSFacets
instanceKlass com/sun/org/apache/xerces/internal/impl/dv/xs/XSSimpleTypeDecl$4
instanceKlass com/sun/org/apache/xerces/internal/impl/dv/xs/XSSimpleTypeDecl$1
instanceKlass com/sun/org/apache/xerces/internal/impl/dv/xs/AbstractDateTimeDV$DateTimeData
instanceKlass com/sun/org/apache/xerces/internal/xs/datatypes/XSDateTime
instanceKlass javax/xml/datatype/DatatypeFactory
instanceKlass com/sun/org/apache/xerces/internal/impl/dv/xs/TypeValidator
instanceKlass com/sun/org/apache/xerces/internal/impl/dv/xs/XSSimpleTypeDecl
instanceKlass com/sun/org/apache/xerces/internal/impl/dv/XSSimpleType
instanceKlass com/sun/org/apache/xerces/internal/xs/XSSimpleTypeDefinition
instanceKlass com/sun/org/apache/xerces/internal/util/SymbolHash$Entry
instanceKlass com/sun/org/apache/xerces/internal/util/SymbolHash
instanceKlass com/sun/org/apache/xerces/internal/utils/ObjectFactory
instanceKlass com/sun/org/apache/xerces/internal/impl/dv/SchemaDVFactory
instanceKlass com/sun/org/apache/xerces/internal/impl/xs/XSElementDecl
instanceKlass com/sun/org/apache/xerces/internal/xs/XSElementDeclaration
instanceKlass com/sun/org/apache/xerces/internal/impl/xs/XSGroupDecl
instanceKlass com/sun/org/apache/xerces/internal/xs/XSModelGroupDefinition
instanceKlass com/sun/org/apache/xerces/internal/impl/xs/util/SimpleLocator
instanceKlass com/sun/org/apache/xerces/internal/impl/xs/XSAttributeUseImpl
instanceKlass com/sun/org/apache/xerces/internal/xs/XSAttributeUse
instanceKlass com/sun/org/apache/xerces/internal/impl/xs/XSAttributeGroupDecl
instanceKlass com/sun/org/apache/xerces/internal/xs/XSAttributeGroupDefinition
instanceKlass com/sun/org/apache/xerces/internal/impl/xs/XSModelGroupImpl
instanceKlass com/sun/org/apache/xerces/internal/xs/XSModelGroup
instanceKlass com/sun/org/apache/xerces/internal/impl/xs/XSParticleDecl
instanceKlass com/sun/org/apache/xerces/internal/xs/XSParticle
instanceKlass com/sun/org/apache/xerces/internal/impl/xs/XSWildcardDecl
instanceKlass com/sun/org/apache/xerces/internal/xs/XSWildcard
instanceKlass com/sun/org/apache/xerces/internal/xs/XSTerm
instanceKlass com/sun/org/apache/xerces/internal/impl/xs/SchemaSymbols
instanceKlass com/sun/org/apache/xerces/internal/impl/xs/XSComplexTypeDecl
instanceKlass com/sun/org/apache/xerces/internal/xs/XSComplexTypeDefinition
instanceKlass com/sun/org/apache/xerces/internal/xs/XSTypeDefinition
instanceKlass com/sun/org/apache/xerces/internal/xs/XSObject
instanceKlass com/sun/org/apache/xerces/internal/impl/xs/SchemaGrammar
instanceKlass com/sun/org/apache/xerces/internal/xs/XSNamespaceItem
instanceKlass com/sun/org/apache/xerces/internal/xni/grammars/XSGrammar
instanceKlass com/sun/org/apache/xerces/internal/xni/grammars/Grammar
instanceKlass com/sun/org/apache/xerces/internal/impl/xs/XMLSchemaValidator
instanceKlass com/sun/org/apache/xerces/internal/impl/xs/XSElementDeclHelper
instanceKlass com/sun/org/apache/xerces/internal/impl/xs/identity/FieldActivator
instanceKlass com/sun/org/apache/xerces/internal/impl/ExternalSubsetResolver
instanceKlass com/sun/org/apache/xerces/internal/util/EntityResolverWrapper
instanceKlass org/xml/sax/ext/EntityResolver2
instanceKlass com/sun/org/apache/xerces/internal/util/ErrorHandlerWrapper
instanceKlass com/sun/org/apache/xerces/internal/xni/parser/XMLErrorHandler
instanceKlass com/sun/org/apache/xerces/internal/parsers/AbstractSAXParser$AttributesProxy
instanceKlass org/xml/sax/AttributeList
instanceKlass com/sun/org/apache/xerces/internal/xs/PSVIProvider
# instanceKlass java/lang/invoke/LambdaForm$MH+0x00000000952b9400
# instanceKlass java/lang/invoke/LambdaForm$MH+0x00000000952b9000
# instanceKlass java/lang/invoke/LambdaForm$MH+0x00000000952b8c00
# instanceKlass java/lang/invoke/LambdaForm$MH+0x00000000952b8800
# instanceKlass java/lang/invoke/LambdaForm$MH+0x00000000952b8400
# instanceKlass java/lang/invoke/LambdaForm$DMH+0x00000000952b8000
instanceKlass com/fasterxml/jackson/databind/InjectableValues
instanceKlass com/fasterxml/jackson/databind/deser/impl/ReadableObjectId$Referring
instanceKlass com/fasterxml/jackson/core/json/DupDetector
instanceKlass com/fasterxml/jackson/databind/deser/impl/BeanPropertyMap
instanceKlass com/fasterxml/jackson/annotation/JsonAlias
instanceKlass com/fasterxml/jackson/databind/introspect/POJOPropertyBuilder$1
instanceKlass com/fasterxml/jackson/databind/introspect/POJOPropertyBuilder$4
instanceKlass com/fasterxml/jackson/databind/introspect/POJOPropertyBuilder$2
instanceKlass com/fasterxml/jackson/annotation/JsonIgnoreType
instanceKlass com/fasterxml/jackson/databind/deser/BeanDeserializerBuilder
instanceKlass com/fasterxml/jackson/databind/deser/impl/CreatorCollector
instanceKlass com/fasterxml/jackson/databind/PropertyMetadata
instanceKlass com/fasterxml/jackson/annotation/JsonPropertyDescription
instanceKlass com/fasterxml/jackson/annotation/JsonPropertyOrder
instanceKlass com/fasterxml/jackson/databind/annotation/JsonNaming
instanceKlass com/fasterxml/jackson/annotation/JacksonInject
instanceKlass com/fasterxml/jackson/databind/introspect/POJOPropertyBuilder$6
instanceKlass com/fasterxml/jackson/databind/introspect/POJOPropertyBuilder$5
instanceKlass com/fasterxml/jackson/databind/cfg/ConstructorDetector
instanceKlass com/fasterxml/jackson/databind/introspect/PotentialCreator
instanceKlass com/fasterxml/jackson/annotation/JsonCreator
instanceKlass com/fasterxml/jackson/annotation/JsonGetter
instanceKlass com/fasterxml/jackson/databind/introspect/AnnotatedMethodMap
instanceKlass com/fasterxml/jackson/databind/introspect/AnnotatedMethodCollector$MethodBuilder
instanceKlass com/fasterxml/jackson/annotation/JacksonAnnotationsInside
instanceKlass com/fasterxml/jackson/databind/introspect/MemberKey
instanceKlass com/fasterxml/jackson/databind/introspect/POJOPropertyBuilder$Linked
instanceKlass com/fasterxml/jackson/databind/AnnotationIntrospector$ReferenceProperty
instanceKlass com/fasterxml/jackson/databind/introspect/POJOPropertyBuilder$WithMember
instanceKlass com/fasterxml/jackson/annotation/JsonIgnore
instanceKlass com/fasterxml/jackson/annotation/JsonAutoDetect$1
instanceKlass com/fasterxml/jackson/annotation/JsonProperty
instanceKlass com/fasterxml/jackson/annotation/JsonSetter
instanceKlass com/fasterxml/jackson/databind/PropertyName
instanceKlass com/fasterxml/jackson/annotation/JsonAnySetter
instanceKlass com/fasterxml/jackson/annotation/JsonAnyGetter
instanceKlass com/fasterxml/jackson/annotation/JsonValue
instanceKlass com/fasterxml/jackson/annotation/JsonKey
instanceKlass com/fasterxml/jackson/databind/introspect/AnnotatedFieldCollector$FieldBuilder
instanceKlass com/fasterxml/jackson/databind/introspect/TypeResolutionContext$Basic
instanceKlass com/fasterxml/jackson/databind/introspect/AnnotationMap
instanceKlass com/fasterxml/jackson/databind/introspect/CollectorBase
instanceKlass com/fasterxml/jackson/databind/introspect/PotentialCreators
instanceKlass com/fasterxml/jackson/databind/util/BeanUtil
instanceKlass com/fasterxml/jackson/databind/jsontype/impl/SubTypeValidator
instanceKlass com/fasterxml/jackson/databind/deser/std/JdkDeserializers
instanceKlass com/fasterxml/jackson/databind/ext/Java7Handlers
instanceKlass com/fasterxml/jackson/databind/ext/OptionalHandlerFactory
instanceKlass org/matsim/pt/routes/DefaultTransitPassengerRoute$RouteDescription
instanceKlass  @bci org/matsim/core/population/InteractionActivity <clinit> ()V 9 <appendix> argL0 ; # org/matsim/core/population/InteractionActivity$$Lambda+0x00000000952a0510
instanceKlass  @bci org/matsim/core/population/InteractionActivity <clinit> ()V 4 <appendix> argL0 ; # org/matsim/core/population/InteractionActivity$$Lambda+0x00000000952a02d8
instanceKlass  @cpi org/matsim/core/population/InteractionActivity 153 form vmentry <vmtarget> ; # java/lang/invoke/LambdaForm$DMH+0x00000000952a4000
instanceKlass org/matsim/core/population/InteractionActivity
instanceKlass  @bci org/matsim/core/population/io/PopulationReaderMatsimV6 startRoute (Lorg/xml/sax/Attributes;)V 238 <appendix> member <vmtarget> ; # org/matsim/core/population/io/PopulationReaderMatsimV6$$Lambda+0x000000009529dd98
instanceKlass  @bci org/matsim/core/population/io/PopulationReaderMatsimV6 startRoute (Lorg/xml/sax/Attributes;)V 224 <appendix> member <vmtarget> ; # org/matsim/core/population/io/PopulationReaderMatsimV6$$Lambda+0x000000009529db58
instanceKlass org/matsim/core/population/routes/RouteUtils
instanceKlass org/matsim/utils/objectattributes/attributable/AttributesImpl$EntryIterator
instanceKlass org/matsim/utils/objectattributes/attributable/AttributesUtils
instanceKlass  @bci org/matsim/core/population/LegImpl getAttributes ()Lorg/matsim/utils/objectattributes/attributable/Attributes; 23 <appendix> member <vmtarget> ; # org/matsim/core/population/LegImpl$$Lambda+0x000000009529f490
instanceKlass  @bci org/matsim/core/population/LegImpl getAttributes ()Lorg/matsim/utils/objectattributes/attributable/Attributes; 17 <appendix> member <vmtarget> ; # org/matsim/core/population/LegImpl$$Lambda+0x000000009529f250
instanceKlass org/matsim/utils/objectattributes/attributable/LazyAllocationAttributes
instanceKlass  @bci org/matsim/core/population/io/PopulationReaderMatsimV6 startLeg (Lorg/xml/sax/Attributes;)V 128 <appendix> member <vmtarget> ; # org/matsim/core/population/io/PopulationReaderMatsimV6$$Lambda+0x000000009529edc0
instanceKlass  @bci org/matsim/core/population/io/PopulationReaderMatsimV6 startLeg (Lorg/xml/sax/Attributes;)V 114 <appendix> member <vmtarget> ; # org/matsim/core/population/io/PopulationReaderMatsimV6$$Lambda+0x000000009529eb80
instanceKlass  @bci org/matsim/core/population/io/PopulationReaderMatsimV6 startLeg (Lorg/xml/sax/Attributes;)V 85 <appendix> member <vmtarget> ; # org/matsim/core/population/io/PopulationReaderMatsimV6$$Lambda+0x000000009529e950
instanceKlass  @bci org/matsim/core/population/io/PopulationReaderMatsimV6 startLeg (Lorg/xml/sax/Attributes;)V 71 <appendix> member <vmtarget> ; # org/matsim/core/population/io/PopulationReaderMatsimV6$$Lambda+0x000000009529e710
instanceKlass org/matsim/core/population/LegImpl
# instanceKlass org/matsim/core/population/io/PopulationReaderMatsimV6$$Lambda+0x000000009529e230
# instanceKlass java/lang/invoke/LambdaForm$DMH+0x000000009529cc00
# instanceKlass org/matsim/core/population/io/PopulationReaderMatsimV6$$Lambda+0x000000009529e000
instanceKlass  @bci org/matsim/core/population/io/PopulationReaderMatsimV6 startAct (Lorg/xml/sax/Attributes;)V 514 <appendix> member <vmtarget> ; # org/matsim/core/population/io/PopulationReaderMatsimV6$$Lambda+0x000000009529bbe0
# instanceKlass org/matsim/core/population/io/PopulationReaderMatsimV6$$Lambda+0x000000009529b9a0
instanceKlass  @bci org/matsim/core/population/io/PopulationReaderMatsimV6 startAct (Lorg/xml/sax/Attributes;)V 500 <appendix> member <vmtarget> ; # org/matsim/core/population/io/PopulationReaderMatsimV6$$Lambda+0x000000009529b760
# instanceKlass org/matsim/core/population/io/PopulationReaderMatsimV6$$Lambda+0x000000009529b530
instanceKlass  @bci org/matsim/core/population/io/PopulationReaderMatsimV6 startAct (Lorg/xml/sax/Attributes;)V 481 <appendix> member <vmtarget> ; # org/matsim/core/population/io/PopulationReaderMatsimV6$$Lambda+0x000000009529b300
# instanceKlass org/matsim/core/population/io/PopulationReaderMatsimV6$$Lambda+0x000000009529b0c0
instanceKlass  @bci org/matsim/core/population/io/PopulationReaderMatsimV6 startAct (Lorg/xml/sax/Attributes;)V 467 <appendix> member <vmtarget> ; # org/matsim/core/population/io/PopulationReaderMatsimV6$$Lambda+0x000000009529ae80
# instanceKlass org/matsim/core/population/io/PopulationReaderMatsimV6$$Lambda+0x000000009529ac50
instanceKlass  @bci org/matsim/core/population/io/PopulationReaderMatsimV6 startAct (Lorg/xml/sax/Attributes;)V 448 <appendix> member <vmtarget> ; # org/matsim/core/population/io/PopulationReaderMatsimV6$$Lambda+0x000000009529aa20
instanceKlass  @cpi one/util/streamex/StreamContext 175 form vmentry <vmtarget> ; # java/lang/invoke/LambdaForm$DMH+0x000000009529c800
# instanceKlass java/lang/invoke/LambdaForm$DMH+0x000000009529c400
instanceKlass  @bci org/matsim/core/population/io/PopulationReaderMatsimV6 startAct (Lorg/xml/sax/Attributes;)V 434 <appendix> member <vmtarget> ; # org/matsim/core/population/io/PopulationReaderMatsimV6$$Lambda+0x000000009529a7e0
# instanceKlass org/matsim/core/population/io/PopulationReaderMatsimV6$$Lambda+0x000000009529a5a0
instanceKlass  @cpi org/matsim/core/population/io/PopulationReaderMatsimV6 754 form vmentry <vmtarget> ; # java/lang/invoke/LambdaForm$DMH+0x000000009529c000
instanceKlass java/util/function/DoubleConsumer
instanceKlass org/matsim/core/population/ActivityImpl
instanceKlass org/matsim/core/router/StageActivityTypeIdentifier
instanceKlass org/matsim/core/population/PlanImpl
instanceKlass org/matsim/core/population/PersonUtils
instanceKlass com/fasterxml/jackson/annotation/JacksonAnnotation
instanceKlass com/fasterxml/jackson/databind/annotation/JacksonStdImpl
instanceKlass com/fasterxml/jackson/databind/deser/ContextualKeyDeserializer
instanceKlass com/fasterxml/jackson/databind/util/LinkedNode
instanceKlass com/fasterxml/jackson/databind/deser/impl/NullsConstantProvider
instanceKlass com/fasterxml/jackson/core/JsonLocation
instanceKlass com/fasterxml/jackson/databind/deser/ValueInstantiator
instanceKlass com/fasterxml/jackson/databind/deser/impl/JDKValueInstantiators
instanceKlass com/fasterxml/jackson/databind/annotation/JsonValueInstantiator
instanceKlass com/fasterxml/jackson/databind/deser/BasicDeserializerFactory$ContainerDefaultMappings
instanceKlass java/util/concurrent/ForkJoinTask$Aux
instanceKlass com/fasterxml/jackson/core/JsonStreamContext
instanceKlass com/fasterxml/jackson/core/util/TextBuffer
instanceKlass com/fasterxml/jackson/core/io/IOContext
instanceKlass com/fasterxml/jackson/core/util/BufferRecycler
instanceKlass com/fasterxml/jackson/core/util/BufferRecyclers
instanceKlass com/fasterxml/jackson/core/io/ContentReference
instanceKlass org/xml/sax/helpers/AttributesImpl
instanceKlass  @bci org/matsim/core/population/PopulationImpl printPlansCount ()V 7 <appendix> form vmentry <vmtarget> ; # java/lang/invoke/LambdaForm$MH+0x0000000095294800
instanceKlass org/matsim/core/population/io/ParallelPopulationReaderMatsimV6$Tag
instanceKlass org/matsim/core/population/PersonImpl
instanceKlass java/util/concurrent/ForkJoinPool$DefaultForkJoinWorkerThreadFactory
instanceKlass java/util/concurrent/ForkJoinPool$1
instanceKlass jdk/internal/access/JavaUtilConcurrentFJPAccess
instanceKlass java/util/concurrent/ForkJoinTask
instanceKlass java/util/concurrent/ForkJoinPool$WorkQueue
instanceKlass java/util/concurrent/CountDownLatch
instanceKlass java/util/concurrent/ForkJoinPool$ForkJoinWorkerThreadFactory
instanceKlass  @bci org/matsim/core/population/io/ParallelPopulationReaderMatsimV6 initThreads ()V 88 <appendix> member <vmtarget> ; # org/matsim/core/population/io/ParallelPopulationReaderMatsimV6$$Lambda+0x0000000095290a90
instanceKlass  @bci org/matsim/core/population/io/ParallelPopulationReaderMatsimV6 initThreads ()V 78 <appendix> form vmentry <vmtarget> ; # java/lang/invoke/LambdaForm$MH+0x0000000095294400
instanceKlass java/lang/Thread$ThreadNumbering
instanceKlass java/util/concurrent/LinkedBlockingQueue$Node
instanceKlass org/matsim/core/utils/geometry/transformations/TransformationFactory
instanceKlass org/matsim/core/population/io/StreamingPopulationReader$StreamingPopulation
instanceKlass  @bci org/matsim/core/scenario/ScenarioLoaderImpl loadActivityFacilities ()V 137 <appendix> form vmentry <vmtarget> ; # java/lang/invoke/LambdaForm$MH+0x000000009528cc00
instanceKlass org/matsim/facilities/ActivityOptionImpl
instanceKlass org/matsim/facilities/ActivityFacilityImpl
instanceKlass org/matsim/core/api/internal/MatsimDataClassImplMarkerInterface
instanceKlass com/ctc/wstx/util/WordResolver$Builder
instanceKlass com/ctc/wstx/util/WordResolver
instanceKlass org/matsim/core/scenario/ProjectionUtils
instanceKlass jdk/internal/math/ToDecimal
instanceKlass  @bci org/matsim/core/network/LinkImpl checkLengthSemantics ()V 38 <appendix> form vmentry <vmtarget> ; # java/lang/invoke/LambdaForm$MH+0x000000009528c400
instanceKlass  @bci org/matsim/utils/objectattributes/attributeconverters/StringConverter convert (Ljava/lang/String;)Ljava/lang/String; 5 <appendix> argL0 ; # org/matsim/utils/objectattributes/attributeconverters/StringConverter$$Lambda+0x000000009528b188
instanceKlass  @bci org/matsim/utils/objectattributes/attributable/AttributesXmlReaderDelegate startTag (Ljava/lang/String;Lorg/xml/sax/Attributes;Ljava/util/Stack;Lorg/matsim/utils/objectattributes/attributable/Attributes;)V 28 <appendix> member <vmtarget> ; # org/matsim/utils/objectattributes/attributable/AttributesXmlReaderDelegate$$Lambda+0x000000009528af38
instanceKlass com/google/common/collect/ObjectArrays
instanceKlass com/google/common/collect/Iterables
instanceKlass com/google/common/collect/SortedIterables
instanceKlass com/google/common/collect/Ordering
instanceKlass  @bci org/matsim/core/network/LinkImpl$HashSetCache get (Ljava/util/Set;)Ljava/util/Set; 19 <appendix> member <vmtarget> ; # org/matsim/core/network/LinkImpl$HashSetCache$$Lambda+0x0000000095281c00
instanceKlass org/matsim/core/network/LinkImpl$HashSetCache
instanceKlass org/matsim/core/network/LinkImpl
instanceKlass org/matsim/core/utils/geometry/CoordUtils$EucledianDistanceCalculator
instanceKlass org/matsim/core/utils/geometry/CoordUtils
instanceKlass com/ctc/wstx/util/DataUtil
instanceKlass java/lang/foreign/MemorySegment
instanceKlass org/matsim/core/utils/collections/IdentifiableArrayMap
instanceKlass org/matsim/core/network/NodeImpl
instanceKlass com/ctc/wstx/dtd/DFAState
instanceKlass org/matsim/core/utils/geometry/transformations/IdentityTransformation
instanceKlass org/matsim/utils/objectattributes/attributeconverters/StringDoubleMapConverter
instanceKlass org/matsim/utils/objectattributes/attributeconverters/PersonVehicleTypesAttributeConverter
instanceKlass org/matsim/vehicles/PersonVehicleTypes
instanceKlass com/fasterxml/jackson/databind/ser/std/StdKeySerializers
instanceKlass com/fasterxml/jackson/annotation/JsonIdentityInfo
instanceKlass com/fasterxml/jackson/annotation/JsonAutoDetect
instanceKlass com/fasterxml/jackson/databind/introspect/POJOPropertiesCollector
instanceKlass com/fasterxml/jackson/annotation/JsonInclude
instanceKlass com/fasterxml/jackson/databind/util/IgnorePropertiesUtil
instanceKlass com/fasterxml/jackson/databind/ser/impl/PropertySerializerMap
instanceKlass com/fasterxml/jackson/annotation/JsonIncludeProperties$Value
instanceKlass com/fasterxml/jackson/annotation/JsonIncludeProperties
instanceKlass com/fasterxml/jackson/annotation/JsonIgnoreProperties$Value
instanceKlass com/fasterxml/jackson/annotation/JsonIgnoreProperties
instanceKlass com/fasterxml/jackson/annotation/JsonFilter
instanceKlass com/fasterxml/jackson/databind/util/ArrayIterator
instanceKlass com/fasterxml/jackson/databind/annotation/JsonTypeResolver
instanceKlass com/fasterxml/jackson/databind/util/internal/PrivateMaxEntriesMap$EntryIterator
instanceKlass  @bci com/fasterxml/jackson/databind/ser/impl/ReadOnlyClassToSerializerMap <init> (Lcom/fasterxml/jackson/databind/util/LookupCache;)V 38 <appendix> member <vmtarget> ; # com/fasterxml/jackson/databind/ser/impl/ReadOnlyClassToSerializerMap$$Lambda+0x000000009527f7f0
instanceKlass  @cpi com/fasterxml/jackson/databind/ser/impl/ReadOnlyClassToSerializerMap 88 form vmentry <vmtarget> ; # java/lang/invoke/LambdaForm$DMH+0x0000000095280000
instanceKlass com/fasterxml/jackson/databind/util/TypeKey
instanceKlass com/fasterxml/jackson/databind/ser/impl/ReadOnlyClassToSerializerMap$Bucket
instanceKlass com/fasterxml/jackson/databind/ser/impl/ReadOnlyClassToSerializerMap
instanceKlass com/fasterxml/jackson/databind/ObjectWriter$Prefetch
instanceKlass com/fasterxml/jackson/databind/ObjectWriter$GeneratorSettings
instanceKlass com/fasterxml/jackson/core/util/MinimalPrettyPrinter
instanceKlass com/fasterxml/jackson/databind/ObjectWriter
instanceKlass org/matsim/api/core/v01/IdDeSerializationModule$IdKeyDeserializers
instanceKlass com/fasterxml/jackson/databind/deser/Deserializers$Base
instanceKlass com/fasterxml/jackson/databind/util/ArrayBuilders
instanceKlass com/fasterxml/jackson/databind/ser/Serializers$Base
instanceKlass com/fasterxml/jackson/databind/ObjectMapper$1
instanceKlass com/fasterxml/jackson/core/Version
instanceKlass com/fasterxml/jackson/databind/Module
instanceKlass org/matsim/utils/objectattributes/attributeconverters/DisallowedNextLinksAttributeConverter
instanceKlass org/matsim/core/network/turnRestrictions/DisallowedNextLinks
instanceKlass org/matsim/utils/objectattributes/attributeconverters/PersonVehiclesAttributeConverter
instanceKlass org/matsim/vehicles/PersonVehicles
instanceKlass org/matsim/utils/objectattributes/attributeconverters/CoordArrayConverter
instanceKlass org/matsim/utils/objectattributes/attributeconverters/CoordConverter
instanceKlass org/matsim/api/core/v01/Coord
instanceKlass com/fasterxml/jackson/databind/type/TypeBindings$TypeParamStash
instanceKlass org/matsim/utils/objectattributes/attributeconverters/StringCollectionConverter
instanceKlass com/fasterxml/jackson/databind/util/internal/PrivateMaxEntriesMap$AddTask
instanceKlass com/fasterxml/jackson/databind/util/internal/PrivateMaxEntriesMap$WeightedValue
instanceKlass com/fasterxml/jackson/databind/type/ClassStack
instanceKlass com/fasterxml/jackson/databind/type/TypeBindings$AsKey
instanceKlass com/fasterxml/jackson/databind/ser/BeanSerializerModifier
instanceKlass com/fasterxml/jackson/databind/ser/Serializers
instanceKlass com/fasterxml/jackson/databind/cfg/SerializerFactoryConfig
instanceKlass java/util/Currency
instanceKlass com/fasterxml/jackson/databind/ser/std/StdJdkSerializers
instanceKlass com/fasterxml/jackson/databind/ser/std/NumberSerializers
instanceKlass com/fasterxml/jackson/databind/deser/DeserializerCache
instanceKlass com/fasterxml/jackson/databind/KeyDeserializer
instanceKlass com/fasterxml/jackson/databind/deser/std/StdKeyDeserializers
instanceKlass com/fasterxml/jackson/databind/deser/KeyDeserializers
instanceKlass com/fasterxml/jackson/databind/deser/ValueInstantiators
instanceKlass com/fasterxml/jackson/databind/AbstractTypeResolver
instanceKlass com/fasterxml/jackson/databind/deser/BeanDeserializerModifier
instanceKlass com/fasterxml/jackson/databind/cfg/DeserializerFactoryConfig
instanceKlass com/fasterxml/jackson/databind/deser/Deserializers
instanceKlass com/fasterxml/jackson/annotation/ObjectIdGenerator
instanceKlass com/fasterxml/jackson/databind/deser/ResolvableDeserializer
instanceKlass com/fasterxml/jackson/databind/deser/ValueInstantiator$Gettable
instanceKlass com/fasterxml/jackson/databind/deser/ContextualDeserializer
instanceKlass com/fasterxml/jackson/databind/JsonDeserializer
instanceKlass com/fasterxml/jackson/databind/deser/NullValueProvider
instanceKlass com/fasterxml/jackson/databind/ser/SerializerCache
instanceKlass com/fasterxml/jackson/databind/ser/ResolvableSerializer
instanceKlass com/fasterxml/jackson/databind/ser/ContextualSerializer
instanceKlass com/fasterxml/jackson/databind/jsonschema/SchemaAware
instanceKlass com/fasterxml/jackson/databind/JsonSerializer
instanceKlass com/fasterxml/jackson/databind/jsonFormatVisitors/JsonFormatVisitable
instanceKlass com/fasterxml/jackson/databind/node/JsonNodeFactory
instanceKlass com/fasterxml/jackson/databind/node/JsonNodeCreator
instanceKlass com/fasterxml/jackson/databind/cfg/ContextAttributes
instanceKlass com/fasterxml/jackson/databind/cfg/DatatypeFeature
instanceKlass com/fasterxml/jackson/databind/cfg/DatatypeFeatures$DefaultHolder
instanceKlass com/fasterxml/jackson/databind/cfg/DatatypeFeatures
instanceKlass com/fasterxml/jackson/core/util/DefaultPrettyPrinter$NopIndenter
instanceKlass com/fasterxml/jackson/core/util/Separators
instanceKlass com/fasterxml/jackson/core/util/DefaultPrettyPrinter$Indenter
instanceKlass com/fasterxml/jackson/core/util/DefaultPrettyPrinter
instanceKlass com/fasterxml/jackson/core/util/Instantiatable
instanceKlass com/fasterxml/jackson/databind/cfg/ConfigFeature
instanceKlass com/fasterxml/jackson/databind/cfg/ConfigOverride
instanceKlass com/fasterxml/jackson/annotation/JsonFormat$Features
instanceKlass com/fasterxml/jackson/annotation/JsonFormat$Value
instanceKlass com/fasterxml/jackson/core/PrettyPrinter
instanceKlass com/fasterxml/jackson/databind/cfg/CoercionConfig
instanceKlass com/fasterxml/jackson/databind/cfg/CoercionConfigs
instanceKlass com/fasterxml/jackson/databind/introspect/VisibilityChecker$Std
instanceKlass com/fasterxml/jackson/annotation/JsonSetter$Value
instanceKlass com/fasterxml/jackson/annotation/JsonInclude$Value
instanceKlass com/fasterxml/jackson/annotation/JacksonAnnotationValue
instanceKlass com/fasterxml/jackson/databind/cfg/ConfigOverrides
instanceKlass com/fasterxml/jackson/databind/introspect/AnnotatedClass$Creators
instanceKlass com/fasterxml/jackson/databind/introspect/AnnotationCollector$NoAnnotations
instanceKlass com/fasterxml/jackson/databind/util/Annotations
instanceKlass com/fasterxml/jackson/databind/introspect/AnnotationCollector
instanceKlass com/fasterxml/jackson/databind/introspect/AnnotatedClassResolver
instanceKlass com/fasterxml/jackson/databind/cfg/MapperConfig
instanceKlass com/fasterxml/jackson/databind/BeanDescription
instanceKlass com/fasterxml/jackson/databind/introspect/SimpleMixInResolver
instanceKlass com/fasterxml/jackson/databind/introspect/ClassIntrospector$MixInResolver
instanceKlass com/fasterxml/jackson/databind/util/RootNameLookup
instanceKlass com/fasterxml/jackson/core/sym/CharsToNameCanonicalizer$Bucket
instanceKlass com/fasterxml/jackson/core/sym/CharsToNameCanonicalizer$TableInfo
instanceKlass com/fasterxml/jackson/core/sym/CharsToNameCanonicalizer
instanceKlass com/fasterxml/jackson/core/ErrorReportConfiguration
instanceKlass com/fasterxml/jackson/core/StreamWriteConstraints
instanceKlass com/fasterxml/jackson/core/StreamReadConstraints
instanceKlass com/fasterxml/jackson/core/util/RecyclerPool$WithPool
instanceKlass com/fasterxml/jackson/core/util/RecyclerPool$ThreadLocalPoolBase
instanceKlass com/fasterxml/jackson/core/util/RecyclerPool
instanceKlass com/fasterxml/jackson/core/util/JsonRecyclerPools
instanceKlass com/fasterxml/jackson/core/sym/ByteQuadsCanonicalizer$TableInfo
instanceKlass com/fasterxml/jackson/core/sym/ByteQuadsCanonicalizer
instanceKlass org/matsim/utils/objectattributes/attributeconverters/StringStringMapConverter
instanceKlass org/matsim/utils/objectattributes/attributeconverters/DoubleArrayConverter
instanceKlass org/matsim/utils/objectattributes/attributeconverters/LongConverter
instanceKlass org/matsim/utils/objectattributes/attributeconverters/BooleanConverter
instanceKlass org/matsim/utils/objectattributes/attributeconverters/DoubleConverter
instanceKlass org/matsim/utils/objectattributes/attributeconverters/FloatConverter
instanceKlass org/matsim/utils/objectattributes/attributeconverters/IntegerConverter
instanceKlass org/matsim/utils/objectattributes/attributeconverters/StringConverter
instanceKlass org/matsim/utils/objectattributes/AttributeConverter
instanceKlass org/matsim/utils/objectattributes/ObjectAttributesConverter
instanceKlass org/matsim/utils/objectattributes/attributable/AttributesXmlReaderDelegate
instanceKlass org/matsim/core/utils/geometry/CoordinateTransformation
instanceKlass org/matsim/core/scenario/ScenarioLoaderImpl
instanceKlass org/eqasim/core/simulation/modes/transit_with_abstract_access/routing/AbstractAccessRouteFactory
instanceKlass org/eqasim/core/simulation/modes/transit_with_abstract_access/routing/AbstractAccessRoute
instanceKlass org/matsim/contrib/drt/routing/DrtRouteFactory
instanceKlass org/matsim/pt/transitSchedule/api/MinimalTransferTimes$MinimalTransferTimesIterator
instanceKlass org/matsim/pt/transitSchedule/MinimalTransferTimesImpl
instanceKlass org/matsim/pt/transitSchedule/api/MinimalTransferTimes
instanceKlass org/matsim/pt/transitSchedule/TransitScheduleImpl
instanceKlass org/matsim/pt/transitSchedule/api/TransitRouteStop
instanceKlass org/matsim/pt/transitSchedule/api/ChainedDeparture
instanceKlass org/matsim/pt/transitSchedule/api/TransitStopFacility
instanceKlass org/matsim/pt/transitSchedule/api/Departure
instanceKlass org/matsim/pt/transitSchedule/api/TransitRoute
instanceKlass org/matsim/pt/transitSchedule/api/TransitSchedule
instanceKlass org/matsim/pt/transitSchedule/api/TransitRouteStop$Builder
instanceKlass org/matsim/pt/transitSchedule/TransitScheduleFactoryImpl
instanceKlass org/matsim/pt/transitSchedule/api/TransitScheduleFactory
instanceKlass org/matsim/vehicles/VehiclesFactoryImpl
instanceKlass org/matsim/vehicles/VehicleType
instanceKlass org/matsim/core/utils/misc/Counter
instanceKlass org/matsim/vehicles/VehiclesImpl
instanceKlass org/matsim/vehicles/Vehicle
instanceKlass org/matsim/vehicles/Vehicles
instanceKlass org/matsim/vehicles/VehiclesFactory
instanceKlass org/matsim/vehicles/VehicleUtils
instanceKlass org/matsim/lanes/Lane
instanceKlass org/matsim/lanes/LanesToLinkAssignment
instanceKlass org/matsim/lanes/LanesFactoryImpl
instanceKlass org/matsim/lanes/LanesFactory
instanceKlass org/matsim/lanes/LanesImpl
instanceKlass org/matsim/lanes/Lanes
instanceKlass org/matsim/lanes/LanesUtils
instanceKlass org/matsim/households/Household
instanceKlass org/matsim/households/Income
instanceKlass org/matsim/households/HouseholdsFactoryImpl
instanceKlass org/matsim/households/HouseholdsFactory
instanceKlass org/matsim/households/HouseholdsImpl
instanceKlass org/matsim/facilities/ActivityOption
instanceKlass org/matsim/core/api/internal/MatsimFacilitiesObject
instanceKlass org/matsim/facilities/ActivityFacilitiesFactoryImpl
instanceKlass org/matsim/facilities/ActivityFacility
instanceKlass org/matsim/facilities/ActivityFacilitiesFactory
instanceKlass org/matsim/facilities/ActivityFacilitiesImpl
instanceKlass org/matsim/facilities/SearchableActivityFacilities
instanceKlass org/matsim/facilities/Facility
instanceKlass org/matsim/facilities/ActivityFacilities
instanceKlass org/matsim/facilities/FacilitiesUtils
instanceKlass org/matsim/api/core/v01/population/Person
instanceKlass org/matsim/api/core/v01/population/HasPlansAndId
instanceKlass org/matsim/core/population/PopulationFactoryImpl
instanceKlass org/matsim/core/population/PopulationImpl
instanceKlass org/matsim/pt/routes/DefaultTransitPassengerRouteFactory
instanceKlass org/matsim/pt/routes/ExperimentalTransitRouteFactory
instanceKlass org/matsim/core/population/routes/AbstractRoute
instanceKlass org/matsim/pt/routes/TransitPassengerRoute
instanceKlass org/matsim/core/population/routes/LinkNetworkRouteFactory
instanceKlass org/matsim/core/population/routes/NetworkRoute
instanceKlass org/matsim/api/core/v01/population/Route
instanceKlass org/matsim/core/population/routes/GenericRouteFactory
instanceKlass org/matsim/core/population/routes/RouteFactories
instanceKlass org/matsim/api/core/v01/population/Plan
instanceKlass org/matsim/api/core/v01/population/BasicPlan
instanceKlass org/matsim/api/core/v01/Customizable
instanceKlass org/matsim/api/core/v01/population/Activity
instanceKlass org/matsim/api/core/v01/population/Leg
instanceKlass org/matsim/api/core/v01/population/PlanElement
instanceKlass org/matsim/core/api/internal/MatsimPopulationObject
instanceKlass org/matsim/api/core/v01/population/Population
instanceKlass org/matsim/api/core/v01/population/PopulationFactory
instanceKlass org/matsim/core/population/PopulationUtils
instanceKlass org/matsim/core/network/NetworkFactoryImpl
instanceKlass org/matsim/utils/objectattributes/attributable/AttributesImpl
instanceKlass org/matsim/core/network/NetworkChangeEvent$StartTimeComparator
instanceKlass org/matsim/core/api/internal/MatsimComparator
instanceKlass org/matsim/api/core/v01/network/NetworkFactory
instanceKlass org/matsim/utils/objectattributes/attributable/Attributes
instanceKlass org/matsim/core/network/NetworkImpl
instanceKlass org/matsim/core/network/SearchableNetwork
instanceKlass org/matsim/core/network/TimeDependentNetwork
instanceKlass org/matsim/core/network/LinkFactoryImpl
instanceKlass org/matsim/api/core/v01/network/Network
instanceKlass org/matsim/core/network/LinkFactory
instanceKlass org/matsim/api/core/v01/network/Node
instanceKlass org/matsim/api/core/v01/network/Link
instanceKlass org/matsim/api/core/v01/BasicLocation
instanceKlass org/matsim/core/network/NetworkUtils
instanceKlass org/matsim/households/Households
instanceKlass org/matsim/core/api/internal/MatsimToplevelContainer
instanceKlass org/matsim/core/scenario/MutableScenario
instanceKlass org/matsim/core/scenario/Lockable
instanceKlass org/matsim/api/core/v01/Scenario
instanceKlass org/matsim/core/scenario/ScenarioUtils
instanceKlass org/eqasim/core/scenario/validation/VehiclesValidator
# instanceKlass java/lang/invoke/LambdaForm$MH+0x0000000095238c00
# instanceKlass java/lang/invoke/LambdaForm$MH+0x0000000095238800
# instanceKlass java/lang/invoke/LambdaForm$BMH+0x0000000095238400
# instanceKlass java/lang/invoke/LambdaForm$DMH+0x0000000095238000
instanceKlass com/google/common/collect/NullnessCasts
instanceKlass  @bci org/matsim/core/config/ReflectiveConfigGroup getParams ()Ljava/util/Map; 11 <appendix> member <vmtarget> ; # org/matsim/core/config/ReflectiveConfigGroup$$Lambda+0x0000000095235778
instanceKlass  @bci org/matsim/core/config/CommandLine applyConfiguration (Lorg/matsim/core/config/Config;)V 14 <appendix> argL0 ; # org/matsim/core/config/CommandLine$$Lambda+0x0000000095235520
instanceKlass  @bci org/eqasim/bavaria/RunSimulationWithFleetPy main ([Ljava/lang/String;)V 175 <appendix> argL0 ; # org/eqasim/bavaria/RunSimulationWithFleetPy$$Lambda+0x00000000952352d8
instanceKlass  @bci org/eqasim/bavaria/RunSimulationWithFleetPy main ([Ljava/lang/String;)V 90 <appendix> argL0 ; # org/eqasim/bavaria/RunSimulationWithFleetPy$$Lambda+0x0000000095235090
instanceKlass  @bci org/eqasim/core/simulation/modes/feeder_drt/config/FeederDrtConfigGroup <init> ()V 92 <appendix> member <vmtarget> ; # org/eqasim/core/simulation/modes/feeder_drt/config/FeederDrtConfigGroup$$Lambda+0x0000000095234e50
instanceKlass  @bci org/eqasim/core/simulation/modes/feeder_drt/config/FeederDrtConfigGroup <init> ()V 86 <appendix> member <vmtarget> ; # org/eqasim/core/simulation/modes/feeder_drt/config/FeederDrtConfigGroup$$Lambda+0x0000000095234c20
instanceKlass  @bci org/eqasim/core/simulation/modes/feeder_drt/config/FeederDrtConfigGroup <init> ()V 80 <appendix> argL0 ; # org/eqasim/core/simulation/modes/feeder_drt/config/FeederDrtConfigGroup$$Lambda+0x00000000952349f8
instanceKlass  @bci org/eqasim/core/simulation/modes/feeder_drt/config/FeederDrtConfigGroup <init> ()V 69 <appendix> member <vmtarget> ; # org/eqasim/core/simulation/modes/feeder_drt/config/FeederDrtConfigGroup$$Lambda+0x00000000952347b8
instanceKlass  @bci org/eqasim/core/simulation/modes/feeder_drt/config/FeederDrtConfigGroup <init> ()V 63 <appendix> member <vmtarget> ; # org/eqasim/core/simulation/modes/feeder_drt/config/FeederDrtConfigGroup$$Lambda+0x0000000095234588
instanceKlass  @bci org/eqasim/core/simulation/modes/feeder_drt/config/FeederDrtConfigGroup <init> ()V 57 <appendix> argL0 ; # org/eqasim/core/simulation/modes/feeder_drt/config/FeederDrtConfigGroup$$Lambda+0x0000000095234360
instanceKlass  @bci org/eqasim/core/simulation/modes/feeder_drt/config/FeederDrtConfigGroup <init> ()V 46 <appendix> member <vmtarget> ; # org/eqasim/core/simulation/modes/feeder_drt/config/FeederDrtConfigGroup$$Lambda+0x0000000095234120
instanceKlass  @bci org/eqasim/core/simulation/modes/feeder_drt/config/FeederDrtConfigGroup <init> ()V 40 <appendix> member <vmtarget> ; # org/eqasim/core/simulation/modes/feeder_drt/config/FeederDrtConfigGroup$$Lambda+0x0000000095233ef0
instanceKlass  @bci org/eqasim/core/simulation/modes/feeder_drt/config/FeederDrtConfigGroup <init> ()V 34 <appendix> argL0 ; # org/eqasim/core/simulation/modes/feeder_drt/config/FeederDrtConfigGroup$$Lambda+0x0000000095233cc8
instanceKlass  @bci org/matsim/contrib/drt/optimizer/rebalancing/RebalancingParams initSingletonParameterSets ()V 176 <appendix> member <vmtarget> ; # org/matsim/contrib/drt/optimizer/rebalancing/RebalancingParams$$Lambda+0x00000000952327d0
instanceKlass  @bci org/matsim/contrib/drt/optimizer/rebalancing/RebalancingParams initSingletonParameterSets ()V 170 <appendix> member <vmtarget> ; # org/matsim/contrib/drt/optimizer/rebalancing/RebalancingParams$$Lambda+0x00000000952325a0
instanceKlass  @bci org/matsim/contrib/drt/optimizer/rebalancing/RebalancingParams initSingletonParameterSets ()V 164 <appendix> argL0 ; # org/matsim/contrib/drt/optimizer/rebalancing/RebalancingParams$$Lambda+0x0000000095232378
instanceKlass  @bci org/matsim/contrib/drt/optimizer/rebalancing/RebalancingParams initSingletonParameterSets ()V 153 <appendix> member <vmtarget> ; # org/matsim/contrib/drt/optimizer/rebalancing/RebalancingParams$$Lambda+0x0000000095232138
instanceKlass  @bci org/matsim/contrib/drt/optimizer/rebalancing/RebalancingParams initSingletonParameterSets ()V 147 <appendix> member <vmtarget> ; # org/matsim/contrib/drt/optimizer/rebalancing/RebalancingParams$$Lambda+0x0000000095231f08
instanceKlass  @bci org/matsim/contrib/drt/optimizer/rebalancing/RebalancingParams initSingletonParameterSets ()V 141 <appendix> argL0 ; # org/matsim/contrib/drt/optimizer/rebalancing/RebalancingParams$$Lambda+0x0000000095231ce0
instanceKlass  @bci org/matsim/contrib/drt/optimizer/rebalancing/RebalancingParams initSingletonParameterSets ()V 130 <appendix> member <vmtarget> ; # org/matsim/contrib/drt/optimizer/rebalancing/RebalancingParams$$Lambda+0x0000000095231aa0
instanceKlass  @bci org/matsim/contrib/drt/optimizer/rebalancing/RebalancingParams initSingletonParameterSets ()V 124 <appendix> member <vmtarget> ; # org/matsim/contrib/drt/optimizer/rebalancing/RebalancingParams$$Lambda+0x0000000095231870
instanceKlass  @bci org/matsim/contrib/drt/optimizer/rebalancing/RebalancingParams initSingletonParameterSets ()V 118 <appendix> argL0 ; # org/matsim/contrib/drt/optimizer/rebalancing/RebalancingParams$$Lambda+0x0000000095231648
instanceKlass  @bci org/matsim/contrib/drt/optimizer/rebalancing/RebalancingParams initSingletonParameterSets ()V 107 <appendix> member <vmtarget> ; # org/matsim/contrib/drt/optimizer/rebalancing/RebalancingParams$$Lambda+0x0000000095231408
instanceKlass  @bci org/matsim/contrib/drt/optimizer/rebalancing/RebalancingParams initSingletonParameterSets ()V 101 <appendix> member <vmtarget> ; # org/matsim/contrib/drt/optimizer/rebalancing/RebalancingParams$$Lambda+0x00000000952311d8
instanceKlass  @bci org/matsim/contrib/drt/optimizer/rebalancing/RebalancingParams initSingletonParameterSets ()V 95 <appendix> argL0 ; # org/matsim/contrib/drt/optimizer/rebalancing/RebalancingParams$$Lambda+0x0000000095230fb0
instanceKlass  @bci org/matsim/contrib/drt/optimizer/rebalancing/RebalancingParams initSingletonParameterSets ()V 84 <appendix> member <vmtarget> ; # org/matsim/contrib/drt/optimizer/rebalancing/RebalancingParams$$Lambda+0x0000000095230d70
instanceKlass  @bci org/matsim/contrib/drt/optimizer/rebalancing/RebalancingParams initSingletonParameterSets ()V 78 <appendix> member <vmtarget> ; # org/matsim/contrib/drt/optimizer/rebalancing/RebalancingParams$$Lambda+0x0000000095230b40
instanceKlass  @bci org/matsim/contrib/drt/optimizer/rebalancing/RebalancingParams initSingletonParameterSets ()V 72 <appendix> argL0 ; # org/matsim/contrib/drt/optimizer/rebalancing/RebalancingParams$$Lambda+0x0000000095230918
instanceKlass  @bci org/matsim/contrib/drt/optimizer/rebalancing/RebalancingParams initSingletonParameterSets ()V 61 <appendix> member <vmtarget> ; # org/matsim/contrib/drt/optimizer/rebalancing/RebalancingParams$$Lambda+0x0000000095230458
instanceKlass  @bci org/matsim/contrib/drt/optimizer/rebalancing/RebalancingParams initSingletonParameterSets ()V 55 <appendix> member <vmtarget> ; # org/matsim/contrib/drt/optimizer/rebalancing/RebalancingParams$$Lambda+0x0000000095230228
instanceKlass  @bci org/matsim/contrib/drt/optimizer/rebalancing/RebalancingParams initSingletonParameterSets ()V 49 <appendix> argL0 ; # org/matsim/contrib/drt/optimizer/rebalancing/RebalancingParams$$Lambda+0x0000000095230000
instanceKlass  @bci org/matsim/contrib/drt/optimizer/rebalancing/RebalancingParams initSingletonParameterSets ()V 38 <appendix> member <vmtarget> ; # org/matsim/contrib/drt/optimizer/rebalancing/RebalancingParams$$Lambda+0x000000009522f990
instanceKlass  @bci org/matsim/contrib/drt/optimizer/rebalancing/RebalancingParams initSingletonParameterSets ()V 32 <appendix> member <vmtarget> ; # org/matsim/contrib/drt/optimizer/rebalancing/RebalancingParams$$Lambda+0x000000009522f760
instanceKlass  @bci org/matsim/contrib/drt/optimizer/rebalancing/RebalancingParams initSingletonParameterSets ()V 26 <appendix> argL0 ; # org/matsim/contrib/drt/optimizer/rebalancing/RebalancingParams$$Lambda+0x000000009522f538
instanceKlass  @bci org/matsim/contrib/drt/optimizer/rebalancing/RebalancingParams initSingletonParameterSets ()V 15 <appendix> member <vmtarget> ; # org/matsim/contrib/drt/optimizer/rebalancing/RebalancingParams$$Lambda+0x000000009522f078
instanceKlass  @bci org/matsim/contrib/drt/optimizer/rebalancing/RebalancingParams initSingletonParameterSets ()V 9 <appendix> member <vmtarget> ; # org/matsim/contrib/drt/optimizer/rebalancing/RebalancingParams$$Lambda+0x000000009522ee48
instanceKlass  @bci org/matsim/contrib/drt/optimizer/rebalancing/RebalancingParams initSingletonParameterSets ()V 3 <appendix> argL0 ; # org/matsim/contrib/drt/optimizer/rebalancing/RebalancingParams$$Lambda+0x000000009522ec20
instanceKlass org/matsim/contrib/drt/optimizer/rebalancing/RebalancingParams$RebalancingStrategyParams
instanceKlass  @bci org/matsim/contrib/drt/run/DrtConfigGroup initSingletonParameterSets (Ljava/util/function/Supplier;)V 387 <appendix> member <vmtarget> ; # org/matsim/contrib/drt/run/DrtConfigGroup$$Lambda+0x000000009522de88
instanceKlass  @bci org/matsim/contrib/drt/run/DrtConfigGroup initSingletonParameterSets (Ljava/util/function/Supplier;)V 381 <appendix> member <vmtarget> ; # org/matsim/contrib/drt/run/DrtConfigGroup$$Lambda+0x000000009522dc58
instanceKlass  @bci org/matsim/contrib/drt/run/DrtConfigGroup initSingletonParameterSets (Ljava/util/function/Supplier;)V 375 <appendix> member <vmtarget> ; # org/matsim/contrib/drt/run/DrtConfigGroup$$Lambda+0x000000009522da28
instanceKlass  @bci org/matsim/contrib/drt/run/DrtConfigGroup initSingletonParameterSets (Ljava/util/function/Supplier;)V 362 <appendix> member <vmtarget> ; # org/matsim/contrib/drt/run/DrtConfigGroup$$Lambda+0x000000009522d7e8
instanceKlass  @bci org/matsim/contrib/drt/run/DrtConfigGroup initSingletonParameterSets (Ljava/util/function/Supplier;)V 356 <appendix> member <vmtarget> ; # org/matsim/contrib/drt/run/DrtConfigGroup$$Lambda+0x000000009522d5b8
instanceKlass  @bci org/matsim/contrib/drt/run/DrtConfigGroup initSingletonParameterSets (Ljava/util/function/Supplier;)V 350 <appendix> argL0 ; # org/matsim/contrib/drt/run/DrtConfigGroup$$Lambda+0x000000009522d390
instanceKlass  @bci org/matsim/contrib/drt/run/DrtConfigGroup initSingletonParameterSets (Ljava/util/function/Supplier;)V 338 <appendix> member <vmtarget> ; # org/matsim/contrib/drt/run/DrtConfigGroup$$Lambda+0x000000009522d150
instanceKlass  @bci org/matsim/contrib/drt/run/DrtConfigGroup initSingletonParameterSets (Ljava/util/function/Supplier;)V 332 <appendix> member <vmtarget> ; # org/matsim/contrib/drt/run/DrtConfigGroup$$Lambda+0x000000009522cf20
instanceKlass  @bci org/matsim/contrib/drt/run/DrtConfigGroup initSingletonParameterSets (Ljava/util/function/Supplier;)V 326 <appendix> argL0 ; # org/matsim/contrib/drt/run/DrtConfigGroup$$Lambda+0x000000009522ccf8
instanceKlass  @bci org/matsim/contrib/drt/run/DrtConfigGroup initSingletonParameterSets (Ljava/util/function/Supplier;)V 315 <appendix> member <vmtarget> ; # org/matsim/contrib/drt/run/DrtConfigGroup$$Lambda+0x000000009522cab8
instanceKlass  @bci org/matsim/contrib/drt/run/DrtConfigGroup initSingletonParameterSets (Ljava/util/function/Supplier;)V 309 <appendix> member <vmtarget> ; # org/matsim/contrib/drt/run/DrtConfigGroup$$Lambda+0x000000009522c888
instanceKlass  @bci org/matsim/contrib/drt/run/DrtConfigGroup initSingletonParameterSets (Ljava/util/function/Supplier;)V 303 <appendix> argL0 ; # org/matsim/contrib/drt/run/DrtConfigGroup$$Lambda+0x000000009522c660
instanceKlass  @bci org/matsim/contrib/drt/run/DrtConfigGroup initSingletonParameterSets (Ljava/util/function/Supplier;)V 292 <appendix> member <vmtarget> ; # org/matsim/contrib/drt/run/DrtConfigGroup$$Lambda+0x000000009522c420
instanceKlass  @bci org/matsim/contrib/drt/run/DrtConfigGroup initSingletonParameterSets (Ljava/util/function/Supplier;)V 286 <appendix> member <vmtarget> ; # org/matsim/contrib/drt/run/DrtConfigGroup$$Lambda+0x000000009522c1f0
instanceKlass  @bci org/matsim/contrib/drt/run/DrtConfigGroup initSingletonParameterSets (Ljava/util/function/Supplier;)V 280 <appendix> argL0 ; # org/matsim/contrib/drt/run/DrtConfigGroup$$Lambda+0x000000009522bfc8
instanceKlass  @bci org/matsim/contrib/drt/run/DrtConfigGroup initSingletonParameterSets (Ljava/util/function/Supplier;)V 269 <appendix> member <vmtarget> ; # org/matsim/contrib/drt/run/DrtConfigGroup$$Lambda+0x000000009522bd88
instanceKlass  @bci org/matsim/contrib/drt/run/DrtConfigGroup initSingletonParameterSets (Ljava/util/function/Supplier;)V 263 <appendix> member <vmtarget> ; # org/matsim/contrib/drt/run/DrtConfigGroup$$Lambda+0x000000009522bb58
instanceKlass  @bci org/matsim/contrib/drt/run/DrtConfigGroup initSingletonParameterSets (Ljava/util/function/Supplier;)V 257 <appendix> argL0 ; # org/matsim/contrib/drt/run/DrtConfigGroup$$Lambda+0x000000009522b930
instanceKlass  @bci org/matsim/contrib/drt/run/DrtConfigGroup initSingletonParameterSets (Ljava/util/function/Supplier;)V 246 <appendix> member <vmtarget> ; # org/matsim/contrib/drt/run/DrtConfigGroup$$Lambda+0x000000009522b6f0
instanceKlass  @bci org/matsim/contrib/drt/run/DrtConfigGroup initSingletonParameterSets (Ljava/util/function/Supplier;)V 240 <appendix> member <vmtarget> ; # org/matsim/contrib/drt/run/DrtConfigGroup$$Lambda+0x000000009522b4c0
instanceKlass  @bci org/matsim/contrib/drt/run/DrtConfigGroup initSingletonParameterSets (Ljava/util/function/Supplier;)V 234 <appendix> argL0 ; # org/matsim/contrib/drt/run/DrtConfigGroup$$Lambda+0x000000009522b298
instanceKlass  @bci org/matsim/contrib/drt/run/DrtConfigGroup initSingletonParameterSets (Ljava/util/function/Supplier;)V 223 <appendix> member <vmtarget> ; # org/matsim/contrib/drt/run/DrtConfigGroup$$Lambda+0x000000009522b058
instanceKlass  @bci org/matsim/contrib/drt/run/DrtConfigGroup initSingletonParameterSets (Ljava/util/function/Supplier;)V 217 <appendix> member <vmtarget> ; # org/matsim/contrib/drt/run/DrtConfigGroup$$Lambda+0x000000009522ae28
instanceKlass  @bci org/matsim/contrib/drt/run/DrtConfigGroup initSingletonParameterSets (Ljava/util/function/Supplier;)V 211 <appendix> argL0 ; # org/matsim/contrib/drt/run/DrtConfigGroup$$Lambda+0x000000009522ac00
instanceKlass  @bci org/matsim/contrib/drt/run/DrtConfigGroup initSingletonParameterSets (Ljava/util/function/Supplier;)V 200 <appendix> member <vmtarget> ; # org/matsim/contrib/drt/run/DrtConfigGroup$$Lambda+0x000000009522a9c0
instanceKlass  @bci org/matsim/contrib/drt/run/DrtConfigGroup initSingletonParameterSets (Ljava/util/function/Supplier;)V 194 <appendix> member <vmtarget> ; # org/matsim/contrib/drt/run/DrtConfigGroup$$Lambda+0x000000009522a790
instanceKlass  @bci org/matsim/contrib/drt/run/DrtConfigGroup initSingletonParameterSets (Ljava/util/function/Supplier;)V 188 <appendix> argL0 ; # org/matsim/contrib/drt/run/DrtConfigGroup$$Lambda+0x000000009522a568
instanceKlass  @bci org/matsim/contrib/drt/run/DrtConfigGroup initSingletonParameterSets (Ljava/util/function/Supplier;)V 177 <appendix> member <vmtarget> ; # org/matsim/contrib/drt/run/DrtConfigGroup$$Lambda+0x000000009522a328
instanceKlass  @bci org/matsim/contrib/drt/run/DrtConfigGroup initSingletonParameterSets (Ljava/util/function/Supplier;)V 171 <appendix> member <vmtarget> ; # org/matsim/contrib/drt/run/DrtConfigGroup$$Lambda+0x000000009522a0f8
instanceKlass  @bci org/matsim/contrib/drt/run/DrtConfigGroup initSingletonParameterSets (Ljava/util/function/Supplier;)V 165 <appendix> argL0 ; # org/matsim/contrib/drt/run/DrtConfigGroup$$Lambda+0x0000000095229ed0
instanceKlass  @bci org/matsim/contrib/drt/run/DrtConfigGroup initSingletonParameterSets (Ljava/util/function/Supplier;)V 154 <appendix> member <vmtarget> ; # org/matsim/contrib/drt/run/DrtConfigGroup$$Lambda+0x0000000095229c90
instanceKlass  @bci org/matsim/contrib/drt/run/DrtConfigGroup initSingletonParameterSets (Ljava/util/function/Supplier;)V 148 <appendix> member <vmtarget> ; # org/matsim/contrib/drt/run/DrtConfigGroup$$Lambda+0x0000000095229a60
instanceKlass  @bci org/matsim/contrib/drt/run/DrtConfigGroup initSingletonParameterSets (Ljava/util/function/Supplier;)V 142 <appendix> argL0 ; # org/matsim/contrib/drt/run/DrtConfigGroup$$Lambda+0x0000000095229838
instanceKlass  @bci org/matsim/contrib/drt/run/DrtConfigGroup initSingletonParameterSets (Ljava/util/function/Supplier;)V 131 <appendix> member <vmtarget> ; # org/matsim/contrib/drt/run/DrtConfigGroup$$Lambda+0x00000000952295f8
instanceKlass  @bci org/matsim/contrib/drt/run/DrtConfigGroup initSingletonParameterSets (Ljava/util/function/Supplier;)V 125 <appendix> member <vmtarget> ; # org/matsim/contrib/drt/run/DrtConfigGroup$$Lambda+0x00000000952293c8
instanceKlass  @bci org/matsim/contrib/drt/run/DrtConfigGroup initSingletonParameterSets (Ljava/util/function/Supplier;)V 119 <appendix> argL0 ; # org/matsim/contrib/drt/run/DrtConfigGroup$$Lambda+0x00000000952291a0
instanceKlass  @bci org/matsim/contrib/drt/run/DrtConfigGroup initSingletonParameterSets (Ljava/util/function/Supplier;)V 108 <appendix> member <vmtarget> ; # org/matsim/contrib/drt/run/DrtConfigGroup$$Lambda+0x0000000095228f60
instanceKlass  @bci org/matsim/contrib/drt/run/DrtConfigGroup initSingletonParameterSets (Ljava/util/function/Supplier;)V 102 <appendix> member <vmtarget> ; # org/matsim/contrib/drt/run/DrtConfigGroup$$Lambda+0x0000000095228d30
instanceKlass  @bci org/matsim/contrib/drt/run/DrtConfigGroup initSingletonParameterSets (Ljava/util/function/Supplier;)V 96 <appendix> argL0 ; # org/matsim/contrib/drt/run/DrtConfigGroup$$Lambda+0x0000000095228b08
instanceKlass  @bci org/matsim/contrib/drt/run/DrtConfigGroup initSingletonParameterSets (Ljava/util/function/Supplier;)V 85 <appendix> member <vmtarget> ; # org/matsim/contrib/drt/run/DrtConfigGroup$$Lambda+0x00000000952288c8
instanceKlass  @bci org/matsim/contrib/drt/run/DrtConfigGroup initSingletonParameterSets (Ljava/util/function/Supplier;)V 79 <appendix> member <vmtarget> ; # org/matsim/contrib/drt/run/DrtConfigGroup$$Lambda+0x0000000095228698
instanceKlass  @bci org/matsim/contrib/drt/run/DrtConfigGroup initSingletonParameterSets (Ljava/util/function/Supplier;)V 73 <appendix> argL0 ; # org/matsim/contrib/drt/run/DrtConfigGroup$$Lambda+0x0000000095228470
instanceKlass  @bci org/matsim/contrib/drt/run/DrtConfigGroup initSingletonParameterSets (Ljava/util/function/Supplier;)V 62 <appendix> member <vmtarget> ; # org/matsim/contrib/drt/run/DrtConfigGroup$$Lambda+0x0000000095228230
instanceKlass  @bci org/matsim/contrib/drt/run/DrtConfigGroup initSingletonParameterSets (Ljava/util/function/Supplier;)V 56 <appendix> member <vmtarget> ; # org/matsim/contrib/drt/run/DrtConfigGroup$$Lambda+0x0000000095228000
instanceKlass  @bci org/matsim/contrib/drt/run/DrtConfigGroup initSingletonParameterSets (Ljava/util/function/Supplier;)V 50 <appendix> argL0 ; # org/matsim/contrib/drt/run/DrtConfigGroup$$Lambda+0x0000000095227be8
instanceKlass  @bci org/matsim/contrib/drt/run/DrtConfigGroup initSingletonParameterSets (Ljava/util/function/Supplier;)V 39 <appendix> member <vmtarget> ; # org/matsim/contrib/drt/run/DrtConfigGroup$$Lambda+0x00000000952279a8
instanceKlass  @bci org/matsim/contrib/drt/run/DrtConfigGroup initSingletonParameterSets (Ljava/util/function/Supplier;)V 33 <appendix> member <vmtarget> ; # org/matsim/contrib/drt/run/DrtConfigGroup$$Lambda+0x0000000095227778
instanceKlass  @bci org/matsim/contrib/drt/run/DrtConfigGroup initSingletonParameterSets (Ljava/util/function/Supplier;)V 27 <appendix> argL0 ; # org/matsim/contrib/drt/run/DrtConfigGroup$$Lambda+0x0000000095227550
instanceKlass  @bci org/matsim/contrib/drt/run/DrtConfigGroup initSingletonParameterSets (Ljava/util/function/Supplier;)V 16 <appendix> member <vmtarget> ; # org/matsim/contrib/drt/run/DrtConfigGroup$$Lambda+0x0000000095227310
instanceKlass  @bci org/matsim/contrib/drt/run/DrtConfigGroup initSingletonParameterSets (Ljava/util/function/Supplier;)V 10 <appendix> member <vmtarget> ; # org/matsim/contrib/drt/run/DrtConfigGroup$$Lambda+0x00000000952270e0
instanceKlass  @bci org/matsim/contrib/drt/run/DrtConfigGroup initSingletonParameterSets (Ljava/util/function/Supplier;)V 4 <appendix> member <vmtarget> ; # org/matsim/contrib/drt/run/DrtConfigGroup$$Lambda+0x0000000095226eb0
instanceKlass  @bci org/matsim/contrib/drt/run/DrtConfigGroup <init> ()V 1 <appendix> argL0 ; # org/matsim/contrib/drt/run/DrtConfigGroup$$Lambda+0x0000000095226160
instanceKlass com/google/common/base/Verify
instanceKlass  @bci org/matsim/contrib/zone/skims/DvrpTravelTimeMatrixParams initSingletonParameterSets ()V 84 <appendix> member <vmtarget> ; # org/matsim/contrib/zone/skims/DvrpTravelTimeMatrixParams$$Lambda+0x0000000095225488
instanceKlass  @bci org/matsim/contrib/zone/skims/DvrpTravelTimeMatrixParams initSingletonParameterSets ()V 78 <appendix> member <vmtarget> ; # org/matsim/contrib/zone/skims/DvrpTravelTimeMatrixParams$$Lambda+0x0000000095225258
instanceKlass  @bci org/matsim/contrib/zone/skims/DvrpTravelTimeMatrixParams initSingletonParameterSets ()V 72 <appendix> argL0 ; # org/matsim/contrib/zone/skims/DvrpTravelTimeMatrixParams$$Lambda+0x0000000095225030
instanceKlass  @bci org/matsim/contrib/zone/skims/DvrpTravelTimeMatrixParams initSingletonParameterSets ()V 61 <appendix> member <vmtarget> ; # org/matsim/contrib/zone/skims/DvrpTravelTimeMatrixParams$$Lambda+0x0000000095224df0
instanceKlass  @bci org/matsim/contrib/zone/skims/DvrpTravelTimeMatrixParams initSingletonParameterSets ()V 55 <appendix> member <vmtarget> ; # org/matsim/contrib/zone/skims/DvrpTravelTimeMatrixParams$$Lambda+0x0000000095224bc0
instanceKlass  @bci org/matsim/contrib/zone/skims/DvrpTravelTimeMatrixParams initSingletonParameterSets ()V 49 <appendix> argL0 ; # org/matsim/contrib/zone/skims/DvrpTravelTimeMatrixParams$$Lambda+0x0000000095224998
instanceKlass  @bci org/matsim/contrib/zone/skims/DvrpTravelTimeMatrixParams initSingletonParameterSets ()V 38 <appendix> member <vmtarget> ; # org/matsim/contrib/zone/skims/DvrpTravelTimeMatrixParams$$Lambda+0x0000000095224758
instanceKlass  @bci org/matsim/contrib/zone/skims/DvrpTravelTimeMatrixParams initSingletonParameterSets ()V 32 <appendix> member <vmtarget> ; # org/matsim/contrib/zone/skims/DvrpTravelTimeMatrixParams$$Lambda+0x0000000095224528
instanceKlass  @bci org/matsim/contrib/zone/skims/DvrpTravelTimeMatrixParams initSingletonParameterSets ()V 26 <appendix> argL0 ; # org/matsim/contrib/zone/skims/DvrpTravelTimeMatrixParams$$Lambda+0x0000000095224300
instanceKlass  @bci org/matsim/contrib/zone/skims/DvrpTravelTimeMatrixParams initSingletonParameterSets ()V 15 <appendix> member <vmtarget> ; # org/matsim/contrib/zone/skims/DvrpTravelTimeMatrixParams$$Lambda+0x00000000952240c0
instanceKlass  @bci org/matsim/contrib/zone/skims/DvrpTravelTimeMatrixParams initSingletonParameterSets ()V 9 <appendix> member <vmtarget> ; # org/matsim/contrib/zone/skims/DvrpTravelTimeMatrixParams$$Lambda+0x0000000095223e90
instanceKlass  @bci org/matsim/contrib/zone/skims/DvrpTravelTimeMatrixParams initSingletonParameterSets ()V 3 <appendix> argL0 ; # org/matsim/contrib/zone/skims/DvrpTravelTimeMatrixParams$$Lambda+0x0000000095223c68
instanceKlass  @bci com/google/common/collect/CollectCollectors <clinit> ()V 75 <appendix> argL0 ; # com/google/common/collect/CollectCollectors$$Lambda+0x00000000952237e8
instanceKlass  @bci com/google/common/collect/CollectCollectors <clinit> ()V 70 <appendix> argL0 ; # com/google/common/collect/CollectCollectors$$Lambda+0x0000000095223598
instanceKlass  @bci com/google/common/collect/CollectCollectors <clinit> ()V 65 <appendix> argL0 ; # com/google/common/collect/CollectCollectors$$Lambda+0x0000000095223360
instanceKlass com/google/common/collect/Range
instanceKlass com/google/common/base/Predicate
instanceKlass  @bci com/google/common/collect/CollectCollectors <clinit> ()V 60 <appendix> argL0 ; # com/google/common/collect/CollectCollectors$$Lambda+0x0000000095222ca8
instanceKlass com/google/common/collect/ImmutableRangeSet$Builder
instanceKlass com/google/common/collect/SortedIterable
instanceKlass com/google/common/collect/AbstractRangeSet
instanceKlass com/google/common/collect/RangeSet
instanceKlass  @bci com/google/common/collect/CollectCollectors <clinit> ()V 45 <appendix> argL0 ; # com/google/common/collect/CollectCollectors$$Lambda+0x00000000952196c0
instanceKlass  @bci com/google/common/collect/CollectCollectors <clinit> ()V 40 <appendix> argL0 ; # com/google/common/collect/CollectCollectors$$Lambda+0x0000000095219470
instanceKlass  @bci com/google/common/collect/CollectCollectors <clinit> ()V 35 <appendix> argL0 ; # com/google/common/collect/CollectCollectors$$Lambda+0x0000000095219238
instanceKlass  @bci com/google/common/collect/CollectCollectors <clinit> ()V 30 <appendix> argL0 ; # com/google/common/collect/CollectCollectors$$Lambda+0x000000009521bc90
instanceKlass  @bci com/google/common/collect/CollectCollectors <clinit> ()V 15 <appendix> argL0 ; # com/google/common/collect/CollectCollectors$$Lambda+0x000000009521b7c8
instanceKlass  @bci com/google/common/collect/CollectCollectors <clinit> ()V 10 <appendix> argL0 ; # com/google/common/collect/CollectCollectors$$Lambda+0x000000009521b578
instanceKlass  @bci com/google/common/collect/CollectCollectors <clinit> ()V 5 <appendix> argL0 ; # com/google/common/collect/CollectCollectors$$Lambda+0x000000009521b340
instanceKlass  @bci com/google/common/collect/CollectCollectors <clinit> ()V 0 <appendix> argL0 ; # com/google/common/collect/CollectCollectors$$Lambda+0x000000009521b118
instanceKlass com/google/common/collect/ImmutableCollection$Builder
instanceKlass com/google/common/collect/CollectCollectors
instanceKlass com/google/common/collect/ImmutableSet$SetBuilderImpl
instanceKlass  @bci org/matsim/core/config/ReflectiveConfigGroup splitStringToStream (Ljava/lang/String;)Ljava/util/stream/Stream; 21 <appendix> argL0 ; # org/matsim/core/config/ReflectiveConfigGroup$$Lambda+0x000000009521c000
instanceKlass  @bci org/matsim/core/config/ReflectiveConfigGroup splitStringToStream (Ljava/lang/String;)Ljava/util/stream/Stream; 11 <appendix> member <vmtarget> ; # org/matsim/core/config/ReflectiveConfigGroup$$Lambda+0x0000000095217c90
instanceKlass  @bci org/eqasim/core/simulation/termination/EqasimTerminationConfigGroup setModesAsString (Ljava/lang/String;)V 27 <appendix> argL0 ; # org/eqasim/core/simulation/termination/EqasimTerminationConfigGroup$$Lambda+0x0000000095217a48
instanceKlass  @bci jdk/internal/reflect/MethodHandleDoubleFieldAccessorImpl setDouble (Ljava/lang/Object;D)V 41 <adapter> ; # java/lang/invoke/LambdaForm$MH+0x0000000095218800
# instanceKlass java/lang/invoke/LambdaForm$MH+0x0000000095218400
# instanceKlass java/lang/invoke/LambdaForm$BMH+0x0000000095218000
instanceKlass  @bci org/matsim/contribs/discrete_mode_choice/modules/config/MATSimTripScoringConfigGroup setPtLegModesAsString (Ljava/lang/String;)V 15 <appendix> argL0 ; # org/matsim/contribs/discrete_mode_choice/modules/config/MATSimTripScoringConfigGroup$$Lambda+0x0000000095217800
instanceKlass  @bci org/matsim/contribs/discrete_mode_choice/modules/config/VehicleTripConstraintConfigGroup setRestrictedModesAsString (Ljava/lang/String;)V 19 <appendix> argL0 ; # org/matsim/contribs/discrete_mode_choice/modules/config/VehicleTripConstraintConfigGroup$$Lambda+0x0000000095207b80
instanceKlass  @bci org/matsim/contribs/discrete_mode_choice/modules/config/ShapeFileConstraintConfigGroup setConstrainedModesAsString (Ljava/lang/String;)V 15 <appendix> argL0 ; # org/matsim/contribs/discrete_mode_choice/modules/config/ShapeFileConstraintConfigGroup$$Lambda+0x0000000095207938
instanceKlass  @bci org/matsim/contribs/discrete_mode_choice/modules/config/LinkAttributeConstraintConfigGroup setConstrainedModesAsString (Ljava/lang/String;)V 15 <appendix> argL0 ; # org/matsim/contribs/discrete_mode_choice/modules/config/LinkAttributeConstraintConfigGroup$$Lambda+0x00000000952076f0
instanceKlass  @bci org/matsim/contribs/discrete_mode_choice/modules/config/ActivityTourFinderConfigGroup setActivityTypesAsString (Ljava/lang/String;)V 15 <appendix> argL0 ; # org/matsim/contribs/discrete_mode_choice/modules/config/ActivityTourFinderConfigGroup$$Lambda+0x00000000952074a8
instanceKlass  @bci org/matsim/contribs/discrete_mode_choice/modules/config/VehicleTourConstraintConfigGroup setRestrictedModesAsString (Ljava/lang/String;)V 19 <appendix> argL0 ; # org/matsim/contribs/discrete_mode_choice/modules/config/VehicleTourConstraintConfigGroup$$Lambda+0x0000000095207260
instanceKlass  @bci org/matsim/contribs/discrete_mode_choice/modules/config/SubtourModeConstraintConfigGroup setConstrainedModesAsString (Ljava/lang/String;)V 15 <appendix> argL0 ; # org/matsim/contribs/discrete_mode_choice/modules/config/SubtourModeConstraintConfigGroup$$Lambda+0x0000000095207018
instanceKlass  @bci org/matsim/contribs/discrete_mode_choice/modules/config/ModeAvailabilityConfigGroup setAvailableModesAsString (Ljava/lang/String;)V 15 <appendix> argL0 ; # org/matsim/contribs/discrete_mode_choice/modules/config/ModeAvailabilityConfigGroup$$Lambda+0x0000000095206dd0
instanceKlass  @bci org/matsim/contribs/discrete_mode_choice/modules/config/ActivityHomeFinderConfigGroup setActivityTypesAsString (Ljava/lang/String;)V 15 <appendix> argL0 ; # org/matsim/contribs/discrete_mode_choice/modules/config/ActivityHomeFinderConfigGroup$$Lambda+0x0000000095206b88
instanceKlass  @bci org/matsim/contribs/discrete_mode_choice/modules/config/DiscreteModeChoiceConfigGroup createParameterSet (Ljava/lang/String;)Lorg/matsim/core/config/ConfigGroup; 15 <appendix> argL0 ; # org/matsim/contribs/discrete_mode_choice/modules/config/DiscreteModeChoiceConfigGroup$$Lambda+0x0000000095206940
instanceKlass  @bci org/matsim/contribs/discrete_mode_choice/modules/config/DiscreteModeChoiceConfigGroup setTripFiltersAsString (Ljava/lang/String;)V 15 <appendix> argL0 ; # org/matsim/contribs/discrete_mode_choice/modules/config/DiscreteModeChoiceConfigGroup$$Lambda+0x00000000952066f8
instanceKlass  @bci org/matsim/contribs/discrete_mode_choice/modules/config/DiscreteModeChoiceConfigGroup setTripConstraintsAsString (Ljava/lang/String;)V 15 <appendix> argL0 ; # org/matsim/contribs/discrete_mode_choice/modules/config/DiscreteModeChoiceConfigGroup$$Lambda+0x00000000952064b0
instanceKlass  @bci org/matsim/contribs/discrete_mode_choice/modules/config/DiscreteModeChoiceConfigGroup setTourFiltersAsString (Ljava/lang/String;)V 15 <appendix> argL0 ; # org/matsim/contribs/discrete_mode_choice/modules/config/DiscreteModeChoiceConfigGroup$$Lambda+0x0000000095206268
instanceKlass  @bci org/matsim/contribs/discrete_mode_choice/modules/config/DiscreteModeChoiceConfigGroup setTourConstraintsAsString (Ljava/lang/String;)V 15 <appendix> argL0 ; # org/matsim/contribs/discrete_mode_choice/modules/config/DiscreteModeChoiceConfigGroup$$Lambda+0x0000000095206020
instanceKlass  @bci org/matsim/contribs/discrete_mode_choice/modules/config/DiscreteModeChoiceConfigGroup setCachedModesAsString (Ljava/lang/String;)V 15 <appendix> argL0 ; # org/matsim/contribs/discrete_mode_choice/modules/config/DiscreteModeChoiceConfigGroup$$Lambda+0x0000000095205dd8
# instanceKlass java/lang/invoke/LambdaForm$MH+0x0000000095217400
# instanceKlass java/lang/invoke/LambdaForm$MH+0x0000000095217000
# instanceKlass java/lang/invoke/LambdaForm$MH+0x0000000095216c00
# instanceKlass java/lang/invoke/LambdaForm$MH+0x0000000095216800
# instanceKlass java/lang/invoke/LambdaForm$DMH+0x0000000095216400
# instanceKlass java/lang/invoke/LambdaForm$MH+0x0000000095216000
# instanceKlass java/lang/invoke/LambdaForm$MH+0x0000000095215c00
instanceKlass  @cpi com/google/common/collect/CollectCollectors 593 form vmentry <vmtarget> ; # java/lang/invoke/LambdaForm$DMH+0x0000000095215800
# instanceKlass java/lang/invoke/LambdaForm$MH+0x0000000095215400
# instanceKlass java/lang/invoke/LambdaForm$MH+0x0000000095215000
# instanceKlass java/lang/invoke/LambdaForm$DMH+0x0000000095214c00
instanceKlass  @bci org/matsim/api/core/v01/Id create (Ljava/lang/String;Ljava/lang/Class;)Lorg/matsim/api/core/v01/Id; 8 <appendix> argL0 ; # org/matsim/api/core/v01/Id$$Lambda+0x0000000095205b90
instanceKlass org/matsim/core/gbl/MatsimRandom
# instanceKlass java/lang/invoke/LambdaForm$DMH+0x0000000095214800
# instanceKlass java/lang/invoke/LambdaForm$DMH+0x0000000095214400
instanceKlass  @bci org/matsim/core/config/groups/QSimConfigGroup setSeepModes (Ljava/lang/String;)V 10 <appendix> argL0 ; # org/matsim/core/config/groups/QSimConfigGroup$$Lambda+0x0000000095205538
instanceKlass  @bci org/matsim/core/config/groups/QSimConfigGroup setMainModes (Ljava/lang/String;)V 10 <appendix> argL0 ; # org/matsim/core/config/groups/QSimConfigGroup$$Lambda+0x00000000952052f0
# instanceKlass java/lang/invoke/LambdaForm$MH+0x0000000095214000
# instanceKlass java/lang/invoke/LambdaForm$MH+0x0000000095213c00
# instanceKlass java/lang/invoke/LambdaForm$MH+0x0000000095213800
# instanceKlass java/lang/invoke/LambdaForm$DMH+0x0000000095213400
# instanceKlass java/lang/invoke/LambdaForm$BMH+0x0000000095213000
# instanceKlass java/lang/invoke/LambdaForm$DMH+0x0000000095212c00
# instanceKlass java/lang/invoke/LambdaForm$MH+0x0000000095212800
# instanceKlass java/lang/invoke/LambdaForm$BMH+0x0000000095212400
# instanceKlass java/lang/invoke/LambdaForm$DMH+0x0000000095212000
# instanceKlass java/lang/invoke/LambdaForm$DMH+0x0000000095211c00
# instanceKlass java/lang/invoke/LambdaForm$DMH+0x0000000095211800
instanceKlass org/matsim/core/utils/collections/CollectionUtils
instanceKlass org/matsim/core/utils/misc/Time
# instanceKlass java/lang/invoke/LambdaForm$MH+0x0000000095211400
# instanceKlass java/lang/invoke/LambdaForm$MH+0x0000000095211000
# instanceKlass java/lang/invoke/LambdaForm$MH+0x0000000095210c00
# instanceKlass java/lang/invoke/LambdaForm$MH+0x0000000095210800
# instanceKlass java/lang/invoke/LambdaForm$MH+0x0000000095210400
# instanceKlass java/lang/invoke/LambdaForm$DMH+0x0000000095210000
# instanceKlass java/lang/invoke/LambdaForm$MH+0x000000009520fc00
# instanceKlass java/lang/invoke/LambdaForm$BMH+0x000000009520f800
# instanceKlass java/lang/invoke/LambdaForm$DMH+0x000000009520f400
# instanceKlass java/lang/invoke/LambdaForm$MH+0x000000009520f000
# instanceKlass java/lang/invoke/LambdaForm$BMH+0x000000009520ec00
# instanceKlass java/lang/invoke/LambdaForm$DMH+0x000000009520e800
# instanceKlass java/lang/invoke/LambdaForm$DMH+0x000000009520e400
# instanceKlass java/lang/invoke/LambdaForm$DMH+0x000000009520e000
instanceKlass java/lang/StackTraceElement$HashedModules
instanceKlass  @bci org/matsim/guice/GraphvizRenderer addNode (Lcom/google/inject/grapher/graphviz/GraphvizNode;)V 10 <appendix> form vmentry <vmtarget> ; # java/lang/invoke/LambdaForm$MH+0x000000009520dc00
# instanceKlass java/lang/invoke/LambdaForm$MH+0x000000009520d800
# instanceKlass java/lang/invoke/LambdaForm$MH+0x000000009520d400
# instanceKlass java/lang/invoke/LambdaForm$DMH+0x000000009520d000
# instanceKlass java/lang/invoke/LambdaForm$MH+0x000000009520cc00
# instanceKlass java/lang/invoke/LambdaForm$BMH+0x000000009520c800
# instanceKlass java/lang/invoke/LambdaForm$DMH+0x000000009520c400
# instanceKlass java/lang/invoke/LambdaForm$MH+0x000000009520c000
# instanceKlass java/lang/invoke/LambdaForm$BMH+0x000000009520bc00
# instanceKlass java/lang/invoke/LambdaForm$DMH+0x000000009520b800
instanceKlass  @cpi org/matsim/core/router/speedy/SpeedyALTData 405 form vmentry <vmtarget> ; # java/lang/invoke/LambdaForm$DMH+0x000000009520b400
# instanceKlass java/lang/invoke/LambdaForm$DMH+0x000000009520b000
instanceKlass jdk/internal/math/FloatingDecimal$ASCIIToBinaryBuffer
instanceKlass jdk/internal/math/MathUtils
instanceKlass jdk/internal/math/FloatingDecimal$PreparedASCIIToBinaryBuffer
instanceKlass jdk/internal/math/FloatingDecimal$ASCIIToBinaryConverter
instanceKlass jdk/internal/math/FloatingDecimal$BinaryToASCIIBuffer
instanceKlass jdk/internal/math/FloatingDecimal$ExceptionalBinaryToASCIIBuffer
instanceKlass jdk/internal/math/FloatingDecimal$BinaryToASCIIConverter
instanceKlass jdk/internal/math/FloatingDecimal
instanceKlass  @bci jdk/internal/reflect/MethodHandleIntegerFieldAccessorImpl setInt (Ljava/lang/Object;I)V 41 <adapter> ; # java/lang/invoke/LambdaForm$MH+0x000000009520ac00
# instanceKlass java/lang/invoke/LambdaForm$MH+0x000000009520a800
# instanceKlass java/lang/invoke/LambdaForm$MH+0x000000009520a400
# instanceKlass java/lang/invoke/LambdaForm$DMH+0x000000009520a000
# instanceKlass java/lang/invoke/LambdaForm$MH+0x0000000095209c00
instanceKlass org/matsim/core/utils/misc/StringUtils
# instanceKlass java/lang/invoke/LambdaForm$MH+0x0000000095209800
# instanceKlass java/lang/invoke/LambdaForm$MH+0x0000000095209400
# instanceKlass java/lang/invoke/LambdaForm$MH+0x0000000095209000
# instanceKlass java/lang/invoke/LambdaForm$MH+0x0000000095208c00
# instanceKlass java/lang/invoke/LambdaForm$MH+0x0000000095208800
# instanceKlass java/lang/invoke/LambdaForm$DMH+0x0000000095208400
instanceKlass java/lang/invoke/ClassSpecializer$Factory$1$5$1
instanceKlass java/lang/invoke/ClassSpecializer$Factory$1$5
instanceKlass java/lang/invoke/ClassSpecializer$Factory$1$4
instanceKlass java/lang/invoke/ClassSpecializer$Factory$1$3
instanceKlass java/lang/invoke/ClassSpecializer$Factory$1$2
instanceKlass java/lang/invoke/ClassSpecializer$Factory$1$1Var
instanceKlass java/lang/invoke/ClassSpecializer$Factory$1$1
instanceKlass java/lang/invoke/ClassSpecializer$Factory$1
instanceKlass java/lang/invoke/MethodHandles$1
instanceKlass sun/invoke/util/ValueConversions$1
# instanceKlass java/lang/invoke/LambdaForm$DMH+0x0000000095208000
instanceKlass org/matsim/core/config/ConfigV2XmlNames
instanceKlass com/ctc/wstx/sr/Attribute
instanceKlass com/ctc/wstx/sr/Element
instanceKlass com/ctc/wstx/util/SimpleCache
instanceKlass com/ctc/wstx/dtd/PrefixedNameSet
instanceKlass com/ctc/wstx/dtd/DefaultAttrValue
instanceKlass com/ctc/wstx/dtd/DTDAttribute
instanceKlass com/ctc/wstx/dtd/DTDElement
instanceKlass com/ctc/wstx/dtd/ModelNode
instanceKlass com/ctc/wstx/io/WstxInputLocation
instanceKlass com/ctc/wstx/util/PrefixedName
instanceKlass javax/xml/stream/events/NotationDeclaration
instanceKlass com/ctc/wstx/dtd/StructValidator
instanceKlass com/ctc/wstx/dtd/ContentSpec
instanceKlass com/ctc/wstx/dtd/DTDSubset
instanceKlass com/ctc/wstx/util/StringUtil
instanceKlass com/ctc/wstx/io/CharsetNames
instanceKlass sun/net/www/http/KeepAliveEntry
instanceKlass sun/net/www/http/Hurryable
instanceKlass sun/net/www/HeaderParser
instanceKlass jdk/internal/event/Event
instanceKlass sun/net/www/protocol/http/AuthCacheValue
instanceKlass sun/nio/ch/ExtendedSocketOption$1
instanceKlass sun/nio/ch/ExtendedSocketOption
instanceKlass sun/nio/ch/OptionKey
instanceKlass sun/nio/ch/SocketOptionRegistry$LazyInitialization
instanceKlass sun/nio/ch/SocketOptionRegistry$RegistryKey
instanceKlass sun/nio/ch/SocketOptionRegistry
instanceKlass java/net/NetworkInterface
instanceKlass java/net/StandardSocketOptions$StdSocketOption
instanceKlass java/net/StandardSocketOptions
instanceKlass sun/net/NetHooks
instanceKlass  @bci sun/nio/ch/NioSocketImpl closerFor (Ljava/io/FileDescriptor;)Ljava/lang/Runnable; 1 <appendix> member <vmtarget> ; # sun/nio/ch/NioSocketImpl$$Lambda+0x0000000095125278
instanceKlass jdk/net/ExtendedSocketOptions$2
instanceKlass jdk/net/ExtendedSocketOptions$PlatformSocketOptions
instanceKlass jdk/net/ExtendedSocketOptions$ExtSocketOption
instanceKlass java/net/SocketOption
instanceKlass jdk/net/ExtendedSocketOptions
instanceKlass sun/net/ext/ExtendedSocketOptions
instanceKlass jdk/internal/lang/stable/StableValueImpl
instanceKlass java/lang/StableValue
instanceKlass sun/nio/ch/Net$1
instanceKlass java/net/ProtocolFamily
instanceKlass sun/nio/ch/Net
instanceKlass java/net/InetSocketAddress$InetSocketAddressHolder
instanceKlass java/net/SocketAddress
instanceKlass sun/net/PlatformSocketImpl
instanceKlass java/net/SocketImpl
instanceKlass java/net/SocketOptions
instanceKlass java/net/Socket
instanceKlass sun/net/www/http/HttpCapture
instanceKlass sun/net/www/http/KeepAliveKey
instanceKlass sun/net/NetworkClient
instanceKlass sun/net/spi/DefaultProxySelector$NonProxyInfo
instanceKlass java/net/Proxy
instanceKlass java/net/ProxySelector
instanceKlass java/net/ResponseCache
instanceKlass java/net/CookieHandler
instanceKlass sun/net/util/ProxyUtil
instanceKlass  @bci sun/net/www/protocol/http/AuthCacheImpl getAuthCacheFor (Ljava/net/Authenticator;)Lsun/net/www/protocol/http/AuthCacheImpl; 4 <appendix> argL0 ; # sun/net/www/protocol/http/AuthCacheImpl$$Lambda+0x000000009511ee50
instanceKlass java/net/Authenticator
instanceKlass sun/net/www/protocol/http/AuthCacheImpl
instanceKlass sun/net/www/protocol/http/AuthCache
instanceKlass sun/util/logging/PlatformLogger$ConfigurableBridge$LoggerConfiguration
instanceKlass jdk/internal/logger/LoggerFinderLoader
instanceKlass jdk/internal/logger/LazyLoggers$LazyLoggerFactories
instanceKlass jdk/internal/logger/LazyLoggers$1
instanceKlass jdk/internal/logger/LazyLoggers
instanceKlass sun/util/logging/PlatformLogger
instanceKlass sun/net/NetProperties
instanceKlass com/ctc/wstx/io/DefaultInputResolver
instanceKlass com/ctc/wstx/dtd/DTDId
instanceKlass  @bci java/util/regex/CharPredicates ctype (I)Ljava/util/regex/Pattern$CharPredicate; 1 <appendix> member <vmtarget> ; # java/util/regex/CharPredicates$$Lambda+0x000000009511c078
instanceKlass com/ctc/wstx/util/URLUtil
instanceKlass com/ctc/wstx/io/BufferRecycler
instanceKlass com/ctc/wstx/util/TextBuffer
instanceKlass com/ctc/wstx/util/TextBuilder
instanceKlass com/ctc/wstx/sr/AttributeCollector
instanceKlass com/ctc/wstx/util/StringVector
instanceKlass org/codehaus/stax2/validation/XMLValidator
instanceKlass com/ctc/wstx/util/BaseNsContext
instanceKlass com/ctc/wstx/sr/InputElementStack
instanceKlass  @bci com/ctc/wstx/io/WstxInputData <clinit> ()V 98 <appendix> argL0 ; # com/ctc/wstx/io/WstxInputData$$Lambda+0x00000000951f6d20
instanceKlass  @bci com/ctc/wstx/io/WstxInputData <clinit> ()V 81 <appendix> argL0 ; # com/ctc/wstx/io/WstxInputData$$Lambda+0x00000000951f6ae8
instanceKlass  @bci com/ctc/wstx/io/WstxInputData <clinit> ()V 64 <appendix> argL0 ; # com/ctc/wstx/io/WstxInputData$$Lambda+0x00000000951f68b0
instanceKlass  @bci com/ctc/wstx/io/WstxInputData <clinit> ()V 32 <appendix> argL0 ; # com/ctc/wstx/io/WstxInputData$$Lambda+0x00000000951f6678
instanceKlass  @bci com/ctc/wstx/io/WstxInputData <clinit> ()V 15 <appendix> argL0 ; # com/ctc/wstx/io/WstxInputData$$Lambda+0x00000000951f6440
instanceKlass  @cpi com/ctc/wstx/io/WstxInputData 176 form vmentry <vmtarget> ; # java/lang/invoke/LambdaForm$DMH+0x00000000951f8400
# instanceKlass java/lang/invoke/LambdaForm$DMH+0x00000000951f8000
instanceKlass java/util/function/IntConsumer
instanceKlass java/util/stream/Streams$RangeIntSpliterator
instanceKlass java/util/Spliterator$OfInt
instanceKlass java/util/Spliterator$OfPrimitive
instanceKlass java/util/stream/IntStream
instanceKlass com/ctc/wstx/sr/NsDefaultProvider
instanceKlass org/codehaus/stax2/validation/ValidationContext
instanceKlass org/codehaus/stax2/validation/DTDValidationSchema
instanceKlass org/codehaus/stax2/validation/XMLValidationSchema
instanceKlass org/codehaus/stax2/typed/TypedArrayDecoder
instanceKlass org/codehaus/stax2/typed/TypedValueDecoder
instanceKlass org/codehaus/stax2/AttributeInfo
instanceKlass javax/xml/namespace/NamespaceContext
instanceKlass org/codehaus/stax2/ri/evt/BaseEventImpl
instanceKlass org/codehaus/stax2/evt/XMLEvent2
instanceKlass javax/xml/stream/events/EntityDeclaration
instanceKlass javax/xml/stream/events/XMLEvent
instanceKlass org/codehaus/stax2/XMLStreamLocation2
instanceKlass com/ctc/wstx/io/WstxInputData
instanceKlass com/ctc/wstx/cfg/ParsingErrorMsgs
instanceKlass com/ctc/wstx/sr/InputProblemReporter
instanceKlass org/codehaus/stax2/LocationInfo
instanceKlass org/codehaus/stax2/DTDInfo
instanceKlass com/ctc/wstx/sr/StreamReaderImpl
instanceKlass com/ctc/wstx/io/WstxInputSource
instanceKlass com/ctc/wstx/io/InputSourceFactory
instanceKlass javax/xml/stream/Location
instanceKlass com/ctc/wstx/io/SystemId
instanceKlass com/ctc/wstx/sax/WstxSAXParser$ResolverProxy
instanceKlass org/xml/sax/DocumentHandler
instanceKlass javax/xml/stream/XMLResolver
instanceKlass com/ctc/wstx/sax/SAXFeature
instanceKlass com/ctc/wstx/dtd/DTDEventListener
instanceKlass org/xml/sax/ext/Locator2
instanceKlass org/xml/sax/Locator
instanceKlass org/xml/sax/ext/Attributes2
instanceKlass org/xml/sax/Attributes
instanceKlass org/xml/sax/XMLReader
instanceKlass org/xml/sax/Parser
instanceKlass javax/xml/parsers/SAXParser
instanceKlass javax/xml/parsers/SAXParserFactory
instanceKlass com/ctc/wstx/api/WstxInputProperties$ParsingMode
instanceKlass com/ctc/wstx/api/WstxInputProperties
instanceKlass com/ctc/wstx/api/CommonConfig
instanceKlass com/ctc/wstx/util/SymbolTable$Bucket
instanceKlass com/ctc/wstx/util/SymbolTable
instanceKlass com/ctc/wstx/util/DefaultXmlSymbolTable
instanceKlass com/ctc/wstx/io/InputBootstrapper
instanceKlass org/codehaus/stax2/XMLStreamReader2
instanceKlass org/codehaus/stax2/validation/Validatable
instanceKlass org/codehaus/stax2/typed/TypedXMLStreamReader
instanceKlass javax/xml/stream/util/XMLEventAllocator
instanceKlass javax/xml/stream/XMLStreamReader
instanceKlass javax/xml/stream/XMLStreamConstants
instanceKlass org/codehaus/stax2/XMLEventReader2
instanceKlass javax/xml/stream/XMLEventReader
instanceKlass javax/xml/stream/XMLInputFactory
instanceKlass org/codehaus/stax2/XMLStreamProperties
instanceKlass com/ctc/wstx/cfg/InputConfigFlags
instanceKlass com/ctc/wstx/sr/ReaderCreator
instanceKlass org/matsim/core/utils/io/UnicodeInputStream$BOM
instanceKlass org/matsim/utils/FeatureFlags
instanceKlass org/xml/sax/helpers/DefaultHandler
instanceKlass org/xml/sax/ErrorHandler
instanceKlass org/xml/sax/ContentHandler
instanceKlass org/xml/sax/DTDHandler
instanceKlass org/xml/sax/EntityResolver
instanceKlass org/matsim/core/api/internal/MatsimReader
instanceKlass org/hibernate/validator/internal/engine/validationcontext/ValidatorScopedContext
instanceKlass jakarta/validation/groups/Default
instanceKlass org/hibernate/validator/internal/engine/valuecontext/ValueContext
instanceKlass org/hibernate/validator/internal/engine/validationcontext/BaseBeanValidationContext
instanceKlass org/hibernate/validator/internal/engine/validationcontext/ValidationContext
instanceKlass jakarta/validation/valueextraction/ValueExtractor$ValueReceiver
instanceKlass jakarta/validation/Path$Node
instanceKlass jakarta/validation/Path
instanceKlass org/hibernate/validator/internal/engine/ValidatorImpl
instanceKlass jakarta/validation/executable/ExecutableValidator
instanceKlass org/hibernate/validator/group/GroupSequenceProvider
instanceKlass jakarta/validation/GroupSequence
instanceKlass org/hibernate/validator/internal/metadata/raw/BeanConfiguration
instanceKlass org/hibernate/validator/internal/util/actions/GetDeclaredConstructors
instanceKlass java/lang/reflect/AnnotatedWildcardType
instanceKlass sun/reflect/generics/tree/MethodTypeSignature
instanceKlass org/hibernate/validator/internal/properties/javabean/JavaBeanHelper$JavaBeanPropertyImpl
instanceKlass org/hibernate/validator/spi/nodenameprovider/JavaBeanProperty
instanceKlass org/hibernate/validator/internal/properties/PropertyAccessor
instanceKlass jdk/internal/vm/annotation/IntrinsicCandidate
instanceKlass org/hibernate/validator/internal/metadata/provider/AnnotationMetaDataProvider$TypeArgumentExecutableParameterLocation
instanceKlass org/hibernate/validator/internal/metadata/core/AnnotationProcessingOptionsImpl$ExecutableParameterKey
instanceKlass org/hibernate/validator/internal/properties/javabean/JavaBeanParameter
instanceKlass org/hibernate/validator/internal/metadata/raw/AbstractConstrainedElement
instanceKlass org/hibernate/validator/internal/metadata/raw/ConstrainedElement
instanceKlass org/hibernate/validator/internal/util/TypeVariables
instanceKlass org/hibernate/validator/internal/metadata/aggregated/CascadingMetaData
instanceKlass org/hibernate/validator/internal/metadata/aggregated/CascadingMetaDataBuilder
instanceKlass jakarta/validation/groups/ConvertGroup$List
instanceKlass jakarta/validation/groups/ConvertGroup
instanceKlass jakarta/validation/Valid
instanceKlass java/lang/reflect/AnnotatedArrayType
instanceKlass java/lang/reflect/AnnotatedParameterizedType
instanceKlass sun/reflect/annotation/AnnotatedTypeFactory$AnnotatedTypeBaseImpl
instanceKlass sun/reflect/annotation/AnnotatedTypeFactory
instanceKlass sun/reflect/annotation/TypeAnnotation$LocationInfo$Location
instanceKlass sun/reflect/annotation/TypeAnnotation$LocationInfo
instanceKlass sun/reflect/annotation/TypeAnnotation
instanceKlass sun/reflect/annotation/TypeAnnotationParser
instanceKlass org/hibernate/validator/internal/metadata/provider/AnnotationMetaDataProvider$TypeArgumentReturnValueLocation
instanceKlass  @bci java/util/stream/Collectors mapMerger (Ljava/util/function/BinaryOperator;)Ljava/util/function/BinaryOperator; 1 <appendix> member <vmtarget> ; # java/util/stream/Collectors$$Lambda+0x0000000095112d28
instanceKlass  @bci java/util/stream/Collectors groupingBy (Ljava/util/function/Function;Ljava/util/function/Supplier;Ljava/util/stream/Collector;)Ljava/util/stream/Collector; 19 <appendix> member <vmtarget> ; # java/util/stream/Collectors$$Lambda+0x0000000095112ae8
instanceKlass  @cpi java/util/stream/Collectors 1304 form vmentry <vmtarget> ; # java/lang/invoke/LambdaForm$DMH+0x00000000951e4000
instanceKlass  @bci java/util/stream/Collectors groupingBy (Ljava/util/function/Function;Ljava/util/stream/Collector;)Ljava/util/stream/Collector; 1 <appendix> argL0 ; # java/util/stream/Collectors$$Lambda+0x00000000951128c0
instanceKlass  @bci org/hibernate/validator/internal/metadata/provider/AnnotationMetaDataProvider findExecutableMetaData (Ljava/lang/reflect/Executable;)Lorg/hibernate/validator/internal/metadata/raw/ConstrainedExecutable; 32 <appendix> argL0 ; # org/hibernate/validator/internal/metadata/provider/AnnotationMetaDataProvider$$Lambda+0x00000000951e0778
instanceKlass org/hibernate/validator/internal/metadata/descriptor/ConstraintDescriptorImpl
instanceKlass  @bci java/lang/ClassLoader definePackage (Ljava/lang/String;Ljava/lang/Module;)Ljava/lang/Package; 73 <appendix> member <vmtarget> ; # java/lang/ClassLoader$$Lambda+0x0000000095112680
instanceKlass  @bci jdk/internal/loader/BootLoader$PackageHelper findModule (Ljava/lang/String;)Ljava/lang/Module; 90 <appendix> member <vmtarget> ; # jdk/internal/loader/BootLoader$PackageHelper$$Lambda+0x0000000095112450
instanceKlass jdk/internal/loader/BootLoader$PackageHelper
instanceKlass org/hibernate/validator/internal/metadata/location/ConstraintLocation$1
instanceKlass org/hibernate/validator/internal/properties/javabean/JavaBeanHelper$JavaBeanConstrainableExecutable
instanceKlass org/hibernate/validator/internal/util/actions/GetDeclaredMethods
instanceKlass org/hibernate/validator/internal/util/actions/GetDeclaredFields
instanceKlass org/hibernate/validator/internal/properties/Field
instanceKlass org/hibernate/validator/internal/metadata/provider/AnnotationMetaDataProvider$TypeArgumentLocation
instanceKlass org/hibernate/validator/internal/metadata/provider/AnnotationMetaDataProvider
instanceKlass org/hibernate/validator/internal/metadata/provider/MetaDataProvider
instanceKlass org/hibernate/validator/internal/metadata/aggregated/BeanMetaData
instanceKlass org/hibernate/validator/internal/metadata/facets/Validatable
instanceKlass org/hibernate/validator/internal/metadata/BeanMetaDataManagerImpl
instanceKlass  @bci org/hibernate/validator/internal/engine/ValidatorFactoryImpl createValidator (Ljakarta/validation/ConstraintValidatorFactory;Lorg/hibernate/validator/internal/engine/ConstraintCreationContext;Lorg/hibernate/validator/internal/engine/ValidatorFactoryScopedContext;Lorg/hibernate/validator/internal/engine/MethodValidationConfiguration;)Ljakarta/validation/Validator; 26 <appendix> member <vmtarget> ; # org/hibernate/validator/internal/engine/ValidatorFactoryImpl$$Lambda+0x00000000951ddf50
instanceKlass org/hibernate/validator/internal/engine/ValidatorFactoryImpl$BeanMetaDataManagerKey
instanceKlass org/hibernate/validator/internal/util/StringHelper
instanceKlass org/hibernate/validator/internal/metadata/core/AnnotationProcessingOptionsImpl
instanceKlass org/hibernate/validator/internal/metadata/core/AnnotationProcessingOptions
instanceKlass org/hibernate/validator/cfg/context/ConstraintDefinitionContext
instanceKlass org/hibernate/validator/cfg/context/TypeConstraintMappingContext
instanceKlass org/hibernate/validator/cfg/context/AnnotationIgnoreOptions
instanceKlass org/hibernate/validator/cfg/context/ConstructorTarget
instanceKlass org/hibernate/validator/cfg/context/MethodTarget
instanceKlass org/hibernate/validator/cfg/context/PropertyTarget
instanceKlass org/hibernate/validator/cfg/context/ConstraintMappingTarget
instanceKlass org/hibernate/validator/cfg/context/ConstraintDefinitionTarget
instanceKlass org/hibernate/validator/cfg/context/TypeTarget
instanceKlass org/hibernate/validator/cfg/context/Constrainable
instanceKlass org/hibernate/validator/internal/cfg/context/DefaultConstraintMapping
instanceKlass org/hibernate/validator/internal/engine/ValidatorFactoryConfigurationHelper$DefaultConstraintMappingBuilder
instanceKlass org/hibernate/validator/internal/engine/ServiceLoaderBasedConstraintMappingContributor
instanceKlass org/hibernate/validator/internal/metadata/DefaultBeanMetaDataClassNormalizer
instanceKlass org/hibernate/validator/internal/util/logging/formatter/ClassObjectFormatter
instanceKlass org/hibernate/validator/internal/properties/DefaultGetterPropertySelectionStrategy
instanceKlass org/hibernate/validator/internal/properties/Getter
instanceKlass org/hibernate/validator/internal/properties/Property
instanceKlass org/hibernate/validator/spi/nodenameprovider/Property
instanceKlass org/hibernate/validator/spi/properties/ConstrainableExecutable
instanceKlass org/hibernate/validator/internal/properties/javabean/JavaBeanExecutable
instanceKlass org/hibernate/validator/internal/properties/javabean/JavaBeanAnnotatedConstrainable
instanceKlass org/hibernate/validator/internal/properties/javabean/JavaBeanAnnotatedElement
instanceKlass org/hibernate/validator/internal/properties/Callable
instanceKlass org/hibernate/validator/internal/properties/Constrainable
instanceKlass org/hibernate/validator/internal/properties/javabean/JavaBeanHelper
instanceKlass com/fasterxml/classmate/Filter
instanceKlass org/hibernate/validator/internal/util/ExecutableHelper
instanceKlass org/hibernate/validator/internal/engine/ConstraintCreationContext
instanceKlass com/fasterxml/classmate/util/ResolvedTypeCache
instanceKlass com/fasterxml/classmate/util/ClassKey
instanceKlass com/fasterxml/classmate/TypeBindings
instanceKlass com/fasterxml/classmate/members/RawMember
instanceKlass com/fasterxml/classmate/ResolvedType
instanceKlass com/fasterxml/classmate/TypeResolver
instanceKlass org/hibernate/validator/internal/util/TypeResolutionHelper
instanceKlass org/hibernate/validator/internal/constraintvalidators/hv/BitcoinAddressValidator
instanceKlass org/hibernate/validator/constraints/BitcoinAddress
instanceKlass org/hibernate/validator/internal/constraintvalidators/hv/UUIDValidator
instanceKlass org/hibernate/validator/constraints/UUID
instanceKlass org/hibernate/validator/internal/constraintvalidators/hv/URLValidator
instanceKlass org/hibernate/validator/constraints/URL
instanceKlass org/hibernate/validator/internal/constraintvalidators/hv/UniqueElementsValidator
instanceKlass org/hibernate/validator/constraints/UniqueElements
instanceKlass org/hibernate/validator/constraints/br/TituloEleitoral
instanceKlass org/hibernate/validator/constraints/ScriptAssert
instanceKlass org/hibernate/validator/internal/constraintvalidators/hv/ru/INNValidator
instanceKlass org/hibernate/validator/constraints/ru/INN
instanceKlass org/hibernate/validator/constraints/pl/REGON
instanceKlass org/hibernate/validator/internal/constraintvalidators/hv/kor/KorRRNValidator
instanceKlass org/hibernate/validator/constraints/kor/KorRRN
instanceKlass org/hibernate/validator/constraints/Range
instanceKlass org/hibernate/validator/constraints/pl/PESEL
instanceKlass org/hibernate/validator/internal/constraintvalidators/hv/AbstractScriptAssertValidator
instanceKlass org/hibernate/validator/constraints/ParameterScriptAssert
instanceKlass org/hibernate/validator/constraints/pl/NIP
instanceKlass org/hibernate/validator/internal/constraintvalidators/hv/NormalizedValidator
instanceKlass org/hibernate/validator/constraints/Normalized
instanceKlass org/hibernate/validator/constraints/Mod11Check
instanceKlass org/hibernate/validator/constraints/Mod10Check
instanceKlass org/hibernate/validator/internal/constraintvalidators/hv/ModCheckBase
instanceKlass org/hibernate/validator/constraints/LuhnCheck
instanceKlass org/hibernate/validator/internal/constraintvalidators/hv/CodePointLengthValidator
instanceKlass org/hibernate/validator/constraints/CodePointLength
instanceKlass org/hibernate/validator/internal/constraintvalidators/hv/LengthValidator
instanceKlass org/hibernate/validator/constraints/Length
instanceKlass org/hibernate/validator/internal/constraintvalidators/hv/ISBNValidator
instanceKlass org/hibernate/validator/constraints/ISBN
instanceKlass org/hibernate/validator/internal/constraintvalidators/hv/EANValidator
instanceKlass org/hibernate/validator/constraints/EAN
instanceKlass org/hibernate/validator/internal/constraintvalidators/hv/time/DurationMinValidator
instanceKlass org/hibernate/validator/constraints/time/DurationMin
instanceKlass org/hibernate/validator/internal/constraintvalidators/hv/time/DurationMaxValidator
instanceKlass org/hibernate/validator/constraints/time/DurationMax
instanceKlass org/hibernate/validator/constraints/CreditCardNumber
instanceKlass org/hibernate/validator/internal/constraintvalidators/hv/br/CPFValidator
instanceKlass org/hibernate/validator/constraints/br/CPF
instanceKlass org/hibernate/validator/internal/constraintvalidators/hv/br/CNPJValidator
instanceKlass org/hibernate/validator/constraints/br/CNPJ
instanceKlass jakarta/validation/constraints/Size
instanceKlass org/hibernate/validator/internal/constraintvalidators/bv/size/SizeValidatorForArraysOfPrimitives
instanceKlass org/hibernate/validator/internal/constraintvalidators/bv/size/SizeValidatorForMap
instanceKlass org/hibernate/validator/internal/constraintvalidators/bv/size/SizeValidatorForArray
instanceKlass org/hibernate/validator/internal/constraintvalidators/bv/size/SizeValidatorForCollection
instanceKlass org/hibernate/validator/internal/constraintvalidators/bv/size/SizeValidatorForCharSequence
instanceKlass org/hibernate/validator/internal/constraintvalidators/bv/number/sign/PositiveOrZeroValidatorForCharSequence
instanceKlass org/hibernate/validator/internal/constraintvalidators/bv/number/sign/PositiveOrZeroValidatorForNumber
instanceKlass org/hibernate/validator/internal/constraintvalidators/bv/number/sign/PositiveOrZeroValidatorForByte
instanceKlass org/hibernate/validator/internal/constraintvalidators/bv/number/sign/PositiveOrZeroValidatorForShort
instanceKlass org/hibernate/validator/internal/constraintvalidators/bv/number/sign/PositiveOrZeroValidatorForInteger
instanceKlass org/hibernate/validator/internal/constraintvalidators/bv/number/sign/PositiveOrZeroValidatorForLong
instanceKlass org/hibernate/validator/internal/constraintvalidators/bv/number/sign/PositiveOrZeroValidatorForFloat
instanceKlass org/hibernate/validator/internal/constraintvalidators/bv/number/sign/PositiveOrZeroValidatorForDouble
instanceKlass org/hibernate/validator/internal/constraintvalidators/bv/number/sign/PositiveOrZeroValidatorForBigInteger
instanceKlass org/hibernate/validator/internal/constraintvalidators/bv/number/sign/PositiveOrZeroValidatorForBigDecimal
instanceKlass org/hibernate/validator/internal/constraintvalidators/bv/number/sign/PositiveValidatorForCharSequence
instanceKlass org/hibernate/validator/internal/constraintvalidators/bv/number/sign/PositiveValidatorForNumber
instanceKlass org/hibernate/validator/internal/constraintvalidators/bv/number/sign/PositiveValidatorForByte
instanceKlass org/hibernate/validator/internal/constraintvalidators/bv/number/sign/PositiveValidatorForShort
instanceKlass org/hibernate/validator/internal/constraintvalidators/bv/number/sign/PositiveValidatorForInteger
instanceKlass org/hibernate/validator/internal/constraintvalidators/bv/number/sign/PositiveValidatorForLong
instanceKlass org/hibernate/validator/internal/constraintvalidators/bv/number/sign/PositiveValidatorForFloat
instanceKlass org/hibernate/validator/internal/constraintvalidators/bv/number/sign/PositiveValidatorForDouble
instanceKlass org/hibernate/validator/internal/constraintvalidators/bv/number/sign/PositiveValidatorForBigInteger
instanceKlass org/hibernate/validator/internal/constraintvalidators/bv/number/sign/PositiveValidatorForBigDecimal
instanceKlass org/hibernate/validator/internal/constraintvalidators/bv/PatternValidator
instanceKlass jakarta/validation/constraints/Pattern
instanceKlass jakarta/validation/constraints/PastOrPresent
instanceKlass jakarta/validation/constraints/Past
instanceKlass org/hibernate/validator/internal/constraintvalidators/bv/NullValidator
instanceKlass jakarta/validation/constraints/Null
instanceKlass org/hibernate/validator/internal/constraintvalidators/bv/NotNullValidator
instanceKlass sun/reflect/generics/tree/ShortSignature
instanceKlass sun/reflect/generics/tree/LongSignature
instanceKlass sun/reflect/generics/tree/IntSignature
instanceKlass sun/reflect/generics/tree/FloatSignature
instanceKlass sun/reflect/generics/tree/DoubleSignature
instanceKlass sun/reflect/generics/tree/BooleanSignature
instanceKlass jakarta/validation/constraints/NotEmpty
instanceKlass org/hibernate/validator/internal/constraintvalidators/bv/notempty/NotEmptyValidatorForArraysOfShort
instanceKlass org/hibernate/validator/internal/constraintvalidators/bv/notempty/NotEmptyValidatorForArraysOfLong
instanceKlass org/hibernate/validator/internal/constraintvalidators/bv/notempty/NotEmptyValidatorForArraysOfInt
instanceKlass org/hibernate/validator/internal/constraintvalidators/bv/notempty/NotEmptyValidatorForArraysOfFloat
instanceKlass org/hibernate/validator/internal/constraintvalidators/bv/notempty/NotEmptyValidatorForArraysOfDouble
instanceKlass org/hibernate/validator/internal/constraintvalidators/bv/notempty/NotEmptyValidatorForArraysOfChar
instanceKlass org/hibernate/validator/internal/constraintvalidators/bv/notempty/NotEmptyValidatorForArraysOfByte
instanceKlass org/hibernate/validator/internal/constraintvalidators/bv/notempty/NotEmptyValidatorForArraysOfBoolean
instanceKlass org/hibernate/validator/internal/constraintvalidators/bv/notempty/NotEmptyValidatorForMap
instanceKlass org/hibernate/validator/internal/constraintvalidators/bv/notempty/NotEmptyValidatorForArray
instanceKlass org/hibernate/validator/internal/constraintvalidators/bv/notempty/NotEmptyValidatorForCollection
instanceKlass org/hibernate/validator/internal/constraintvalidators/bv/notempty/NotEmptyValidatorForCharSequence
instanceKlass org/hibernate/validator/internal/constraintvalidators/bv/NotBlankValidator
instanceKlass jakarta/validation/constraints/NegativeOrZero
instanceKlass org/hibernate/validator/internal/constraintvalidators/bv/number/sign/NegativeOrZeroValidatorForCharSequence
instanceKlass org/hibernate/validator/internal/constraintvalidators/bv/number/sign/NegativeOrZeroValidatorForNumber
instanceKlass org/hibernate/validator/internal/constraintvalidators/bv/number/sign/NegativeOrZeroValidatorForByte
instanceKlass org/hibernate/validator/internal/constraintvalidators/bv/number/sign/NegativeOrZeroValidatorForShort
instanceKlass org/hibernate/validator/internal/constraintvalidators/bv/number/sign/NegativeOrZeroValidatorForInteger
instanceKlass org/hibernate/validator/internal/constraintvalidators/bv/number/sign/NegativeOrZeroValidatorForLong
instanceKlass org/hibernate/validator/internal/constraintvalidators/bv/number/sign/NegativeOrZeroValidatorForFloat
instanceKlass org/hibernate/validator/internal/constraintvalidators/bv/number/sign/NegativeOrZeroValidatorForDouble
instanceKlass org/hibernate/validator/internal/constraintvalidators/bv/number/sign/NegativeOrZeroValidatorForBigInteger
instanceKlass org/hibernate/validator/internal/constraintvalidators/bv/number/sign/NegativeOrZeroValidatorForBigDecimal
instanceKlass jakarta/validation/constraints/Negative
instanceKlass org/hibernate/validator/internal/constraintvalidators/bv/number/sign/NegativeValidatorForCharSequence
instanceKlass org/hibernate/validator/internal/constraintvalidators/bv/number/sign/NegativeValidatorForNumber
instanceKlass org/hibernate/validator/internal/constraintvalidators/bv/number/sign/NegativeValidatorForByte
instanceKlass org/hibernate/validator/internal/constraintvalidators/bv/number/sign/NegativeValidatorForShort
instanceKlass org/hibernate/validator/internal/constraintvalidators/bv/number/sign/NegativeValidatorForInteger
instanceKlass org/hibernate/validator/internal/constraintvalidators/bv/number/sign/NegativeValidatorForLong
instanceKlass org/hibernate/validator/internal/constraintvalidators/bv/number/sign/NegativeValidatorForFloat
instanceKlass org/hibernate/validator/internal/constraintvalidators/bv/number/sign/NegativeValidatorForDouble
instanceKlass org/hibernate/validator/internal/constraintvalidators/bv/number/sign/NegativeValidatorForBigInteger
instanceKlass org/hibernate/validator/internal/constraintvalidators/bv/number/sign/NegativeValidatorForBigDecimal
instanceKlass jakarta/validation/constraints/Min
instanceKlass org/hibernate/validator/internal/constraintvalidators/bv/number/bound/AbstractMinValidator
instanceKlass jakarta/validation/constraints/Max
instanceKlass org/hibernate/validator/internal/constraintvalidators/bv/number/bound/AbstractMaxValidator
instanceKlass jakarta/validation/constraints/FutureOrPresent
instanceKlass java/time/YearMonth
instanceKlass java/time/OffsetTime
instanceKlass java/time/OffsetDateTime
instanceKlass java/time/MonthDay
instanceKlass java/time/chrono/ChronoLocalDateImpl
instanceKlass jakarta/validation/constraints/Future
instanceKlass org/hibernate/validator/internal/constraintvalidators/bv/time/AbstractJavaTimeValidator
instanceKlass org/hibernate/validator/internal/constraintvalidators/bv/time/AbstractInstantBasedTimeValidator
instanceKlass org/hibernate/validator/constraintvalidation/HibernateConstraintValidator
instanceKlass org/hibernate/validator/internal/constraintvalidators/AbstractEmailValidator
instanceKlass jakarta/validation/constraints/Email
instanceKlass jakarta/validation/constraints/Digits
instanceKlass org/hibernate/validator/internal/constraintvalidators/bv/DigitsValidatorForNumber
instanceKlass org/hibernate/validator/internal/constraintvalidators/bv/DigitsValidatorForCharSequence
instanceKlass jakarta/validation/constraints/DecimalMin
instanceKlass org/hibernate/validator/internal/constraintvalidators/bv/number/bound/decimal/AbstractDecimalMinValidator
instanceKlass org/hibernate/validator/internal/util/actions/IsClassPresent
instanceKlass org/hibernate/validator/internal/constraintvalidators/bv/number/bound/decimal/AbstractDecimalMaxValidator
instanceKlass org/hibernate/validator/internal/constraintvalidators/bv/AssertTrueValidator
instanceKlass jakarta/validation/constraints/AssertTrue
instanceKlass jakarta/validation/constraintvalidation/SupportedValidationTarget
instanceKlass org/hibernate/validator/internal/util/TypeHelper
instanceKlass org/hibernate/validator/internal/engine/constraintvalidation/ClassBasedValidatorDescriptor
instanceKlass org/hibernate/validator/internal/engine/constraintvalidation/ConstraintValidatorDescriptor
instanceKlass org/hibernate/validator/internal/constraintvalidators/bv/AssertFalseValidator
instanceKlass jakarta/validation/constraints/AssertFalse
instanceKlass org/hibernate/validator/internal/metadata/core/ConstraintHelper$ValidatorDescriptorMap
instanceKlass org/hibernate/validator/internal/metadata/core/ConstraintHelper
instanceKlass org/hibernate/validator/internal/engine/valueextraction/ValueExtractorResolver
instanceKlass  @bci org/hibernate/validator/internal/engine/AbstractConfigurationImpl getValueExtractors ()Ljava/util/Set; 17 <appendix> argL0 ; # org/hibernate/validator/internal/engine/AbstractConfigurationImpl$$Lambda+0x00000000951ab8e0
instanceKlass java/util/OptionalLong
instanceKlass org/hibernate/validator/internal/engine/valueextraction/OptionalLongValueExtractor
instanceKlass java/util/OptionalDouble
instanceKlass org/hibernate/validator/internal/engine/valueextraction/OptionalDoubleValueExtractor
instanceKlass org/hibernate/validator/internal/engine/valueextraction/AnnotatedObject
instanceKlass java/util/OptionalInt
instanceKlass org/hibernate/validator/internal/engine/valueextraction/OptionalIntValueExtractor
instanceKlass org/hibernate/validator/internal/engine/valueextraction/OptionalValueExtractor
instanceKlass org/hibernate/validator/internal/engine/valueextraction/IterableValueExtractor
instanceKlass org/hibernate/validator/internal/engine/valueextraction/MapKeyExtractor
instanceKlass org/hibernate/validator/internal/engine/valueextraction/MapValueExtractor
instanceKlass org/hibernate/validator/internal/engine/valueextraction/ListValueExtractor
instanceKlass org/hibernate/validator/internal/engine/valueextraction/ObjectArrayValueExtractor
instanceKlass org/hibernate/validator/internal/engine/valueextraction/BooleanArrayValueExtractor
instanceKlass org/hibernate/validator/internal/engine/valueextraction/CharArrayValueExtractor
instanceKlass org/hibernate/validator/internal/engine/valueextraction/DoubleArrayValueExtractor
instanceKlass org/hibernate/validator/internal/engine/valueextraction/FloatArrayValueExtractor
instanceKlass org/hibernate/validator/internal/engine/valueextraction/LongArrayValueExtractor
instanceKlass org/hibernate/validator/internal/engine/valueextraction/IntArrayValueExtractor
instanceKlass org/hibernate/validator/internal/engine/valueextraction/ShortArrayValueExtractor
instanceKlass org/hibernate/validator/internal/engine/valueextraction/ValueExtractorDescriptor$Key
instanceKlass org/hibernate/validator/internal/util/ReflectionHelper
instanceKlass org/hibernate/validator/internal/engine/valueextraction/ArrayElement
instanceKlass org/hibernate/validator/internal/engine/valueextraction/ValueExtractorDescriptor
instanceKlass org/hibernate/validator/internal/engine/valueextraction/ByteArrayValueExtractor
instanceKlass org/hibernate/validator/internal/engine/valueextraction/ValueExtractorManager
instanceKlass org/hibernate/validator/internal/engine/groups/ValidationOrder
instanceKlass org/hibernate/validator/internal/engine/groups/ValidationOrderGenerator
instanceKlass org/hibernate/validator/internal/engine/constraintvalidation/ConstraintValidatorManagerImpl$1
instanceKlass jakarta/validation/ConstraintValidator
instanceKlass jakarta/validation/metadata/ConstraintDescriptor
instanceKlass org/hibernate/validator/internal/engine/constraintvalidation/AbstractConstraintValidatorManagerImpl
instanceKlass org/hibernate/validator/internal/engine/constraintvalidation/HibernateConstraintValidatorInitializationContextImpl
instanceKlass org/hibernate/validator/spi/scripting/ScriptEvaluator
instanceKlass org/hibernate/validator/spi/scripting/AbstractCachingScriptEvaluatorFactory
instanceKlass org/hibernate/validator/internal/util/ExecutableParameterNameProvider
instanceKlass jakarta/el/ELUtil
instanceKlass jakarta/el/ELContext
instanceKlass jakarta/el/ELManager
instanceKlass jakarta/el/ELResolver
instanceKlass jakarta/el/Expression
instanceKlass jakarta/el/FactoryFinder
instanceKlass jakarta/el/ExpressionFactory
instanceKlass org/hibernate/validator/internal/util/ConcurrentReferenceHashMap$HashEntry
instanceKlass org/hibernate/validator/internal/engine/messageinterpolation/DefaultLocaleResolverContext
instanceKlass java/lang/invoke/DirectMethodHandle$1
instanceKlass org/hibernate/validator/internal/util/logging/Messages_$bundle
instanceKlass org/jboss/logging/Messages
instanceKlass org/hibernate/validator/internal/util/logging/Messages
instanceKlass org/hibernate/validator/internal/engine/messageinterpolation/DefaultLocaleResolver
instanceKlass org/hibernate/validator/internal/util/Contracts
# instanceKlass java/lang/invoke/LambdaForm$MH+0x00000000951a4000
instanceKlass sun/invoke/util/ValueConversions$WrapperCache
instanceKlass org/hibernate/validator/internal/util/actions/GetMethod
instanceKlass org/hibernate/validator/resourceloading/PlatformResourceBundleLocator
instanceKlass org/hibernate/validator/spi/messageinterpolation/LocaleResolverContext
instanceKlass org/hibernate/validator/messageinterpolation/AbstractMessageInterpolator
instanceKlass org/hibernate/validator/constraintvalidation/HibernateConstraintValidatorInitializationContext
instanceKlass org/hibernate/validator/internal/engine/ValidatorFactoryScopedContext
instanceKlass org/hibernate/validator/internal/metadata/aggregated/rule/MethodConfigurationRule
instanceKlass org/hibernate/validator/internal/engine/MethodValidationConfiguration
instanceKlass org/hibernate/validator/metadata/BeanMetaDataClassNormalizer
instanceKlass org/hibernate/validator/spi/cfg/ConstraintMappingContributor
instanceKlass org/hibernate/validator/spi/cfg/ConstraintMappingContributor$ConstraintMappingBuilder
instanceKlass org/hibernate/validator/spi/scripting/ScriptEvaluatorFactory
instanceKlass org/hibernate/validator/spi/messageinterpolation/LocaleResolver
instanceKlass org/hibernate/validator/internal/engine/ValidatorFactoryConfigurationHelper
instanceKlass org/hibernate/validator/internal/metadata/BeanMetaDataManager
instanceKlass jakarta/validation/Validator
instanceKlass org/hibernate/validator/HibernateValidatorContext
instanceKlass org/hibernate/validator/internal/engine/constraintvalidation/ConstraintValidatorManager
instanceKlass jakarta/validation/ValidatorContext
instanceKlass org/hibernate/validator/internal/engine/ValidatorFactoryImpl
instanceKlass org/hibernate/validator/HibernateValidatorFactory
instanceKlass org/hibernate/validator/internal/engine/resolver/TraverseAllTraversableResolver
instanceKlass org/hibernate/validator/internal/util/actions/LoadClass
instanceKlass jakarta/validation/TraversableResolver
instanceKlass org/hibernate/validator/internal/engine/resolver/TraversableResolvers
instanceKlass org/hibernate/validator/internal/xml/config/BootstrapConfigurationImpl
instanceKlass jakarta/validation/BootstrapConfiguration
instanceKlass org/hibernate/validator/internal/xml/config/ResourceLoaderHelper
instanceKlass org/hibernate/validator/internal/xml/config/ValidationXmlParser
instanceKlass org/hibernate/validator/internal/util/actions/GetInstancesFromServiceLoader
instanceKlass jakarta/validation/valueextraction/ValueExtractor
instanceKlass org/hibernate/validator/internal/util/actions/GetClassLoader
instanceKlass org/hibernate/validator/internal/engine/DefaultPropertyNodeNameProvider
instanceKlass org/hibernate/validator/internal/engine/DefaultClockProvider
instanceKlass org/hibernate/validator/internal/engine/DefaultParameterNameProvider
instanceKlass org/hibernate/validator/constraintvalidation/spi/DefaultConstraintValidatorFactory
instanceKlass org/hibernate/validator/internal/xml/config/ValidationBootstrapParameters
instanceKlass org/hibernate/validator/internal/engine/MethodValidationConfiguration$Builder
instanceKlass org/hibernate/validator/internal/util/CollectionHelper
instanceKlass org/apache/logging/log4j/message/TimestampMessage
instanceKlass org/apache/logging/log4j/message/AsynchronouslyFormattable
instanceKlass org/apache/logging/log4j/core/async/InternalAsyncUtil
instanceKlass org/apache/logging/log4j/message/StringFormattedMessage
instanceKlass org/apache/logging/log4j/core/impl/ContextAnchor
instanceKlass org/jboss/logging/Log4j2LoggerProvider
instanceKlass jdk/internal/logger/BootstrapLogger$BootstrapExecutors
instanceKlass jdk/internal/logger/BootstrapLogger$RedirectedLoggers
instanceKlass jdk/internal/logger/BootstrapLogger$DetectBackend
instanceKlass jdk/internal/logger/BootstrapLogger
instanceKlass sun/util/logging/PlatformLogger$ConfigurableBridge
instanceKlass sun/util/logging/PlatformLogger$Bridge
instanceKlass java/lang/System$Logger
instanceKlass java/util/stream/Streams
instanceKlass java/util/stream/Stream$Builder
instanceKlass java/util/stream/Streams$AbstractStreamBuilderImpl
instanceKlass  @bci java/util/logging/Level$KnownLevel findByName (Ljava/lang/String;Ljava/util/function/Function;)Ljava/util/Optional; 29 <appendix> argL0 ; # java/util/logging/Level$KnownLevel$$Lambda+0x800000022
instanceKlass  @bci java/util/logging/Level findLevel (Ljava/lang/String;)Ljava/util/logging/Level; 13 <appendix> argL0 ; # java/util/logging/Level$$Lambda+0x80000001f
instanceKlass java/util/Hashtable$Enumerator
instanceKlass java/util/Collections$3
instanceKlass java/util/logging/LogManager$VisitedLoggers
instanceKlass java/util/logging/Logger$ConfigurationData
instanceKlass java/util/logging/Logger$LoggerBundle
instanceKlass java/util/logging/Handler
instanceKlass java/util/logging/Logger
instanceKlass java/lang/System$LoggerFinder
instanceKlass java/util/logging/LogManager$LoggingProviderAccess
instanceKlass sun/util/logging/internal/LoggingProviderImpl$LogManagerAccess
instanceKlass java/util/Collections$SynchronizedMap
instanceKlass java/util/logging/LogManager$LogNode
instanceKlass java/util/logging/LogManager$LoggerContext
instanceKlass  @bci java/util/logging/Level$KnownLevel add (Ljava/util/logging/Level;)V 49 <appendix> argL0 ; # java/util/logging/Level$KnownLevel$$Lambda+0x800000021
instanceKlass  @bci java/util/logging/Level$KnownLevel add (Ljava/util/logging/Level;)V 19 <appendix> argL0 ; # java/util/logging/Level$KnownLevel$$Lambda+0x800000020
instanceKlass java/util/logging/Level
instanceKlass org/jboss/logging/LoggerProvider
instanceKlass org/jboss/logging/LoggerProviders
instanceKlass org/jboss/logging/DelegatingBasicLogger
instanceKlass org/jboss/logging/SecurityActions
instanceKlass org/jboss/logging/LoggingLocale
instanceKlass org/jboss/logging/Logger
instanceKlass org/hibernate/validator/internal/util/logging/Log
instanceKlass org/jboss/logging/BasicLogger
instanceKlass org/hibernate/validator/internal/util/logging/LoggerFactory
instanceKlass org/hibernate/validator/internal/util/Version
instanceKlass jakarta/validation/MessageInterpolator
instanceKlass org/hibernate/validator/spi/resourceloading/ResourceBundleLocator
instanceKlass org/hibernate/validator/spi/properties/GetterPropertySelectionStrategy
instanceKlass org/hibernate/validator/cfg/ConstraintMapping
instanceKlass org/hibernate/validator/spi/nodenameprovider/PropertyNodeNameProvider
instanceKlass jakarta/validation/ClockProvider
instanceKlass jakarta/validation/ParameterNameProvider
instanceKlass jakarta/validation/ConstraintValidatorFactory
instanceKlass org/hibernate/validator/internal/engine/AbstractConfigurationImpl
instanceKlass jakarta/validation/spi/ConfigurationState
instanceKlass org/hibernate/validator/HibernateValidatorConfiguration
instanceKlass org/hibernate/validator/BaseHibernateValidatorConfiguration
instanceKlass jakarta/validation/Configuration
instanceKlass jakarta/validation/ValidatorFactory
instanceKlass org/hibernate/validator/HibernateValidator
instanceKlass jakarta/validation/spi/ValidationProvider
instanceKlass jakarta/validation/Validation$GetValidationProviderListAction
instanceKlass jakarta/validation/Validation$DefaultValidationProviderResolver
instanceKlass jakarta/validation/ValidationProviderResolver
instanceKlass jakarta/validation/Validation$GenericBootstrapImpl
instanceKlass jakarta/validation/spi/BootstrapState
instanceKlass jakarta/validation/bootstrap/ProviderSpecificBootstrap
instanceKlass jakarta/validation/bootstrap/GenericBootstrap
instanceKlass jakarta/validation/Validation
instanceKlass org/matsim/core/config/consistency/BeanValidationConfigConsistencyChecker
instanceKlass org/matsim/core/config/consistency/UnmaterializedConfigGroupChecker
instanceKlass org/matsim/core/config/consistency/VspConfigConsistencyCheckerImpl
instanceKlass org/matsim/core/api/internal/MatsimParameters
# instanceKlass java/lang/invoke/LambdaForm$MH+0x0000000095184400
# instanceKlass java/lang/invoke/LambdaForm$MH+0x0000000095184000
instanceKlass java/lang/invoke/MethodHandle$1
instanceKlass org/matsim/core/utils/misc/OptionalTime
instanceKlass sun/nio/fs/WindowsUriSupport
instanceKlass org/matsim/core/config/consistency/ConfigConsistencyChecker
instanceKlass sun/management/ThreadImpl
instanceKlass com/sun/management/ThreadMXBean
instanceKlass java/lang/management/ThreadMXBean
instanceKlass org/matsim/core/gbl/Gbl
instanceKlass java/net/spi/URLStreamHandlerProvider
instanceKlass jdk/internal/misc/ThreadTracker
instanceKlass java/net/URL$ThreadTrackHolder
instanceKlass java/nio/file/FileVisitor
instanceKlass org/matsim/core/utils/io/IOUtils
instanceKlass org/matsim/core/config/ConfigUtils
instanceKlass org/eqasim/core/simulation/mode_choice/ParameterDefinition
instanceKlass org/eqasim/core/simulation/policies/utility/UtilityPenalty
instanceKlass org/eqasim/core/simulation/policies/routing/RoutingPenalty
instanceKlass  @bci org/matsim/analysis/ScoreStatsControlerListener <init> (Lorg/matsim/core/config/groups/ControllerConfigGroup;Lorg/matsim/api/core/v01/population/Population;Lorg/matsim/core/controler/OutputDirectoryHierarchy;Lorg/matsim/core/config/groups/GlobalConfigGroup;)V 211 <appendix> form vmentry <vmtarget> ; # java/lang/invoke/LambdaForm$MH+0x0000000095178c00
instanceKlass  @bci org/matsim/contrib/emissions/utils/EmissionsConfigGroup <clinit> ()V 38 <appendix> form vmentry <vmtarget> ; # java/lang/invoke/LambdaForm$MH+0x0000000095178400
instanceKlass  @bci org/eqasim/core/simulation/EqasimConfigurator <init> (Lorg/matsim/core/config/CommandLine;)V 489 <appendix> argL0 ; # org/eqasim/core/simulation/EqasimConfigurator$$Lambda+0x0000000095176758
instanceKlass org/eqasim/core/scenario/cutter/extent/ScenarioExtent
instanceKlass  @bci org/eqasim/core/simulation/EqasimConfigurator <init> (Lorg/matsim/core/config/CommandLine;)V 415 <appendix> argL0 ; # org/eqasim/core/simulation/EqasimConfigurator$$Lambda+0x0000000095175b80
instanceKlass  @bci org/eqasim/core/simulation/EqasimConfigurator <init> (Lorg/matsim/core/config/CommandLine;)V 315 <appendix> argL0 ; # org/eqasim/core/simulation/EqasimConfigurator$$Lambda+0x00000000951756a0
instanceKlass com/google/inject/Provider
instanceKlass  @bci org/matsim/contrib/drt/run/MultiModeDrtConfigGroup <init> ()V 1 <appendix> argL0 ; # org/matsim/contrib/drt/run/MultiModeDrtConfigGroup$$Lambda+0x00000000951749a0
instanceKlass org/matsim/contrib/dvrp/run/Modal
instanceKlass  @bci org/matsim/contrib/dvrp/run/DvrpConfigGroup initSingletonParameterSets ()V 15 <appendix> member <vmtarget> ; # org/matsim/contrib/dvrp/run/DvrpConfigGroup$$Lambda+0x0000000095171e98
instanceKlass  @bci org/matsim/contrib/dvrp/run/DvrpConfigGroup initSingletonParameterSets ()V 9 <appendix> member <vmtarget> ; # org/matsim/contrib/dvrp/run/DvrpConfigGroup$$Lambda+0x0000000095171c68
instanceKlass  @bci org/matsim/contrib/dvrp/run/DvrpConfigGroup initSingletonParameterSets ()V 3 <appendix> argL0 ; # org/matsim/contrib/dvrp/run/DvrpConfigGroup$$Lambda+0x0000000095171a40
instanceKlass sun/reflect/generics/tree/TypeVariableSignature
instanceKlass org/matsim/core/config/ReflectiveConfigGroup$Comment
instanceKlass jakarta/validation/constraints/DecimalMax
instanceKlass jakarta/validation/constraints/PositiveOrZero
instanceKlass jakarta/validation/constraints/NotBlank
instanceKlass jakarta/validation/constraints/NotNull
instanceKlass jakarta/annotation/Nullable
instanceKlass org/matsim/contrib/common/util/ReflectiveConfigGroupWithConfigurableParameterSets$Definition
instanceKlass  @bci org/eqasim/core/simulation/EqasimConfigurator <init> (Lorg/matsim/core/config/CommandLine;)V 218 <appendix> argL0 ; # org/eqasim/core/simulation/EqasimConfigurator$$Lambda+0x000000009516e7a8
instanceKlass org/matsim/core/mobsim/qsim/components/QSimComponentsConfig
instanceKlass org/eqasim/core/components/traffic/CrossingPenalty
instanceKlass org/matsim/api/core/v01/Id
instanceKlass org/matsim/pt/transitSchedule/api/TransitLine
instanceKlass org/matsim/utils/objectattributes/attributable/Attributable
instanceKlass org/matsim/api/core/v01/Identifiable
instanceKlass org/matsim/api/core/v01/IdMap
instanceKlass ch/sbb/matsim/routing/pt/raptor/OccupancyData
instanceKlass com/google/inject/binder/LinkedBindingBuilder
instanceKlass com/google/inject/binder/ScopedBindingBuilder
instanceKlass com/google/inject/TypeLiteral
instanceKlass jakarta/inject/Provider
instanceKlass  @bci org/matsim/contribs/discrete_mode_choice/modules/config/DiscreteModeChoiceConfigGroup createComponentSupplierRegistry ()Ljava/util/Map; 273 <appendix> argL0 ; # org/matsim/contribs/discrete_mode_choice/modules/config/DiscreteModeChoiceConfigGroup$$Lambda+0x000000009516a248
instanceKlass  @bci org/matsim/contribs/discrete_mode_choice/modules/config/DiscreteModeChoiceConfigGroup createComponentSupplierRegistry ()Ljava/util/Map; 250 <appendix> argL0 ; # org/matsim/contribs/discrete_mode_choice/modules/config/DiscreteModeChoiceConfigGroup$$Lambda+0x000000009516a020
instanceKlass  @bci org/matsim/contribs/discrete_mode_choice/modules/config/DiscreteModeChoiceConfigGroup createComponentSupplierRegistry ()Ljava/util/Map; 227 <appendix> argL0 ; # org/matsim/contribs/discrete_mode_choice/modules/config/DiscreteModeChoiceConfigGroup$$Lambda+0x0000000095169df8
instanceKlass  @bci org/matsim/contribs/discrete_mode_choice/modules/config/DiscreteModeChoiceConfigGroup createComponentSupplierRegistry ()Ljava/util/Map; 204 <appendix> argL0 ; # org/matsim/contribs/discrete_mode_choice/modules/config/DiscreteModeChoiceConfigGroup$$Lambda+0x0000000095169bd0
instanceKlass  @bci org/matsim/contribs/discrete_mode_choice/modules/config/DiscreteModeChoiceConfigGroup createComponentSupplierRegistry ()Ljava/util/Map; 181 <appendix> argL0 ; # org/matsim/contribs/discrete_mode_choice/modules/config/DiscreteModeChoiceConfigGroup$$Lambda+0x00000000951699a8
instanceKlass  @bci org/matsim/contribs/discrete_mode_choice/modules/config/DiscreteModeChoiceConfigGroup createComponentSupplierRegistry ()Ljava/util/Map; 158 <appendix> argL0 ; # org/matsim/contribs/discrete_mode_choice/modules/config/DiscreteModeChoiceConfigGroup$$Lambda+0x0000000095169780
instanceKlass  @bci org/matsim/contribs/discrete_mode_choice/modules/config/DiscreteModeChoiceConfigGroup createComponentSupplierRegistry ()Ljava/util/Map; 135 <appendix> argL0 ; # org/matsim/contribs/discrete_mode_choice/modules/config/DiscreteModeChoiceConfigGroup$$Lambda+0x0000000095169558
instanceKlass  @bci org/matsim/contribs/discrete_mode_choice/modules/config/DiscreteModeChoiceConfigGroup createComponentSupplierRegistry ()Ljava/util/Map; 112 <appendix> argL0 ; # org/matsim/contribs/discrete_mode_choice/modules/config/DiscreteModeChoiceConfigGroup$$Lambda+0x0000000095169330
instanceKlass  @bci org/matsim/contribs/discrete_mode_choice/modules/config/DiscreteModeChoiceConfigGroup createComponentSupplierRegistry ()Ljava/util/Map; 89 <appendix> argL0 ; # org/matsim/contribs/discrete_mode_choice/modules/config/DiscreteModeChoiceConfigGroup$$Lambda+0x0000000095169108
instanceKlass  @bci org/matsim/contribs/discrete_mode_choice/modules/config/DiscreteModeChoiceConfigGroup createComponentSupplierRegistry ()Ljava/util/Map; 66 <appendix> argL0 ; # org/matsim/contribs/discrete_mode_choice/modules/config/DiscreteModeChoiceConfigGroup$$Lambda+0x0000000095168ee0
instanceKlass  @bci org/matsim/contribs/discrete_mode_choice/modules/config/DiscreteModeChoiceConfigGroup createComponentSupplierRegistry ()Ljava/util/Map; 43 <appendix> argL0 ; # org/matsim/contribs/discrete_mode_choice/modules/config/DiscreteModeChoiceConfigGroup$$Lambda+0x0000000095168cb8
instanceKlass  @bci org/matsim/contribs/discrete_mode_choice/modules/config/DiscreteModeChoiceConfigGroup createComponentSupplierRegistry ()Ljava/util/Map; 20 <appendix> argL0 ; # org/matsim/contribs/discrete_mode_choice/modules/config/DiscreteModeChoiceConfigGroup$$Lambda+0x0000000095168a90
instanceKlass org/matsim/contribs/discrete_mode_choice/modules/config/DiscreteModeChoiceConfigGroup$ComponentSupplier
instanceKlass org/matsim/core/utils/collections/Tuple
instanceKlass jakarta/validation/Constraint
instanceKlass java/lang/annotation/Repeatable
instanceKlass  @bci sun/reflect/annotation/AnnotationParser parseClassArray (ILjava/nio/ByteBuffer;Ljdk/internal/reflect/ConstantPool;Ljava/lang/Class;)Ljava/lang/Object; 10 <appendix> member <vmtarget> ; # sun/reflect/annotation/AnnotationParser$$Lambda+0x000000009510a478
instanceKlass jakarta/validation/constraints/Positive
instanceKlass  @bci java/util/stream/MatchOps makeRef (Ljava/util/function/Predicate;Ljava/util/stream/MatchOps$MatchKind;)Ljava/util/stream/TerminalOp; 20 <appendix> member <vmtarget> ; # java/util/stream/MatchOps$$Lambda+0x800000004
instanceKlass java/util/stream/MatchOps$BooleanTerminalSink
instanceKlass java/util/stream/MatchOps$MatchOp
instanceKlass java/util/stream/MatchOps
instanceKlass  @bci org/matsim/core/config/ReflectiveConfigGroup <init> (Ljava/lang/String;Z)V 114 <appendix> member <vmtarget> ; # org/matsim/core/config/ReflectiveConfigGroup$$Lambda+0x0000000095163f10
instanceKlass com/google/common/collect/UnmodifiableIterator
instanceKlass com/google/common/base/Preconditions
instanceKlass com/google/common/collect/Sets
instanceKlass org/matsim/core/config/ReflectiveConfigGroup$Parameter
instanceKlass org/matsim/core/config/ReflectiveConfigGroup$StringGetter
instanceKlass org/matsim/core/config/ReflectiveConfigGroup$StringSetter
instanceKlass org/matsim/core/config/Config
instanceKlass org/matsim/core/population/routes/RouteFactory
instanceKlass org/matsim/core/api/internal/MatsimFactory
instanceKlass org/matsim/contrib/dvrp/run/MultiModal
instanceKlass org/eqasim/core/simulation/EqasimConfigurator
instanceKlass java/util/Formattable
instanceKlass java/util/ComparableTimSort
instanceKlass org/apache/logging/log4j/core/layout/ByteBufferDestinationHelper
instanceKlass org/apache/logging/log4j/core/layout/TextEncoderHelper
instanceKlass  @bci org/apache/logging/log4j/util/SortedArrayStringMap <clinit> ()V 0 <appendix> argL0 ; # org/apache/logging/log4j/util/SortedArrayStringMap$$Lambda+0x0000000095157be8
instanceKlass org/apache/logging/log4j/util/TriConsumer
instanceKlass org/apache/logging/log4j/util/SortedArrayStringMap
instanceKlass org/apache/logging/log4j/util/IndexedStringMap
instanceKlass org/apache/logging/log4j/util/IndexedReadOnlyStringMap
instanceKlass org/apache/logging/log4j/core/impl/ContextDataFactory
instanceKlass org/apache/logging/log4j/message/SimpleMessage
instanceKlass org/apache/logging/log4j/core/impl/MutableLogEvent
instanceKlass org/apache/logging/log4j/message/ReusableSimpleMessage
instanceKlass org/apache/logging/log4j/message/Clearable
instanceKlass org/apache/logging/log4j/message/ParameterVisitable
instanceKlass org/apache/logging/log4j/message/ReusableMessage
instanceKlass sun/util/resources/LocaleData$LocaleDataResourceBundleProvider
instanceKlass java/util/spi/ResourceBundleProvider
instanceKlass java/util/LinkedList$ListItr
instanceKlass java/util/LinkedList$Node
instanceKlass  @bci org/matsim/core/config/ConfigAliases addAlias (Ljava/lang/String;Ljava/lang/String;[Ljava/lang/String;)V 5 <appendix> argL0 ; # org/matsim/core/config/ConfigAliases$$Lambda+0x00000000951559f0
instanceKlass org/matsim/core/config/ConfigAliases
instanceKlass org/apache/logging/log4j/core/util/NameUtil
instanceKlass org/apache/logging/log4j/core/Logger$PrivateConfig
instanceKlass  @bci org/apache/logging/log4j/core/LoggerContext getLogger (Ljava/lang/String;Lorg/apache/logging/log4j/message/MessageFactory;)Lorg/apache/logging/log4j/core/Logger; 19 <appendix> member <vmtarget> ; # org/apache/logging/log4j/core/LoggerContext$$Lambda+0x00000000951550e0
instanceKlass org/apache/logging/log4j/core/util/DefaultShutdownCallbackRegistry$RegisteredCancellable
instanceKlass org/apache/logging/log4j/core/LoggerContext$1
instanceKlass org/apache/logging/log4j/core/util/ExecutorServices
instanceKlass org/apache/logging/log4j/core/impl/Log4jLogEvent
instanceKlass org/apache/logging/log4j/core/jmx/internal/JmxUtil
instanceKlass java/util/EventObject
instanceKlass  @bci org/apache/logging/log4j/core/LoggerContext updateLoggers (Lorg/apache/logging/log4j/core/config/Configuration;)V 13 <appendix> member <vmtarget> ; # org/apache/logging/log4j/core/LoggerContext$$Lambda+0x0000000095154248
instanceKlass java/util/stream/ReferencePipeline$7$1FlatMap
instanceKlass  @bci org/apache/logging/log4j/core/util/internal/InternalLoggerRegistry getLoggers ()Ljava/util/Collection; 37 <appendix> argL0 ; # org/apache/logging/log4j/core/util/internal/InternalLoggerRegistry$$Lambda+0x0000000095154000
instanceKlass  @bci org/apache/logging/log4j/core/util/internal/InternalLoggerRegistry getLoggers ()Ljava/util/Collection; 27 <appendix> argL0 ; # org/apache/logging/log4j/core/util/internal/InternalLoggerRegistry$$Lambda+0x000000009514fc30
instanceKlass java/util/concurrent/ForkJoinPool$ManagedBlocker
instanceKlass java/util/concurrent/locks/AbstractQueuedSynchronizer$Node
instanceKlass java/util/WeakHashMap$WeakHashMapSpliterator
instanceKlass java/util/concurrent/Executors$RunnableAdapter
instanceKlass java/util/concurrent/FutureTask$WaitNode
instanceKlass java/util/concurrent/FutureTask
instanceKlass jdk/internal/vm/ThreadContainers
instanceKlass jdk/internal/vm/StackableScope
instanceKlass java/util/concurrent/RunnableScheduledFuture
instanceKlass java/util/concurrent/ScheduledFuture
instanceKlass java/util/concurrent/Delayed
instanceKlass java/util/concurrent/RunnableFuture
instanceKlass java/util/concurrent/BlockingQueue
instanceKlass org/apache/logging/log4j/core/util/Log4jThreadFactory
instanceKlass java/util/concurrent/ThreadPoolExecutor$AbortPolicy
instanceKlass java/util/concurrent/RejectedExecutionHandler
instanceKlass java/util/concurrent/AbstractExecutorService
instanceKlass org/apache/logging/log4j/core/util/WatchManager$WatchRunnable
instanceKlass  @bci org/apache/logging/log4j/core/config/AbstractConfiguration watchMonitorResources ()V 12 <appendix> member <vmtarget> ; # org/apache/logging/log4j/core/config/AbstractConfiguration$$Lambda+0x000000009514f230
instanceKlass org/apache/logging/log4j/core/config/Loggers
instanceKlass java/util/concurrent/locks/AbstractQueuedSynchronizer$ConditionObject
instanceKlass java/util/concurrent/locks/Condition
instanceKlass java/util/concurrent/atomic/AtomicBoolean
instanceKlass org/apache/logging/log4j/core/config/AwaitCompletionReliabilityStrategy
instanceKlass org/apache/logging/log4j/core/config/ReliabilityStrategyFactory
instanceKlass org/apache/logging/log4j/core/config/LoggerConfig$LevelAndRefs
instanceKlass org/apache/logging/log4j/core/config/LoggerConfig$RootLogger$Builder
# instanceKlass java/lang/invoke/LambdaForm$MH+0x0000000095151800
# instanceKlass java/lang/invoke/LambdaForm$MH+0x0000000095151400
# instanceKlass java/lang/invoke/LambdaForm$MH+0x0000000095151000
instanceKlass org/apache/logging/log4j/core/util/Assert
instanceKlass org/apache/logging/log4j/core/config/plugins/validation/validators/RequiredValidator
instanceKlass org/apache/logging/log4j/core/config/plugins/validation/ConstraintValidator
instanceKlass org/apache/logging/log4j/core/config/plugins/validation/constraints/Required
instanceKlass org/apache/logging/log4j/core/filter/AbstractFilterable$Builder
instanceKlass java/lang/Deprecated
instanceKlass  @bci jdk/internal/reflect/DirectMethodHandleAccessor invokeImpl (Ljava/lang/Object;[Ljava/lang/Object;)Ljava/lang/Object; 92 <adapter> ; # java/lang/invoke/LambdaForm$MH+0x0000000095150c00
# instanceKlass java/lang/invoke/LambdaForm$MH+0x0000000095150800
# instanceKlass java/lang/invoke/LambdaForm$MH+0x0000000095150400
instanceKlass java/lang/invoke/LambdaFormEditor$1
# instanceKlass java/lang/invoke/LambdaForm$MH+0x0000000095150000
instanceKlass org/apache/logging/log4j/util/EnglishEnums
instanceKlass org/apache/logging/log4j/core/config/plugins/convert/EnumConverter
instanceKlass org/apache/logging/log4j/core/config/plugins/PluginAttribute
instanceKlass org/apache/logging/log4j/core/config/plugins/PluginFactory
instanceKlass org/apache/logging/log4j/core/layout/PatternLayout$PatternFormatterPatternSerializer
instanceKlass org/apache/logging/log4j/core/pattern/ThrowableStackTraceRenderer
instanceKlass org/apache/logging/log4j/core/pattern/ThrowableStackTraceRendererFactory
instanceKlass  @bci org/apache/logging/log4j/core/pattern/ThrowablePropertyRendererFactory createFileNameRenderer (Ljava/util/function/Function;)Lorg/apache/logging/log4j/core/pattern/ThrowableRenderer; 1 <appendix> member <vmtarget> ; # org/apache/logging/log4j/core/pattern/ThrowablePropertyRendererFactory$$Lambda+0x0000000095142690
instanceKlass  @bci org/apache/logging/log4j/core/pattern/ThrowablePropertyRendererFactory createLineNumberRenderer (Ljava/util/function/Function;)Lorg/apache/logging/log4j/core/pattern/ThrowableRenderer; 1 <appendix> member <vmtarget> ; # org/apache/logging/log4j/core/pattern/ThrowablePropertyRendererFactory$$Lambda+0x0000000095142460
instanceKlass  @bci org/apache/logging/log4j/core/pattern/ThrowablePropertyRendererFactory createMethodNameRenderer (Ljava/util/function/Function;)Lorg/apache/logging/log4j/core/pattern/ThrowableRenderer; 1 <appendix> member <vmtarget> ; # org/apache/logging/log4j/core/pattern/ThrowablePropertyRendererFactory$$Lambda+0x0000000095142230
instanceKlass  @bci org/apache/logging/log4j/core/pattern/ThrowablePropertyRendererFactory createClassNameRenderer (Ljava/util/function/Function;)Lorg/apache/logging/log4j/core/pattern/ThrowableRenderer; 1 <appendix> member <vmtarget> ; # org/apache/logging/log4j/core/pattern/ThrowablePropertyRendererFactory$$Lambda+0x0000000095142000
instanceKlass  @cpi org/apache/logging/log4j/core/pattern/ThrowablePropertyRendererFactory 196 form vmentry <vmtarget> ; # java/lang/invoke/LambdaForm$DMH+0x0000000095141c00
instanceKlass  @bci org/apache/logging/log4j/core/pattern/ThrowablePropertyRendererFactory <clinit> ()V 16 <appendix> argL0 ; # org/apache/logging/log4j/core/pattern/ThrowablePropertyRendererFactory$$Lambda+0x0000000095147c40
instanceKlass  @bci org/apache/logging/log4j/core/pattern/ThrowablePropertyRendererFactory <clinit> ()V 8 <appendix> argL0 ; # org/apache/logging/log4j/core/pattern/ThrowablePropertyRendererFactory$$Lambda+0x0000000095147a18
instanceKlass  @bci org/apache/logging/log4j/core/pattern/ThrowablePropertyRendererFactory <clinit> ()V 0 <appendix> argL0 ; # org/apache/logging/log4j/core/pattern/ThrowablePropertyRendererFactory$$Lambda+0x00000000951477f0
instanceKlass  @cpi org/apache/logging/log4j/util/SortedArrayStringMap 405 form vmentry <vmtarget> ; # java/lang/invoke/LambdaForm$DMH+0x0000000095141800
instanceKlass org/apache/logging/log4j/core/pattern/ThrowablePropertyRendererFactory
instanceKlass  @bci org/apache/logging/log4j/core/pattern/ThrowablePatternConverter createEffectiveLineSeparator (Ljava/lang/String;Ljava/lang/String;Lorg/apache/logging/log4j/core/config/Configuration;Ljava/util/List;)Ljava/util/function/Function; 92 <appendix> member <vmtarget> ; # org/apache/logging/log4j/core/pattern/ThrowablePatternConverter$$Lambda+0x0000000095147388
instanceKlass org/apache/logging/log4j/core/pattern/PlainTextRenderer
instanceKlass org/apache/logging/log4j/core/impl/ThrowableFormatOptions
instanceKlass org/apache/logging/log4j/core/pattern/ThrowableRenderer
instanceKlass org/apache/logging/log4j/core/pattern/PatternFormatter
instanceKlass  @bci jdk/internal/reflect/DirectMethodHandleAccessor invokeImpl (Ljava/lang/Object;[Ljava/lang/Object;)Ljava/lang/Object; 72 <adapter> ; # java/lang/invoke/LambdaForm$MH+0x0000000095141400
# instanceKlass java/lang/invoke/LambdaForm$MH+0x0000000095141000
# instanceKlass java/lang/invoke/LambdaForm$MH+0x0000000095140c00
# instanceKlass java/lang/invoke/LambdaForm$MH+0x0000000095140800
instanceKlass org/apache/logging/log4j/core/pattern/TextRenderer
instanceKlass org/apache/logging/log4j/core/pattern/NameAbbreviator
instanceKlass org/apache/logging/log4j/core/util/OptionConverter
instanceKlass  @bci org/apache/logging/log4j/core/util/internal/instant/InstantPatternThreadLocalCachedFormatter <init> (Lorg/apache/logging/log4j/core/util/internal/instant/InstantPatternFormatter;Ljava/util/function/Function;Ljava/time/temporal/ChronoUnit;)V 5 <appendix> argL0 ; # org/apache/logging/log4j/core/util/internal/instant/InstantPatternThreadLocalCachedFormatter$$Lambda+0x00000000950df7d0
instanceKlass  @bci org/apache/logging/log4j/core/util/internal/instant/InstantPatternThreadLocalCachedFormatter ofMilliPrecision (Lorg/apache/logging/log4j/core/util/internal/instant/InstantPatternFormatter;)Lorg/apache/logging/log4j/core/util/internal/instant/InstantPatternThreadLocalCachedFormatter; 13 <appendix> argL0 ; # org/apache/logging/log4j/core/util/internal/instant/InstantPatternThreadLocalCachedFormatter$$Lambda+0x00000000950df588
instanceKlass java/lang/invoke/TypeConvertingMethodAdapter$BoxHolder
instanceKlass  @cpi org/apache/logging/log4j/core/util/internal/instant/InstantPatternThreadLocalCachedFormatter 188 form vmentry <vmtarget> ; # java/lang/invoke/LambdaForm$DMH+0x0000000095140400
instanceKlass org/apache/logging/log4j/core/util/internal/instant/InstantPatternThreadLocalCachedFormatter
instanceKlass org/apache/logging/log4j/core/util/internal/instant/InstantPatternFormatter$1
instanceKlass org/apache/logging/log4j/core/util/internal/instant/InstantPatternDynamicFormatter$TimestampedFormatter
instanceKlass  @bci org/apache/logging/log4j/core/util/internal/instant/InstantPatternDynamicFormatter$SecondPatternSequence createFormatter (Ljava/util/Locale;Ljava/util/TimeZone;)Lorg/apache/logging/log4j/core/util/internal/instant/InstantPatternFormatter; 30 <appendix> argL0 ; # org/apache/logging/log4j/core/util/internal/instant/InstantPatternDynamicFormatter$SecondPatternSequence$$Lambda+0x00000000950de740
instanceKlass  @bci org/apache/logging/log4j/core/util/internal/instant/InstantPatternDynamicFormatter$SecondPatternSequence createFormatter (Ljava/util/Locale;Ljava/util/TimeZone;)Lorg/apache/logging/log4j/core/util/internal/instant/InstantPatternFormatter; 8 <appendix> argL0 ; # org/apache/logging/log4j/core/util/internal/instant/InstantPatternDynamicFormatter$SecondPatternSequence$$Lambda+0x00000000950de4f0
instanceKlass java/time/LocalTime$1
instanceKlass java/time/format/DateTimeFormatterBuilder$2
instanceKlass java/time/ZonedDateTime$1
instanceKlass java/time/Year
instanceKlass java/time/LocalDate$1
instanceKlass  @bci java/time/temporal/TemporalAdjusters nextOrSame (Ljava/time/DayOfWeek;)Ljava/time/temporal/TemporalAdjuster; 6 <appendix> member <vmtarget> ; # java/time/temporal/TemporalAdjusters$$Lambda+0x0000000095101790
instanceKlass  @cpi java/time/temporal/TemporalAdjusters 209 form vmentry <vmtarget> ; # java/lang/invoke/LambdaForm$DMH+0x0000000095140000
instanceKlass java/time/temporal/TemporalAdjusters
instanceKlass java/time/ZonedDateTime
instanceKlass java/time/chrono/ChronoZonedDateTime
instanceKlass org/apache/logging/log4j/core/time/MutableInstant$1
instanceKlass java/time/temporal/TemporalQueries$7
instanceKlass java/time/temporal/TemporalQueries$6
instanceKlass java/time/temporal/TemporalQueries$5
instanceKlass java/time/temporal/TemporalQueries$4
instanceKlass java/time/temporal/TemporalQueries$3
instanceKlass java/time/temporal/TemporalQueries$2
instanceKlass java/time/temporal/TemporalQueries$1
instanceKlass java/time/temporal/TemporalQueries
instanceKlass java/time/format/DateTimePrintContext
instanceKlass org/apache/logging/log4j/core/util/internal/instant/InstantPatternDynamicFormatter$AbstractFormatter
instanceKlass java/time/LocalDate
instanceKlass java/time/chrono/ChronoLocalDate
instanceKlass java/time/zone/ZoneOffsetTransition
instanceKlass java/time/LocalTime
instanceKlass java/time/LocalDateTime
instanceKlass java/time/chrono/ChronoLocalDateTime
instanceKlass java/time/zone/ZoneOffsetTransitionRule
instanceKlass java/time/zone/ZoneRules
instanceKlass java/time/zone/Ser
instanceKlass java/io/Externalizable
instanceKlass java/time/zone/ZoneRulesProvider
instanceKlass  @bci org/apache/logging/log4j/core/util/internal/instant/InstantPatternDynamicFormatter createFormatter (Ljava/lang/String;Ljava/util/Locale;Ljava/util/TimeZone;Ljava/time/temporal/ChronoUnit;Lorg/apache/logging/log4j/core/time/Instant;)Lorg/apache/logging/log4j/core/util/internal/instant/InstantPatternFormatter; 29 <appendix> argL0 ; # org/apache/logging/log4j/core/util/internal/instant/InstantPatternDynamicFormatter$$Lambda+0x00000000950dd8c0
instanceKlass  @bci org/apache/logging/log4j/core/util/internal/instant/InstantPatternDynamicFormatter createFormatter (Ljava/lang/String;Ljava/util/Locale;Ljava/util/TimeZone;Ljava/time/temporal/ChronoUnit;Lorg/apache/logging/log4j/core/time/Instant;)Lorg/apache/logging/log4j/core/util/internal/instant/InstantPatternFormatter; 19 <appendix> member <vmtarget> ; # org/apache/logging/log4j/core/util/internal/instant/InstantPatternDynamicFormatter$$Lambda+0x00000000950dd270
instanceKlass java/util/ArrayList$ArrayListSpliterator
instanceKlass  @bci java/time/format/DateTimeFormatter <clinit> ()V 1075 <appendix> argL0 ; # java/time/format/DateTimeFormatter$$Lambda+0x80000001b
instanceKlass  @bci java/time/format/DateTimeFormatter <clinit> ()V 1067 <appendix> argL0 ; # java/time/format/DateTimeFormatter$$Lambda+0x80000001a
instanceKlass java/time/Period
instanceKlass java/time/chrono/ChronoPeriod
instanceKlass java/time/format/DateTimeFormatterBuilder$TextPrinterParser
instanceKlass java/time/format/DateTimeTextProvider$1
instanceKlass java/time/format/DateTimeTextProvider
instanceKlass java/util/AbstractMap$SimpleImmutableEntry
instanceKlass java/time/format/DateTimeTextProvider$LocaleStore
instanceKlass java/time/format/DateTimeFormatterBuilder$InstantPrinterParser
instanceKlass java/time/format/DateTimeFormatterBuilder$StringLiteralPrinterParser
instanceKlass java/time/format/DateTimeFormatterBuilder$ZoneIdPrinterParser
instanceKlass java/time/format/DateTimeFormatterBuilder$OffsetIdPrinterParser
instanceKlass java/time/format/DecimalStyle
instanceKlass java/time/format/DateTimeFormatterBuilder$CompositePrinterParser
instanceKlass java/time/chrono/AbstractChronology
instanceKlass java/time/chrono/Chronology
instanceKlass java/time/format/DateTimeFormatterBuilder$CharLiteralPrinterParser
instanceKlass java/time/format/DateTimeFormatterBuilder$NumberPrinterParser
instanceKlass java/time/format/DateTimeFormatterBuilder$DateTimePrinterParser
instanceKlass java/time/temporal/JulianFields
instanceKlass java/time/temporal/IsoFields
instanceKlass java/time/temporal/ValueRange
instanceKlass java/time/temporal/TemporalField
instanceKlass  @bci java/time/format/DateTimeFormatterBuilder <clinit> ()V 0 <appendix> argL0 ; # java/time/format/DateTimeFormatterBuilder$$Lambda+0x80000001c
instanceKlass java/time/temporal/TemporalQuery
instanceKlass java/time/format/DateTimeFormatterBuilder
instanceKlass java/time/format/DateTimeFormatter
instanceKlass java/time/Clock
instanceKlass java/time/InstantSource
instanceKlass java/time/Instant
instanceKlass java/time/temporal/TemporalAdjuster
instanceKlass java/time/temporal/Temporal
instanceKlass org/apache/logging/log4j/core/time/MutableInstant
instanceKlass java/time/Duration
instanceKlass java/time/temporal/TemporalAmount
instanceKlass java/time/temporal/TemporalUnit
instanceKlass java/time/temporal/TemporalAccessor
instanceKlass org/apache/logging/log4j/core/util/internal/instant/InstantPatternDynamicFormatter$PatternSequence
instanceKlass org/apache/logging/log4j/core/util/internal/instant/InstantPatternDynamicFormatter
instanceKlass org/apache/logging/log4j/core/util/internal/instant/InstantPatternFormatter$Builder
instanceKlass org/apache/logging/log4j/core/util/internal/instant/InstantPatternFormatter
# instanceKlass java/lang/invoke/LambdaForm$MH+0x00000000950d8800
# instanceKlass java/lang/invoke/LambdaForm$MH+0x00000000950d8400
instanceKlass org/apache/logging/log4j/core/util/internal/instant/InstantFormatter
instanceKlass org/apache/logging/log4j/core/time/Instant
instanceKlass org/apache/logging/log4j/core/pattern/PatternParser$1
instanceKlass org/apache/logging/log4j/core/pattern/FormattingInfo
instanceKlass org/jspecify/annotations/NullMarked
instanceKlass org/apache/logging/log4j/core/pattern/ConverterKeys
instanceKlass org/apache/logging/log4j/core/layout/StringBuilderEncoder
instanceKlass org/apache/logging/log4j/core/layout/PatternLayout$PatternSerializer
instanceKlass  @bci jdk/internal/reflect/MethodHandleIntegerFieldAccessorImpl getInt (Ljava/lang/Object;)I 20 <adapter> ; # java/lang/invoke/LambdaForm$MH+0x00000000950d8000
# instanceKlass java/lang/invoke/LambdaForm$MH+0x00000000950d3c00
# instanceKlass java/lang/invoke/LambdaForm$BMH+0x00000000950d3800
# instanceKlass java/lang/invoke/LambdaForm$DMH+0x00000000950d3400
instanceKlass  @bci org/matsim/contrib/drt/schedule/DrtTaskType hashCode ()I 1 <appendix> argL1 form vmentry <vmtarget> ; # java/lang/invoke/LambdaForm$MH+0x00000000950d3000
instanceKlass org/apache/logging/log4j/core/config/plugins/validation/Constraint
instanceKlass org/apache/logging/log4j/core/config/plugins/validation/ConstraintValidators
# instanceKlass java/lang/invoke/LambdaForm$MH+0x00000000950d2c00
# instanceKlass java/lang/invoke/LambdaForm$MH+0x00000000950d2800
instanceKlass org/apache/logging/log4j/core/config/plugins/PluginConfiguration
instanceKlass org/apache/logging/log4j/core/config/plugins/PluginElement
instanceKlass  @bci jdk/internal/reflect/MethodHandleObjectFieldAccessorImpl set (Ljava/lang/Object;Ljava/lang/Object;)V 41 <adapter> ; # java/lang/invoke/LambdaForm$MH+0x00000000950d2400
# instanceKlass java/lang/invoke/LambdaForm$MH+0x00000000950d2000
# instanceKlass java/lang/invoke/LambdaForm$MH+0x00000000950d1400
instanceKlass jdk/internal/reflect/FieldAccessorImpl
instanceKlass jdk/internal/reflect/FieldAccessor
instanceKlass org/apache/logging/log4j/util/StringBuilders
instanceKlass org/apache/logging/log4j/core/appender/rolling/action/Duration
instanceKlass org/apache/logging/log4j/core/util/CronExpression
instanceKlass java/lang/reflect/WildcardType
instanceKlass sun/reflect/generics/tree/Wildcard
instanceKlass sun/reflect/generics/tree/BottomSignature
instanceKlass sun/reflect/generics/tree/CharSignature
instanceKlass sun/reflect/generics/tree/ArrayTypeSignature
instanceKlass sun/reflect/generics/tree/ByteSignature
instanceKlass sun/reflect/generics/reflectiveObjects/LazyReflectiveObjectGenerator
instanceKlass sun/reflect/generics/reflectiveObjects/ParameterizedTypeImpl
instanceKlass java/lang/reflect/ParameterizedType
instanceKlass sun/reflect/generics/tree/ClassSignature
instanceKlass sun/reflect/generics/tree/Signature
instanceKlass sun/reflect/generics/tree/FormalTypeParameter
instanceKlass sun/reflect/generics/repository/AbstractRepository
instanceKlass org/apache/logging/log4j/core/config/plugins/convert/TypeConverterRegistry
instanceKlass org/apache/logging/log4j/core/config/plugins/convert/TypeConverters
instanceKlass org/apache/logging/log4j/core/config/plugins/visitors/AbstractPluginVisitor
instanceKlass org/apache/logging/log4j/core/config/plugins/visitors/PluginVisitor
instanceKlass  @bci org/hibernate/validator/internal/engine/ValidatorFactoryImpl createValidator (Ljakarta/validation/ConstraintValidatorFactory;Lorg/hibernate/validator/internal/engine/ConstraintCreationContext;Lorg/hibernate/validator/internal/engine/ValidatorFactoryScopedContext;Lorg/hibernate/validator/internal/engine/MethodValidationConfiguration;)Ljakarta/validation/Validator; 26 <appendix> form vmentry <vmtarget> ; # java/lang/invoke/LambdaForm$DMH+0x00000000950d1000
instanceKlass  @bci sun/reflect/annotation/AnnotationParser parseEnumArray (ILjava/lang/Class;Ljava/nio/ByteBuffer;Ljdk/internal/reflect/ConstantPool;Ljava/lang/Class;)Ljava/lang/Object; 16 <appendix> member <vmtarget> ; # sun/reflect/annotation/AnnotationParser$$Lambda+0x00000000950f9f10
instanceKlass org/apache/logging/log4j/core/config/plugins/visitors/PluginVisitors
instanceKlass org/apache/logging/log4j/core/config/plugins/PluginVisitorStrategy
instanceKlass org/apache/logging/log4j/core/config/plugins/PluginBuilderAttribute
instanceKlass org/apache/logging/log4j/core/util/TypeUtil
instanceKlass org/apache/logging/log4j/core/config/plugins/PluginBuilderFactory
instanceKlass org/apache/logging/log4j/core/pattern/PatternParser
instanceKlass org/apache/logging/log4j/core/layout/AbstractStringLayout$Serializer
instanceKlass org/apache/logging/log4j/core/layout/PatternLayout$SerializerBuilder
instanceKlass org/apache/logging/log4j/core/layout/PatternLayout$Builder
instanceKlass org/apache/logging/log4j/core/layout/AbstractStringLayout$Serializer2
instanceKlass org/apache/logging/log4j/core/config/plugins/util/PluginBuilder
instanceKlass org/apache/logging/log4j/core/config/plugins/PluginAliases
instanceKlass org/apache/logging/log4j/core/config/Scheduled
instanceKlass org/w3c/dom/Comment
instanceKlass com/sun/org/apache/xerces/internal/dom/CharacterDataImpl$1
instanceKlass org/w3c/dom/Text
instanceKlass org/w3c/dom/CharacterData
instanceKlass java/util/Formatter$Flags
instanceKlass java/util/Formatter$FormatSpecifier
instanceKlass java/util/Formatter$FormatString
instanceKlass java/util/Formatter$Conversion
instanceKlass java/util/Formatter
instanceKlass org/apache/logging/log4j/core/Version
instanceKlass java/net/InetAddress$CachedLocalHost
instanceKlass java/util/concurrent/ThreadLocalRandom$Access$1
instanceKlass jdk/internal/access/JavaUtilConcurrentTLRAccess
instanceKlass java/util/concurrent/ThreadLocalRandom$Access
instanceKlass jdk/internal/util/random/RandomSupport
instanceKlass java/util/Random
instanceKlass java/util/random/RandomGenerator
instanceKlass java/net/InetAddress$CachedLookup
instanceKlass sun/net/InetAddressCachePolicy
instanceKlass java/util/stream/Nodes$ArrayNode
instanceKlass  @bci java/net/InetAddress getAddressesFromNameService (Ljava/lang/String;)[Ljava/net/InetAddress; 94 <appendix> argL0 ; # java/net/InetAddress$$Lambda+0x00000000950f5190
instanceKlass java/net/Inet6Address$Inet6AddressHolder
instanceKlass  @bci java/net/InetAddress loadResolver ()Ljava/net/spi/InetAddressResolver; 8 <appendix> argL0 ; # java/net/InetAddress$$Lambda+0x00000000950f4d48
instanceKlass java/net/spi/InetAddressResolverProvider
instanceKlass java/net/InetAddress$NameServiceAddresses
instanceKlass java/net/InetAddress$Addresses
instanceKlass java/util/concurrent/ConcurrentSkipListMap$Iter
instanceKlass java/net/InetAddress$PlatformResolver
instanceKlass java/net/spi/InetAddressResolver
instanceKlass java/net/spi/InetAddressResolver$LookupPolicy
instanceKlass java/net/Inet4AddressImpl
instanceKlass java/net/Inet6AddressImpl
instanceKlass java/net/InetAddressImpl
instanceKlass java/util/concurrent/ConcurrentSkipListMap$Node
instanceKlass java/util/concurrent/ConcurrentSkipListMap$Index
instanceKlass java/util/concurrent/ConcurrentNavigableMap
instanceKlass java/util/NavigableSet
instanceKlass java/util/SortedSet
instanceKlass java/net/InetAddress$InetAddressHolder
instanceKlass java/security/Security$2
instanceKlass jdk/internal/access/JavaSecurityPropertiesAccess
instanceKlass java/util/concurrent/ConcurrentHashMap$MapEntry
instanceKlass sun/nio/ch/IOStatus
instanceKlass sun/nio/ch/Util$BufferCache
instanceKlass sun/nio/ch/Util
instanceKlass jdk/internal/misc/Blocker
instanceKlass sun/nio/ch/NativeThread
instanceKlass sun/nio/ch/SelChImpl
instanceKlass java/nio/channels/NetworkChannel
instanceKlass sun/nio/ch/Streams
instanceKlass java/nio/channels/Channels
instanceKlass sun/nio/ch/FileChannelImpl$Closer
instanceKlass sun/nio/ch/NativeThreadSet
instanceKlass java/nio/channels/spi/AbstractInterruptibleChannel$1
instanceKlass sun/nio/ch/Interruptible
instanceKlass sun/nio/ch/IOUtil
instanceKlass sun/nio/ch/NativeDispatcher
instanceKlass java/nio/channels/ScatteringByteChannel
instanceKlass java/nio/channels/GatheringByteChannel
instanceKlass java/nio/channels/SeekableByteChannel
instanceKlass java/nio/channels/ByteChannel
instanceKlass java/nio/channels/WritableByteChannel
instanceKlass java/nio/channels/ReadableByteChannel
instanceKlass java/nio/channels/spi/AbstractInterruptibleChannel
instanceKlass java/nio/channels/InterruptibleChannel
instanceKlass java/nio/channels/Channel
instanceKlass sun/nio/fs/WindowsChannelFactory$Flags
instanceKlass sun/nio/fs/WindowsChannelFactory$1
instanceKlass sun/nio/fs/WindowsChannelFactory
instanceKlass sun/nio/fs/WindowsSecurityDescriptor
instanceKlass java/nio/file/attribute/FileAttribute
instanceKlass sun/nio/fs/WindowsLinkSupport
instanceKlass java/security/Security$SecPropLoader
instanceKlass java/security/Security
instanceKlass sun/security/util/SecurityProperties
instanceKlass jdk/internal/util/Exceptions
instanceKlass java/net/InetAddress$1
instanceKlass jdk/internal/access/JavaNetInetAddressAccess
instanceKlass  @bci org/apache/logging/log4j/core/util/NetUtils getLocalHostname ()Ljava/lang/String; 0 <appendix> argL0 ; # org/apache/logging/log4j/core/util/NetUtils$$Lambda+0x00000000950cd368
instanceKlass java/net/InetAddress
instanceKlass org/apache/logging/log4j/core/util/NetUtils
instanceKlass  @bci org/apache/logging/log4j/core/LoggerContext setConfiguration (Lorg/apache/logging/log4j/core/config/Configuration;)Lorg/apache/logging/log4j/core/config/Configuration; 62 <appendix> argL0 ; # org/apache/logging/log4j/core/LoggerContext$$Lambda+0x00000000950ccf10
instanceKlass org/apache/logging/log4j/core/util/WatcherFactory
instanceKlass org/apache/logging/log4j/core/util/Integers
instanceKlass org/apache/logging/log4j/core/config/status/StatusConfiguration
instanceKlass org/w3c/dom/Attr
instanceKlass com/sun/org/apache/xerces/internal/dom/NamedNodeMapImpl
instanceKlass org/w3c/dom/NamedNodeMap
instanceKlass com/sun/org/apache/xerces/internal/dom/DeferredDocumentImpl$RefCount
instanceKlass com/sun/org/apache/xerces/internal/dom/NodeListCache
instanceKlass org/w3c/dom/TypeInfo
instanceKlass org/w3c/dom/ElementTraversal
instanceKlass org/w3c/dom/Element
instanceKlass org/w3c/dom/DocumentType
instanceKlass com/sun/org/apache/xerces/internal/dom/NodeImpl
instanceKlass org/w3c/dom/events/EventTarget
instanceKlass org/w3c/dom/NodeList
instanceKlass org/w3c/dom/Document
instanceKlass org/w3c/dom/ranges/DocumentRange
instanceKlass org/w3c/dom/events/DocumentEvent
instanceKlass org/w3c/dom/traversal/DocumentTraversal
instanceKlass com/sun/org/apache/xerces/internal/dom/DeferredNode
instanceKlass org/w3c/dom/Node
instanceKlass com/sun/org/apache/xerces/internal/impl/Constants$ArrayEnumeration
instanceKlass com/sun/org/apache/xerces/internal/impl/Constants
instanceKlass com/sun/org/apache/xerces/internal/util/IntStack
instanceKlass com/sun/org/apache/xerces/internal/xinclude/XIncludeMessageFormatter
instanceKlass com/sun/org/apache/xerces/internal/util/XMLLocatorWrapper
instanceKlass  @bci org/matsim/core/config/ConfigWriterHandlerImplV2 writeHeader (Ljava/io/BufferedWriter;Ljava/lang/String;Ljava/lang/String;Ljava/lang/String;Ljava/lang/String;Ljava/lang/String;)V 19 <appendix> form vmentry <vmtarget> ; # java/lang/invoke/LambdaForm$MH+0x00000000950d0c00
instanceKlass java/lang/StringConcatHelper$StringConcatBase
instanceKlass java/lang/invoke/StringConcatFactory$InlineHiddenClassStrategy$6
instanceKlass java/lang/invoke/StringConcatFactory$InlineHiddenClassStrategy$3$4
instanceKlass java/lang/invoke/StringConcatFactory$InlineHiddenClassStrategy$4
instanceKlass java/lang/invoke/StringConcatFactory$InlineHiddenClassStrategy$3$1
instanceKlass java/lang/invoke/StringConcatFactory$InlineHiddenClassStrategy$7
instanceKlass java/lang/invoke/StringConcatFactory$InlineHiddenClassStrategy$3$2
instanceKlass java/lang/invoke/StringConcatFactory$InlineHiddenClassStrategy$5
instanceKlass java/lang/invoke/StringConcatFactory$InlineHiddenClassStrategy$3$3
instanceKlass java/lang/invoke/StringConcatFactory$InlineHiddenClassStrategy$3
instanceKlass java/lang/invoke/StringConcatFactory$InlineHiddenClassStrategy$2
instanceKlass java/lang/invoke/StringConcatFactory$InlineHiddenClassStrategy$1
instanceKlass java/lang/invoke/StringConcatFactory$InlineHiddenClassStrategy
instanceKlass com/sun/org/apache/xerces/internal/util/XMLSymbols
instanceKlass com/sun/org/apache/xerces/internal/xinclude/XIncludeHandler
instanceKlass com/sun/org/apache/xerces/internal/util/XMLChar
instanceKlass com/sun/xml/internal/stream/Entity
instanceKlass com/sun/xml/internal/stream/util/BufferAllocator
instanceKlass com/sun/xml/internal/stream/util/ThreadLocalBufferAllocator
instanceKlass com/sun/org/apache/xerces/internal/impl/XMLEntityManager$EncodingInfo
instanceKlass com/sun/org/apache/xerces/internal/util/URI
instanceKlass jdk/xml/internal/XMLLimitAnalyzer
instanceKlass com/sun/org/apache/xerces/internal/xni/parser/XMLInputSource
instanceKlass com/sun/org/apache/xerces/internal/util/FeatureState
instanceKlass com/sun/org/apache/xerces/internal/util/PropertyState
instanceKlass com/sun/org/apache/xerces/internal/impl/msg/XMLMessageFormatter
instanceKlass com/sun/org/apache/xerces/internal/util/MessageFormatter
instanceKlass com/sun/org/apache/xerces/internal/impl/XMLVersionDetector
instanceKlass com/sun/org/apache/xerces/internal/impl/validation/ValidationManager
instanceKlass com/sun/org/apache/xerces/internal/impl/dv/dtd/NMTOKENDatatypeValidator
instanceKlass com/sun/org/apache/xerces/internal/impl/dv/dtd/NOTATIONDatatypeValidator
instanceKlass com/sun/org/apache/xerces/internal/impl/dv/dtd/ENTITYDatatypeValidator
instanceKlass com/sun/org/apache/xerces/internal/impl/dv/dtd/ListDatatypeValidator
instanceKlass com/sun/org/apache/xerces/internal/impl/dv/dtd/IDREFDatatypeValidator
instanceKlass com/sun/org/apache/xerces/internal/impl/dv/dtd/IDDatatypeValidator
instanceKlass com/sun/org/apache/xerces/internal/impl/dv/dtd/StringDatatypeValidator
instanceKlass com/sun/org/apache/xerces/internal/impl/dv/DatatypeValidator
instanceKlass com/sun/org/apache/xerces/internal/impl/dv/DTDDVFactory
instanceKlass com/sun/org/apache/xerces/internal/impl/dtd/DTDGrammarBucket
instanceKlass com/sun/org/apache/xerces/internal/impl/dtd/XMLAttributeDecl
instanceKlass com/sun/org/apache/xerces/internal/impl/dtd/XMLSimpleType
instanceKlass com/sun/org/apache/xerces/internal/impl/dtd/XMLElementDecl
instanceKlass com/sun/org/apache/xerces/internal/impl/validation/ValidationState
instanceKlass com/sun/org/apache/xerces/internal/impl/dv/ValidationContext
instanceKlass com/sun/org/apache/xerces/internal/impl/dtd/XMLDTDValidator
instanceKlass com/sun/org/apache/xerces/internal/impl/RevalidationHandler
instanceKlass com/sun/org/apache/xerces/internal/impl/dtd/XMLDTDValidatorFilter
instanceKlass com/sun/org/apache/xerces/internal/xni/parser/XMLDocumentFilter
instanceKlass com/sun/org/apache/xerces/internal/impl/dtd/XMLEntityDecl
instanceKlass com/sun/org/apache/xerces/internal/impl/dtd/XMLDTDProcessor
instanceKlass com/sun/org/apache/xerces/internal/xni/parser/XMLDTDContentModelFilter
instanceKlass com/sun/org/apache/xerces/internal/xni/parser/XMLDTDFilter
instanceKlass com/sun/org/apache/xerces/internal/xni/parser/XMLDTDScanner
instanceKlass com/sun/org/apache/xerces/internal/xni/parser/XMLDTDContentModelSource
instanceKlass com/sun/org/apache/xerces/internal/xni/parser/XMLDTDSource
instanceKlass com/sun/org/apache/xerces/internal/xni/grammars/XMLDTDDescription
instanceKlass com/sun/org/apache/xerces/internal/xni/grammars/XMLGrammarDescription
instanceKlass com/sun/org/apache/xerces/internal/impl/XMLDocumentScannerImpl$TrailingMiscDriver
instanceKlass com/sun/org/apache/xerces/internal/impl/XMLDocumentScannerImpl$PrologDriver
instanceKlass com/sun/org/apache/xerces/internal/impl/XMLDocumentScannerImpl$XMLDeclDriver
instanceKlass com/sun/org/apache/xerces/internal/util/NamespaceSupport
instanceKlass com/sun/org/apache/xerces/internal/xni/NamespaceContext
instanceKlass com/sun/org/apache/xerces/internal/util/XMLAttributesImpl$Attribute
instanceKlass com/sun/org/apache/xerces/internal/util/XMLAttributesImpl
instanceKlass com/sun/org/apache/xerces/internal/xni/XMLAttributes
instanceKlass com/sun/org/apache/xerces/internal/impl/XMLDocumentFragmentScannerImpl$FragmentContentDriver
instanceKlass com/sun/org/apache/xerces/internal/impl/XMLDocumentFragmentScannerImpl$Driver
instanceKlass com/sun/org/apache/xerces/internal/impl/XMLDocumentFragmentScannerImpl$ElementStack2
instanceKlass com/sun/org/apache/xerces/internal/xni/QName
instanceKlass com/sun/org/apache/xerces/internal/impl/XMLDocumentFragmentScannerImpl$ElementStack
instanceKlass com/sun/org/apache/xerces/internal/xni/XMLString
instanceKlass com/sun/org/apache/xerces/internal/impl/XMLScanner
instanceKlass com/sun/xml/internal/stream/XMLBufferListener
instanceKlass com/sun/org/apache/xerces/internal/impl/XMLEntityHandler
instanceKlass com/sun/org/apache/xerces/internal/xni/parser/XMLDocumentScanner
instanceKlass com/sun/org/apache/xerces/internal/xni/parser/XMLDocumentSource
instanceKlass com/sun/org/apache/xerces/internal/impl/XMLErrorReporter
instanceKlass com/sun/org/apache/xerces/internal/impl/XMLEntityScanner
instanceKlass com/sun/org/apache/xerces/internal/xni/XMLLocator
instanceKlass com/sun/xml/internal/stream/XMLEntityStorage
instanceKlass com/sun/org/apache/xerces/internal/util/AugmentationsImpl$AugmentationsItemsContainer
instanceKlass com/sun/org/apache/xerces/internal/util/AugmentationsImpl
instanceKlass com/sun/org/apache/xerces/internal/xni/Augmentations
instanceKlass com/sun/org/apache/xerces/internal/util/XMLResourceIdentifierImpl
instanceKlass com/sun/org/apache/xerces/internal/xni/XMLResourceIdentifier
instanceKlass com/sun/org/apache/xerces/internal/impl/XMLEntityManager
instanceKlass com/sun/org/apache/xerces/internal/xni/parser/XMLEntityResolver
instanceKlass com/sun/org/apache/xerces/internal/xni/parser/XMLComponent
instanceKlass com/sun/org/apache/xerces/internal/util/SymbolTable$Entry
instanceKlass com/sun/org/apache/xerces/internal/util/SymbolTable
instanceKlass jdk/xml/internal/JdkConstants
instanceKlass  @bci javax/xml/catalog/CatalogFeatures setProperties (Ljavax/xml/catalog/CatalogFeatures$Builder;)V 5 <appendix> member <vmtarget> ; # javax/xml/catalog/CatalogFeatures$$Lambda+0x00000000950368f8
instanceKlass  @bci org/matsim/core/config/ConfigWriterHandlerImplV2 processParameterSets (Ljava/io/BufferedWriter;Ljava/lang/String;Ljava/lang/String;Ljava/lang/String;Ljava/lang/String;Lorg/matsim/core/config/ConfigGroup;Lorg/matsim/core/config/ConfigGroup;Ljava/lang/Boolean;)Ljava/lang/Boolean; 361 <appendix> form vmentry <vmtarget> ; # java/lang/invoke/LambdaForm$MH+0x00000000950d0400
instanceKlass java/lang/invoke/StringConcatFactory
instanceKlass javax/xml/catalog/CatalogMessages
instanceKlass javax/xml/catalog/Util
instanceKlass javax/xml/catalog/CatalogFeatures$Builder
instanceKlass javax/xml/catalog/CatalogFeatures
instanceKlass jdk/xml/internal/JdkXmlUtils
instanceKlass com/sun/org/apache/xerces/internal/util/ParserConfigurationSettings
instanceKlass com/sun/org/apache/xerces/internal/parsers/XML11Configurable
instanceKlass com/sun/org/apache/xerces/internal/xni/parser/XMLPullParserConfiguration
instanceKlass com/sun/org/apache/xerces/internal/xni/parser/XMLParserConfiguration
instanceKlass com/sun/org/apache/xerces/internal/xni/parser/XMLComponentManager
instanceKlass com/sun/org/apache/xerces/internal/parsers/XMLParser
instanceKlass com/sun/org/apache/xerces/internal/xni/XMLDTDContentModelHandler
instanceKlass com/sun/org/apache/xerces/internal/xni/XMLDTDHandler
instanceKlass com/sun/org/apache/xerces/internal/xni/XMLDocumentHandler
instanceKlass javax/xml/parsers/DocumentBuilder
instanceKlass com/sun/org/apache/xerces/internal/jaxp/JAXPConstants
instanceKlass  @bci javax/xml/parsers/FactoryFinder newInstance (Ljava/lang/Class;Ljava/lang/String;Ljava/lang/ClassLoader;ZZ)Ljava/lang/Object; 80 <appendix> member <vmtarget> ; # javax/xml/parsers/FactoryFinder$$Lambda+0x0000000095031d60
instanceKlass  @bci javax/xml/parsers/FactoryFinder find (Ljava/lang/Class;Ljava/lang/String;)Ljava/lang/Object; 93 <appendix> member <vmtarget> ; # javax/xml/parsers/FactoryFinder$$Lambda+0x0000000095031870
instanceKlass jdk/xml/internal/JdkXmlFeatures
instanceKlass jdk/xml/internal/FeaturePropertyBase
instanceKlass  @bci java/util/Collections$UnmodifiableMap$UnmodifiableEntrySet entryConsumer (Ljava/util/function/Consumer;)Ljava/util/function/Consumer; 1 <appendix> member <vmtarget> ; # java/util/Collections$UnmodifiableMap$UnmodifiableEntrySet$$Lambda+0x000000009502f0a0
instanceKlass  @bci java/util/stream/Collectors uniqKeysMapMerger ()Ljava/util/function/BinaryOperator; 0 <appendix> argL0 ; # java/util/stream/Collectors$$Lambda+0x000000009502ee50
instanceKlass  @bci java/util/stream/Collectors uniqKeysMapAccumulator (Ljava/util/function/Function;Ljava/util/function/Function;)Ljava/util/function/BiConsumer; 2 <appendix> member <vmtarget> ; # java/util/stream/Collectors$$Lambda+0x000000009502ec10
instanceKlass  @bci java/util/stream/Collectors toMap (Ljava/util/function/Function;Ljava/util/function/Function;)Ljava/util/stream/Collector; 4 <appendix> argL0 ; # java/util/stream/Collectors$$Lambda+0x000000009502e9e8
instanceKlass  @bci jdk/xml/internal/XMLSecurityManager$StringMapper <init> (Ljava/util/Map;)V 30 <appendix> argL0 ; # jdk/xml/internal/XMLSecurityManager$StringMapper$$Lambda+0x000000009502e7a0
instanceKlass  @bci jdk/xml/internal/XMLSecurityManager$StringMapper <init> (Ljava/util/Map;)V 25 <appendix> argL0 ; # jdk/xml/internal/XMLSecurityManager$StringMapper$$Lambda+0x000000009502e558
instanceKlass  @cpi org/apache/commons/lang3/ClassUtils 786 form vmentry <vmtarget> ; # java/lang/invoke/LambdaForm$DMH+0x00000000950d0000
instanceKlass java/util/Collections$UnmodifiableMap$UnmodifiableEntrySet$UnmodifiableEntrySetSpliterator
instanceKlass jdk/xml/internal/XMLSecurityManager$ValueMapper
instanceKlass jdk/xml/internal/XMLSecurityManager
instanceKlass java/util/Properties$LineReader
instanceKlass java/nio/file/FileSystems$DefaultFileSystemHolder
instanceKlass java/nio/file/FileSystems
instanceKlass java/nio/file/Paths
instanceKlass jdk/xml/internal/JdkXmlConfig
instanceKlass jdk/xml/internal/SecuritySupport
instanceKlass  @bci javax/xml/parsers/FactoryFinder find (Ljava/lang/Class;Ljava/lang/String;)Ljava/lang/Object; 6 <appendix> member <vmtarget> ; # javax/xml/parsers/FactoryFinder$$Lambda+0x000000009502cf18
instanceKlass javax/xml/parsers/FactoryFinder
instanceKlass javax/xml/parsers/DocumentBuilderFactory
instanceKlass org/xml/sax/InputSource
instanceKlass org/apache/logging/log4j/core/util/Closer
instanceKlass javax/xml/transform/Source
instanceKlass org/apache/logging/log4j/core/config/Reconfigurable
instanceKlass org/apache/logging/log4j/core/util/Source
instanceKlass org/apache/logging/log4j/core/net/UrlConnectionFactory
instanceKlass org/apache/logging/log4j/core/util/FileUtils
instanceKlass java/net/URI$Parser
instanceKlass  @bci org/apache/logging/log4j/core/util/BasicAuthorizationProvider <init> (Lorg/apache/logging/log4j/util/PropertiesUtil;)V 48 <appendix> member <vmtarget> ; # org/apache/logging/log4j/core/util/BasicAuthorizationProvider$$Lambda+0x00000000950cb508
instanceKlass  @bci org/apache/logging/log4j/core/util/BasicAuthorizationProvider <init> (Lorg/apache/logging/log4j/util/PropertiesUtil;)V 32 <appendix> member <vmtarget> ; # org/apache/logging/log4j/core/util/BasicAuthorizationProvider$$Lambda+0x00000000950cb2c0
instanceKlass  @bci org/apache/logging/log4j/core/util/BasicAuthorizationProvider <init> (Lorg/apache/logging/log4j/util/PropertiesUtil;)V 16 <appendix> member <vmtarget> ; # org/apache/logging/log4j/core/util/BasicAuthorizationProvider$$Lambda+0x00000000950cb078
instanceKlass org/apache/logging/log4j/core/util/BasicAuthorizationProvider
instanceKlass com/fasterxml/jackson/core/FormatFeature
instanceKlass com/fasterxml/jackson/core/io/CharTypes
instanceKlass com/fasterxml/jackson/core/io/JsonStringEncoder
instanceKlass com/fasterxml/jackson/core/io/SerializedString
instanceKlass com/fasterxml/jackson/dataformat/yaml/util/StringQuotingChecker
instanceKlass com/fasterxml/jackson/core/async/ByteBufferFeeder
instanceKlass com/fasterxml/jackson/core/async/ByteArrayFeeder
instanceKlass com/fasterxml/jackson/core/async/NonBlockingInputFeeder
instanceKlass com/fasterxml/jackson/core/TSFBuilder
instanceKlass com/fasterxml/jackson/core/SerializableString
instanceKlass com/fasterxml/jackson/core/util/JacksonFeatureSet
instanceKlass com/fasterxml/jackson/core/util/JacksonFeature
instanceKlass com/fasterxml/jackson/databind/cfg/DefaultCacheProvider
instanceKlass com/fasterxml/jackson/databind/cfg/CacheProvider
instanceKlass com/fasterxml/jackson/databind/introspect/AccessorNamingStrategy
instanceKlass com/fasterxml/jackson/core/Base64Variant
instanceKlass com/fasterxml/jackson/core/Base64Variants
instanceKlass java/util/Date
instanceKlass java/text/DigitList
instanceKlass java/text/FieldPosition
instanceKlass java/text/DecimalFormatSymbols
instanceKlass java/text/DateFormatSymbols
instanceKlass sun/util/calendar/CalendarDate
instanceKlass sun/util/resources/Bundles$CacheKeyReference
instanceKlass java/util/ResourceBundle$ResourceBundleProviderHelper
instanceKlass  @bci sun/util/cldr/CLDRLocaleProviderAdapter applyAliases (Ljava/util/Locale;)Ljava/util/Locale; 4 <appendix> argL0 ; # sun/util/cldr/CLDRLocaleProviderAdapter$$Lambda+0x80000005a
instanceKlass sun/util/resources/Bundles$CacheKey
instanceKlass java/util/ResourceBundle$1
instanceKlass jdk/internal/access/JavaUtilResourceBundleAccess
instanceKlass sun/util/resources/Bundles
instanceKlass sun/util/resources/LocaleData$LocaleDataStrategy
instanceKlass sun/util/resources/Bundles$Strategy
instanceKlass sun/util/resources/LocaleData
instanceKlass sun/util/locale/provider/LocaleResources
instanceKlass java/util/stream/Node$Builder
instanceKlass java/util/stream/AbstractSpinedBuffer
instanceKlass java/util/stream/Node$OfDouble
instanceKlass java/util/stream/Node$OfLong
instanceKlass java/util/stream/Node$OfInt
instanceKlass java/util/stream/Node$OfPrimitive
instanceKlass java/util/stream/Nodes$EmptyNode
instanceKlass java/util/stream/Node
instanceKlass java/util/stream/Nodes
instanceKlass  @bci sun/util/locale/provider/LocaleProviderAdapter toLocaleArray (Ljava/util/Set;)[Ljava/util/Locale; 21 <appendix> argL0 ; # sun/util/locale/provider/LocaleProviderAdapter$$Lambda+0x80000005d
instanceKlass java/util/function/IntFunction
instanceKlass java/util/stream/DistinctOps
instanceKlass  @bci sun/util/locale/provider/LocaleProviderAdapter toLocaleArray (Ljava/util/Set;)[Ljava/util/Locale; 6 <appendix> argL0 ; # sun/util/locale/provider/LocaleProviderAdapter$$Lambda+0x80000005b
instanceKlass java/util/Spliterators$IteratorSpliterator
instanceKlass  @bci java/util/ResourceBundle$Control getCandidateLocales (Ljava/lang/String;Ljava/util/Locale;)Ljava/util/List; 23 <appendix> argL0 ; # java/util/ResourceBundle$Control$$Lambda+0x80000001d
instanceKlass  @bci java/util/ResourceBundle$Control <clinit> ()V 39 <appendix> argL0 ; # java/util/ResourceBundle$Control$$Lambda+0x80000001e
instanceKlass java/util/ResourceBundle
instanceKlass java/util/ResourceBundle$Control
instanceKlass sun/util/locale/provider/CalendarDataUtility$CalendarWeekParameterGetter
instanceKlass sun/util/locale/provider/LocaleServiceProviderPool$LocalizedObjectGetter
instanceKlass sun/util/locale/provider/LocaleServiceProviderPool
instanceKlass java/util/Locale$Builder
instanceKlass sun/util/locale/provider/CalendarDataUtility
instanceKlass sun/util/calendar/CalendarSystem$GregorianHolder
instanceKlass sun/util/calendar/CalendarSystem
instanceKlass java/util/Calendar$Builder
instanceKlass sun/util/locale/provider/AvailableLanguageTags
instanceKlass sun/util/resources/cldr/provider/CLDRLocaleDataMetaInfo
instanceKlass jdk/internal/module/ModulePatcher$PatchedModuleReader
instanceKlass java/util/Locale$LocaleCache
instanceKlass jdk/internal/util/ReferencedKeyMap$1
instanceKlass sun/util/locale/BaseLocale$1InterningCache
instanceKlass sun/util/locale/InternalLocaleBuilder$CaseInsensitiveChar
instanceKlass sun/util/locale/InternalLocaleBuilder
instanceKlass sun/util/locale/StringTokenIterator
instanceKlass java/text/ParsePosition
instanceKlass sun/util/cldr/CLDRBaseLocaleDataMetaInfo
instanceKlass sun/util/locale/provider/LocaleDataMetaInfo
instanceKlass sun/util/locale/provider/ResourceBundleBasedAdapter
instanceKlass sun/util/locale/provider/LocaleProviderAdapter
instanceKlass java/util/spi/LocaleServiceProvider
instanceKlass sun/util/calendar/CalendarUtils
instanceKlass java/text/AttributedCharacterIterator$Attribute
instanceKlass java/util/Calendar
instanceKlass com/fasterxml/jackson/databind/type/TypeBindings
instanceKlass com/fasterxml/jackson/databind/type/TypeParser
instanceKlass com/fasterxml/jackson/databind/type/TypeFactory
instanceKlass sun/util/calendar/ZoneInfoFile$ZoneOffsetTransitionRule
instanceKlass java/io/FileInputStream$1
instanceKlass sun/util/calendar/ZoneInfoFile
instanceKlass java/time/ZoneId
instanceKlass java/util/TimeZone
instanceKlass com/fasterxml/jackson/databind/cfg/BaseSettings
instanceKlass java/util/concurrent/atomic/AtomicReferenceArray
instanceKlass java/util/concurrent/atomic/AtomicLongArray
instanceKlass com/fasterxml/jackson/databind/util/internal/Linked
instanceKlass com/fasterxml/jackson/databind/util/internal/PrivateMaxEntriesMap$Builder
instanceKlass com/fasterxml/jackson/databind/util/LRUMap
instanceKlass com/fasterxml/jackson/databind/util/LookupCache
instanceKlass java/beans/ConstructorProperties
instanceKlass java/beans/Transient
instanceKlass java/lang/reflect/AnnotatedType
instanceKlass java/lang/reflect/TypeVariable
instanceKlass com/fasterxml/jackson/databind/util/ClassUtil$Ctor
instanceKlass com/fasterxml/jackson/databind/util/ClassUtil
instanceKlass com/fasterxml/jackson/databind/ext/Java7Support
instanceKlass com/fasterxml/jackson/annotation/JsonMerge
instanceKlass com/fasterxml/jackson/databind/annotation/JsonDeserialize
instanceKlass com/fasterxml/jackson/annotation/JsonManagedReference
instanceKlass com/fasterxml/jackson/annotation/JsonBackReference
instanceKlass com/fasterxml/jackson/annotation/JsonUnwrapped
instanceKlass com/fasterxml/jackson/annotation/JsonRawValue
instanceKlass com/fasterxml/jackson/annotation/JsonTypeInfo
instanceKlass com/fasterxml/jackson/annotation/JsonFormat
instanceKlass com/fasterxml/jackson/annotation/JsonView
instanceKlass com/fasterxml/jackson/databind/annotation/JsonSerialize
instanceKlass com/fasterxml/jackson/databind/introspect/ConcreteBeanPropertyBase
instanceKlass com/fasterxml/jackson/databind/BeanProperty
instanceKlass com/fasterxml/jackson/databind/introspect/BeanPropertyDefinition
instanceKlass com/fasterxml/jackson/databind/util/Named
instanceKlass com/fasterxml/jackson/databind/introspect/TypeResolutionContext
instanceKlass com/fasterxml/jackson/databind/introspect/Annotated
instanceKlass com/fasterxml/jackson/databind/introspect/VisibilityChecker
instanceKlass com/fasterxml/jackson/core/type/ResolvedType
instanceKlass com/fasterxml/jackson/core/util/BufferRecycler$Gettable
instanceKlass com/fasterxml/jackson/core/JsonParser
instanceKlass com/fasterxml/jackson/databind/introspect/ClassIntrospector
instanceKlass com/fasterxml/jackson/databind/Module$SetupContext
instanceKlass com/fasterxml/jackson/databind/jsontype/TypeResolverBuilder
instanceKlass com/fasterxml/jackson/databind/JsonSerializable$Base
instanceKlass com/fasterxml/jackson/databind/JsonSerializable
instanceKlass com/fasterxml/jackson/core/TreeNode
instanceKlass com/fasterxml/jackson/core/JsonGenerator
instanceKlass com/fasterxml/jackson/databind/jsontype/PolymorphicTypeValidator
instanceKlass com/fasterxml/jackson/databind/introspect/AccessorNamingStrategy$Provider
instanceKlass com/fasterxml/jackson/databind/AnnotationIntrospector
instanceKlass com/fasterxml/jackson/databind/ser/SerializerFactory
instanceKlass com/fasterxml/jackson/databind/deser/DeserializerFactory
instanceKlass com/fasterxml/jackson/databind/DatabindContext
instanceKlass com/fasterxml/jackson/databind/jsontype/SubtypeResolver
instanceKlass com/fasterxml/jackson/core/TokenStreamFactory
instanceKlass com/fasterxml/jackson/core/TreeCodec
instanceKlass com/fasterxml/jackson/core/Versioned
instanceKlass java/lang/Class$AnnotationData
instanceKlass java/lang/annotation/Target
# instanceKlass java/lang/invoke/LambdaForm$MH+0x00000000950a0800
instanceKlass  @bci org/matsim/core/config/ConfigWriterHandlerImplV2 writeHeader (Ljava/io/BufferedWriter;Ljava/lang/String;Ljava/lang/String;Ljava/lang/String;Ljava/lang/String;Ljava/lang/String;)V 7 <appendix> form vmentry <vmtarget> ; # java/lang/invoke/LambdaForm$MH+0x00000000950a0400
instanceKlass jdk/internal/classfile/impl/StackMapDecoder$1
instanceKlass jdk/internal/classfile/impl/StackMapDecoder
instanceKlass jdk/internal/classfile/impl/StackCounter
instanceKlass  @bci java/lang/reflect/ProxyGenerator lambda$generateLookupAccessor$0 (Ljava/lang/classfile/MethodBuilder;)V 30 <appendix> member <vmtarget> ; # java/lang/reflect/ProxyGenerator$$Lambda+0x00000000950254d0
instanceKlass  @bci java/lang/reflect/ProxyGenerator generateLookupAccessor (Ljava/lang/classfile/ClassBuilder;)V 10 <appendix> member <vmtarget> ; # java/lang/reflect/ProxyGenerator$$Lambda+0x0000000095025290
instanceKlass  @bci java/lang/reflect/ProxyGenerator generateStaticInitializer (Ljava/lang/classfile/ClassBuilder;)V 10 <appendix> member <vmtarget> ; # java/lang/reflect/ProxyGenerator$$Lambda+0x0000000095025050
instanceKlass java/lang/classfile/attribute/StackMapTableAttribute
instanceKlass java/lang/classfile/attribute/StackMapFrameInfo
instanceKlass java/lang/classfile/instruction/ExceptionCatch
instanceKlass  @bci java/lang/reflect/ProxyGenerator$ProxyMethod lambda$generateMethod$0 (Ljava/lang/classfile/MethodBuilder;)V 30 <appendix> member <vmtarget> ; # java/lang/reflect/ProxyGenerator$ProxyMethod$$Lambda+0x00000000950242e0
instanceKlass java/lang/classfile/attribute/ExceptionsAttribute
instanceKlass  @bci java/lang/reflect/ProxyGenerator$ProxyMethod generateMethod (Ljava/lang/classfile/ClassBuilder;)V 42 <appendix> member <vmtarget> ; # java/lang/reflect/ProxyGenerator$ProxyMethod$$Lambda+0x0000000095023978
instanceKlass  @bci java/lang/reflect/ProxyGenerator generateConstructor (Ljava/lang/classfile/ClassBuilder;)V 8 <appendix> member <vmtarget> ; # java/lang/reflect/ProxyGenerator$$Lambda+0x0000000095023738
instanceKlass  @bci java/lang/reflect/ProxyGenerator generateClassFile ()[B 197 <appendix> member <vmtarget> ; # java/lang/reflect/ProxyGenerator$$Lambda+0x00000000950234f8
instanceKlass  @cpi org/matsim/contrib/common/zones/systems/grid/square/SquareGridZoneSystem 353 form vmentry <vmtarget> ; # java/lang/invoke/LambdaForm$DMH+0x00000000950a0000
instanceKlass  @bci java/lang/reflect/ProxyGenerator proxyMethodsFor (Ljava/lang/String;)Ljava/util/List; 5 <appendix> argL0 ; # java/lang/reflect/ProxyGenerator$$Lambda+0x00000000950232b0
instanceKlass java/lang/reflect/ProxyGenerator$ProxyMethod
instanceKlass java/lang/classfile/attribute/StackMapFrameInfo$ObjectVerificationTypeInfo
instanceKlass java/lang/classfile/attribute/StackMapFrameInfo$VerificationTypeInfo
instanceKlass java/util/StringJoiner
instanceKlass java/lang/classfile/ClassFile$Option
instanceKlass java/lang/reflect/ProxyGenerator
instanceKlass  @bci java/lang/WeakPairMap computeIfAbsent (Ljava/lang/Object;Ljava/lang/Object;Ljava/util/function/BiFunction;)Ljava/lang/Object; 18 <appendix> member <vmtarget> ; # java/lang/WeakPairMap$$Lambda+0x0000000095022618
instanceKlass  @bci java/lang/Module implAddExportsOrOpens (Ljava/lang/String;Ljava/lang/Module;ZZ)V 151 <appendix> argL0 ; # java/lang/Module$$Lambda+0x00000000950223e0
instanceKlass  @bci java/lang/module/ModuleDescriptor$Builder packages (Ljava/util/Set;)Ljava/lang/module/ModuleDescriptor$Builder; 17 <appendix> argL0 ; # java/lang/module/ModuleDescriptor$Builder$$Lambda+0x80000000e
instanceKlass java/lang/WeakPairMap$Pair$Lookup
instanceKlass java/lang/WeakPairMap$Pair
instanceKlass java/lang/WeakPairMap
instanceKlass java/lang/Module$ReflectionData
instanceKlass jdk/internal/module/Checks
instanceKlass java/lang/module/ModuleDescriptor$Builder
instanceKlass  @bci java/lang/reflect/Proxy$ProxyBuilder getDynamicModule (Ljava/lang/ClassLoader;)Ljava/lang/Module; 4 <appendix> argL0 ; # java/lang/reflect/Proxy$ProxyBuilder$$Lambda+0x0000000095021a50
instanceKlass java/lang/PublicMethods
instanceKlass java/lang/reflect/Proxy$ProxyBuilder
instanceKlass  @bci java/lang/reflect/Proxy getProxyConstructor (Ljava/lang/ClassLoader;[Ljava/lang/Class;)Ljava/lang/reflect/Constructor; 18 <appendix> argL0 ; # java/lang/reflect/Proxy$$Lambda+0x00000000950213e8
instanceKlass java/lang/ClassValue$Identity
instanceKlass java/lang/ClassValue$Entry
instanceKlass java/lang/ClassValue
instanceKlass java/lang/reflect/Proxy
instanceKlass sun/reflect/annotation/AnnotationInvocationHandler
instanceKlass java/lang/reflect/InvocationHandler
instanceKlass java/lang/annotation/Documented
instanceKlass java/lang/annotation/Inherited
instanceKlass java/lang/annotation/Retention
instanceKlass sun/reflect/annotation/ExceptionProxy
instanceKlass sun/reflect/annotation/AnnotationType
instanceKlass java/lang/reflect/GenericArrayType
instanceKlass org/apache/logging/log4j/core/config/plugins/Plugin
instanceKlass sun/reflect/generics/visitor/Reifier
instanceKlass sun/reflect/generics/visitor/TypeTreeVisitor
instanceKlass sun/reflect/generics/factory/CoreReflectionFactory
instanceKlass sun/reflect/generics/factory/GenericsFactory
instanceKlass sun/reflect/generics/scope/AbstractScope
instanceKlass sun/reflect/generics/scope/Scope
instanceKlass sun/reflect/generics/tree/ClassTypeSignature
instanceKlass sun/reflect/generics/tree/SimpleClassTypeSignature
instanceKlass sun/reflect/generics/tree/FieldTypeSignature
instanceKlass sun/reflect/generics/tree/BaseType
instanceKlass sun/reflect/generics/tree/TypeSignature
instanceKlass sun/reflect/generics/tree/ReturnType
instanceKlass sun/reflect/generics/tree/TypeArgument
instanceKlass sun/reflect/generics/tree/TypeTree
instanceKlass sun/reflect/generics/tree/Tree
instanceKlass sun/reflect/generics/parser/SignatureParser
instanceKlass org/apache/logging/log4j/core/config/Order
instanceKlass org/apache/logging/log4j/core/config/OrderComparator
instanceKlass org/apache/logging/log4j/core/util/AuthorizationProvider
instanceKlass org/apache/logging/log4j/core/config/builder/api/ConfigurationBuilder
instanceKlass  @bci org/apache/logging/log4j/core/selector/ClassLoaderContextSelector locateContext (Ljava/lang/ClassLoader;Ljava/util/Map$Entry;Ljava/net/URI;)Lorg/apache/logging/log4j/core/LoggerContext; 160 <appendix> member <vmtarget> ; # org/apache/logging/log4j/core/selector/ClassLoaderContextSelector$$Lambda+0x000000009509ee90
instanceKlass org/apache/logging/log4j/core/appender/DefaultErrorHandler
instanceKlass org/apache/logging/log4j/core/appender/ConsoleAppender$FactoryData
instanceKlass org/apache/logging/log4j/core/appender/ConsoleAppender$ConsoleManagerFactory
instanceKlass org/apache/logging/log4j/core/layout/ByteBufferDestination
instanceKlass org/apache/logging/log4j/core/ErrorHandler
instanceKlass org/apache/logging/log4j/core/config/DefaultLayout
instanceKlass org/apache/logging/log4j/core/util/internal/InternalLoggerRegistry
instanceKlass org/apache/logging/log4j/core/config/Node
instanceKlass org/apache/logging/log4j/core/util/DummyNanoClock
instanceKlass jdk/internal/foreign/MemorySessionImpl
instanceKlass java/lang/foreign/MemorySegment$Scope
instanceKlass org/apache/logging/log4j/core/util/WatchEventService
instanceKlass java/util/UUID
instanceKlass org/apache/logging/log4j/core/util/WatchManager$LocalUUID
instanceKlass java/util/concurrent/Future
instanceKlass java/util/concurrent/ScheduledExecutorService
instanceKlass java/util/concurrent/ExecutorService
instanceKlass java/util/concurrent/Executor
instanceKlass org/apache/logging/log4j/core/config/DefaultReliabilityStrategy
instanceKlass org/apache/logging/log4j/core/config/LocationAwareReliabilityStrategy
instanceKlass sun/reflect/misc/ReflectUtil
instanceKlass java/util/concurrent/atomic/AtomicReferenceFieldUpdater
instanceKlass org/apache/logging/log4j/core/config/AppenderControlArraySet
instanceKlass org/apache/logging/log4j/core/util/SystemClock
instanceKlass org/apache/logging/log4j/core/time/PreciseClock
instanceKlass org/apache/logging/log4j/core/util/Clock
instanceKlass org/apache/logging/log4j/core/util/ClockFactory
instanceKlass org/apache/logging/log4j/core/LogEvent
instanceKlass org/apache/logging/log4j/core/impl/ReusableLogEventFactory
instanceKlass  @bci org/apache/logging/log4j/core/config/LoggerConfig <clinit> ()V 9 <appendix> argL0 ; # org/apache/logging/log4j/core/config/LoggerConfig$$Lambda+0x0000000095098410
instanceKlass org/apache/logging/log4j/core/impl/LogEventFactory
instanceKlass org/apache/logging/log4j/core/impl/LocationAwareLogEventFactory
instanceKlass org/apache/logging/log4j/core/config/ReliabilityStrategy
instanceKlass java/util/DualPivotQuicksort
instanceKlass org/apache/logging/log4j/core/lookup/StrMatcher
instanceKlass  @bci java/util/stream/Collectors toList ()Ljava/util/stream/Collector; 14 <appendix> argL0 ; # java/util/stream/Collectors$$Lambda+0x000000009501aa88
instanceKlass  @bci java/util/stream/Collectors toList ()Ljava/util/stream/Collector; 9 <appendix> argL0 ; # java/util/stream/Collectors$$Lambda+0x000000009501a850
instanceKlass  @bci java/util/stream/Collectors toList ()Ljava/util/stream/Collector; 4 <appendix> argL0 ; # java/util/stream/Collectors$$Lambda+0x000000009501a628
instanceKlass  @bci sun/management/spi/PlatformMBeanProvider$PlatformComponent getMBeans (Ljava/lang/Class;)Ljava/util/List; 63 <appendix> member <vmtarget> ; # sun/management/spi/PlatformMBeanProvider$PlatformComponent$$Lambda+0x000000009501a3d8
instanceKlass  @bci sun/management/spi/PlatformMBeanProvider$PlatformComponent getMBeans (Ljava/lang/Class;)Ljava/util/List; 47 <appendix> member <vmtarget> ; # sun/management/spi/PlatformMBeanProvider$PlatformComponent$$Lambda+0x000000009501a178
instanceKlass java/util/Collections$2
instanceKlass sun/management/RuntimeImpl
instanceKlass  @bci java/lang/management/ManagementFactory$PlatformMBeanFinder findSingleton (Ljava/lang/Class;)Lsun/management/spi/PlatformMBeanProvider$PlatformComponent; 30 <appendix> member <vmtarget> ; # java/lang/management/ManagementFactory$PlatformMBeanFinder$$Lambda+0x0000000095019bc0
instanceKlass  @bci java/lang/management/ManagementFactory$PlatformMBeanFinder findSingleton (Ljava/lang/Class;)Lsun/management/spi/PlatformMBeanProvider$PlatformComponent; 19 <appendix> member <vmtarget> ; # java/lang/management/ManagementFactory$PlatformMBeanFinder$$Lambda+0x0000000095019960
instanceKlass jdk/management/jfr/internal/FlightRecorderMXBeanProvider$SingleMBeanComponent
instanceKlass jdk/management/jfr/FlightRecorderMXBean
instanceKlass java/util/Collections$UnmodifiableCollection$1
instanceKlass java/lang/management/DefaultPlatformMBeanProvider$11
instanceKlass java/lang/management/DefaultPlatformMBeanProvider$10
instanceKlass java/lang/management/DefaultPlatformMBeanProvider$9
instanceKlass java/util/logging/LogManager
instanceKlass sun/management/ManagementFactoryHelper$LoggingMXBeanAccess
instanceKlass java/lang/management/DefaultPlatformMBeanProvider$8
instanceKlass java/lang/management/DefaultPlatformMBeanProvider$7
instanceKlass java/lang/management/DefaultPlatformMBeanProvider$6
instanceKlass java/lang/management/DefaultPlatformMBeanProvider$5
instanceKlass java/lang/management/DefaultPlatformMBeanProvider$4
instanceKlass java/lang/management/DefaultPlatformMBeanProvider$3
instanceKlass java/lang/management/DefaultPlatformMBeanProvider$2
instanceKlass java/lang/management/DefaultPlatformMBeanProvider$1
instanceKlass java/util/concurrent/Callable
instanceKlass com/sun/management/internal/PlatformMBeanProviderImpl$6
instanceKlass sun/management/VMManagementImpl
instanceKlass sun/management/VMManagement
instanceKlass sun/management/ManagementFactoryHelper
instanceKlass sun/management/NotificationEmitterSupport
instanceKlass javax/management/NotificationEmitter
instanceKlass javax/management/NotificationBroadcaster
instanceKlass com/sun/management/DiagnosticCommandMBean
instanceKlass javax/management/DynamicMBean
instanceKlass com/sun/management/internal/PlatformMBeanProviderImpl$5
instanceKlass com/sun/management/internal/PlatformMBeanProviderImpl$4
instanceKlass jdk/management/VirtualThreadSchedulerMXBean
instanceKlass com/sun/management/internal/PlatformMBeanProviderImpl$3
instanceKlass com/sun/management/internal/PlatformMBeanProviderImpl$2
instanceKlass java/util/stream/ReduceOps$Box
instanceKlass  @bci java/util/stream/Collectors castingIdentity ()Ljava/util/function/Function; 0 <appendix> argL0 ; # java/util/stream/Collectors$$Lambda+0x800000042
instanceKlass  @bci java/util/stream/Collectors toSet ()Ljava/util/stream/Collector; 14 <appendix> argL0 ; # java/util/stream/Collectors$$Lambda+0x800000040
instanceKlass  @bci java/util/stream/Collectors toSet ()Ljava/util/stream/Collector; 9 <appendix> argL0 ; # java/util/stream/Collectors$$Lambda+0x800000038
instanceKlass  @bci java/util/stream/Collectors toSet ()Ljava/util/stream/Collector; 4 <appendix> argL0 ; # java/util/stream/Collectors$$Lambda+0x800000045
instanceKlass java/util/stream/Collector
instanceKlass java/util/stream/Collectors
instanceKlass com/sun/management/internal/PlatformMBeanProviderImpl$1
instanceKlass sun/management/spi/PlatformMBeanProvider$PlatformComponent
instanceKlass sun/management/spi/PlatformMBeanProvider
instanceKlass java/lang/management/ManagementFactory$PlatformMBeanFinder
instanceKlass java/lang/management/RuntimeMXBean
instanceKlass java/lang/management/PlatformManagedObject
instanceKlass java/lang/management/ManagementFactory
instanceKlass org/apache/logging/log4j/core/net/JndiManager$JndiManagerFactory
instanceKlass javax/naming/Context
instanceKlass org/apache/logging/log4j/core/appender/ManagerFactory
instanceKlass org/apache/logging/log4j/core/appender/AbstractManager
instanceKlass java/text/Format
instanceKlass org/apache/logging/log4j/core/impl/ThreadContextDataProvider
instanceKlass  @bci org/apache/logging/log4j/core/impl/ThreadContextDataInjector getServiceProviders ()Ljava/util/List; 32 <appendix> member <vmtarget> ; # org/apache/logging/log4j/core/impl/ThreadContextDataInjector$$Lambda+0x0000000095096f58
instanceKlass org/apache/logging/log4j/core/util/ContextDataProvider
instanceKlass java/util/concurrent/ConcurrentLinkedDeque$Node
instanceKlass org/apache/logging/log4j/core/impl/ThreadContextDataInjector
instanceKlass org/apache/logging/log4j/util/StringMap
instanceKlass org/apache/logging/log4j/core/impl/ThreadContextDataInjector$AbstractContextDataInjector
instanceKlass org/apache/logging/log4j/spi/ReadOnlyThreadContextMap
instanceKlass org/apache/logging/log4j/spi/DefaultThreadContextMap
instanceKlass org/apache/logging/log4j/util/ReadOnlyStringMap
instanceKlass org/apache/logging/log4j/spi/ThreadContextMapFactory
instanceKlass org/apache/logging/log4j/spi/DefaultThreadContextStack
instanceKlass org/apache/logging/log4j/spi/ThreadContextStack
instanceKlass org/apache/logging/log4j/ThreadContext$ContextStack
instanceKlass org/apache/logging/log4j/ThreadContext
instanceKlass  @bci org/apache/logging/log4j/core/impl/ContextDataInjectorFactory createInjector ()Lorg/apache/logging/log4j/core/ContextDataInjector; 4 <appendix> argL0 ; # org/apache/logging/log4j/core/impl/ContextDataInjectorFactory$$Lambda+0x00000000950923b0
instanceKlass org/apache/logging/log4j/core/ContextDataInjector
instanceKlass org/apache/logging/log4j/core/impl/ContextDataInjectorFactory
instanceKlass org/apache/logging/log4j/core/util/ReflectionUtil
instanceKlass java/util/Collections$EmptyIterator
instanceKlass java/util/concurrent/CopyOnWriteArrayList$COWIterator
instanceKlass  @bci org/apache/logging/log4j/core/config/plugins/util/PluginRegistry decodeCacheFiles (Ljava/lang/ClassLoader;)Ljava/util/Map; 325 <adapter> ; # java/lang/invoke/LambdaForm$MH+0x0000000095094c00
# instanceKlass java/lang/invoke/LambdaForm$DMH+0x0000000095094800
instanceKlass  @bci org/apache/logging/log4j/core/config/plugins/util/PluginRegistry decodeCacheFiles (Ljava/lang/ClassLoader;)Ljava/util/Map; 325 <appendix> form vmentry <vmtarget> ; # java/lang/invoke/LambdaForm$DMH+0x0000000095094400
instanceKlass  @bci org/apache/logging/log4j/core/config/plugins/util/PluginRegistry decodeCacheFiles (Ljava/lang/ClassLoader;)Ljava/util/Map; 325 <appendix> member <vmtarget> ; # org/apache/logging/log4j/core/config/plugins/util/PluginRegistry$$Lambda+0x0000000095091b40
instanceKlass  @cpi org/apache/logging/log4j/core/config/plugins/util/PluginRegistry 467 form vmentry <vmtarget> ; # java/lang/invoke/LambdaForm$DMH+0x0000000095094000
instanceKlass org/apache/logging/log4j/util/Supplier
instanceKlass org/apache/logging/log4j/core/util/AbstractWatcher
instanceKlass org/apache/logging/log4j/core/config/plugins/convert/TypeConverters$UuidConverter
instanceKlass org/apache/logging/log4j/core/config/plugins/convert/TypeConverters$UrlConverter
instanceKlass org/apache/logging/log4j/core/config/plugins/convert/TypeConverters$UriConverter
instanceKlass org/apache/logging/log4j/core/config/plugins/convert/TypeConverters$StringConverter
instanceKlass org/apache/logging/log4j/core/config/plugins/convert/TypeConverters$ShortConverter
instanceKlass org/apache/logging/log4j/core/config/plugins/convert/TypeConverters$SecurityProviderConverter
instanceKlass org/apache/logging/log4j/core/config/plugins/convert/TypeConverters$PatternConverter
instanceKlass org/apache/logging/log4j/core/config/plugins/convert/TypeConverters$PathConverter
instanceKlass org/apache/logging/log4j/core/config/plugins/convert/TypeConverters$LongConverter
instanceKlass org/apache/logging/log4j/core/config/plugins/convert/TypeConverters$LevelConverter
instanceKlass org/apache/logging/log4j/core/config/plugins/convert/TypeConverters$IntegerConverter
instanceKlass org/apache/logging/log4j/core/config/plugins/convert/TypeConverters$InetAddressConverter
instanceKlass org/apache/logging/log4j/core/config/plugins/convert/TypeConverters$FloatConverter
instanceKlass org/apache/logging/log4j/core/config/plugins/convert/TypeConverters$FileConverter
instanceKlass org/apache/logging/log4j/core/config/plugins/convert/TypeConverters$DurationConverter
instanceKlass org/apache/logging/log4j/core/config/plugins/convert/TypeConverters$DoubleConverter
instanceKlass org/apache/logging/log4j/core/config/plugins/convert/TypeConverters$CronExpressionConverter
instanceKlass org/apache/logging/log4j/core/config/plugins/convert/TypeConverters$ClassConverter
instanceKlass org/apache/logging/log4j/core/config/plugins/convert/TypeConverters$CharsetConverter
instanceKlass org/apache/logging/log4j/core/config/plugins/convert/TypeConverters$CharArrayConverter
instanceKlass org/apache/logging/log4j/core/config/plugins/convert/TypeConverters$CharacterConverter
instanceKlass org/apache/logging/log4j/core/config/plugins/convert/TypeConverters$ByteArrayConverter
instanceKlass org/apache/logging/log4j/core/config/plugins/convert/TypeConverters$ByteConverter
instanceKlass org/apache/logging/log4j/core/config/plugins/convert/TypeConverters$BooleanConverter
instanceKlass org/apache/logging/log4j/core/config/plugins/convert/TypeConverters$BigIntegerConverter
instanceKlass org/apache/logging/log4j/core/config/plugins/convert/TypeConverters$BigDecimalConverter
instanceKlass org/apache/logging/log4j/core/config/plugins/convert/TypeConverter
instanceKlass org/apache/logging/log4j/core/lookup/UpperLookup
instanceKlass org/apache/logging/log4j/core/lookup/MapLookup
instanceKlass org/apache/logging/log4j/core/lookup/DateLookup
instanceKlass org/apache/logging/log4j/core/lookup/ContextMapLookup
instanceKlass org/apache/logging/log4j/core/pattern/FileDatePatternConverter
instanceKlass org/apache/logging/log4j/core/config/arbiters/SystemPropertyArbiter
instanceKlass org/apache/logging/log4j/core/net/ssl/SslConfiguration
instanceKlass org/apache/logging/log4j/core/appender/rolling/action/PathSortByModificationTime
instanceKlass org/apache/logging/log4j/core/appender/rolling/action/PathSorter
instanceKlass org/apache/logging/log4j/core/net/SocketPerformancePreferences
instanceKlass org/apache/logging/log4j/core/net/SocketOptions
instanceKlass org/apache/logging/log4j/core/util/Builder
instanceKlass org/apache/logging/log4j/core/net/SocketAddress
instanceKlass org/apache/logging/log4j/core/config/arbiters/SelectArbiter
instanceKlass org/apache/logging/log4j/core/config/ScriptsPlugin
instanceKlass org/apache/logging/log4j/core/layout/ScriptPatternSelector
instanceKlass org/apache/logging/log4j/core/appender/rolling/action/ScriptCondition
instanceKlass org/apache/logging/log4j/core/config/arbiters/ScriptArbiter
instanceKlass org/apache/logging/log4j/core/script/AbstractScript
instanceKlass org/apache/logging/log4j/core/appender/routing/Routes
instanceKlass org/apache/logging/log4j/core/appender/routing/Route
instanceKlass org/apache/logging/log4j/core/pattern/RegexReplacement
instanceKlass org/apache/logging/log4j/core/appender/rewrite/PropertiesRewritePolicy
instanceKlass org/apache/logging/log4j/core/config/PropertiesPlugin
instanceKlass org/apache/logging/log4j/core/layout/PatternMatch
instanceKlass org/apache/logging/log4j/core/net/MulticastDnsAdvertiser
instanceKlass org/apache/logging/log4j/core/config/MonitorResources
instanceKlass org/apache/logging/log4j/core/config/MonitorResource
instanceKlass org/apache/logging/log4j/core/layout/MarkerPatternSelector
instanceKlass org/apache/logging/log4j/core/appender/rewrite/MapRewritePolicy
instanceKlass org/apache/logging/log4j/core/config/LoggersPlugin
instanceKlass org/apache/logging/log4j/core/appender/rewrite/LoggerNameLevelRewritePolicy
instanceKlass org/apache/logging/log4j/core/appender/rewrite/RewritePolicy
instanceKlass org/apache/logging/log4j/core/layout/LoggerFields
instanceKlass org/apache/logging/log4j/core/async/LinkedTransferQueueFactory
instanceKlass org/apache/logging/log4j/core/layout/LevelPatternSelector
instanceKlass org/apache/logging/log4j/core/layout/PatternSelector
instanceKlass org/apache/logging/log4j/core/util/KeyValuePair
instanceKlass org/apache/logging/log4j/core/net/ssl/StoreConfiguration
instanceKlass org/apache/logging/log4j/core/async/JCToolsBlockingQueueFactory
instanceKlass org/apache/logging/log4j/core/appender/rolling/action/IfNot
instanceKlass org/apache/logging/log4j/core/appender/rolling/action/IfLastModified
instanceKlass org/apache/logging/log4j/core/appender/rolling/action/IfFileName
instanceKlass org/apache/logging/log4j/core/appender/rolling/action/IfAny
instanceKlass org/apache/logging/log4j/core/appender/rolling/action/IfAll
instanceKlass org/apache/logging/log4j/core/appender/rolling/action/IfAccumulatedFileSize
instanceKlass org/apache/logging/log4j/core/appender/rolling/action/IfAccumulatedFileCount
instanceKlass org/apache/logging/log4j/core/appender/rolling/action/PathCondition
instanceKlass org/apache/logging/log4j/core/appender/routing/PurgePolicy
instanceKlass org/apache/logging/log4j/core/appender/FailoversPlugin
instanceKlass org/apache/logging/log4j/core/config/arbiters/EnvironmentArbiter
instanceKlass org/apache/logging/log4j/core/async/DisruptorBlockingQueueFactory
instanceKlass org/apache/logging/log4j/core/appender/rolling/DirectFileRolloverStrategy
instanceKlass org/apache/logging/log4j/core/appender/rolling/action/AbstractAction
instanceKlass org/apache/logging/log4j/core/appender/rolling/action/Action
instanceKlass org/apache/logging/log4j/core/appender/rolling/AbstractRolloverStrategy
instanceKlass org/apache/logging/log4j/core/appender/rolling/RolloverStrategy
instanceKlass org/apache/logging/log4j/core/config/arbiters/DefaultArbiter
instanceKlass org/apache/logging/log4j/core/config/CustomLevels
instanceKlass org/apache/logging/log4j/core/config/CustomLevelConfig
instanceKlass org/apache/logging/log4j/core/layout/AbstractLayout
instanceKlass org/apache/logging/log4j/core/StringLayout
instanceKlass org/apache/logging/log4j/core/appender/rolling/TriggeringPolicy
instanceKlass org/apache/logging/log4j/core/appender/db/jdbc/ConnectionSource
instanceKlass org/apache/logging/log4j/core/appender/db/ColumnMapping
instanceKlass org/apache/logging/log4j/core/appender/db/jdbc/ColumnConfig
instanceKlass org/apache/logging/log4j/core/config/arbiters/ClassArbiter
instanceKlass org/apache/logging/log4j/core/config/arbiters/Arbiter
instanceKlass org/apache/logging/log4j/core/async/AsyncWaitStrategyFactoryConfig
instanceKlass org/apache/logging/log4j/core/async/ArrayBlockingQueueFactory
instanceKlass org/apache/logging/log4j/core/async/BlockingQueueFactory
instanceKlass org/apache/logging/log4j/core/appender/AppenderSet
instanceKlass org/apache/logging/log4j/core/config/AppendersPlugin
instanceKlass org/apache/logging/log4j/core/config/AppenderRef
instanceKlass org/apache/logging/log4j/core/pattern/AnsiConverter
instanceKlass org/apache/logging/log4j/core/pattern/ArrayPatternConverter
instanceKlass org/apache/logging/log4j/core/impl/LocationAware
instanceKlass org/apache/logging/log4j/core/pattern/AbstractPatternConverter
instanceKlass org/apache/logging/log4j/core/pattern/PatternConverter
instanceKlass org/apache/logging/log4j/core/config/plugins/util/PluginType
instanceKlass org/apache/logging/log4j/core/config/builder/api/ConfigurationBuilderFactory
instanceKlass java/util/TreeMap$PrivateEntryIterator
instanceKlass  @bci org/apache/logging/log4j/core/config/plugins/processor/PluginCache loadCacheFiles (Ljava/util/Enumeration;)V 137 <adapter> ; # java/lang/invoke/LambdaForm$MH+0x0000000095064c00
# instanceKlass java/lang/invoke/LambdaForm$DMH+0x0000000095064800
instanceKlass  @bci org/apache/logging/log4j/core/config/plugins/processor/PluginCache loadCacheFiles (Ljava/util/Enumeration;)V 137 <appendix> form vmentry <vmtarget> ; # java/lang/invoke/LambdaForm$DMH+0x0000000095064400
instanceKlass  @bci org/apache/logging/log4j/core/config/plugins/processor/PluginCache loadCacheFiles (Ljava/util/Enumeration;)V 137 <appendix> member <vmtarget> ; # org/apache/logging/log4j/core/config/plugins/processor/PluginCache$$Lambda+0x0000000095061b80
instanceKlass  @cpi org/apache/logging/log4j/core/config/plugins/processor/PluginCache 249 form vmentry <vmtarget> ; # java/lang/invoke/LambdaForm$DMH+0x0000000095064000
instanceKlass org/apache/logging/log4j/core/config/plugins/processor/PluginEntry
instanceKlass  @bci org/apache/logging/log4j/core/config/plugins/processor/PluginCache getCategory (Ljava/lang/String;)Ljava/util/Map; 10 <appendix> argL0 ; # org/apache/logging/log4j/core/config/plugins/processor/PluginCache$$Lambda+0x00000000950616c0
instanceKlass jdk/internal/util/ByteArray
instanceKlass org/apache/logging/log4j/core/config/plugins/processor/PluginCache
instanceKlass org/apache/logging/log4j/core/config/plugins/util/ResolverUtil$Test
instanceKlass org/apache/logging/log4j/core/config/plugins/util/PluginRegistry
instanceKlass org/apache/logging/log4j/core/config/plugins/util/PluginManager
instanceKlass org/apache/logging/log4j/core/lookup/PropertiesLookup
instanceKlass org/apache/logging/log4j/core/lookup/LookupResult
instanceKlass org/apache/logging/log4j/core/lookup/AbstractLookup
instanceKlass org/apache/logging/log4j/core/config/LoggerContextAware
instanceKlass org/apache/logging/log4j/core/config/DefaultAdvertiser
instanceKlass org/apache/logging/log4j/core/config/Property
instanceKlass org/apache/logging/log4j/core/config/ConfigurationSource
instanceKlass org/apache/logging/log4j/core/async/AsyncLoggerConfigDelegate
instanceKlass org/apache/logging/log4j/core/util/Watcher
instanceKlass org/apache/logging/log4j/core/Appender
instanceKlass org/apache/logging/log4j/core/Layout
instanceKlass org/apache/logging/log4j/core/layout/Encoder
instanceKlass org/apache/logging/log4j/core/util/NanoClock
instanceKlass org/apache/logging/log4j/core/lookup/StrLookup
instanceKlass org/apache/logging/log4j/core/net/Advertiser
instanceKlass org/apache/logging/log4j/core/lookup/StrSubstitutor
instanceKlass org/apache/logging/log4j/core/config/ConfigurationAware
instanceKlass org/apache/logging/log4j/core/Filter
instanceKlass  @bci org/apache/logging/log4j/core/LoggerContext createInstanceFromFactoryProperty (Ljava/lang/Class;Ljava/lang/String;Ljava/lang/Object;)Ljava/lang/Object; 3 <appendix> member <vmtarget> ; # org/apache/logging/log4j/core/LoggerContext$$Lambda+0x000000009505b648
instanceKlass org/apache/logging/log4j/message/ReusableMessageFactory
instanceKlass org/apache/logging/log4j/internal/LogManagerStatus
instanceKlass java/lang/Shutdown$Lock
instanceKlass java/lang/Shutdown
instanceKlass java/lang/ApplicationShutdownHooks$1
instanceKlass java/lang/ApplicationShutdownHooks
instanceKlass java/lang/invoke/VarHandle$AccessDescriptor
instanceKlass jdk/internal/invoke/MhUtil
instanceKlass java/util/concurrent/atomic/AtomicReference
instanceKlass java/util/concurrent/Executors$DefaultThreadFactory
instanceKlass java/util/concurrent/Executors
instanceKlass org/apache/logging/log4j/core/util/Cancellable
instanceKlass org/apache/logging/log4j/core/util/DefaultShutdownCallbackRegistry
instanceKlass  @bci org/apache/logging/log4j/core/selector/ClassLoaderContextSelector <init> ()V 6 <appendix> member <vmtarget> ; # org/apache/logging/log4j/core/selector/ClassLoaderContextSelector$$Lambda+0x000000009505a420
instanceKlass org/apache/logging/log4j/core/AbstractLifeCycle
instanceKlass org/apache/logging/log4j/core/LifeCycle2
instanceKlass org/apache/logging/log4j/spi/LoggerContextShutdownEnabled
instanceKlass org/apache/logging/log4j/core/config/ConfigurationListener
instanceKlass org/apache/logging/log4j/spi/Terminable
instanceKlass org/apache/logging/log4j/core/selector/ClassLoaderContextSelector
instanceKlass org/apache/logging/log4j/spi/LoggerContextShutdownAware
instanceKlass org/apache/logging/log4j/core/util/internal/SystemUtils
instanceKlass  @bci org/apache/logging/log4j/util/LoaderUtil newCheckedInstanceOfProperty (Ljava/lang/String;Ljava/lang/Class;)Ljava/lang/Object; 2 <appendix> argL0 ; # org/apache/logging/log4j/util/LoaderUtil$$Lambda+0x0000000095058aa0
instanceKlass org/apache/logging/log4j/core/util/Loader
instanceKlass org/apache/logging/log4j/util/Constants
instanceKlass org/apache/logging/log4j/core/util/Constants
instanceKlass  @bci org/apache/logging/log4j/util/ProviderUtil selectProvider (Lorg/apache/logging/log4j/util/PropertiesUtil;Ljava/util/Collection;Lorg/apache/logging/log4j/Logger;)Lorg/apache/logging/log4j/spi/Provider; 376 <appendix> argL0 ; # org/apache/logging/log4j/util/ProviderUtil$$Lambda+0x0000000095058248
instanceKlass java/util/stream/ReduceOps$2ReducingSink
instanceKlass java/util/stream/ReduceOps$AccumulatingSink
instanceKlass java/util/stream/ReduceOps$ReduceOp
instanceKlass java/util/stream/ReduceOps
instanceKlass  @bci java/util/function/BinaryOperator maxBy (Ljava/util/Comparator;)Ljava/util/function/BinaryOperator; 6 <appendix> member <vmtarget> ; # java/util/function/BinaryOperator$$Lambda+0x0000000095010608
instanceKlass java/util/function/BinaryOperator
instanceKlass java/util/HashMap$HashMapSpliterator
instanceKlass  @bci java/util/Comparator comparing (Ljava/util/function/Function;)Ljava/util/Comparator; 6 <appendix> member <vmtarget> ; # java/util/Comparator$$Lambda+0x0000000095010360
instanceKlass jdk/internal/classfile/impl/BytecodeHelpers$1
instanceKlass java/lang/invoke/TypeConvertingMethodAdapter$1
instanceKlass java/lang/classfile/constantpool/IntegerEntry
instanceKlass sun/invoke/util/BytecodeDescriptor
instanceKlass java/lang/classfile/constantpool/StringEntry
instanceKlass java/lang/classfile/constantpool/ConstantValueEntry
instanceKlass java/lang/invoke/InnerClassLambdaMetafactory$4
instanceKlass java/lang/invoke/InnerClassLambdaMetafactory$SerializationSupport
instanceKlass  @cpi org/matsim/guice/MatsimGrapher 316 form vmentry <vmtarget> ; # java/lang/invoke/LambdaForm$DMH+0x000000009505c000
instanceKlass  @bci org/apache/logging/log4j/util/ProviderUtil selectProvider (Lorg/apache/logging/log4j/util/PropertiesUtil;Ljava/util/Collection;Lorg/apache/logging/log4j/Logger;)Lorg/apache/logging/log4j/spi/Provider; 256 <appendix> argL0 ; # org/apache/logging/log4j/util/ProviderUtil$$Lambda+0x0000000095058000
instanceKlass java/util/TimSort
instanceKlass java/util/Arrays$LegacyMergeSort
instanceKlass java/util/stream/FindOps$FindOp
instanceKlass  @bci java/util/stream/FindOps$FindSink$OfRef <clinit> ()V 6 <appendix> argL0 ; # java/util/stream/FindOps$FindSink$OfRef$$Lambda+0x800000048
instanceKlass  @bci java/util/stream/FindOps$FindSink$OfRef <clinit> ()V 0 <appendix> argL0 ; # java/util/stream/FindOps$FindSink$OfRef$$Lambda+0x800000049
instanceKlass java/util/stream/FindOps$FindSink
instanceKlass java/util/stream/FindOps
instanceKlass  @bci org/apache/logging/log4j/util/PropertiesUtil$Environment get (Ljava/lang/String;)Ljava/lang/String; 35 <appendix> argL0 ; # org/apache/logging/log4j/util/PropertiesUtil$Environment$$Lambda+0x0000000095051c00
instanceKlass  @bci org/apache/logging/log4j/util/PropertiesUtil$Environment get (Ljava/lang/String;)Ljava/lang/String; 25 <appendix> member <vmtarget> ; # org/apache/logging/log4j/util/PropertiesUtil$Environment$$Lambda+0x0000000095053db0
instanceKlass java/util/stream/SortedOps
instanceKlass org/apache/logging/log4j/util/PropertySource$Comparator
instanceKlass  @bci java/util/regex/Pattern union (Ljava/util/regex/Pattern$CharPredicate;Ljava/util/regex/Pattern$CharPredicate;Z)Ljava/util/regex/Pattern$CharPredicate; 6 <appendix> member <vmtarget> ; # java/util/regex/Pattern$$Lambda+0x800000030
instanceKlass  @bci java/util/regex/Pattern Range (II)Ljava/util/regex/Pattern$CharPredicate; 23 <appendix> member <vmtarget> ; # java/util/regex/Pattern$$Lambda+0x800000028
instanceKlass  @bci java/util/regex/Pattern Single (I)Ljava/util/regex/Pattern$BmpCharPredicate; 1 <appendix> member <vmtarget> ; # java/util/regex/Pattern$$Lambda+0x800000027
instanceKlass org/apache/logging/log4j/util/PropertySource$Util
instanceKlass org/apache/logging/log4j/util/Cast
instanceKlass org/apache/logging/log4j/util/LazyUtil$1
instanceKlass org/apache/logging/log4j/util/LazyUtil
instanceKlass org/apache/logging/log4j/util/SystemPropertiesPropertySource
instanceKlass org/apache/logging/log4j/util/EnvironmentPropertySource
instanceKlass  @bci org/apache/logging/log4j/util/PropertiesUtil$Environment <init> (Lorg/apache/logging/log4j/util/PropertySource;)V 99 <appendix> member <vmtarget> ; # org/apache/logging/log4j/util/PropertiesUtil$Environment$$Lambda+0x0000000095052b80
instanceKlass java/lang/classfile/constantpool/InterfaceMethodRefEntry
instanceKlass java/util/Collections$SynchronizedCollection
instanceKlass java/util/Properties$EntrySet
instanceKlass  @bci org/apache/logging/log4j/util/PropertiesUtil$Environment <init> (Lorg/apache/logging/log4j/util/PropertySource;)V 34 <appendix> argL0 ; # org/apache/logging/log4j/util/PropertiesUtil$Environment$$Lambda+0x0000000095052930
instanceKlass  @cpi zmq/Ctx 766 form vmentry <vmtarget> ; # java/lang/invoke/LambdaForm$DMH+0x0000000095051800
instanceKlass org/apache/logging/log4j/util/BiConsumer
instanceKlass org/apache/logging/log4j/util/PropertiesUtil$Environment
instanceKlass org/apache/logging/log4j/util/PropertiesPropertySource
instanceKlass  @bci java/util/regex/CharPredicates ASCII_WORD ()Ljava/util/regex/Pattern$BmpCharPredicate; 0 <appendix> argL0 ; # java/util/regex/CharPredicates$$Lambda+0x000000009500da20
instanceKlass  @bci java/util/regex/CharPredicates ASCII_SPACE ()Ljava/util/regex/Pattern$BmpCharPredicate; 0 <appendix> argL0 ; # java/util/regex/CharPredicates$$Lambda+0x800000025
instanceKlass  @bci java/util/regex/CharPredicates ASCII_DIGIT ()Ljava/util/regex/Pattern$BmpCharPredicate; 0 <appendix> argL0 ; # java/util/regex/CharPredicates$$Lambda+0x800000024
instanceKlass  @bci org/apache/logging/log4j/util/PropertiesUtil <clinit> ()V 6 <appendix> argL0 ; # org/apache/logging/log4j/util/PropertiesUtil$$Lambda+0x0000000095057d98
instanceKlass org/apache/logging/log4j/util/PropertySource
instanceKlass org/apache/logging/log4j/util/PropertiesUtil
instanceKlass org/apache/logging/log4j/util/LoaderUtil$ThreadContextClassLoaderGetter
instanceKlass  @bci org/apache/logging/log4j/util/LoaderUtil <clinit> ()V 23 <appendix> argL0 ; # org/apache/logging/log4j/util/LoaderUtil$$Lambda+0x0000000095057518
instanceKlass  @cpi org/apache/logging/log4j/util/LoaderUtil 455 form vmentry <vmtarget> ; # java/lang/invoke/LambdaForm$DMH+0x0000000095051400
# instanceKlass java/lang/invoke/LambdaForm$DMH+0x0000000095051000
instanceKlass org/apache/logging/log4j/util/LazyBoolean
instanceKlass java/util/function/BooleanSupplier
instanceKlass java/security/Permission
instanceKlass java/security/Guard
instanceKlass org/apache/logging/log4j/util/LoaderUtil
instanceKlass  @bci org/apache/logging/log4j/core/impl/Log4jProvider <init> ()V 27 <appendix> member <vmtarget> ; # org/apache/logging/log4j/core/impl/Log4jProvider$$Lambda+0x0000000095056c28
instanceKlass org/apache/logging/log4j/util/LazyUtil$SafeLazy
instanceKlass org/apache/logging/log4j/util/Lazy
instanceKlass  @bci org/apache/logging/log4j/core/impl/Log4jProvider <init> ()V 14 <appendix> argL0 ; # org/apache/logging/log4j/core/impl/Log4jProvider$$Lambda+0x0000000095056560
instanceKlass org/apache/logging/log4j/core/selector/ContextSelector
instanceKlass org/apache/logging/log4j/core/config/Configuration
instanceKlass org/apache/logging/log4j/core/filter/Filterable
instanceKlass org/apache/logging/log4j/core/LifeCycle
instanceKlass org/apache/logging/log4j/spi/LoggerContext
instanceKlass org/apache/logging/log4j/core/impl/Log4jContextFactory
instanceKlass org/apache/logging/log4j/core/util/ShutdownCallbackRegistry
instanceKlass java/util/ServiceLoader$ProviderImpl
instanceKlass java/util/ServiceLoader$Provider
instanceKlass org/apache/logging/log4j/spi/ThreadContextMap
instanceKlass org/apache/logging/log4j/spi/LoggerContextFactory
instanceKlass java/util/LinkedHashMap$LinkedHashIterator
instanceKlass java/nio/charset/CoderResult
instanceKlass java/io/Reader
instanceKlass java/lang/Readable
instanceKlass sun/net/www/MessageHeader
instanceKlass sun/net/www/protocol/jar/JarFileFactory
instanceKlass sun/net/www/protocol/jar/URLJarFile$URLJarFileCloseController
instanceKlass java/net/URLConnection
instanceKlass java/util/SequencedSet
instanceKlass jdk/internal/loader/URLClassPath$1
instanceKlass java/lang/CompoundEnumeration
instanceKlass jdk/internal/loader/BuiltinClassLoader$1
instanceKlass java/util/Collections$EmptyEnumeration
instanceKlass java/util/stream/Sink$ChainedReference
instanceKlass java/util/stream/ForEachOps$ForEachOp
instanceKlass java/util/stream/TerminalSink
instanceKlass java/util/stream/Sink
instanceKlass java/util/stream/TerminalOp
instanceKlass java/util/stream/ForEachOps
instanceKlass  @bci org/apache/logging/log4j/util/ProviderUtil lazyInit ()V 48 <appendix> argL0 ; # org/apache/logging/log4j/util/ProviderUtil$$Lambda+0x0000000095054d90
instanceKlass  @cpi com/google/inject/spi/BindingSourceRestriction 106 form vmentry <vmtarget> ; # java/lang/invoke/LambdaForm$DMH+0x0000000095050c00
instanceKlass  @bci org/apache/logging/log4j/util/ProviderUtil lazyInit ()V 38 <appendix> argL0 ; # org/apache/logging/log4j/util/ProviderUtil$$Lambda+0x0000000095054b38
instanceKlass  @bci org/apache/logging/log4j/util/ServiceLoaderUtil safeStream (Ljava/lang/Class;Ljava/util/ServiceLoader;Lorg/apache/logging/log4j/Logger;)Ljava/util/stream/Stream; 71 <appendix> member <vmtarget> ; # org/apache/logging/log4j/util/ServiceLoaderUtil$$Lambda+0x00000000950548d8
instanceKlass java/util/function/Predicate
instanceKlass org/apache/logging/log4j/util/OsgiServiceLocator
instanceKlass org/apache/logging/log4j/util/StackLocator
instanceKlass org/apache/logging/log4j/util/StackLocatorUtil
instanceKlass java/util/ServiceLoader$2
instanceKlass java/util/ServiceLoader$1
instanceKlass java/util/ServiceLoader$LazyClassPathLookupIterator
instanceKlass java/util/ImmutableCollections$Set12$1
instanceKlass java/util/ImmutableCollections$SetN$SetNIterator
instanceKlass java/util/Spliterators$1Adapter
instanceKlass java/util/EnumMap$1
instanceKlass java/util/stream/StreamOpFlag$MaskBuilder
instanceKlass java/util/stream/Stream
instanceKlass java/util/stream/BaseStream
instanceKlass java/util/stream/PipelineHelper
instanceKlass java/util/stream/StreamSupport
instanceKlass java/util/Spliterators$ArraySpliterator
instanceKlass java/util/Spliterators
instanceKlass jdk/internal/loader/AbstractClassLoaderValue$Memoizer
instanceKlass java/util/ServiceLoader$ModuleServicesLookupIterator
instanceKlass java/util/Spliterators$AbstractSpliterator
instanceKlass java/util/Spliterator
instanceKlass org/apache/logging/log4j/util/ServiceLoaderUtil
instanceKlass java/util/ServiceLoader
instanceKlass org/apache/logging/log4j/spi/Provider
instanceKlass org/apache/logging/log4j/util/ProviderUtil
instanceKlass java/lang/invoke/VarForm
instanceKlass java/lang/invoke/VarHandleGuards
instanceKlass java/lang/invoke/VarHandles
instanceKlass java/util/concurrent/ConcurrentLinkedQueue$Node
instanceKlass java/util/concurrent/locks/ReentrantReadWriteLock$WriteLock
instanceKlass java/util/concurrent/locks/ReentrantReadWriteLock$ReadLock
instanceKlass java/util/concurrent/locks/ReentrantReadWriteLock
instanceKlass org/apache/logging/log4j/message/ExitMessage
instanceKlass org/apache/logging/log4j/message/EntryMessage
instanceKlass org/apache/logging/log4j/message/FlowMessage
instanceKlass org/apache/logging/log4j/status/StatusConsoleListener
instanceKlass  @bci java/util/regex/Pattern negate (Ljava/util/regex/Pattern$CharPredicate;)Ljava/util/regex/Pattern$CharPredicate; 1 <appendix> member <vmtarget> ; # java/util/regex/Pattern$$Lambda+0x80000002f
instanceKlass  @bci java/util/regex/CharPredicates forUnicodeBlock (Ljava/lang/String;)Ljava/util/regex/Pattern$CharPredicate; 6 <appendix> member <vmtarget> ; # java/util/regex/CharPredicates$$Lambda+0x0000000095005470
instanceKlass java/lang/Character$Subset
instanceKlass java/util/regex/CharPredicates
instanceKlass java/util/regex/Pattern$TreeInfo
instanceKlass java/util/regex/Pattern$BitClass
instanceKlass java/util/regex/Pattern$BmpCharPredicate
instanceKlass java/util/regex/IntHashSet
instanceKlass java/util/regex/Matcher
instanceKlass java/util/regex/MatchResult
instanceKlass java/util/ArrayList$Itr
instanceKlass  @bci java/util/regex/Pattern DOT ()Ljava/util/regex/Pattern$CharPredicate; 0 <appendix> argL0 ; # java/util/regex/Pattern$$Lambda+0x00000000950045d8
instanceKlass java/util/regex/Pattern$CharPredicate
instanceKlass java/util/regex/ASCII
instanceKlass java/util/regex/Pattern$Node
instanceKlass java/util/regex/Pattern
instanceKlass  @bci org/apache/logging/log4j/status/StatusLogger$PropertiesUtilsDouble normalizeProperties ([Ljava/util/Properties;)Ljava/util/Map; 31 <appendix> member <vmtarget> ; # org/apache/logging/log4j/status/StatusLogger$PropertiesUtilsDouble$$Lambda+0x000000009504eac0
instanceKlass  @cpi org/matsim/contrib/dvrp/run/DvrpQSimComponents 144 form vmentry <vmtarget> ; # java/lang/invoke/LambdaForm$DMH+0x0000000095050800
instanceKlass java/util/function/BiConsumer
instanceKlass jdk/internal/jimage/ImageLocation
instanceKlass jdk/internal/jimage/decompressor/Decompressor
instanceKlass jdk/internal/jimage/ImageStringsReader
instanceKlass jdk/internal/jimage/ImageStrings
instanceKlass jdk/internal/jimage/ImageHeader
instanceKlass jdk/internal/reflect/Reflection$1Holder
instanceKlass jdk/internal/jimage/NativeImageBuffer$1
instanceKlass jdk/internal/jimage/NativeImageBuffer
instanceKlass java/security/AccessControlContext
instanceKlass java/security/AccessController
instanceKlass jdk/internal/jimage/BasicImageReader$1
instanceKlass java/security/PrivilegedAction
instanceKlass jdk/internal/jimage/BasicImageReader
instanceKlass jdk/internal/jimage/ImageReader
instanceKlass jdk/internal/jimage/ImageReaderFactory$1
instanceKlass sun/reflect/annotation/AnnotationParser
instanceKlass jdk/internal/jimage/ImageReaderFactory
instanceKlass jdk/internal/module/SystemModuleFinders$SystemImage
instanceKlass jdk/internal/module/SystemModuleFinders$SystemModuleReader
instanceKlass java/lang/module/ModuleReader
instanceKlass jdk/internal/loader/BuiltinClassLoader$2
instanceKlass jdk/internal/module/Resources
instanceKlass java/util/Collections$UnmodifiableMap$UnmodifiableEntrySet$UnmodifiableEntry
instanceKlass java/util/Collections$UnmodifiableMap$UnmodifiableEntrySet$1
instanceKlass java/util/Collections$UnmodifiableCollection
instanceKlass java/util/TreeMap$Entry
instanceKlass java/lang/ProcessEnvironment$CheckedEntry
instanceKlass java/lang/ProcessEnvironment$CheckedEntrySet$1
instanceKlass java/util/NavigableMap
instanceKlass java/util/SortedMap
instanceKlass java/lang/ProcessEnvironment$EntryComparator
instanceKlass java/lang/ProcessEnvironment$NameComparator
instanceKlass org/apache/logging/log4j/status/StatusLogger$PropertiesUtilsDouble
instanceKlass org/apache/logging/log4j/status/StatusLogger$Config
instanceKlass org/apache/logging/log4j/status/StatusLogger$InstanceHolder
instanceKlass java/util/RegularEnumSet$EnumSetIterator
instanceKlass  @bci org/apache/logging/log4j/util/Strings <clinit> ()V 0 <appendix> argL0 ; # org/apache/logging/log4j/util/Strings$$Lambda+0x000000009504df50
instanceKlass org/apache/logging/log4j/util/Strings
# instanceKlass java/lang/invoke/LambdaForm$MH+0x0000000095050400
instanceKlass java/lang/invoke/LambdaFormBuffer
instanceKlass java/lang/invoke/LambdaFormEditor$TransformKey
instanceKlass java/lang/invoke/LambdaFormEditor
instanceKlass java/lang/invoke/DelegatingMethodHandle$Holder
instanceKlass  @cpi zmq/util/Errno 81 form vmentry <vmtarget> ; # java/lang/invoke/LambdaForm$DMH+0x0000000095050000
instanceKlass java/util/ImmutableCollections$ListItr
instanceKlass java/util/ListIterator
instanceKlass jdk/internal/classfile/impl/AnnotationReader
instanceKlass jdk/internal/classfile/impl/TerminalFieldBuilder
instanceKlass java/lang/classfile/FieldBuilder
instanceKlass java/lang/invoke/InvokerBytecodeGenerator$2
instanceKlass sun/invoke/empty/Empty
instanceKlass sun/invoke/util/VerifyType
instanceKlass java/lang/invoke/InvokerBytecodeGenerator$4$1
instanceKlass java/lang/classfile/constantpool/FieldRefEntry
instanceKlass java/lang/invoke/InvokerBytecodeGenerator$4
instanceKlass java/lang/classfile/attribute/SourceFileAttribute
instanceKlass java/lang/classfile/Superclass
instanceKlass java/lang/invoke/InvokerBytecodeGenerator$1
instanceKlass java/lang/invoke/InvokerBytecodeGenerator$3
instanceKlass jdk/internal/reflect/MethodHandleAccessorFactory$LazyStaticHolder
instanceKlass org/apache/logging/log4j/Level
instanceKlass  @bci org/apache/logging/log4j/spi/AbstractLogger <clinit> ()V 142 <appendix> argL0 ; # org/apache/logging/log4j/spi/AbstractLogger$$Lambda+0x000000009504d298
instanceKlass org/apache/logging/log4j/internal/DefaultLogBuilder
instanceKlass org/apache/logging/log4j/BridgeAware
instanceKlass org/apache/logging/log4j/message/DefaultFlowMessageFactory
instanceKlass org/apache/logging/log4j/message/FlowMessageFactory
instanceKlass org/apache/logging/log4j/message/AbstractMessageFactory
instanceKlass  @bci org/apache/logging/log4j/MarkerManager getMarker (Ljava/lang/String;)Lorg/apache/logging/log4j/Marker; 4 <appendix> argL0 ; # org/apache/logging/log4j/MarkerManager$$Lambda+0x000000009504bd38
instanceKlass org/apache/logging/log4j/MarkerManager$Log4jMarker
instanceKlass org/apache/logging/log4j/util/StringBuilderFormattable
instanceKlass org/apache/logging/log4j/Marker
instanceKlass org/apache/logging/log4j/MarkerManager
instanceKlass org/apache/logging/log4j/status/StatusListener
instanceKlass java/util/EventListener
instanceKlass java/util/concurrent/locks/ReadWriteLock
instanceKlass org/apache/logging/log4j/LogBuilder
instanceKlass org/apache/logging/log4j/message/Message
instanceKlass org/apache/logging/log4j/message/MessageFactory2
instanceKlass org/apache/logging/log4j/spi/AbstractLogger
instanceKlass org/apache/logging/log4j/spi/LocationAwareLogger
instanceKlass org/apache/logging/log4j/spi/ExtendedLogger
instanceKlass org/apache/logging/log4j/message/MessageFactory
instanceKlass org/apache/logging/log4j/Logger
instanceKlass org/apache/logging/log4j/LogManager
instanceKlass org/matsim/core/config/CommandLine
instanceKlass java/util/Arrays$ArrayItr
instanceKlass java/util/Collections$1
instanceKlass org/matsim/core/config/CommandLine$Builder
instanceKlass java/lang/PublicMethods$Key
instanceKlass java/lang/PublicMethods$MethodList
instanceKlass com/google/inject/AbstractModule
instanceKlass org/matsim/core/controler/AbstractModule
instanceKlass com/google/inject/Module
instanceKlass org/matsim/core/config/ConfigGroup
instanceKlass org/matsim/core/api/internal/MatsimExtensionPoint
instanceKlass jdk/internal/misc/MethodFinder
instanceKlass org/eqasim/bavaria/RunSimulationWithFleetPy
instanceKlass java/security/PermissionCollection
instanceKlass java/security/SecureClassLoader$1
instanceKlass java/util/zip/Checksum$1
instanceKlass java/util/zip/CRC32
instanceKlass java/util/zip/Checksum
instanceKlass sun/nio/ByteBuffered
instanceKlass java/lang/Package$VersionInfo
instanceKlass java/lang/NamedPackage
instanceKlass java/util/SequencedMap
instanceKlass java/util/jar/Attributes
instanceKlass jdk/internal/loader/Resource
instanceKlass sun/security/util/Debug
instanceKlass sun/security/util/SignatureFileVerifier
instanceKlass java/util/zip/ZipFile$InflaterCleanupAction
instanceKlass java/util/zip/Inflater$InflaterZStreamRef
instanceKlass java/util/zip/Inflater
instanceKlass java/util/zip/ZipEntry
instanceKlass java/nio/Bits$1
instanceKlass jdk/internal/misc/VM$BufferPool
instanceKlass java/nio/Bits
instanceKlass sun/nio/ch/DirectBuffer
instanceKlass jdk/internal/perf/PerfCounter$CoreCounters
instanceKlass jdk/internal/perf/Perf
instanceKlass jdk/internal/perf/PerfCounter
instanceKlass java/nio/file/attribute/FileTime
instanceKlass java/lang/invoke/Invokers$Holder
instanceKlass java/lang/invoke/DirectMethodHandle$2
instanceKlass java/lang/invoke/ClassSpecializer$Factory
instanceKlass java/lang/invoke/ClassSpecializer$SpeciesData
instanceKlass java/lang/invoke/ClassSpecializer$1
instanceKlass jdk/internal/vm/annotation/Stable
instanceKlass java/lang/invoke/ClassSpecializer
instanceKlass java/lang/invoke/MethodHandleImpl$1
instanceKlass jdk/internal/access/JavaLangInvokeAccess
instanceKlass  @bci java/util/zip/ZipFile$Source initCEN (ILjava/util/zip/ZipCoder;)V 507 <appendix> argL0 ; # java/util/zip/ZipFile$Source$$Lambda+0x0000000095000600
instanceKlass jdk/internal/util/ModifiedUtf
instanceKlass jdk/internal/classfile/impl/ClassReaderImpl
instanceKlass java/lang/classfile/ClassReader
instanceKlass jdk/internal/classfile/impl/ClassHierarchyImpl$CachedClassHierarchyResolver$1
instanceKlass java/lang/classfile/ClassHierarchyResolver$ClassHierarchyInfo
instanceKlass jdk/internal/classfile/impl/ClassHierarchyImpl$CachedClassHierarchyResolver
instanceKlass jdk/internal/classfile/impl/ClassHierarchyImpl$ClassLoadingClassHierarchyResolver$1
instanceKlass jdk/internal/classfile/impl/ClassHierarchyImpl$ClassLoadingClassHierarchyResolver
instanceKlass java/lang/classfile/ClassHierarchyResolver
instanceKlass jdk/internal/classfile/impl/ClassHierarchyImpl
instanceKlass jdk/internal/classfile/impl/RawBytecodeHelper$1
instanceKlass jdk/internal/classfile/impl/RawBytecodeHelper
instanceKlass jdk/internal/classfile/impl/StackMapGenerator$Frame
instanceKlass jdk/internal/classfile/impl/StackMapGenerator
instanceKlass java/lang/classfile/CustomAttribute
instanceKlass jdk/internal/classfile/impl/BytecodeHelpers
instanceKlass java/lang/invoke/TypeConvertingMethodAdapter
instanceKlass jdk/internal/classfile/impl/DirectCodeBuilder$8
instanceKlass java/lang/invoke/InnerClassLambdaMetafactory$6
instanceKlass java/lang/classfile/constantpool/MethodRefEntry
instanceKlass java/lang/classfile/constantpool/MemberRefEntry
instanceKlass java/lang/classfile/constantpool/NameAndTypeEntry
instanceKlass java/lang/classfile/instruction/LabelTarget
instanceKlass java/lang/classfile/Label
instanceKlass jdk/internal/classfile/impl/BufWriterImpl
instanceKlass java/lang/classfile/BufWriter
instanceKlass java/lang/classfile/instruction/LocalVariableType
instanceKlass java/lang/classfile/instruction/LocalVariable
instanceKlass java/lang/classfile/instruction/CharacterRange
instanceKlass java/lang/classfile/PseudoInstruction
instanceKlass java/lang/classfile/CodeElement
instanceKlass jdk/internal/classfile/impl/TerminalCodeBuilder
instanceKlass jdk/internal/classfile/impl/LabelContext
instanceKlass java/lang/classfile/CodeBuilder
instanceKlass jdk/internal/classfile/impl/TerminalMethodBuilder
instanceKlass jdk/internal/classfile/impl/MethodInfo
instanceKlass java/lang/classfile/MethodBuilder
instanceKlass java/lang/invoke/InnerClassLambdaMetafactory$3
instanceKlass java/lang/classfile/Interfaces
instanceKlass java/util/ImmutableCollections$Access$1
instanceKlass jdk/internal/access/JavaUtilCollectionAccess
instanceKlass java/util/ImmutableCollections$Access
instanceKlass jdk/internal/classfile/impl/AttributeHolder
instanceKlass java/lang/classfile/ClassBuilder
instanceKlass java/lang/classfile/ClassFileBuilder
instanceKlass jdk/internal/classfile/impl/AbstractDirectBuilder
instanceKlass java/lang/invoke/InnerClassLambdaMetafactory$1
instanceKlass java/util/function/Consumer
instanceKlass jdk/internal/classfile/impl/ClassFileImpl
instanceKlass java/lang/classfile/ClassFile
instanceKlass java/lang/invoke/LambdaProxyClassArchive
instanceKlass java/lang/classfile/constantpool/ClassEntry
instanceKlass java/lang/classfile/constantpool/LoadableConstantEntry
instanceKlass jdk/internal/classfile/impl/Util
instanceKlass jdk/internal/classfile/impl/EntryMap
instanceKlass jdk/internal/classfile/impl/BootstrapMethodEntryImpl
instanceKlass java/lang/classfile/BootstrapMethodEntry
instanceKlass jdk/internal/classfile/impl/SplitConstantPool
instanceKlass java/lang/invoke/InfoFromMemberName
instanceKlass java/lang/invoke/MethodHandleInfo
instanceKlass java/lang/invoke/AbstractValidatingLambdaMetafactory
instanceKlass java/lang/invoke/BootstrapMethodInvoker
instanceKlass java/lang/invoke/InvokerBytecodeGenerator$8
instanceKlass jdk/internal/classfile/impl/AbstractAttributeMapper
instanceKlass java/lang/classfile/AttributeMapper
instanceKlass java/lang/classfile/Attributes
instanceKlass jdk/internal/classfile/impl/Util$Writable
instanceKlass jdk/internal/classfile/impl/AbstractElement
instanceKlass java/lang/classfile/attribute/RuntimeVisibleAnnotationsAttribute
instanceKlass java/lang/classfile/FieldElement
instanceKlass java/lang/classfile/MethodElement
instanceKlass java/lang/classfile/ClassElement
instanceKlass java/lang/classfile/Attribute
instanceKlass java/lang/classfile/ClassFileElement
instanceKlass java/lang/classfile/constantpool/Utf8Entry
instanceKlass java/lang/classfile/constantpool/AnnotationConstantValueEntry
instanceKlass java/lang/classfile/constantpool/PoolEntry
instanceKlass jdk/internal/classfile/impl/AbstractPoolEntry
instanceKlass jdk/internal/classfile/impl/TemporaryConstantPool
instanceKlass java/lang/classfile/constantpool/ConstantPoolBuilder
instanceKlass java/lang/classfile/constantpool/ConstantPool
instanceKlass java/lang/classfile/Annotation
instanceKlass java/lang/classfile/AnnotationElement
instanceKlass java/lang/invoke/InvokerBytecodeGenerator
instanceKlass java/lang/invoke/LambdaForm$Holder
instanceKlass java/lang/invoke/LambdaForm$Name
instanceKlass java/lang/reflect/Array
instanceKlass java/lang/invoke/Invokers
instanceKlass sun/invoke/util/ValueConversions
instanceKlass java/lang/invoke/DirectMethodHandle$Holder
instanceKlass java/lang/invoke/LambdaForm$NamedFunction
instanceKlass java/lang/constant/DynamicConstantDesc
instanceKlass jdk/internal/constant/DirectMethodHandleDescImpl$1
instanceKlass jdk/internal/constant/DirectMethodHandleDescImpl
instanceKlass java/lang/constant/DirectMethodHandleDesc
instanceKlass java/lang/constant/MethodHandleDesc$1
instanceKlass java/lang/constant/MethodHandleDesc
instanceKlass jdk/internal/constant/MethodTypeDescImpl
instanceKlass java/lang/constant/MethodTypeDesc
instanceKlass jdk/internal/constant/ConstantUtils
instanceKlass jdk/internal/constant/ArrayClassDescImpl
instanceKlass jdk/internal/constant/ClassOrInterfaceDescImpl
instanceKlass java/lang/constant/ClassDesc
instanceKlass java/lang/constant/ConstantDescs
instanceKlass sun/invoke/util/Wrapper$Format
instanceKlass java/lang/invoke/MethodTypeForm
instanceKlass jdk/internal/util/StrongReferenceKey
instanceKlass jdk/internal/util/ReferenceKey
instanceKlass jdk/internal/util/ReferencedKeyMap
instanceKlass java/lang/invoke/MethodType$1
instanceKlass java/lang/invoke/LambdaMetafactory
instanceKlass java/util/zip/ZipUtils
instanceKlass java/util/zip/ZipFile$Source$End
instanceKlass java/io/RandomAccessFile$2
instanceKlass jdk/internal/access/JavaIORandomAccessFileAccess
instanceKlass java/io/RandomAccessFile
instanceKlass java/io/DataInput
instanceKlass java/io/DataOutput
instanceKlass sun/nio/fs/WindowsNativeDispatcher$CompletionStatus
instanceKlass sun/nio/fs/WindowsNativeDispatcher$AclInformation
instanceKlass sun/nio/fs/WindowsNativeDispatcher$Account
instanceKlass sun/nio/fs/WindowsNativeDispatcher$DiskFreeSpace
instanceKlass sun/nio/fs/WindowsNativeDispatcher$VolumeInformation
instanceKlass sun/nio/fs/WindowsNativeDispatcher$FirstStream
instanceKlass sun/nio/fs/WindowsNativeDispatcher$FirstFile
instanceKlass java/util/Enumeration
instanceKlass java/util/concurrent/ConcurrentHashMap$Traverser
instanceKlass jdk/internal/loader/NativeLibraries$2
instanceKlass jdk/internal/loader/NativeLibrary
instanceKlass java/util/ArrayDeque$DeqIterator
instanceKlass jdk/internal/loader/NativeLibraries$NativeLibraryContext$1
instanceKlass jdk/internal/loader/NativeLibraries$NativeLibraryContext
instanceKlass jdk/internal/loader/NativeLibraries$1
instanceKlass jdk/internal/loader/NativeLibraries$LibraryPaths
instanceKlass sun/nio/fs/WindowsNativeDispatcher
instanceKlass sun/nio/fs/NativeBuffer$Deallocator
instanceKlass sun/nio/fs/NativeBuffer
instanceKlass java/lang/ThreadLocal$ThreadLocalMap
instanceKlass java/lang/ThreadLocal
instanceKlass sun/nio/fs/NativeBuffers
instanceKlass sun/nio/fs/WindowsFileAttributes
instanceKlass java/nio/file/attribute/DosFileAttributes
instanceKlass sun/nio/fs/AbstractBasicFileAttributeView
instanceKlass sun/nio/fs/DynamicFileAttributeView
instanceKlass sun/nio/fs/WindowsFileAttributeViews
instanceKlass sun/nio/fs/Util
instanceKlass java/nio/file/attribute/BasicFileAttributeView
instanceKlass java/nio/file/attribute/FileAttributeView
instanceKlass java/nio/file/attribute/AttributeView
instanceKlass java/nio/file/Files
instanceKlass java/nio/file/CopyOption
instanceKlass java/nio/file/attribute/BasicFileAttributes
instanceKlass sun/nio/fs/WindowsPath
instanceKlass java/nio/file/Path
instanceKlass java/nio/file/Watchable
instanceKlass java/util/zip/ZipFile$Source$Key
instanceKlass sun/nio/fs/WindowsPathParser
instanceKlass java/nio/file/FileSystem
instanceKlass java/nio/file/OpenOption
instanceKlass java/nio/file/spi/FileSystemProvider
instanceKlass sun/nio/fs/DefaultFileSystemProvider
instanceKlass java/util/zip/ZipFile$Source
instanceKlass java/lang/ref/Cleaner$Cleanable
instanceKlass jdk/internal/ref/CleanerImpl$CleanableList$Node
instanceKlass jdk/internal/ref/CleanerImpl$CleanableList
instanceKlass jdk/internal/ref/CleanerImpl
instanceKlass java/lang/ref/Cleaner$1
instanceKlass java/lang/ref/Cleaner
instanceKlass jdk/internal/ref/CleanerFactory$1
instanceKlass java/util/concurrent/ThreadFactory
instanceKlass jdk/internal/ref/CleanerFactory
instanceKlass java/util/zip/ZipFile$CleanableResource
instanceKlass java/util/zip/ZipCoder
instanceKlass java/lang/Runtime$Version
instanceKlass java/util/jar/JavaUtilJarAccessImpl
instanceKlass jdk/internal/access/JavaUtilJarAccess
instanceKlass jdk/internal/loader/FileURLMapper
instanceKlass java/util/zip/ZipFile$1
instanceKlass jdk/internal/access/JavaUtilZipFileAccess
instanceKlass java/util/BitSet
instanceKlass java/util/zip/ZipFile
instanceKlass java/util/zip/ZipConstants
instanceKlass jdk/internal/loader/URLClassPath$Loader
instanceKlass sun/net/util/URLUtil
instanceKlass java/lang/StringCoding
instanceKlass sun/nio/cs/ArrayDecoder
instanceKlass java/nio/charset/CharsetDecoder
instanceKlass sun/launcher/LauncherHelper
instanceKlass java/util/Optional
instanceKlass sun/util/locale/LocaleUtils
instanceKlass java/util/Locale
instanceKlass sun/usagetracker/UsageTrackerClient
instanceKlass jdk/internal/util/EnvUtils
instanceKlass jdk/internal/vm/PostVMInitHook
instanceKlass jdk/internal/vm/ContinuationSupport
instanceKlass java/util/Deque
instanceKlass java/util/Queue
instanceKlass sun/net/util/IPAddressUtil$MASKS
instanceKlass sun/net/util/IPAddressUtil
instanceKlass java/net/URLStreamHandler
instanceKlass sun/net/www/ParseUtil
instanceKlass java/net/URL$1
instanceKlass jdk/internal/access/JavaNetURLAccess
instanceKlass java/net/URL$DefaultFactory
instanceKlass java/net/URLStreamHandlerFactory
instanceKlass jdk/internal/loader/URLClassPath
instanceKlass java/lang/Module$EnableNativeAccess
instanceKlass jdk/internal/loader/BootLoader
instanceKlass java/util/concurrent/ConcurrentHashMap$CollectionView
instanceKlass jdk/internal/loader/ClassLoaderHelper
instanceKlass java/lang/ClassLoader$ParallelLoaders
instanceKlass java/security/cert/Certificate
instanceKlass java/net/URI$1
instanceKlass jdk/internal/access/JavaNetUriAccess
instanceKlass jdk/internal/loader/AbstractClassLoaderValue
instanceKlass jdk/internal/module/ModuleBootstrap$Counters
instanceKlass jdk/internal/module/ModuleLoaderMap$Modules
instanceKlass jdk/internal/module/ModuleLoaderMap
instanceKlass jdk/internal/module/ModulePatcher
instanceKlass jdk/internal/util/DecimalDigits
instanceKlass java/io/FileSystem
instanceKlass java/io/DefaultFileSystem
instanceKlass java/io/File
instanceKlass java/lang/module/ModuleDescriptor$1
instanceKlass jdk/internal/access/JavaLangModuleAccess
instanceKlass sun/invoke/util/VerifyAccess
instanceKlass java/util/KeyValueHolder
instanceKlass java/util/ImmutableCollections$MapN$MapNIterator
instanceKlass java/lang/invoke/MethodHandles$Lookup
instanceKlass java/lang/invoke/MemberName$Factory
instanceKlass java/lang/invoke/MethodHandles
instanceKlass jdk/internal/module/ModuleBootstrap
instanceKlass java/util/HexFormat
instanceKlass jdk/internal/util/ClassFileDumper
instanceKlass java/lang/CharacterData
instanceKlass java/lang/invoke/MethodHandleStatics
instanceKlass java/util/Collections
instanceKlass java/lang/Thread$ThreadIdentifiers
instanceKlass sun/io/Win32ErrorMode
instanceKlass jdk/internal/misc/OSEnvironment
instanceKlass jdk/internal/misc/Signal$NativeHandler
instanceKlass java/util/Hashtable$Entry
instanceKlass jdk/internal/misc/Signal
instanceKlass java/lang/Terminator$1
instanceKlass jdk/internal/misc/Signal$Handler
instanceKlass java/lang/Terminator
instanceKlass java/nio/ByteOrder
instanceKlass java/nio/Buffer$2
instanceKlass jdk/internal/access/JavaNioAccess
instanceKlass java/nio/Buffer$1
instanceKlass jdk/internal/misc/ScopedMemoryAccess
instanceKlass java/nio/charset/CodingErrorAction
instanceKlass sun/nio/cs/SingleByte
instanceKlass java/lang/StringUTF16
instanceKlass sun/nio/cs/MS1252$Holder
instanceKlass sun/nio/cs/ArrayEncoder
instanceKlass java/nio/charset/CharsetEncoder
instanceKlass java/io/Writer
instanceKlass java/io/OutputStream
instanceKlass java/io/Flushable
instanceKlass java/io/FileDescriptor$1
instanceKlass jdk/internal/access/JavaIOFileDescriptorAccess
instanceKlass java/io/FileDescriptor
instanceKlass jdk/internal/util/StaticProperty
instanceKlass jdk/internal/reflect/MethodHandleAccessorFactory
instanceKlass jdk/internal/reflect/Reflection
instanceKlass java/lang/reflect/Modifier
instanceKlass java/lang/Class$Atomic
instanceKlass java/lang/Class$ReflectionData
instanceKlass java/nio/charset/StandardCharsets
instanceKlass sun/nio/cs/HistoricallyNamedCharset
instanceKlass java/util/Arrays
instanceKlass jdk/internal/util/Preconditions$3
instanceKlass jdk/internal/util/Preconditions$2
instanceKlass jdk/internal/util/Preconditions$4
instanceKlass java/util/function/BiFunction
instanceKlass jdk/internal/util/Preconditions$1
instanceKlass jdk/internal/util/Preconditions
instanceKlass java/nio/charset/spi/CharsetProvider
instanceKlass java/nio/charset/Charset
instanceKlass java/util/HashMap$HashIterator
instanceKlass java/util/Objects
instanceKlass java/util/concurrent/locks/LockSupport
instanceKlass java/util/concurrent/ConcurrentHashMap$CounterCell
instanceKlass java/util/concurrent/locks/ReentrantLock
instanceKlass java/util/concurrent/locks/Lock
instanceKlass java/lang/Runtime
instanceKlass java/lang/VersionProps
instanceKlass java/lang/StringConcatHelper
instanceKlass jdk/internal/util/ArraysSupport
instanceKlass java/lang/StringLatin1
instanceKlass java/lang/StrictMath
instanceKlass jdk/internal/util/SystemProps$Raw
instanceKlass jdk/internal/util/SystemProps
instanceKlass java/lang/System$1
instanceKlass jdk/internal/access/JavaLangAccess
instanceKlass java/lang/ref/ReferenceQueue$Lock
instanceKlass java/lang/ref/ReferenceQueue
instanceKlass java/lang/ref/Reference$1
instanceKlass jdk/internal/access/JavaLangRefAccess
instanceKlass java/lang/Math
instanceKlass java/io/ObjectStreamClass
instanceKlass jdk/internal/reflect/ReflectionFactory
instanceKlass jdk/internal/access/SharedSecrets
instanceKlass java/lang/reflect/ReflectAccess
instanceKlass jdk/internal/access/JavaLangReflectAccess
instanceKlass jdk/internal/misc/CDS
instanceKlass jdk/internal/misc/VM
instanceKlass java/lang/String$CaseInsensitiveComparator
instanceKlass java/util/Comparator
instanceKlass java/io/ObjectStreamField
instanceKlass java/lang/Module$ArchivedData
instanceKlass jdk/internal/module/ArchivedBootLayer
instanceKlass jdk/internal/loader/BuiltinClassLoader$LoadedModule
instanceKlass jdk/internal/module/ServicesCatalog$ServiceProvider
instanceKlass java/util/concurrent/CopyOnWriteArrayList
instanceKlass jdk/internal/module/ServicesCatalog
instanceKlass java/util/concurrent/ConcurrentHashMap$Node
instanceKlass jdk/internal/loader/NativeLibraries
instanceKlass java/security/Principal
instanceKlass jdk/internal/loader/ArchivedClassLoaders
instanceKlass jdk/internal/math/FDBigInteger
instanceKlass java/lang/ModuleLayer
instanceKlass java/util/ImmutableCollections
instanceKlass jdk/internal/module/ModuleLoaderMap$Mapper
instanceKlass java/util/function/Function
instanceKlass java/lang/module/ResolvedModule
instanceKlass java/lang/module/Configuration
instanceKlass java/util/HashMap$Node
instanceKlass java/util/Map$Entry
instanceKlass java/util/Collections$UnmodifiableMap
instanceKlass jdk/internal/module/ModuleHashes
instanceKlass jdk/internal/module/ModuleTarget
instanceKlass java/lang/module/ModuleDescriptor$Opens
instanceKlass jdk/internal/module/SystemModuleFinders$2
instanceKlass jdk/internal/module/ModuleHashes$HashSupplier
instanceKlass jdk/internal/module/SystemModuleFinders$1
instanceKlass java/util/function/Supplier
instanceKlass java/net/URI
instanceKlass java/lang/module/ModuleDescriptor$Provides
instanceKlass java/lang/module/ModuleDescriptor$Exports
instanceKlass java/lang/module/ModuleDescriptor$Requires
instanceKlass java/lang/module/ModuleDescriptor$Version
instanceKlass java/lang/module/ModuleDescriptor
instanceKlass java/lang/module/ModuleReference
instanceKlass java/util/Set
instanceKlass jdk/internal/module/SystemModuleFinders$SystemModuleFinder
instanceKlass java/lang/module/ModuleFinder
instanceKlass jdk/internal/module/ArchivedModuleGraph
instanceKlass sun/util/locale/BaseLocale
instanceKlass java/util/jar/Attributes$Name
instanceKlass java/lang/Character$CharacterCache
instanceKlass java/lang/Short$ShortCache
instanceKlass java/lang/Byte$ByteCache
instanceKlass java/lang/Long$LongCache
instanceKlass java/lang/Integer$IntegerCache
instanceKlass jdk/internal/vm/FillerObject
instanceKlass jdk/internal/vm/vector/VectorSupport$VectorPayload
instanceKlass jdk/internal/vm/vector/VectorSupport
instanceKlass java/lang/reflect/RecordComponent
instanceKlass java/util/Iterator
instanceKlass java/lang/Void
instanceKlass java/lang/Number
instanceKlass java/lang/Character
instanceKlass java/lang/Boolean
instanceKlass java/util/concurrent/locks/AbstractOwnableSynchronizer
instanceKlass java/lang/LiveStackFrame
instanceKlass java/lang/ClassFrameInfo
instanceKlass java/lang/StackWalker$StackFrame
instanceKlass java/lang/StackStreamFactory$AbstractStackWalker
instanceKlass java/lang/StackWalker
instanceKlass java/nio/Buffer
instanceKlass java/lang/StackTraceElement
instanceKlass java/util/RandomAccess
instanceKlass java/util/List
instanceKlass java/util/SequencedCollection
instanceKlass java/util/AbstractCollection
instanceKlass java/util/Collection
instanceKlass java/lang/Iterable
instanceKlass java/util/concurrent/ConcurrentMap
instanceKlass java/util/AbstractMap
instanceKlass java/security/CodeSource
instanceKlass jdk/internal/loader/ClassLoaders
instanceKlass java/util/jar/Manifest
instanceKlass java/lang/Enum
instanceKlass java/net/URL
instanceKlass java/io/InputStream
instanceKlass java/io/Closeable
instanceKlass java/lang/AutoCloseable
instanceKlass jdk/internal/module/Modules
instanceKlass jdk/internal/misc/Unsafe
instanceKlass jdk/internal/misc/UnsafeConstants
instanceKlass java/lang/AbstractStringBuilder
instanceKlass java/lang/Appendable
instanceKlass java/lang/AssertionStatusDirectives
instanceKlass jdk/internal/foreign/abi/ABIDescriptor
instanceKlass jdk/internal/foreign/abi/NativeEntryPoint
instanceKlass java/lang/invoke/CallSite
instanceKlass java/lang/invoke/MethodType
instanceKlass java/lang/invoke/TypeDescriptor$OfMethod
instanceKlass java/lang/invoke/LambdaForm
instanceKlass java/lang/invoke/MethodHandleNatives
instanceKlass java/lang/invoke/MethodHandleImpl
instanceKlass java/lang/invoke/ResolvedMethodName
instanceKlass java/lang/invoke/MemberName
instanceKlass java/lang/invoke/VarHandle
instanceKlass java/lang/invoke/MethodHandle
instanceKlass jdk/internal/reflect/ConstructorAccessorImpl
instanceKlass jdk/internal/reflect/ConstructorAccessor
instanceKlass jdk/internal/reflect/CallerSensitive
instanceKlass java/lang/annotation/Annotation
instanceKlass jdk/internal/reflect/ConstantPool
instanceKlass jdk/internal/reflect/MethodAccessorImpl
instanceKlass jdk/internal/reflect/MethodAccessor
instanceKlass jdk/internal/vm/StackChunk
instanceKlass jdk/internal/vm/Continuation
instanceKlass jdk/internal/vm/ContinuationScope
instanceKlass java/lang/reflect/Parameter
instanceKlass java/lang/reflect/Member
instanceKlass java/lang/reflect/AccessibleObject
instanceKlass java/lang/Module
instanceKlass java/util/Map
instanceKlass java/util/Dictionary
instanceKlass java/lang/ThreadGroup
instanceKlass java/lang/Thread$UncaughtExceptionHandler
instanceKlass java/lang/Thread$Constants
instanceKlass java/lang/Thread$FieldHolder
instanceKlass java/lang/Thread
instanceKlass java/lang/Runnable
instanceKlass java/lang/ref/Reference
instanceKlass java/lang/Record
instanceKlass java/security/ProtectionDomain
instanceKlass java/lang/Throwable
instanceKlass java/lang/System
instanceKlass java/lang/ClassLoader
instanceKlass java/lang/Cloneable
instanceKlass java/lang/Class
instanceKlass java/lang/invoke/TypeDescriptor$OfField
instanceKlass java/lang/invoke/TypeDescriptor
instanceKlass java/lang/reflect/Type
instanceKlass java/lang/reflect/GenericDeclaration
instanceKlass java/lang/reflect/AnnotatedElement
instanceKlass java/lang/String
instanceKlass java/lang/constant/ConstantDesc
instanceKlass java/lang/constant/Constable
instanceKlass java/lang/CharSequence
instanceKlass java/lang/Comparable
instanceKlass java/io/Serializable
ciInstanceKlass java/lang/Object 1 1 115 7 1 10 12 1 1 10 7 12 1 1 1 10 7 12 1 1 1 10 12 1 1 8 1 10 12 1 1 10 7 12 1 1 1 10 12 1 10 12 1 1 100 1 8 1 10 12 1 10 7 12 1 1 1 7 1 10 12 1 7 1 10 12 1 1 8 1 3 8 1 100 1 5 0 1 1 1 1 1 1 1 1 1 1 1 1 1 1 1 1 7 1 1 1 1 1 1 1 1 1 1 1 1 1 7 1 1 1 1 1 1 3 1 1
ciMethod java/lang/Object toString ()Ljava/lang/String; 4 0 249 0 -1
ciInstanceKlass java/io/Serializable 1 0 7 100 1 100 1 1 1
ciInstanceKlass java/lang/System 1 1 591 10 100 12 1 1 1 10 7 12 1 1 1 10 12 1 1 10 12 1 9 12 1 1 10 7 12 1 1 1 11 100 12 1 1 1 10 100 12 1 1 1 10 12 1 1 100 1 8 1 10 12 1 9 12 1 1 9 12 1 1 10 7 12 1 1 1 10 7 12 1 1 1 10 12 1 1 10 12 1 10 7 12 1 1 1 10 12 1 10 12 1 1 7 1 10 12 1 1 100 1 8 1 10 10 12 1 1 100 1 8 1 10 10 7 12 1 1 10 12 10 100 12 1 1 10 7 12 1 1 1 100 1 8 1 10 10 100 12 1 1 1 10 100 12 1 1 1 100 1 10 100 12 1 1 1 10 12 1 1 10 7 12 1 1 1 10 12 1 1 10 12 1 10 12 1 8 1 10 12 1 1 10 12 1 1 8 1 10 12 1 7 1 7 1 10 12 1 9 7 12 1 1 1 10 7 12 1 1 1 10 12 1 10 12 1 10 7 12 1 1 1 100 1 8 1 10 9 12 1 1 9 12 1 10 12 1 10 100 12 1 1 10 12 1 10 12 1 1 100 1 10 8 1 10 12 1 1 10 12 1 10 12 1 1 10 12 1 1 8 1 11 7 12 1 1 10 12 11 12 1 1 11 7 12 1 1 1 11 7 12 1 1 11 12 1 1 7 1 11 12 1 10 12 1 8 1 10 12 1 1 8 1 8 1 8 1 8 1 11 12 1 10 12 1 1 10 12 1 10 12 1 8 1 10 12 1 1 8 1 9 12 1 8 1 10 7 12 1 1 8 1 7 1 9 7 12 1 1 1 10 12 1 7 1 9 12 10 9 12 7 1 10 12 9 12 1 1 8 1 10 12 1 1 8 1 9 12 1 10 7 12 1 1 10 12 1 10 12 1 1 11 7 12 1 1 10 12 10 7 12 1 1 1 9 12 1 1 100 1 100 1 8 1 10 12 1 1 10 12 1 8 1 8 1 10 8 1 8 1 8 1 8 1 8 1 10 8 1 10 7 12 1 1 1 10 7 12 1 1 1 10 12 1 1 7 1 10 10 12 1 10 12 1 9 12 1 1 1 1 1 1 1 1 1 1 1 1 100 1 1 100 1 1 1 1 1 1 1 1 1 1 3 1 1 1 1 1 1 1 1 1 1 1 1 1 1 1 1 1 1 1 1 1 1 1 1 1 1 1 1 1 1 1 1 1 1 1 1 1 1 1 1 1 1 1 1 1 1 1 1 1 1 1 100 1 1 1 1 1 1 1 1 1 1 1 1 1 1 1 1 1 1 1 1 1 1 1 1 1 100 1 100 1 1 1 1 1 1 1 1
staticfield java/lang/System in Ljava/io/InputStream; java/io/BufferedInputStream
staticfield java/lang/System out Ljava/io/PrintStream; java/io/PrintStream
staticfield java/lang/System err Ljava/io/PrintStream; java/io/PrintStream
instanceKlass java/security/Provider
instanceKlass java/security/Security$1
ciInstanceKlass java/util/Properties 1 1 690 10 7 12 1 1 1 100 1 10 7 12 1 1 7 1 10 12 1 9 12 1 1 9 12 1 1 9 12 1 1 10 7 12 1 1 1 10 12 1 1 8 1 10 7 12 1 1 1 7 1 10 12 1 10 12 1 1 8 1 10 12 1 7 1 10 12 10 12 1 1 9 12 1 1 10 12 1 1 7 1 10 12 1 10 12 1 10 12 1 1 100 1 8 1 10 12 1 10 12 1 10 12 1 1 10 12 1 100 1 3 10 10 100 12 1 1 1 10 12 1 10 12 1 1 8 1 10 12 1 10 12 1 1 8 1 10 100 12 1 1 10 12 1 1 10 12 1 10 12 1 1 100 1 10 12 1 10 12 1 1 100 1 9 100 12 1 1 1 10 12 1 10 12 1 1 10 12 1 1 10 12 1 1 100 1 9 12 1 1 7 1 100 1 10 12 1 100 1 11 7 12 1 1 1 11 12 1 1 11 100 12 1 1 1 11 7 12 1 1 1 11 12 1 1 11 12 1 11 12 1 10 12 1 1 8 1 10 12 1 10 100 12 1 1 10 12 1 100 1 10 10 12 1 10 12 1 100 1 10 10 12 1 1 10 100 12 1 1 9 100 12 1 1 10 12 1 1 10 100 12 1 1 1 100 1 100 1 100 1 10 8 1 8 1 10 12 1 10 12 1 10 12 1 1 10 10 12 1 1 10 12 1 1 7 1 10 10 12 1 11 7 12 1 1 10 7 12 1 1 1 8 1 10 100 12 1 1 11 11 7 1 8 1 10 100 1 11 10 12 1 10 10 12 1 10 12 1 1 10 12 1 1 10 12 1 1 10 12 1 10 12 1 10 10 12 1 10 12 1 10 12 1 10 10 12 1 1 10 12 1 1 10 10 12 1 10 12 1 10 12 1 10 12 1 10 12 1 1 10 12 1 1 10 12 1 10 12 1 10 12 1 1 10 12 10 12 1 1 10 12 1 1 10 12 1 10 12 1 1 10 12 1 1 10 12 10 11 12 1 4 11 10 12 1 1 10 100 12 1 1 11 12 1 10 12 1 1 10 100 12 1 1 10 12 1 100 1 8 1 10 12 1 10 10 100 12 1 1 1 100 1 6 0 10 12 1 1 11 100 12 1 1 1 10 12 1 10 12 1 1 1 1 1 5 0 1 1 1 1 1 1 1 1 1 1 1 1 1 1 1 1 1 1 1 1 1 1 1 1 1 1 1 1 1 1 1 1 1 1 1 1 1 1 1 100 1 1 1 1 1 1 1 1 1 1 1 1 1 1 1 1 1 1 1 1 100 1 1 1 1 1 1 1 1 1 1 1 1 100 1 100 1 1 1 1 1 100 1 1 1 1 1 1 1 1 1 1 1 1 1 1 1 1 1 1 1 1 1 1 1 1 1 1 1 1 1 1 1 1 1 1 1 1 1 1 1 1 1 1 1 1 1 1 1 1 1 1 1 1 1 1 1 1 1 1 1 1 1 1 1 1 1 1 1 1 1 1 1 1 1 1 1 1 1 100 1 1 1 1 1 1 1 1 1 1 1 100 1 1
staticfield java/util/Properties UNSAFE Ljdk/internal/misc/Unsafe; jdk/internal/misc/Unsafe
instanceKlass java/util/Hashtable
ciInstanceKlass java/util/Dictionary 1 1 36 10 7 12 1 1 1 100 1 1 1 1 1 1 1 1 1 1 1 1 1 1 1 1 1 1 1 1 1 1 1 1 1 1 1 1
instanceKlass java/util/Properties
ciInstanceKlass java/util/Hashtable 1 1 516 100 1 10 7 12 1 1 1 9 7 12 1 1 1 100 1 100 1 10 8 1 10 12 1 1 10 12 1 10 12 1 1 10 12 1 10 7 12 1 1 1 8 1 10 12 1 9 12 1 1 7 1 9 12 1 1 4 10 7 12 1 1 1 9 12 1 4 10 12 1 11 100 12 1 1 1 10 12 1 1 10 12 1 1 9 12 1 10 12 1 1 100 1 10 9 12 1 1 10 7 12 1 1 1 9 12 1 1 10 12 1 10 12 1 3 9 12 1 9 12 1 3 10 12 1 10 12 1 10 12 1 1 11 12 1 1 11 100 12 1 1 1 11 100 12 1 1 1 11 12 1 100 1 11 12 1 11 12 1 10 12 1 1 10 12 1 1 10 12 1 9 12 1 1 9 12 9 12 1 1 10 100 1 100 1 10 12 1 10 8 1 10 10 12 1 8 1 10 8 1 10 100 12 1 1 1 7 1 10 12 1 10 12 1 100 1 10 12 1 10 12 1 1 100 1 10 100 1 10 10 12 1 1 11 12 1 1 11 12 1 100 1 10 10 10 100 12 1 1 11 100 12 1 1 1 100 1 10 11 100 12 1 1 11 100 12 1 10 12 1 10 12 1 1 10 100 12 1 1 10 12 1 1 10 12 1 1 10 12 1 1 10 100 12 1 1 1 8 10 100 12 1 1 100 1 8 1 10 4 4 10 12 1 1 10 12 1 8 1 4 10 12 10 100 12 1 1 1 100 1 11 100 12 1 1 1 10 100 12 1 1 1 10 12 1 10 12 1 1 10 100 1 100 1 1 1 1 1 1 5 0 1 1 1 1 1 3 1 3 1 3 1 1 1 1 1 1 1 1 1 1 1 1 1 1 1 1 1 1 1 1 1 1 1 1 1 100 1 1 1 1 1 1 1 1 1 1 1 1 1 1 1 1 1 1 1 1 1 1 1 1 1 1 1 1 1 100 1 1 1 1 1 1 1 1 1 1 1 1 1 1 100 1 1 1 1 1 1 1 1 1 1 1 1 1 1 1 1 1 1 1 1 1 1 1 1 1 1 1 1 1 1 1 1 1 1 1 1 1 1 1 1 1 1 1 1 100 1 1 1 100 1 1 1 1 1 100 1 1 1 1 1 1 1 1 1 1 1 1 1 1 1 1 1 1
ciInstanceKlass java/util/Map 1 1 263 11 7 12 1 1 1 11 12 1 1 10 7 12 1 1 11 12 1 1 11 100 12 1 1 1 11 100 12 1 1 1 11 12 1 1 7 1 11 12 1 11 12 1 100 1 100 1 10 12 1 1 11 100 12 1 1 1 11 100 12 1 1 1 11 12 1 11 12 1 10 12 1 1 11 12 1 11 7 12 1 9 7 12 1 1 1 100 1 10 12 7 1 7 1 10 12 1 7 1 10 100 1 11 12 1 11 12 1 1 11 12 1 1 100 1 11 12 1 1 1 1 1 1 1 1 1 1 1 1 1 1 1 1 1 1 1 1 1 1 1 1 1 1 1 1 1 1 1 1 1 1 1 1 1 1 1 1 1 1 1 1 1 1 1 1 1 1 1 1 1 1 1 1 1 1 1 1 1 1 1 1 1 1 1 1 1 1 1 1 1 1 1 1 1 1 1 1 1 1 1 1 1 1 1 1 1 1 1 1 1 1 1 1 1 1 1 1 1 1 1 1 1 1 1 1 1 1 1 1 1 1 1 1 1 1 1 1 1 1 1 1 1 1 100 1 1 1 1 1 1 1 1 1 1 1 1 1 1 1 1 1 1
ciInstanceKlass java/lang/String 1 1 1471 10 7 12 1 1 1 8 1 9 7 12 1 1 1 9 12 1 1 9 12 1 1 9 12 1 1 10 12 1 10 12 1 1 10 12 1 1 9 12 1 10 7 12 1 1 1 10 12 1 1 10 12 1 10 7 12 1 1 1 10 12 1 1 10 12 1 1 10 12 1 10 12 1 1 10 12 1 10 7 12 1 1 1 7 1 9 7 12 1 1 1 10 7 12 1 1 1 10 12 1 1 10 12 1 1 10 7 12 1 1 1 10 12 1 1 9 7 12 1 1 10 12 9 7 12 1 1 10 12 1 1 3 10 12 1 1 7 1 11 12 1 1 11 12 1 11 12 1 1 10 100 12 1 1 1 10 12 1 1 9 100 12 1 1 1 10 12 1 1 10 12 1 11 12 1 1 10 12 1 10 12 10 12 1 1 100 1 100 1 10 12 1 10 12 1 10 7 12 1 1 1 10 12 1 1 100 1 10 12 1 1 100 1 10 12 1 1 10 12 1 1 10 12 1 10 10 12 1 100 1 100 1 100 1 10 12 1 10 12 1 1 10 12 1 1 10 12 1 10 12 1 1 10 12 1 1 10 100 12 1 1 100 1 11 10 7 12 1 1 11 12 1 11 12 1 10 12 1 10 12 1 10 12 10 12 1 1 10 10 100 12 1 1 1 10 100 12 1 1 10 12 1 1 10 100 12 1 1 10 12 1 10 12 1 1 10 12 1 1 10 12 1 10 12 1 10 12 1 1 100 1 10 12 1 1 10 12 10 12 1 10 12 1 1 10 12 1 1 10 100 12 1 1 1 10 12 1 10 12 1 1 10 12 1 10 12 1 3 3 10 12 1 1 10 12 1 10 12 1 1 10 12 1 1 10 12 1 1 10 12 1 10 12 1 1 10 12 1 1 10 12 1 10 12 1 10 12 1 10 12 1 1 10 12 1 10 12 1 10 12 1 10 12 1 10 12 1 10 12 1 10 100 1 10 8 1 10 12 1 1 10 12 1 8 1 10 12 1 1 10 12 10 12 1 8 1 10 10 12 1 1 10 12 1 1 7 1 5 0 100 1 8 1 10 10 12 1 1 5 0 5 0 5 0 10 12 1 1 10 100 1 10 10 12 1 10 12 1 10 12 1 10 10 12 1 10 12 1 10 12 1 10 12 1 10 12 1 10 12 1 10 12 1 1 10 12 1 1 10 12 1 1 10 10 12 1 1 10 10 12 1 100 1 10 9 100 12 1 1 1 11 100 12 1 1 1 10 12 1 1 10 12 1 1 10 7 1 10 12 1 10 12 1 10 7 12 1 1 1 10 12 1 10 12 1 1 10 12 1 11 7 1 11 12 10 12 1 10 12 1 1 10 12 1 1 10 10 12 1 10 12 1 9 12 1 1 11 7 12 1 1 1 10 12 10 10 12 1 10 12 1 1 10 10 12 1 10 12 1 10 12 1 1 10 12 1 1 10 10 12 1 1 10 10 7 12 1 1 1 10 12 1 10 12 1 10 12 10 10 12 10 10 12 1 10 12 1 10 10 12 10 12 1 1 10 12 10 10 12 10 12 1 10 12 10 12 10 10 12 1 10 12 1 1 10 12 1 1 10 10 12 1 10 7 12 1 1 1 10 12 1 1 10 10 7 12 1 1 1 11 10 12 1 10 12 1 1 10 12 1 1 10 7 12 1 1 1 10 12 1 10 12 1 10 12 1 10 12 1 10 12 1 10 12 1 100 1 10 10 12 1 10 12 1 1 8 1 10 12 1 3 3 10 12 1 10 12 1 1 10 12 7 1 10 10 12 1 1 10 12 10 12 1 10 12 1 10 12 1 1 10 12 1 1 11 7 12 1 1 1 7 1 10 12 1 10 12 1 1 8 1 10 12 1 1 10 12 1 11 7 12 1 1 1 11 7 12 1 1 11 12 1 10 12 1 10 12 1 1 10 10 7 12 1 1 1 10 12 1 10 12 1 10 10 12 10 12 1 1 10 10 12 1 10 10 12 1 10 10 12 1 10 10 12 1 10 12 1 1 10 10 12 1 8 1 10 12 1 1 18 12 1 1 11 100 12 1 1 1 3 18 12 1 18 12 1 8 1 10 100 12 1 1 1 11 12 1 1 10 12 10 10 12 1 10 11 12 1 1 10 12 1 1 11 12 1 18 3 11 10 11 11 10 12 1 10 12 1 1 8 1 10 12 1 10 12 1 10 12 1 1 10 10 12 1 11 100 12 1 100 1 100 1 10 12 100 1 10 10 100 12 1 1 1 100 1 10 7 1 10 10 12 1 10 10 12 1 8 1 10 10 12 1 8 1 8 1 10 12 1 10 12 1 10 10 12 10 100 12 1 1 10 100 12 1 1 10 100 12 1 1 8 1 10 12 1 10 12 1 10 9 12 1 10 12 9 7 12 1 1 1 10 12 1 10 12 1 10 12 1 10 12 10 12 1 10 12 1 8 1 10 100 12 1 1 1 10 12 10 12 1 1 10 12 10 12 10 12 7 1 9 12 1 1 7 1 10 100 1 100 1 100 1 100 1 1 1 1 1 1 5 0 1 1 1 1 1 3 1 3 1 1 1 1 1 1 1 1 1 1 1 1 1 1 1 100 1 1 1 1 1 1 1 1 1 1 1 1 1 1 1 1 1 1 1 1 1 1 1 1 1 1 1 1 1 1 1 100 1 1 1 1 1 1 1 1 1 1 1 1 100 1 1 1 1 1 1 1 1 1 1 1 1 1 1 1 1 1 1 1 1 1 1 1 1 1 1 1 1 1 1 1 1 1 1 1 1 1 1 1 1 1 1 1 1 1 1 1 1 1 1 1 1 1 1 1 1 1 1 1 1 1 1 1 1 1 1 1 1 1 1 1 1 1 1 1 1 1 1 1 1 1 1 1 1 1 1 1 1 1 1 1 1 1 1 1 1 1 1 1 1 1 1 1 1 1 1 1 1 1 1 1 1 1 1 1 1 1 1 1 1 1 1 1 1 1 1 1 1 1 1 1 1 1 1 1 1 1 1 1 1 1 1 1 1 1 1 1 1 1 1 1 1 1 1 1 1 1 1 1 1 1 1 1 1 1 1 1 1 1 1 1 1 1 1 1 1 1 1 1 100 1 1 1 1 1 1 1 1 1 1 1 1 1 1 1 1 1 1 1 1 1 1 1 100 1 1 1 1 1 1 1 1 1 1 1 1 1 1 1 100 1 1 1 1 1 1 1 1 1 1 1 1 1 1 1 16 15 10 12 16 15 10 12 15 10 12 15 10 12 15 10 100 12 1 1 1 1 100 1 1 1 1 1 100 1 100 1 1 1
staticfield java/lang/String COMPACT_STRINGS Z 1
staticfield java/lang/String serialPersistentFields [Ljava/io/ObjectStreamField; 0 [Ljava/io/ObjectStreamField;
staticfield java/lang/String CASE_INSENSITIVE_ORDER Ljava/util/Comparator; java/lang/String$CaseInsensitiveComparator
ciMethod java/lang/String toString ()Ljava/lang/String; 512 0 191795 0 80
ciInstanceKlass java/lang/Comparable 1 0 12 100 1 100 1 1 1 1 1 1 1 1
ciInstanceKlass java/lang/CharSequence 1 1 145 11 7 12 1 1 1 18 12 1 1 100 1 10 100 12 1 1 1 18 10 100 12 1 1 1 11 12 1 1 11 100 1 11 12 1 1 10 100 12 1 1 1 11 12 1 1 10 12 1 1 10 12 1 100 1 10 12 1 1 10 100 12 1 1 1 100 1 10 10 12 1 1 100 1 1 1 1 1 1 1 1 1 1 1 1 1 1 1 1 1 1 1 1 1 1 1 1 1 1 1 1 1 1 1 1 1 1 1 1 1 1 1 1 16 1 15 11 12 16 15 11 12 15 10 100 12 1 1 1 1 1 100 1 100 1 1 100 1 1 100 1 100 1 1
ciMethod java/lang/String length ()I 532 0 967251 0 104
ciMethod java/lang/String isEmpty ()Z 516 0 66506 0 104
ciInstanceKlass java/lang/constant/Constable 1 0 11 100 1 100 1 1 1 1 1 1 1
ciInstanceKlass java/lang/constant/ConstantDesc 1 0 37 100 1 100 1 1 1 1 100 1 1 1 1 100 1 100 1 100 1 100 1 100 1 100 1 100 1 100 1 100 1 1 100 1 100 1 1
ciInstanceKlass java/lang/AutoCloseable 1 0 12 100 1 100 1 1 1 1 100 1 1 1
ciInstanceKlass java/io/Closeable 1 0 14 100 1 100 1 100 1 1 1 1 100 1 1 1
ciInstanceKlass java/lang/Appendable 1 0 14 100 1 100 1 1 1 1 100 1 1 1 1 1
ciInstanceKlass java/util/Iterator 1 1 53 100 1 8 1 10 12 1 1 10 7 12 1 1 1 11 7 12 1 1 1 11 12 1 1 11 7 12 1 1 1 100 1 1 1 1 1 1 1 1 1 1 1 1 1 1 1 1 1 1 1 1 1
instanceKlass java/io/ObjectInputStream
instanceKlass java/io/SequenceInputStream
instanceKlass java/io/PipedInputStream
instanceKlass com/ctc/wstx/io/MergedStream
instanceKlass sun/nio/ch/NioSocketImpl$1
instanceKlass java/net/Socket$SocketInputStream
instanceKlass org/matsim/core/utils/io/UnicodeInputStream
instanceKlass org/apache/commons/compress/compressors/CompressorInputStream
instanceKlass sun/nio/ch/ChannelInputStream
instanceKlass com/sun/org/apache/xerces/internal/impl/XMLEntityManager$RewindableInputStream
instanceKlass java/util/zip/ZipFile$ZipFileInputStream
instanceKlass java/io/FilterInputStream
instanceKlass java/io/FileInputStream
instanceKlass java/io/ByteArrayInputStream
ciInstanceKlass java/io/InputStream 1 1 197 100 1 10 7 12 1 1 1 100 1 10 10 7 12 1 1 1 10 7 12 1 1 1 10 12 1 100 1 100 1 3 10 12 1 1 100 1 8 1 10 12 1 10 100 12 1 1 1 3 100 1 8 1 10 10 100 12 1 1 1 100 1 10 11 100 12 1 1 1 10 12 1 1 11 12 1 1 11 100 12 1 1 1 11 12 1 1 100 1 10 100 12 1 1 1 5 0 10 12 1 10 12 1 1 100 1 10 8 1 10 8 1 8 1 10 12 1 1 10 100 12 1 1 1 100 1 5 0 10 12 1 100 1 100 1 1 1 1 3 1 3 1 1 1 1 1 1 1 1 1 1 1 1 1 1 1 1 1 1 1 1 1 1 1 1 1 1 1 1 1 1 1 1 1 1 1 1 1 1 1 1 1 1 1 1 1 1 1 1 1 1 1 1 1 1 1
instanceKlass java/security/SecureClassLoader
ciInstanceKlass java/lang/ClassLoader 1 1 1076 9 7 12 1 1 1 10 7 12 1 1 1 9 12 1 1 10 7 12 1 1 1 7 1 10 12 1 1 10 12 1 1 9 12 1 1 10 12 1 1 100 1 10 12 1 10 12 1 1 10 7 12 1 1 1 100 1 8 1 10 12 1 10 7 1 10 7 1 7 1 7 1 10 12 1 10 12 1 9 12 1 1 10 10 7 12 1 1 1 9 12 1 1 9 12 1 9 12 1 1 9 12 1 9 12 1 1 9 12 1 1 7 1 10 12 1 9 12 1 1 10 12 1 1 10 7 12 1 1 1 9 12 1 9 12 1 1 9 12 1 10 12 1 1 9 12 10 12 1 1 7 1 10 8 1 10 12 1 1 10 12 1 10 7 1 7 1 10 7 12 1 1 1 10 7 12 1 1 1 8 1 10 12 1 10 12 1 10 12 1 1 10 12 1 1 10 12 1 1 10 12 1 1 10 12 1 1 10 12 1 100 1 10 12 1 10 100 12 1 1 1 10 12 1 1 10 12 1 10 12 1 10 12 1 10 12 1 10 12 1 1 10 10 12 1 10 12 1 10 10 12 1 1 10 12 1 1 100 1 8 1 10 8 1 10 12 1 10 12 1 100 1 8 1 10 12 1 1 10 12 1 1 10 10 12 1 1 10 12 1 1 10 12 1 1 10 7 1 10 12 1 10 12 1 1 10 12 1 1 10 12 1 1 10 12 1 1 10 12 1 1 10 12 1 1 10 12 1 1 10 7 12 1 1 1 10 12 1 10 12 1 10 12 1 1 10 12 1 10 12 1 10 12 1 10 12 1 1 10 12 1 10 12 1 1 8 1 9 12 1 10 12 1 1 8 1 8 1 10 7 12 1 1 100 1 10 10 12 10 12 1 10 12 1 10 12 1 10 12 1 1 10 7 12 1 1 10 12 1 10 7 1 7 1 10 12 1 1 10 12 1 10 7 1 10 12 1 100 1 18 12 1 10 100 12 1 1 1 10 100 12 1 1 1 10 7 12 1 1 10 12 1 10 12 1 100 1 10 12 1 8 1 10 10 12 1 1 10 12 1 10 12 1 1 100 1 10 12 1 1 10 100 12 1 1 10 12 1 10 7 12 1 1 10 12 1 8 1 100 1 10 10 12 1 9 12 1 10 7 12 1 1 10 12 1 100 1 8 1 10 12 1 10 8 1 8 1 10 12 1 1 10 12 1 1 10 12 1 1 10 100 12 1 1 100 1 100 1 10 12 1 1 100 1 100 1 10 100 12 1 1 10 12 1 10 12 1 10 12 1 10 12 1 10 12 1 1 10 12 1 8 1 7 1 18 12 1 1 10 12 1 1 10 12 1 10 12 1 10 12 1 8 1 10 12 1 10 12 1 18 12 1 11 100 12 1 1 1 100 1 10 12 1 1 10 12 1 10 11 12 1 1 10 18 10 12 1 1 11 100 12 1 18 12 1 11 12 1 1 10 12 1 10 12 1 1 10 12 1 1 100 1 8 1 10 10 12 1 8 1 8 1 10 100 12 1 1 10 12 1 100 1 10 10 12 1 8 1 8 1 8 1 10 12 1 10 12 1 10 12 1 1 10 12 1 1 10 12 1 10 100 12 1 1 1 11 100 12 1 1 100 1 10 11 10 12 1 10 12 1 10 12 1 1 9 100 12 1 1 9 12 1 1 9 12 9 12 1 9 12 1 9 12 1 8 10 12 1 1 10 7 12 1 1 1 10 12 1 1 10 12 1 1 10 12 1 1 8 1 10 12 1 1 8 10 12 1 1 8 8 10 12 1 10 12 1 10 12 1 11 12 1 1 10 100 12 1 1 1 100 1 10 12 1 10 12 1 10 12 1 1 1 1 1 1 1 1 1 1 1 1 1 1 1 1 1 1 1 1 1 1 1 1 1 1 100 1 1 1 1 1 1 1 1 1 1 1 1 1 1 1 1 1 1 1 1 1 1 1 1 1 100 1 1 1 1 1 1 1 1 1 1 1 1 1 1 1 1 1 1 1 1 1 1 1 1 1 1 1 1 1 1 1 1 1 1 1 1 1 1 1 1 1 1 1 100 1 1 1 1 1 1 1 1 1 1 1 1 1 1 1 1 1 1 1 1 1 100 1 1 1 1 1 1 1 1 1 1 1 1 1 1 1 1 1 1 1 1 1 1 1 1 1 1 1 1 1 1 1 1 1 1 1 1 1 1 1 1 1 1 1 1 100 1 1 1 1 1 1 1 1 1 1 1 1 1 1 1 1 1 1 1 1 1 1 1 1 1 1 1 1 1 1 1 1 1 1 1 1 1 1 1 1 1 1 1 1 1 1 1 1 1 1 1 16 1 15 10 12 16 1 16 15 10 12 16 1 16 1 15 10 12 16 15 10 12 16 15 10 12 16 15 10 7 12 1 1 1 1 1 100 1 100 1 1
staticfield java/lang/ClassLoader nocerts [Ljava/security/cert/Certificate; 0 [Ljava/security/cert/Certificate;
staticfield java/lang/ClassLoader $assertionsDisabled Z 1
instanceKlass java/util/concurrent/ForkJoinWorkerThread
instanceKlass java/util/concurrent/DelayScheduler
instanceKlass java/util/logging/LogManager$Cleaner
instanceKlass org/apache/logging/log4j/core/util/Log4jThread
instanceKlass jdk/internal/misc/InnocuousThread
instanceKlass java/lang/ref/Finalizer$FinalizerThread
instanceKlass java/lang/ref/Reference$ReferenceHandler
instanceKlass java/lang/BaseVirtualThread
ciInstanceKlass java/lang/Thread 1 1 761 9 7 12 1 1 1 9 7 12 1 1 1 9 12 1 9 12 1 10 12 1 1 9 12 1 1 10 7 12 1 1 10 12 1 10 100 12 1 1 100 1 8 1 10 12 1 1 9 12 1 1 9 12 1 9 12 1 1 7 1 10 12 1 1 10 12 1 7 1 10 12 10 12 1 1 9 12 1 1 10 12 1 100 1 10 12 1 10 12 1 1 10 12 1 1 10 12 1 10 12 1 1 100 1 8 1 10 9 7 12 1 1 1 10 12 1 1 10 3 8 1 100 1 5 0 10 7 12 1 1 1 9 12 1 10 12 1 1 10 7 1 100 1 8 1 10 10 12 1 10 12 1 1 10 12 1 1 10 7 12 1 1 10 12 1 10 12 1 10 7 12 1 1 5 0 9 12 1 10 7 12 1 1 1 10 12 1 1 9 12 1 1 10 100 12 1 1 10 100 12 1 1 1 10 12 1 10 12 1 1 9 12 1 1 10 7 12 1 1 9 12 1 8 1 9 100 12 1 1 1 5 0 100 1 10 100 1 10 100 1 10 7 1 10 8 1 10 12 1 1 10 7 12 1 10 12 1 10 12 1 100 1 8 1 10 10 12 1 10 12 1 1 10 100 12 1 1 1 10 100 12 1 1 1 10 12 1 7 1 9 12 1 1 100 1 10 10 12 1 9 12 1 1 10 12 1 1 10 12 1 1 10 12 1 10 12 1 9 12 1 1 10 10 12 1 1 10 12 1 1 11 7 12 1 1 10 7 12 1 1 9 12 1 1 9 12 1 1 10 100 12 1 1 10 12 1 1 10 12 1 10 100 12 1 1 10 12 1 100 1 10 9 12 1 1 10 12 1 11 100 12 1 1 11 12 1 10 12 1 10 12 1 10 12 1 9 12 1 10 10 12 1 10 12 1 1 9 12 1 9 12 10 12 1 8 1 10 12 1 10 12 1 10 12 1 10 12 1 10 12 1 1 10 12 1 10 12 1 1 10 100 12 1 1 10 12 1 10 12 1 10 12 1 10 12 1 1 9 7 12 1 1 1 8 1 10 9 12 1 10 12 1 100 1 8 1 10 10 12 1 8 1 10 12 1 1 9 12 8 1 10 10 12 1 10 12 1 8 1 10 12 1 10 8 1 9 12 1 1 10 12 1 1 10 10 12 1 10 12 1 100 10 7 12 1 1 1 10 12 1 1 10 12 1 1 10 100 12 1 1 1 11 100 12 1 1 1 10 12 1 1 9 12 1 10 12 1 10 12 1 1 11 100 12 1 1 1 10 12 1 1 1 1 3 1 3 1 3 1 3 1 1 1 1 1 1 1 1 1 1 1 1 1 1 1 1 1 1 1 1 1 1 1 1 1 1 1 100 1 1 1 1 1 1 1 1 1 1 1 1 1 1 1 1 1 1 100 1 1 1 1 1 1 1 1 1 1 1 1 1 1 1 100 1 1 1 1 1 1 1 1 1 1 1 1 1 1 1 1 1 1 1 1 1 1 1 1 1 1 1 1 1 1 1 1 1 1 1 1 1 1 1 1 1 1 1 1 1 1 1 1 1 1 1 1 1 1 1 1 1 1 1 1 1 1 1 1 1 1 1 1 1 1 100 100 1 1 1 1 1 1 1 1 1 1 1 1 1 1 1 1 1 1 1 1 1 1 1 100 1 100 1 100 1 1 1 1 100 1 1 1 1 1 1 1 1 1 1 1 1
staticfield java/lang/Thread NEW_THREAD_BINDINGS Ljava/lang/Object; java/lang/Class
staticfield java/lang/Thread EMPTY_STACK_TRACE [Ljava/lang/StackTraceElement; 0 [Ljava/lang/StackTraceElement;
ciInstanceKlass java/lang/Runnable 1 0 11 100 1 100 1 1 1 1 1 1 1
ciMethod java/lang/System arraycopy (Ljava/lang/Object;ILjava/lang/Object;II)V 256 0 128 0 -1
ciInstanceKlass java/lang/Class 1 1 1652 10 7 12 1 1 1 10 7 12 1 1 9 12 1 1 9 12 1 1 9 12 1 1 9 12 1 1 9 12 1 1 10 12 1 1 8 1 10 12 1 8 1 8 1 10 12 1 1 10 7 12 1 1 1 10 12 1 7 1 10 10 12 1 10 12 1 1 10 12 1 1 10 12 1 1 10 7 12 1 1 10 12 1 10 12 1 10 12 1 1 10 12 1 8 1 10 12 1 8 1 10 12 1 8 1 8 1 10 12 1 1 10 7 12 1 1 1 18 12 1 1 11 7 12 1 1 1 8 1 8 1 8 1 10 7 12 1 1 1 11 12 1 1 8 1 10 12 1 10 10 12 1 1 10 12 1 8 1 10 12 1 1 8 1 10 12 1 10 12 1 1 11 100 12 1 1 1 11 100 12 1 1 1 11 8 1 18 8 1 10 12 1 10 7 12 1 1 10 12 1 1 10 7 12 1 1 1 10 12 1 1 10 12 1 1 10 7 12 1 1 1 10 7 12 1 10 12 1 1 10 7 1 10 12 1 8 1 10 8 1 8 1 8 1 8 1 8 1 8 1 8 1 8 1 9 100 12 1 1 9 100 1 9 100 1 9 100 1 9 100 1 9 100 1 9 100 1 9 100 1 9 7 1 9 12 1 1 7 1 8 1 10 12 1 10 12 1 1 100 1 10 12 1 1 10 7 12 1 1 1 10 7 12 1 1 1 7 1 7 1 10 10 12 1 1 10 12 1 1 100 1 10 100 12 1 1 1 10 12 1 1 10 12 1 1 10 12 9 12 1 1 10 12 1 9 12 1 1 9 12 1 1 10 12 1 1 10 7 1 10 12 1 10 12 1 1 10 9 12 1 10 12 1 8 1 10 12 1 1 10 12 1 1 10 12 1 10 12 1 10 12 1 1 9 7 12 1 1 1 10 12 1 10 7 12 1 1 10 12 1 10 12 1 10 12 1 10 12 1 9 100 12 1 1 1 9 12 1 10 12 1 10 12 1 1 9 12 1 1 10 7 10 12 1 1 10 100 12 1 1 10 12 1 10 12 1 1 10 100 12 1 1 1 10 12 1 10 12 1 1 10 12 1 10 12 1 10 12 1 1 10 7 1 10 10 12 1 1 10 12 1 1 10 12 10 10 12 1 1 100 1 8 1 10 10 12 1 1 10 12 1 100 1 11 12 1 10 12 1 10 12 1 10 100 12 1 1 10 10 12 1 1 8 1 10 12 1 8 1 9 12 1 10 12 1 10 12 1 10 12 1 10 12 100 1 9 12 1 10 12 1 9 12 1 10 12 1 10 12 1 10 12 1 10 10 12 1 10 12 1 10 12 1 10 12 1 10 12 1 10 12 1 7 1 10 10 12 1 10 12 1 11 100 12 1 1 11 12 1 1 10 12 1 1 10 12 1 1 10 12 1 1 10 12 1 1 10 12 1 1 10 12 1 1 7 1 10 10 12 1 1 10 12 1 1 10 12 1 1 10 10 12 1 10 12 1 1 10 12 1 1 10 12 1 1 10 12 1 1 10 12 10 12 1 1 10 7 12 1 1 1 10 12 1 10 12 1 1 10 12 1 10 100 12 1 1 1 10 12 1 1 10 10 12 1 1 100 1 10 10 12 1 1 10 100 12 1 1 1 100 1 100 1 10 12 1 1 10 12 1 10 10 12 1 1 10 12 1 10 12 1 10 12 1 10 100 12 1 1 1 11 7 12 1 1 10 12 1 10 12 1 9 100 12 1 1 8 1 10 12 1 10 12 1 10 12 1 10 12 1 1 9 12 1 9 12 1 1 10 7 12 1 1 9 12 1 10 12 1 1 10 10 12 1 10 7 12 1 1 1 10 7 12 1 1 10 7 12 1 1 9 12 1 1 10 12 1 9 12 1 10 12 1 10 12 1 1 9 12 1 1 9 12 1 10 12 1 10 12 1 1 9 12 1 100 1 10 10 12 1 1 7 1 10 100 11 100 1 9 12 1 1 9 12 1 10 12 1 9 12 1 1 9 12 1 10 12 1 10 12 1 1 9 12 1 7 1 10 10 12 1 1 10 10 12 1 10 12 10 10 12 1 9 12 1 10 12 1 1 10 12 1 8 10 7 8 1 18 8 1 8 1 10 12 1 9 12 1 9 12 1 1 10 12 1 7 1 7 1 10 12 1 9 12 1 1 10 10 12 1 9 12 1 8 1 10 12 1 10 10 12 1 1 100 1 100 1 9 12 1 100 1 8 1 10 10 7 12 1 1 1 10 12 11 7 12 1 1 1 10 12 1 10 12 1 1 10 8 1 10 12 1 8 1 10 12 1 1 9 7 12 1 1 11 12 7 1 11 7 12 1 1 9 12 1 10 100 12 1 1 1 10 7 12 1 1 10 12 1 1 9 12 1 9 10 12 1 1 10 12 1 1 10 12 1 1 10 12 1 1 10 12 1 1 11 12 1 11 12 1 1 11 7 12 1 1 11 12 1 7 1 11 12 1 10 7 12 1 1 1 10 12 1 11 12 1 10 100 12 1 1 1 10 12 1 10 100 12 1 1 1 11 12 1 11 12 1 1 10 12 1 10 12 1 1 9 12 1 1 10 12 1 10 7 12 1 1 1 10 12 1 1 10 12 1 10 12 1 10 12 1 10 7 12 1 1 1 10 12 1 8 1 10 12 1 10 12 1 10 12 1 8 1 8 1 10 7 12 1 1 10 7 12 1 1 100 1 10 12 10 100 12 1 1 1 10 100 12 1 1 1 10 12 1 1 10 12 1 18 12 1 1 11 12 1 1 18 11 12 1 18 12 1 11 12 1 10 12 1 10 12 1 10 12 1 10 12 10 12 1 8 1 10 12 1 7 1 9 12 1 1 100 1 100 1 100 1 100 1 1 1 3 1 3 1 3 1 1 1 1 1 1 1 1 1 5 0 1 1 1 1 1 1 1 1 1 1 1 1 1 1 1 1 1 1 1 1 1 1 1 1 1 1 1 100 1 1 1 1 1 1 1 1 1 1 1 100 1 1 1 1 1 7 1 1 1 1 1 1 1 1 1 1 1 1 1 1 1 1 1 1 1 1 1 1 1 1 1 1 1 1 1 1 1 1 1 1 100 1 1 1 1 1 1 1 1 1 1 1 1 1 1 1 1 1 1 1 1 1 1 1 1 1 1 1 1 1 1 1 100 1 1 1 1 1 1 1 1 1 1 1 1 1 1 1 1 1 1 1 1 1 1 1 1 1 1 1 1 1 1 1 1 1 1 1 1 1 1 1 1 1 1 1 1 1 1 1 1 1 1 1 1 1 1 1 1 1 1 1 1 1 100 1 100 1 1 1 1 1 1 1 1 1 1 1 1 1 1 1 1 1 1 1 1 1 1 1 1 1 1 1 1 1 1 1 1 1 1 1 1 1 1 1 1 1 1 1 1 1 1 1 1 1 1 1 1 1 1 1 1 1 1 1 1 1 1 1 1 1 1 1 1 1 1 1 1 1 1 1 1 1 1 1 1 1 1 1 1 1 1 1 1 1 1 1 1 1 1 1 1 1 1 1 1 1 1 1 1 1 1 1 1 1 1 1 1 1 1 1 1 1 1 1 1 16 15 10 12 16 15 11 12 16 1 15 10 12 16 16 15 10 12 16 15 16 1 15 10 12 16 15 10 7 12 1 1 1 1 1 100 1 1 1 1 1 1 1 1 100 1 1 100 1 100 1 1 100 1 100 1 1
staticfield java/lang/Class EMPTY_CLASS_ARRAY [Ljava/lang/Class; 0 [Ljava/lang/Class;
staticfield java/lang/Class serialPersistentFields [Ljava/io/ObjectStreamField; 0 [Ljava/io/ObjectStreamField;
ciInstanceKlass java/lang/reflect/AnnotatedElement 1 1 165 11 7 12 1 1 1 11 12 1 1 100 1 10 100 12 1 1 1 10 12 1 1 10 12 1 1 10 12 1 10 100 12 1 1 1 11 12 1 1 11 100 12 1 1 10 100 12 1 1 1 10 12 1 10 100 12 1 1 1 18 12 1 1 11 100 12 1 1 18 12 1 18 12 1 1 10 100 12 1 1 1 11 100 12 1 1 1 100 1 10 100 12 1 1 1 1 1 1 1 1 1 1 1 1 1 1 1 1 1 1 1 1 1 1 1 1 1 1 100 1 1 1 1 1 1 1 1 1 1 1 16 15 16 1 16 1 15 11 12 16 16 1 15 10 100 12 1 1 1 16 1 15 10 100 12 1 1 1 1 100 1 100 1 1
ciInstanceKlass java/lang/reflect/Type 1 1 17 11 100 12 1 1 1 100 1 1 1 1 1 1 1 1 1
ciInstanceKlass java/lang/invoke/TypeDescriptor 1 0 17 100 1 100 1 1 1 1 1 1 100 1 100 1 1 1 1
ciInstanceKlass java/lang/invoke/TypeDescriptor$OfField 1 0 21 100 1 100 1 100 1 1 1 1 1 1 1 1 1 1 1 1 1 1 1
ciInstanceKlass java/lang/reflect/GenericDeclaration 1 0 30 100 1 100 1 100 1 1 1 1 1 1 1 1 100 1 8 1 1 12 10 1 1 1 8 1 1 1 8 1
ciMethod java/lang/Class getName ()Ljava/lang/String; 512 0 186300 0 104
ciMethod java/lang/Class isHidden ()Z 256 0 128 0 -1
ciMethod java/lang/Class isPrimitive ()Z 284 0 142 0 0
ciMethod java/lang/Class isArray ()Z 514 0 59020 0 88
ciMethod java/lang/Class initClassName ()Ljava/lang/String; 258 0 129 0 -1
ciMethod java/lang/Class descriptorString ()Ljava/lang/String; 522 0 5381 0 0
ciInstanceKlass java/lang/Module 1 1 1076 10 7 12 1 1 1 9 7 12 1 1 1 10 7 12 1 1 1 9 12 1 9 12 1 1 9 12 1 1 10 12 1 1 10 12 1 10 12 1 1 10 7 12 1 1 1 100 1 10 7 12 1 1 1 10 12 1 1 11 7 12 1 1 1 10 12 1 1 10 12 1 8 1 10 7 12 1 1 1 10 7 12 1 1 1 10 7 12 1 1 1 10 12 1 1 10 12 1 9 12 1 1 10 7 12 1 1 1 9 7 12 1 1 1 100 1 10 8 1 10 12 1 1 10 12 1 10 12 8 1 10 7 12 1 1 1 10 100 12 1 1 1 10 100 12 1 1 1 8 1 10 12 1 8 1 9 12 1 100 1 8 1 10 12 1 10 8 1 8 1 8 1 10 7 12 1 1 1 8 1 10 100 12 1 1 1 8 1 10 12 1 9 12 1 1 11 12 1 9 7 12 1 1 10 7 12 1 1 1 10 7 12 1 1 1 10 12 1 1 8 1 10 12 1 1 10 12 1 10 12 1 1 9 7 12 1 1 1 10 12 1 1 10 12 1 1 9 12 1 10 12 1 10 12 1 9 12 1 1 11 7 12 1 1 10 12 1 1 9 12 1 9 12 1 10 12 1 10 12 1 100 1 8 1 10 10 12 1 1 10 12 1 8 1 10 12 1 1 8 1 8 1 10 12 1 1 10 12 1 10 12 1 1 10 12 1 18 12 1 1 10 12 1 1 11 12 1 9 12 1 11 12 100 1 10 12 1 18 12 1 11 12 1 1 11 12 1 1 11 12 1 10 12 1 1 10 12 1 1 9 12 1 10 12 10 7 12 1 1 10 7 1 18 12 1 1 11 100 12 1 1 1 18 12 1 11 12 1 1 10 100 12 1 1 1 11 12 1 1 10 100 12 1 1 11 12 1 1 10 12 1 1 100 1 11 12 1 100 1 100 1 10 12 1 10 7 12 1 1 1 10 100 12 1 1 1 10 11 100 12 1 8 1 10 12 1 10 12 1 1 10 100 12 1 1 10 12 1 10 12 1 100 1 10 12 1 10 11 12 1 10 12 11 12 1 1 11 7 12 1 1 11 12 1 1 10 12 1 1 9 12 1 1 100 1 10 10 12 1 1 11 100 1 10 12 1 1 11 12 1 10 11 10 12 1 11 10 12 1 1 10 12 1 1 10 12 1 1 10 100 12 1 1 10 12 1 10 12 1 1 10 10 12 1 1 10 12 1 18 12 1 11 12 1 18 12 1 10 12 1 10 12 1 10 12 100 1 10 12 1 10 12 1 10 12 1 9 12 1 100 1 10 10 10 10 12 1 10 12 1 10 12 1 10 12 1 1 10 12 1 1 10 12 1 9 12 1 10 12 1 100 1 8 1 10 12 1 1 10 12 1 10 100 12 1 1 100 1 10 12 1 1 100 1 8 1 100 1 9 100 12 1 1 1 11 100 12 1 1 10 12 1 1 11 12 1 1 18 12 1 1 11 12 1 1 100 1 10 12 1 10 12 1 1 100 1 100 1 10 12 8 1 10 12 1 1 10 12 1 1 10 7 12 1 1 10 12 1 1 10 12 1 10 12 10 12 1 1 100 1 10 10 12 1 1 10 100 12 1 1 1 100 1 10 100 12 1 1 1 10 100 12 1 1 8 1 18 12 1 1 100 1 100 1 9 12 1 1 9 12 1 9 12 1 11 100 12 1 1 1 100 1 11 12 1 1 100 1 10 12 1 8 1 10 12 1 10 12 10 12 1 8 1 10 10 100 12 1 1 10 12 1 1 7 1 10 10 12 1 10 7 12 1 1 9 12 1 9 12 1 9 12 1 9 12 1 9 12 1 10 12 10 12 1 100 1 1 1 1 1 1 1 1 1 1 1 1 1 1 1 1 1 1 1 1 1 1 1 1 1 1 1 1 1 1 1 1 1 1 1 1 1 1 1 1 1 1 1 1 1 1 1 1 1 1 1 1 1 1 1 1 1 1 1 1 1 1 1 1 1 1 1 1 1 1 1 1 1 1 1 1 1 1 1 1 1 1 1 1 1 1 1 1 1 1 1 1 1 1 1 1 1 1 1 1 1 1 1 1 1 1 1 1 100 100 1 1 1 1 1 1 1 1 1 1 1 1 1 1 1 1 1 1 1 1 1 1 1 1 1 1 100 1 7 1 1 1 1 1 1 1 1 1 1 1 1 1 1 1 1 1 1 100 1 1 1 1 1 1 1 1 1 1 1 1 1 1 1 1 1 1 1 1 1 1 1 1 1 1 1 16 15 10 12 16 15 10 12 16 1 16 15 10 12 16 16 15 10 16 1 15 10 12 16 1 15 10 12 16 1 16 1 15 10 12 16 15 10 7 12 1 1 1 15 10 100 12 1 1 1 1 1 1 1 1 1 1 1 1 1 100 1 100 1 1
staticfield java/lang/Module ALL_UNNAMED_MODULE Ljava/lang/Module; java/lang/Module
staticfield java/lang/Module ALL_UNNAMED_MODULE_SET Ljava/util/Set; java/util/ImmutableCollections$Set12
staticfield java/lang/Module EVERYONE_MODULE Ljava/lang/Module; java/lang/Module
staticfield java/lang/Module EVERYONE_SET Ljava/util/Set; java/util/ImmutableCollections$Set12
staticfield java/lang/Module $assertionsDisabled Z 1
ciInstanceKlass java/lang/StringLatin1 1 1 400 7 1 10 100 12 1 1 1 10 12 1 1 100 1 10 7 12 1 1 1 10 7 12 1 1 1 10 12 1 10 7 12 1 1 1 10 12 1 1 10 7 12 1 1 1 10 7 12 1 1 1 10 12 1 1 10 12 1 1 10 10 12 1 10 12 1 10 9 7 12 1 1 1 10 12 1 1 10 100 12 1 1 1 10 12 10 12 1 1 10 12 1 1 10 12 1 10 12 1 1 10 12 1 10 7 12 1 1 10 12 1 10 12 1 1 9 12 1 1 100 1 10 10 12 1 1 10 7 12 1 1 1 10 12 1 10 12 1 100 1 100 1 8 1 10 12 1 8 1 10 12 1 1 100 1 10 10 12 1 10 7 12 1 1 1 8 1 8 1 8 1 10 12 1 1 10 12 10 100 12 1 1 10 12 1 10 12 1 1 10 12 1 1 10 12 1 1 10 12 1 10 12 10 12 10 12 1 10 12 10 10 12 1 10 12 1 10 12 1 10 100 12 1 1 1 10 100 12 1 1 1 10 12 1 1 10 10 7 12 1 1 1 1 1 1 1 1 1 1 1 1 1 1 1 1 1 1 1 1 1 1 1 1 1 1 1 1 1 1 1 1 1 1 1 1 1 1 1 1 1 1 1 1 1 1 1 1 1 1 1 1 1 1 100 1 1 1 1 1 1 1 1 1 1 1 1 1 1 1 1 1 1 1 1 1 1 1 1 1 1 1 1 1 1 1 1 1 1 1 1 1 1 1 1 1 1 1 100 1 1 1 1 1 1 1 1 1 1 1 1 1 1 1 1 1 1 1 1 1 1 1 100 1 1 1 1 1 1 1 1 1 1 1 1 1 1 1 1 1 1 1 1 1 1 1 1 1 1 1 1 1 1 1 1 100 1 1 1 1
staticfield java/lang/StringLatin1 $assertionsDisabled Z 1
ciInstanceKlass java/lang/StringConcatHelper 1 1 283 7 1 10 7 12 1 1 1 10 100 12 1 1 1 7 1 5 0 100 1 8 1 10 12 1 10 12 1 1 10 12 1 1 10 7 12 1 1 1 10 12 1 10 12 1 1 10 12 1 1 10 12 1 1 10 100 12 1 1 1 10 12 1 1 10 12 1 10 12 1 10 12 10 12 1 100 1 100 1 10 8 1 10 12 1 1 10 12 1 8 1 10 12 1 1 10 10 12 1 1 10 12 1 10 10 12 1 1 10 12 1 10 12 10 12 1 1 10 8 1 10 100 12 1 1 10 7 12 1 1 10 12 1 9 12 1 1 9 7 12 1 1 1 10 7 12 1 1 1 7 1 9 12 1 1 10 7 12 1 1 1 10 7 12 1 1 1 100 1 100 1 100 1 10 12 1 10 12 1 1 10 12 1 1 10 12 1 1 10 12 1 1 1 1 1 5 0 1 1 1 1 1 1 1 1 1 1 1 1 1 1 1 1 1 1 1 1 1 1 1 1 1 1 1 1 1 1 1 1 1 1 1 1 1 1 1 1 1 1 1 1 1 1 1 1 1 1 1 1 1 1 1 1 1 1 1 1 1 100 1 1 1 1 1 1 1 1 1 1 1 1 1 1 1 100 1 100 1 1 1 1 1
staticfield java/lang/StringConcatHelper UNSAFE Ljdk/internal/misc/Unsafe; jdk/internal/misc/Unsafe
ciMethod java/lang/StringLatin1 inflate ([BI[BII)V 0 0 1676 0 -1
ciMethod java/lang/StringLatin1 replace ([BCC)Ljava/lang/String; 220 8212 905 0 1472
ciMethod java/lang/StringLatin1 canEncode (C)Z 464 0 3445 0 0
ciInstanceKlass java/lang/StringUTF16 1 1 603 100 1 7 1 10 100 12 1 1 1 10 7 12 1 1 1 100 1 10 3 100 1 100 1 10 8 1 10 12 1 1 10 12 1 8 1 10 12 1 1 10 12 1 9 12 1 1 10 12 1 1 100 1 8 1 10 12 1 9 12 1 1 9 12 1 10 10 12 1 1 10 12 1 1 10 100 12 1 1 1 10 12 1 10 12 1 1 10 12 1 1 10 12 1 1 10 12 1 1 10 12 1 10 12 1 1 10 12 1 1 10 12 1 1 10 12 1 1 10 12 1 1 10 12 1 10 100 12 1 1 1 10 12 1 1 10 100 12 1 1 1 10 12 1 1 10 12 1 10 12 1 1 10 12 1 1 10 12 1 1 10 12 1 10 12 1 100 1 10 12 1 10 10 12 1 10 12 1 1 10 12 1 10 100 12 1 1 1 10 12 1 1 10 12 10 12 1 1 10 12 1 10 12 1 1 10 12 1 10 12 1 10 12 1 10 12 1 10 7 12 1 1 1 3 10 12 1 10 12 1 10 12 1 10 12 1 10 12 1 10 12 1 1 9 12 1 10 12 1 10 12 10 12 1 1 10 12 1 10 12 1 10 12 1 10 10 12 10 12 10 10 12 1 1 10 12 1 10 12 1 10 12 1 100 1 8 1 8 1 10 12 1 1 100 1 10 10 100 12 1 1 1 10 100 12 1 1 8 1 8 1 8 1 10 12 1 1 10 12 1 1 10 12 10 100 12 1 1 10 12 1 1 10 12 1 1 10 12 1 10 12 10 12 10 12 1 10 12 10 12 1 10 12 1 10 12 1 10 12 1 10 100 12 1 1 1 10 100 12 1 1 1 10 12 1 1 11 100 12 1 1 10 12 1 1 10 12 1 10 12 10 12 10 7 12 1 1 1 10 7 12 1 1 1 10 12 1 1 1 1 1 1 1 1 1 1 1 1 1 1 1 1 1 1 1 1 1 1 1 1 1 1 1 1 1 1 100 1 1 1 1 1 1 1 1 1 1 1 1 1 1 1 1 1 1 1 1 1 1 1 1 1 1 1 1 1 1 1 1 1 1 1 1 1 1 1 1 1 1 1 1 1 1 1 1 1 1 1 1 1 1 1 1 1 1 1 1 1 1 1 1 1 1 1 1 1 1 1 1 1 1 1 1 1 1 1 1 1 1 1 1 1 1 1 1 1 100 1 1 1 1 1 1 1 1 1 1 1 1 1 1 1 1 1 100 1 1 1 1 1 1 1 1 1 1 1 1 1 1 1 1 1 1 1 1 1 1 1 1 1 1 1 1 1 1 1 1 1 1 1 1 1 1 1 1 1 1 1 1 1 1 1 1 1 100 1 100 1 1 1 1 1
staticfield java/lang/StringUTF16 HI_BYTE_SHIFT I 0
staticfield java/lang/StringUTF16 LO_BYTE_SHIFT I 8
staticfield java/lang/StringUTF16 $assertionsDisabled Z 1
ciInstanceKlass jdk/internal/misc/Unsafe 1 1 1248 10 7 12 1 1 1 10 7 12 1 1 9 12 1 1 9 12 1 1 10 12 1 1 10 7 12 1 1 1 10 12 1 1 10 12 1 1 10 12 1 1 10 12 1 1 10 12 1 1 10 12 1 1 10 12 1 1 10 12 1 1 10 12 1 1 10 12 1 1 10 12 1 1 10 12 1 1 10 12 1 1 10 12 1 10 12 1 100 1 10 10 12 1 1 10 12 1 1 5 0 10 12 1 1 10 12 1 1 10 7 12 1 1 1 10 12 1 1 10 12 1 10 12 1 10 12 1 1 10 12 1 1 10 12 1 10 12 1 100 1 100 1 10 8 1 10 12 1 1 10 12 1 8 1 10 12 1 1 10 12 1 10 12 1 10 12 1 1 10 12 1 10 12 1 1 10 12 1 1 10 12 1 10 12 1 10 12 1 10 12 1 1 10 12 1 10 12 1 10 12 1 1 10 12 1 5 0 5 0 5 0 10 12 1 10 12 1 10 12 1 10 12 1 10 12 1 10 12 1 10 12 1 10 12 1 10 12 1 1 10 12 1 10 12 1 100 1 8 1 10 100 1 10 10 12 1 1 10 12 1 1 10 12 1 10 12 1 1 10 12 1 1 10 12 1 10 12 1 1 10 12 1 9 7 12 1 1 9 12 1 100 1 10 10 12 1 1 8 1 10 8 1 8 1 10 12 1 1 9 7 12 1 1 1 9 100 1 9 7 1 9 7 1 9 9 100 1 9 7 1 9 100 1 10 12 1 1 10 12 1 1 10 12 1 1 10 12 1 1 5 0 5 0 9 12 1 1 10 12 1 10 12 1 10 12 1 1 10 12 1 1 10 12 1 8 1 3 10 12 1 1 10 12 1 1 10 12 1 10 12 1 1 10 12 1 1 10 12 1 10 12 1 10 12 1 10 12 1 10 12 1 10 12 1 1 10 12 1 1 10 12 1 10 12 1 10 12 1 10 12 1 10 12 1 10 12 1 1 10 12 1 1 10 12 1 10 12 1 10 12 1 10 12 1 10 12 1 10 12 1 1 10 12 1 1 10 12 1 1 10 12 1 1 10 12 1 10 12 1 10 12 1 10 12 1 10 12 1 10 12 1 10 12 1 1 10 12 1 1 10 12 1 10 12 1 10 12 1 10 12 1 10 12 1 10 12 1 10 12 1 1 10 12 1 1 10 12 1 10 12 1 10 12 1 10 12 1 10 12 1 10 12 1 10 12 1 10 12 1 1 10 12 1 10 12 1 10 12 1 10 12 1 10 12 1 1 10 12 1 10 12 1 10 12 1 10 12 1 10 12 1 10 12 1 10 12 1 10 12 1 1 10 12 1 10 12 1 10 12 1 10 12 1 10 12 1 10 12 1 1 10 12 1 10 12 1 10 12 1 1 10 12 1 10 12 1 10 12 1 10 12 1 10 12 1 10 12 1 10 12 1 10 12 1 10 12 1 10 12 1 10 12 1 10 12 1 10 12 1 10 12 1 10 12 1 10 12 1 10 12 1 10 12 1 10 12 1 10 12 1 10 12 1 10 12 1 10 12 1 100 1 10 100 1 10 9 12 1 5 0 10 12 1 1 5 0 10 12 1 5 0 10 12 1 10 12 1 10 12 1 1 10 12 1 1 10 12 1 10 12 1 10 12 1 10 12 1 1 10 12 1 10 12 1 10 12 1 10 12 1 10 12 1 1 10 12 1 10 12 1 10 12 1 10 12 1 1 10 12 1 10 12 1 10 12 1 1 10 12 1 10 12 1 10 12 1 10 12 1 1 10 12 1 10 10 12 1 1 10 12 1 10 12 1 1 10 12 1 10 12 5 0 5 0 5 0 10 12 1 1 10 12 1 10 12 1 10 12 10 100 12 1 1 8 1 100 1 11 12 1 1 8 1 11 12 1 1 10 100 12 1 1 10 12 1 10 7 1 10 12 1 1 9 12 1 1 7 1 9 12 1 7 1 9 12 1 7 1 9 12 1 7 1 9 12 1 7 1 9 12 1 7 1 9 12 1 7 1 9 12 1 7 1 9 12 1 10 12 1 9 12 1 9 12 1 9 12 1 9 12 1 9 12 1 9 12 1 9 12 1 9 12 1 9 12 1 9 12 1 1 1 5 0 1 1 1 1 1 1 1 1 1 1 1 1 1 1 1 1 1 1 1 1 1 1 1 1 1 1 1 1 1 1 1 1 1 1 1 1 1 1 1 1 1 1 1 1 1 1 1 1 1 1 1 1 1 1 1 1 1 1 1 1 1 1 1 1 1 1 1 1 1 1 1 1 1 1 1 1 1 1 1 1 1 1 1 1 1 1 1 1 1 1 100 1 1 1 1 1 1 1 1 1 1 1 1 1 1 1 1 1 1 1 1 1 1 1 1 1 1 1 1 1 1 1 1 1 1 1 1 1 1 1 1 1 1 1 1 1 1 1 1 1 1 1 1 1 1 1 1 1 1 1 1 1 1 1 1 1 1 1 1 1 1 1 1 1 1 1 1 1 1 1 1 1 1 1 1 1 1 1 1 1 1 1 1 1 1 1 1 1 1 1 1 1 1 1 1 1 1 1 1 1 1 1 1 1 1 1 1 1 1 1 1 1 1 1 1 1 1 1 1 1 1 1 1 1 1 1 1 1 1 1 1 1 1 1 1 1 1 1 1 1 1 1 1 1 1 1 1 1 1 1 1 1 1 1 1 1 1 1 1 1 1 1 1 1 1 1 1 1 1 1 1 1 1 1 1 1 1 1 1 1 1 1 1 1 1 1 1 1 1 1 1 1 1 1 1 1 1 1 1 1 1 1 1 1
staticfield jdk/internal/misc/Unsafe theUnsafe Ljdk/internal/misc/Unsafe; jdk/internal/misc/Unsafe
staticfield jdk/internal/misc/Unsafe ARRAY_BOOLEAN_BASE_OFFSET J 16
staticfield jdk/internal/misc/Unsafe ARRAY_BYTE_BASE_OFFSET J 16
staticfield jdk/internal/misc/Unsafe ARRAY_SHORT_BASE_OFFSET J 16
staticfield jdk/internal/misc/Unsafe ARRAY_CHAR_BASE_OFFSET J 16
staticfield jdk/internal/misc/Unsafe ARRAY_INT_BASE_OFFSET J 16
staticfield jdk/internal/misc/Unsafe ARRAY_LONG_BASE_OFFSET J 16
staticfield jdk/internal/misc/Unsafe ARRAY_FLOAT_BASE_OFFSET J 16
staticfield jdk/internal/misc/Unsafe ARRAY_DOUBLE_BASE_OFFSET J 16
staticfield jdk/internal/misc/Unsafe ARRAY_OBJECT_BASE_OFFSET J 16
staticfield jdk/internal/misc/Unsafe ARRAY_BOOLEAN_INDEX_SCALE I 1
staticfield jdk/internal/misc/Unsafe ARRAY_BYTE_INDEX_SCALE I 1
staticfield jdk/internal/misc/Unsafe ARRAY_SHORT_INDEX_SCALE I 2
staticfield jdk/internal/misc/Unsafe ARRAY_CHAR_INDEX_SCALE I 2
staticfield jdk/internal/misc/Unsafe ARRAY_INT_INDEX_SCALE I 4
staticfield jdk/internal/misc/Unsafe ARRAY_LONG_INDEX_SCALE I 8
staticfield jdk/internal/misc/Unsafe ARRAY_FLOAT_INDEX_SCALE I 4
staticfield jdk/internal/misc/Unsafe ARRAY_DOUBLE_INDEX_SCALE I 8
staticfield jdk/internal/misc/Unsafe ARRAY_OBJECT_INDEX_SCALE I 8
staticfield jdk/internal/misc/Unsafe ADDRESS_SIZE I 8
ciMethod java/lang/StringUTF16 putChar ([BII)V 4128 0 4642 0 -1
ciMethod java/lang/StringUTF16 newBytesFor (I)[B 0 0 1676 0 -1
ciMethod java/lang/StringUTF16 replace ([BCC)Ljava/lang/String; 0 0 1 0 -1
ciInstanceKlass java/lang/Thread$FieldHolder 1 1 55 10 7 12 1 1 1 9 7 12 1 1 1 9 12 1 1 9 12 1 1 9 12 1 1 9 12 1 1 1 1 1 1 1 1 1 1 1 1 100 1 100 1 1 1 1 100 1 1 1 100 1 100 1 1
ciInstanceKlass java/lang/Thread$Constants 0 0 47 100 1 10 100 12 1 1 1 10 12 1 1 10 12 1 1 10 100 12 1 1 8 1 10 12 1 9 100 12 1 1 1 1 1 1 1 1 1 1 1 1 1 1 1 1 1
ciInstanceKlass java/lang/ThreadGroup 1 1 380 10 7 12 1 1 1 9 7 12 1 1 1 8 1 9 12 1 1 100 1 9 12 1 1 9 12 1 1 10 7 12 1 1 1 10 12 1 1 10 12 1 10 12 1 1 10 12 1 1 10 12 1 10 12 1 10 12 1 10 100 12 1 1 1 10 12 1 1 18 12 1 1 11 100 12 1 1 1 10 12 1 1 10 12 1 1 10 12 1 1 10 100 12 1 1 1 10 12 1 11 12 1 1 11 100 12 1 1 11 12 1 1 10 12 1 1 10 12 1 10 12 1 11 12 1 11 12 1 1 10 12 1 100 1 10 18 12 1 1 11 100 12 1 1 1 11 12 1 1 9 100 12 1 1 1 10 12 1 1 8 1 10 100 12 1 1 1 10 100 12 1 1 1 10 12 1 1 11 12 10 12 1 1 10 12 1 1 11 100 1 9 12 1 100 1 10 8 1 10 12 1 1 10 12 1 1 8 1 10 12 1 10 100 12 1 1 1 10 12 1 1 10 7 1 8 1 10 8 1 10 12 1 10 12 1 8 1 9 12 1 1 9 12 1 10 100 12 1 1 1 100 9 12 1 1 7 1 9 12 1 10 12 10 12 1 1 100 10 12 9 12 1 10 12 1 100 1 10 100 1 10 10 12 1 10 12 1 1 1 1 1 1 1 1 1 1 1 1 1 1 1 1 3 1 1 1 1 1 1 1 1 1 1 1 100 1 1 1 1 1 1 1 1 1 1 1 1 1 1 1 1 1 1 1 1 1 1 1 1 1 1 1 1 1 1 1 1 1 1 1 1 1 1 1 1 16 15 10 12 16 16 15 10 12 16 15 10 100 12 1 1 1 1 1 100 1 100 1 1
staticfield java/lang/ThreadGroup $assertionsDisabled Z 1
ciInstanceKlass java/lang/Thread$UncaughtExceptionHandler 1 0 16 100 1 100 1 1 1 1 1 1 1 1 100 1 1 1
instanceKlass java/lang/ThreadBuilders$BoundVirtualThread
instanceKlass java/lang/VirtualThread
ciInstanceKlass java/lang/BaseVirtualThread 0 0 36 10 100 12 1 1 1 100 1 1 1 1 1 1 1 1 1 1 1 1 1 1 1 1 1 1 1 1 100 1 100 1 1 100 1 1
ciInstanceKlass java/lang/VirtualThread 0 0 928 9 100 12 1 1 1 9 12 1 1 10 100 12 1 1 1 10 100 12 1 1 1 10 100 12 1 1 1 9 12 1 1 100 1 10 12 1 9 12 1 1 18 12 1 1 9 12 1 1 10 12 1 1 100 1 10 12 1 10 12 1 1 10 12 1 1 10 12 1 10 12 1 1 9 12 1 1 10 12 1 10 100 12 1 10 12 1 10 12 1 10 12 1 10 12 1 9 12 1 1 11 100 12 1 1 1 10 10 12 1 11 100 12 1 1 1 10 12 1 100 1 10 12 1 1 100 1 9 12 1 1 5 0 10 100 12 1 1 1 9 12 1 100 1 100 1 10 10 100 12 1 1 1 10 100 12 1 1 1 10 12 1 1 10 12 1 10 12 1 1 10 12 1 10 12 10 12 1 100 1 10 10 12 1 10 12 1 1 9 12 1 1 10 12 1 1 9 12 1 1 10 12 1 9 12 1 10 100 12 1 1 10 9 10 10 12 1 1 10 12 1 1 10 100 12 1 1 10 100 1 10 9 10 100 1 10 12 1 1 10 12 1 10 10 12 1 1 9 12 1 10 12 1 10 12 1 9 12 1 1 10 12 1 10 12 1 10 12 1 1 9 12 1 1 10 12 1 10 12 1 1 10 12 1 10 12 1 1 9 12 1 18 9 100 12 1 1 1 10 12 1 1 9 12 1 10 12 1 10 12 1 1 10 12 1 9 12 1 1 18 12 1 9 12 1 9 12 1 10 12 9 12 1 1 10 100 12 1 1 10 12 1 10 12 1 1 10 100 12 1 1 10 12 1 100 1 8 1 10 12 1 10 12 1 1 10 12 1 10 12 1 10 12 1 10 100 12 1 1 10 12 1 10 12 1 10 12 1 10 12 1 10 100 12 1 1 8 1 10 12 1 10 12 1 10 12 1 10 12 1 1 10 12 1 10 12 10 12 1 100 1 10 10 12 1 10 12 1 1 10 12 1 1 10 12 1 10 12 1 10 12 1 1 10 12 1 1 11 100 12 1 1 11 12 1 10 12 9 100 12 1 1 1 9 12 1 10 12 1 1 9 12 1 9 12 1 9 12 1 9 12 1 100 1 10 10 12 1 1 10 12 1 100 1 100 1 10 8 1 10 12 1 1 10 12 1 10 12 1 10 10 12 1 8 1 10 10 12 1 10 12 1 10 100 12 1 1 8 1 8 1 10 12 1 1 10 10 9 100 12 1 1 1 10 12 1 1 10 12 1 10 10 12 9 12 1 10 12 1 1 10 12 1 9 12 1 10 12 1 1 9 12 1 10 12 1 1 9 12 1 10 12 1 1 18 12 1 1 8 1 10 12 1 1 8 1 8 1 10 100 12 1 1 1 10 100 12 1 1 1 10 12 1 10 12 1 1 10 12 1 18 12 1 1 18 12 1 1 5 0 9 12 1 10 12 1 10 12 1 10 100 1 10 12 1 1 9 12 1 9 12 1 1 10 12 1 1 10 12 1 10 12 10 12 1 1 10 100 12 1 1 10 12 1 1 100 1 8 1 10 10 12 1 8 10 12 1 1 8 8 9 12 1 8 8 10 12 1 10 12 1 1 8 1 18 12 1 10 100 12 1 1 10 12 1 10 12 1 3 1 3 1 3 1 3 1 3 1 3 1 3 1 3 1 3 1 3 1 3 1 3 1 3 3 1 3 3 1 3 3 1 3 3 1 3 1 1 1 1 1 1 1 1 1 1 1 1 1 1 1 1 1 100 1 1 1 1 1 1 1 1 1 1 1 1 1 1 1 1 1 1 1 1 100 1 1 1 1 1 1 1 1 1 1 1 1 1 1 1 1 1 1 1 1 1 1 1 1 1 1 1 1 1 1 1 1 1 100 1 1 1 1 1 1 1 1 1 1 1 1 1 1 1 1 1 1 1 1 1 1 1 1 1 1 1 100 1 1 1 1 1 1 1 1 1 1 1 1 1 1 1 1 1 1 1 1 1 1 100 1 1 16 15 10 12 15 10 12 15 10 12 16 15 10 12 16 15 10 12 16 15 10 12 16 15 10 12 15 10 100 12 1 1 1 1 1 1 1 100 1 1 1 100 1 100 1 1
ciInstanceKlass java/lang/ThreadBuilders$BoundVirtualThread 0 0 132 10 100 12 1 1 1 9 100 12 1 1 1 10 100 12 1 1 1 9 12 1 1 10 12 1 1 10 12 1 1 9 12 1 1 10 100 12 1 1 1 10 12 1 1 100 1 8 1 10 12 1 10 12 1 1 10 12 1 1 10 12 1 1 10 100 12 1 1 1 8 1 10 12 1 8 1 10 12 1 1 10 100 12 1 1 9 100 12 1 1 1 10 12 1 1 10 10 12 1 1 1 1 1 1 1 1 1 1 1 1 1 1 1 1 1 1 1 1 1 1 1 1 1 1 1 1 100 1 1 1 1
instanceKlass java/lang/Exception
instanceKlass java/lang/Error
ciInstanceKlass java/lang/Throwable 1 1 403 10 7 12 1 1 1 9 7 12 1 1 1 9 12 1 1 9 12 1 9 12 1 1 9 12 1 10 12 1 1 9 12 1 1 10 12 1 1 10 100 12 1 1 1 9 12 1 1 10 12 1 1 10 12 1 100 1 100 1 10 8 1 10 12 1 1 8 1 10 100 12 1 1 10 10 12 1 100 1 8 1 10 10 7 12 1 1 10 12 1 8 1 9 100 12 1 1 1 10 12 1 1 100 1 10 12 10 12 1 100 1 10 10 7 12 1 1 1 11 100 12 1 1 1 10 100 12 1 1 1 10 12 1 1 10 12 1 1 8 1 10 12 1 10 12 1 1 8 1 8 1 10 12 1 1 10 12 1 8 1 8 1 9 12 1 10 100 12 1 1 100 1 10 11 12 1 8 1 8 1 10 7 12 1 1 8 1 10 12 1 8 1 100 1 10 12 1 9 12 1 1 10 12 1 10 7 12 1 9 12 1 1 10 12 1 1 100 1 8 1 10 12 1 10 100 12 1 1 10 12 1 1 100 1 10 100 12 1 1 1 10 12 1 11 100 12 1 1 1 11 100 12 1 1 1 11 12 1 8 1 10 12 1 1 8 1 10 10 9 100 12 1 1 1 8 1 10 12 1 1 11 10 100 1 8 1 10 11 12 1 1 8 1 9 12 1 10 100 12 1 1 11 9 12 1 1 11 12 1 1 100 10 12 1 10 12 1 1 100 1 1 1 1 5 0 1 1 1 1 1 1 1 1 1 1 1 1 100 1 1 1 1 1 1 1 1 1 1 1 1 1 1 1 1 1 1 1 1 1 1 1 1 1 1 1 1 1 1 1 1 1 1 1 1 1 1 1 1 1 1 1 100 1 100 1 1 1 1 1 1 1 1 1 1 1 1 1 1 1 1 1 1
staticfield java/lang/Throwable UNASSIGNED_STACK [Ljava/lang/StackTraceElement; 0 [Ljava/lang/StackTraceElement;
staticfield java/lang/Throwable SUPPRESSED_SENTINEL Ljava/util/List; java/util/Collections$EmptyList
staticfield java/lang/Throwable EMPTY_THROWABLE_ARRAY [Ljava/lang/Throwable; 0 [Ljava/lang/Throwable;
staticfield java/lang/Throwable $assertionsDisabled Z 1
ciInstanceKlass jdk/internal/vm/ContinuationScope 0 0 50 10 100 12 1 1 1 10 100 12 1 1 1 100 1 9 100 12 1 1 1 10 12 1 1 10 100 12 1 1 1 10 12 1 1 10 12 1 1 1 1 1 1 1 1 1 1 1 1 1
ciInstanceKlass jdk/internal/vm/StackChunk 1 1 32 10 100 12 1 1 1 9 100 12 1 1 1 9 12 1 1 9 12 1 1 1 1 1 1 1 1 1 1 1 1 1
ciInstanceKlass java/lang/Boolean 1 1 146 10 7 12 1 1 1 9 7 12 1 1 1 10 12 1 1 10 12 1 8 1 10 7 12 1 1 9 12 1 1 9 12 1 10 12 1 1 10 12 1 1 10 12 1 1 10 12 1 10 7 12 1 1 1 10 12 1 1 9 100 12 1 1 9 12 10 100 12 1 1 1 10 12 1 1 8 1 10 7 12 1 1 1 9 12 1 1 100 1 100 1 100 1 1 1 1 1 1 5 0 1 1 1 1 1 1 1 1 1 1 1 1 1 1 1 1 1 1 1 1 1 1 1 1 1 1 1 1 1 1 1 1 1 1 1 100 1 1 1 1 1 1 1 1 1
staticfield java/lang/Boolean TRUE Ljava/lang/Boolean; java/lang/Boolean
staticfield java/lang/Boolean FALSE Ljava/lang/Boolean; java/lang/Boolean
staticfield java/lang/Boolean TYPE Ljava/lang/Class; java/lang/Class
ciInstanceKlass java/lang/Character 1 1 603 7 1 100 1 100 1 9 12 1 1 8 1 9 12 1 1 100 1 9 12 1 1 10 100 12 1 1 1 10 100 12 1 1 1 10 100 12 1 1 1 10 7 12 1 1 1 9 7 12 1 1 1 10 12 1 10 12 1 1 10 12 1 1 10 100 12 1 1 10 12 1 1 3 3 3 3 3 10 12 1 1 10 12 1 3 11 7 12 1 1 1 11 12 1 1 10 12 1 1 10 12 1 1 100 1 10 10 12 1 3 10 12 1 1 10 12 1 10 12 1 1 100 1 8 1 10 12 1 1 10 12 1 10 12 1 10 12 1 10 100 12 1 1 1 10 12 1 10 12 1 10 12 1 1 10 12 1 10 7 12 1 1 10 10 12 1 10 10 12 1 10 12 1 1 10 12 1 10 10 12 1 10 12 1 10 12 1 10 12 1 10 12 1 10 12 1 10 12 1 10 12 10 10 12 10 10 12 1 10 10 12 1 10 10 12 1 10 10 12 1 10 12 1 10 12 1 10 12 1 10 12 1 10 12 1 10 12 1 10 10 12 1 10 10 12 1 10 10 12 1 1 10 10 12 1 10 5 0 10 12 1 10 12 1 10 10 12 1 10 10 12 1 1 10 10 12 1 10 10 12 1 9 12 1 1 100 1 10 10 12 1 10 12 1 1 3 10 100 12 1 1 1 10 12 1 10 100 12 1 1 100 1 10 10 12 1 1 10 12 1 1 10 12 1 1 8 1 10 12 1 9 100 12 1 1 1 10 12 1 10 10 12 1 10 12 1 1 10 12 1 10 10 12 1 1 10 10 12 1 1 100 1 8 1 10 12 1 1 10 7 12 1 1 1 8 1 10 12 1 1 9 12 1 1 100 1 100 1 100 1 1 1 1 3 1 3 1 3 1 3 1 1 1 1 1 3 1 1 3 1 3 1 3 1 3 1 3 1 3 1 3 1 3 1 3 1 3 1 3 1 3 1 3 1 3 1 3 1 3 1 3 1 3 1 3 1 3 1 3 1 3 1 3 1 3 1 3 1 3 1 3 1 3 1 1 1 1 1 1 1 1 1 1 1 1 1 1 1 1 1 1 1 3 1 1 1 1 1 1 1 3 1 1 3 1 1 1 1 1 3 1 1 5 0 1 1 1 1 1 1 1 1 1 1 1 1 1 1 1 1 1 1 1 1 1 1 1 1 1 1 1 1 1 1 1 1 1 1 1 1 1 1 1 1 1 1 1 1 1 1 1 1 1 1 1 1 1 1 1 1 1 1 1 1 1 1 1 1 1 1 1 1 1 1 1 1 1 1 1 1 1 1 1 1 1 1 1 1 1 1 1 1 1 100 1 100 1 1 1 1 1 1
staticfield java/lang/Character TYPE Ljava/lang/Class; java/lang/Class
staticfield java/lang/Character $assertionsDisabled Z 1
ciInstanceKlass java/lang/Float 1 1 277 7 1 100 1 10 7 12 1 1 1 10 100 12 1 1 1 4 100 1 10 12 1 1 10 12 1 1 8 1 8 1 10 100 12 1 1 1 10 12 1 1 10 12 1 1 10 7 1 4 10 7 12 1 1 9 12 1 1 10 12 1 1 10 12 1 10 10 12 1 1 10 12 1 10 12 1 3 3 100 1 4 4 4 3 10 12 1 1 9 12 1 1 100 1 10 3 3 4 4 10 12 1 3 3 3 10 12 1 1 10 12 1 1 10 12 1 10 100 12 1 1 1 10 12 1 1 10 12 1 1 10 7 12 1 1 1 8 1 10 12 1 1 9 12 1 1 100 1 100 1 100 1 1 1 1 4 1 4 1 1 1 4 1 1 3 1 3 1 3 1 3 1 3 1 1 1 1 5 0 1 1 1 1 1 1 1 1 1 1 7 1 1 1 1 1 1 1 1 1 1 1 1 1 1 1 1 1 1 1 1 1 1 1 1 1 1 1 1 1 1 1 1 1 1 1 1 1 1 1 1 1 1 1 1 1 1 1 1 1 1 1 1 1 1 1 1 1 1 1 1 1 1 1 1 1 1 1 1 1 1 1 1 1 7 1 1 1 1 1 1 1 100 1 100 1 1
staticfield java/lang/Float TYPE Ljava/lang/Class; java/lang/Class
staticfield java/lang/Float $assertionsDisabled Z 1
instanceKlass com/google/common/util/concurrent/AtomicDouble
instanceKlass java/math/BigInteger
instanceKlass java/math/BigDecimal
instanceKlass java/util/concurrent/atomic/Striped64
instanceKlass java/util/concurrent/atomic/AtomicLong
instanceKlass java/util/concurrent/atomic/AtomicInteger
instanceKlass java/lang/Long
instanceKlass java/lang/Integer
instanceKlass java/lang/Short
instanceKlass java/lang/Byte
instanceKlass java/lang/Double
instanceKlass java/lang/Float
ciInstanceKlass java/lang/Number 1 1 37 10 7 12 1 1 1 10 100 12 1 1 1 100 1 1 1 1 5 0 1 1 1 1 1 1 1 1 1 1 1 1 1 1 1 1 1
ciInstanceKlass java/lang/Double 1 1 288 7 1 100 1 10 7 12 1 1 1 10 12 1 1 10 100 1 10 12 1 1 10 7 12 1 1 1 6 0 8 1 10 12 1 1 8 1 10 12 1 1 8 1 6 0 10 12 1 1 100 1 5 0 5 0 8 1 8 1 10 100 12 1 1 1 10 100 12 1 1 1 8 1 10 12 1 1 8 1 8 1 8 1 10 12 1 1 10 12 1 10 12 1 1 10 12 1 10 12 1 10 12 1 1 10 12 1 10 7 1 6 0 10 7 12 1 1 9 12 1 1 10 12 1 10 12 1 10 12 1 10 12 1 10 12 1 5 0 10 12 1 1 10 12 1 10 12 1 10 100 12 1 1 1 10 12 1 1 10 12 1 1 8 1 10 7 12 1 1 1 9 12 1 1 100 1 100 1 100 1 1 1 6 0 1 6 0 1 6 0 1 1 1 6 0 1 1 3 1 3 1 3 1 3 1 3 1 1 1 1 5 0 1 1 1 1 1 1 1 1 1 1 1 1 1 1 1 1 7 1 1 1 1 1 1 1 1 1 1 1 1 1 1 1 1 1 1 1 1 1 1 1 1 1 1 1 1 1 1 1 1 1 1 1 1 1 1 1 1 1 1 1 1 1 7 1 1 1 1 1 1 1 100 1 100 1 1
staticfield java/lang/Double TYPE Ljava/lang/Class; java/lang/Class
ciInstanceKlass java/lang/Byte 1 1 212 7 1 100 1 10 100 12 1 1 1 9 12 1 1 8 1 9 12 1 1 100 1 10 12 1 1 10 12 1 1 10 100 12 1 1 1 10 100 12 1 1 1 9 7 12 1 1 1 10 12 1 1 7 1 100 1 10 12 1 1 8 1 10 12 1 1 8 1 10 12 1 10 12 1 10 12 1 10 12 1 1 10 12 1 10 12 1 10 12 1 1 10 8 1 8 1 10 7 1 9 12 1 1 10 12 1 1 10 12 1 1 10 12 1 1 10 12 1 5 0 10 12 1 1 8 1 10 7 12 1 1 1 9 12 1 1 100 1 100 1 1 1 3 1 3 1 1 1 1 3 1 3 1 1 5 0 1 1 1 1 1 1 1 1 1 1 1 1 1 1 1 1 1 1 1 1 1 1 1 1 1 1 1 1 1 1 1 1 1 1 1 1 1 1 1 1 1 1 1 1 1 1 1 1 1 1 1 1 1 1 1
staticfield java/lang/Byte TYPE Ljava/lang/Class; java/lang/Class
ciInstanceKlass java/lang/Short 1 1 220 7 1 100 1 100 1 10 100 12 1 1 1 10 12 1 1 7 1 100 1 10 12 1 1 8 1 10 12 1 1 8 1 10 12 1 10 12 1 10 12 1 10 12 1 1 10 12 1 1 10 12 1 9 12 1 1 8 1 9 12 1 1 100 1 10 12 1 1 10 12 1 10 100 12 1 1 1 10 100 12 1 1 1 9 7 12 1 1 1 10 12 1 10 12 1 1 10 8 1 8 1 10 7 1 9 12 1 1 10 12 1 1 10 12 1 1 10 12 1 1 10 12 1 3 3 5 0 10 12 1 1 8 1 10 7 12 1 1 1 9 12 1 1 100 1 100 1 1 1 3 1 3 1 1 1 1 3 1 3 1 1 5 0 1 1 1 1 1 1 1 1 1 1 1 1 1 1 1 1 1 1 1 1 1 1 1 1 1 1 1 1 1 1 1 1 1 1 1 1 1 1 1 1 1 1 1 1 1 1 1 1 1 1 1 1 1 1 1 1
staticfield java/lang/Short TYPE Ljava/lang/Class; java/lang/Class
ciInstanceKlass java/lang/Integer 1 1 436 7 1 100 1 7 1 7 1 10 12 1 1 9 12 1 1 9 12 1 1 10 100 12 1 1 1 10 12 1 1 10 100 12 1 1 1 10 10 12 1 1 10 100 12 1 1 1 10 12 1 10 12 1 1 10 7 12 1 1 1 10 12 1 1 10 12 1 1 10 12 1 10 7 12 1 1 10 12 1 1 10 12 1 10 12 1 7 1 8 1 10 12 1 8 1 100 1 10 12 1 1 10 12 1 1 8 1 10 12 1 1 8 1 10 12 1 1 10 12 1 1 10 12 1 1 3 3 10 7 12 1 1 1 11 7 1 10 12 1 1 11 10 12 1 1 10 12 1 1 8 1 10 12 1 10 12 1 8 1 100 1 10 12 1 8 1 10 12 1 1 10 12 1 8 1 10 12 1 10 12 1 7 1 9 12 1 1 9 12 1 1 10 12 1 10 7 1 9 12 1 10 12 1 10 12 1 10 12 1 1 10 12 1 1 10 7 12 1 1 1 10 12 1 1 8 1 8 1 10 12 1 1 8 1 8 1 8 1 8 1 8 1 8 1 10 12 1 10 12 1 10 12 1 5 0 3 3 3 3 10 12 1 10 12 1 3 10 12 1 10 100 12 1 1 1 10 12 1 1 10 12 1 1 8 1 10 7 12 1 1 1 9 12 1 1 100 1 100 1 100 1 1 1 1 3 1 1 1 1 1 3 1 3 1 1 5 0 1 1 1 1 1 1 1 1 1 100 1 1 1 1 1 1 1 1 1 1 1 1 1 1 1 1 1 1 1 1 1 1 1 1 1 1 1 1 1 1 1 1 1 1 1 1 1 1 1 1 1 1 1 1 1 1 1 1 1 1 1 1 1 1 1 1 1 1 1 1 1 1 1 1 1 1 1 1 1 1 1 1 1 1 1 1 1 1 1 1 1 1 1 1 1 1 1 1 1 1 1 1 1 7 1 1 1 1 1 1 1 1 1 100 1 100 1 1
staticfield java/lang/Integer TYPE Ljava/lang/Class; java/lang/Class
staticfield java/lang/Integer digits [B 36
ciInstanceKlass java/lang/Long 1 1 498 7 1 100 1 7 1 7 1 10 12 1 1 9 12 1 1 9 7 12 1 1 1 10 100 12 1 1 1 10 12 1 1 10 100 12 1 1 1 10 10 12 10 12 1 10 12 1 10 12 1 5 0 5 0 100 1 10 12 1 1 10 12 1 1 10 12 1 10 12 1 10 12 1 10 12 1 1 10 100 12 1 1 10 12 1 10 12 1 1 10 12 1 1 10 12 1 1 10 12 1 1 10 7 12 1 1 1 10 12 1 1 10 12 1 10 12 1 10 7 12 1 1 10 12 1 1 10 12 1 10 12 1 7 1 8 1 10 12 1 8 1 100 1 10 12 1 10 12 1 1 8 1 10 12 1 1 8 1 10 12 1 1 10 12 1 1 10 12 1 1 5 0 5 0 10 100 12 1 1 1 11 100 1 10 12 1 1 11 10 12 1 1 10 12 1 1 8 1 5 0 10 12 1 1 10 12 1 1 8 1 8 1 10 12 1 8 1 10 12 1 10 12 1 5 0 5 0 9 7 12 1 1 1 10 12 1 10 12 1 1 8 1 8 1 10 12 1 1 8 1 8 1 8 1 8 1 8 1 8 1 10 12 1 10 12 1 10 7 1 9 12 1 1 10 12 1 10 12 1 1 10 12 1 1 10 100 12 1 1 1 10 12 1 1 10 12 1 10 12 1 10 12 1 5 0 5 0 5 0 10 12 1 1 10 12 1 5 0 5 0 10 12 10 12 1 10 100 12 1 1 1 10 12 1 1 10 12 1 1 8 1 10 7 12 1 1 1 9 12 1 1 100 1 100 1 100 1 1 1 1 5 0 1 1 1 1 3 1 3 1 5 0 1 1 1 1 1 1 1 1 1 100 1 1 1 1 1 1 1 1 1 1 1 1 1 1 1 1 1 1 1 1 1 1 1 1 1 1 1 1 1 1 1 1 1 1 1 1 1 1 1 1 1 1 1 1 1 1 1 1 1 1 1 1 1 1 1 1 1 1 1 1 1 1 1 1 1 1 1 1 1 1 1 1 1 1 1 1 1 1 1 1 1 1 1 1 1 1 1 1 1 1 1 1 1 1 1 1 1 1 1 1 7 1 1 1 1 1 1 1 1 1 100 1 100 1 1
staticfield java/lang/Long TYPE Ljava/lang/Class; java/lang/Class
ciInstanceKlass java/lang/Void 1 1 31 10 100 12 1 1 1 8 1 10 7 12 1 1 1 9 7 12 1 1 1 1 1 1 1 1 1 1 1 1 1
staticfield java/lang/Void TYPE Ljava/lang/Class; java/lang/Class
ciInstanceKlass jdk/internal/vm/vector/VectorSupport 0 0 597 100 1 10 100 12 1 1 1 9 12 1 1 10 100 12 1 1 1 100 1 10 12 1 11 100 12 1 1 1 11 100 12 1 1 1 11 100 12 1 1 1 11 100 12 1 1 11 100 12 1 1 11 100 12 1 1 11 100 12 1 1 11 100 12 1 1 11 100 12 1 1 11 100 12 1 1 11 100 12 1 1 1 11 100 12 1 1 11 100 12 1 1 1 11 100 12 1 1 1 11 100 12 1 1 11 100 12 1 1 1 11 100 12 1 1 100 1 10 12 1 1 11 100 12 1 1 11 100 12 1 1 11 100 12 1 1 11 100 1 11 100 12 1 1 11 100 12 1 1 11 100 12 1 1 9 12 1 1 10 100 12 1 1 11 100 12 1 1 10 100 12 1 1 1 10 100 12 1 1 10 12 1 1 10 12 1 1 1 1 1 3 1 3 1 3 1 3 1 3 1 3 1 3 1 3 1 3 1 3 1 3 1 3 1 3 1 3 1 3 1 3 1 3 1 3 1 3 1 3 1 3 1 3 1 3 1 3 1 3 1 3 1 3 1 3 1 3 1 3 1 3 1 3 1 3 1 3 1 3 1 3 1 3 1 3 1 3 1 3 1 3 1 3 1 3 1 3 1 3 1 3 1 3 1 3 1 3 1 3 1 3 1 3 1 3 1 1 1 3 1 3 1 3 1 3 1 3 1 3 1 1 1 1 1 1 1 1 1 1 1 1 1 1 1 1 1 1 1 1 1 1 1 1 1 1 1 1 1 1 1 1 1 1 1 1 1 1 1 1 1 1 1 1 1 1 1 1 1 1 1 1 1 1 1 1 1 1 1 1 1 1 1 1 1 1 1 1 1 1 1 1 1 1 1 1 1 1 1 1 1 1 1 1 1 1 1 1 1 1 1 1 1 1 1 1 1 1 1 1 1 1 1 1 1 1 1 1 1 1 1 1 1 1 1 1 1 1 1 1 1 1 1 1 1 1 1 1 1 1 1 1 1 1 1 1 1 1 1 1 1 1 1 1 1 1 1 1 1 1 1 1 1 1 1 1 1 1 1 1 1 1 1 1 1 1 1 1 1 1 1 1 1 1 1 1 1 1 1 1 1 1 1 1 1 1 1 1 1 1 1 1 1 1 1 1 1 1 1 1 1 1 1 1 1 1 1 1 1 1 1 1 1 1 1 1 1 1 1 1 1 1 1 1 1 1 1 1 1 1 1 1 1 1 1 1 1 1 1 1 1 1 1 1 1 1 1 100 1 100 1 100 1 100 1 100 1 1 1 1 1 1 1 1 1 1 1 1 1 1 1 1 1 1 1 1 1 1 1 1 1 1 1 1 1 1 1
instanceKlass jdk/internal/vm/vector/VectorSupport$VectorShuffle
instanceKlass jdk/internal/vm/vector/VectorSupport$VectorMask
instanceKlass jdk/internal/vm/vector/VectorSupport$Vector
ciInstanceKlass jdk/internal/vm/vector/VectorSupport$VectorPayload 0 0 32 10 100 12 1 1 1 9 100 12 1 1 1 10 100 12 1 1 1 1 1 1 1 1 1 1 1 1 1 1 1 1
ciInstanceKlass jdk/internal/vm/vector/VectorSupport$Vector 0 0 28 10 100 12 1 1 1 100 1 1 1 1 1 1 1 1 1 1 1 1 1 1 1 100 1 1 1 1
ciInstanceKlass jdk/internal/vm/vector/VectorSupport$VectorMask 0 0 28 10 100 12 1 1 1 100 1 1 1 1 1 1 1 1 1 1 1 1 1 1 1 100 1 1 1 1
ciInstanceKlass jdk/internal/vm/vector/VectorSupport$VectorShuffle 0 0 28 10 100 12 1 1 1 100 1 1 1 1 1 1 1 1 1 1 1 1 1 1 1 100 1 1 1 1
ciInstanceKlass jdk/internal/vm/FillerObject 0 0 16 10 100 12 1 1 1 100 1 1 1 1 1 1 1 1
instanceKlass java/lang/ref/PhantomReference
instanceKlass java/lang/ref/FinalReference
instanceKlass java/lang/ref/WeakReference
instanceKlass java/lang/ref/SoftReference
ciInstanceKlass java/lang/ref/Reference 1 1 198 9 7 12 1 1 1 9 7 12 1 1 10 12 1 1 10 12 1 1 9 12 1 1 10 12 1 1 9 12 1 1 9 12 1 1 7 1 10 12 1 10 7 12 1 1 10 12 1 10 12 1 1 10 12 1 7 1 8 1 10 12 1 1 7 1 10 12 1 1 10 12 1 1 10 12 1 7 1 10 12 10 7 12 1 1 1 9 12 1 10 12 1 1 10 12 1 10 12 1 10 12 1 9 12 1 100 1 100 1 10 9 12 1 9 12 1 100 1 10 10 12 1 10 10 7 12 1 1 10 12 1 1 1 1 1 1 1 1 1 1 1 1 1 1 1 1 1 100 1 1 1 100 1 1 1 1 1 1 1 1 1 1 1 1 1 1 1 1 1 1 1 1 1 1 1 1 1 1 1 1 1 1 1 1 1 1 1 1 1 100 1 100 1 100 1 1 1
staticfield java/lang/ref/Reference processPendingLock Ljava/lang/Object; java/lang/Object
staticfield java/lang/ref/Reference $assertionsDisabled Z 1
instanceKlass com/google/common/cache/LocalCache$SoftValueReference
instanceKlass org/hibernate/validator/internal/util/ConcurrentReferenceHashMap$SoftValueReference
instanceKlass org/hibernate/validator/internal/util/ConcurrentReferenceHashMap$SoftKeyReference
instanceKlass java/util/ResourceBundle$BundleReference
instanceKlass sun/util/locale/provider/LocaleResources$ResourceReference
instanceKlass sun/util/resources/Bundles$BundleReference
instanceKlass jdk/internal/util/SoftReferenceKey
instanceKlass java/lang/invoke/LambdaFormEditor$Transform
ciInstanceKlass java/lang/ref/SoftReference 1 1 50 10 7 12 1 1 1 9 7 12 1 1 1 9 12 1 10 12 1 10 12 1 1 1 1 1 1 1 1 1 1 1 1 1 1 1 1 1 1 1 1 1 1 100 1 1 1 1 1 1
instanceKlass com/google/common/collect/MapMakerInternalMap$AbstractWeakKeyEntry
instanceKlass com/google/common/cache/LocalCache$WeakEntry
instanceKlass java/util/ResourceBundle$KeyElementReference
instanceKlass java/util/logging/LogManager$LoggerWeakRef
instanceKlass java/util/logging/Level$KnownLevel
instanceKlass java/lang/WeakPairMap$WeakRefPeer
instanceKlass jdk/internal/util/WeakReferenceKey
instanceKlass java/lang/ThreadLocal$ThreadLocalMap$Entry
instanceKlass java/util/WeakHashMap$Entry
ciInstanceKlass java/lang/ref/WeakReference 1 1 34 10 7 12 1 1 1 10 12 1 100 1 1 1 1 1 1 1 1 1 1 1 1 1 1 1 1 1 1 1 1 1 1 1
instanceKlass java/lang/ref/Finalizer
ciInstanceKlass java/lang/ref/FinalReference 1 1 50 10 7 12 1 1 1 10 100 12 1 1 1 10 12 1 1 100 1 8 1 10 12 1 1 1 1 1 1 1 1 1 1 1 1 1 1 1 1 1 1 1 1 1 1 1 1 1 100 1
instanceKlass jdk/internal/ref/PhantomCleanable
instanceKlass jdk/internal/ref/Cleaner
ciInstanceKlass java/lang/ref/PhantomReference 1 1 47 10 7 12 1 1 1 10 12 1 1 10 7 12 1 1 1 1 1 1 1 1 1 1 1 1 1 1 1 1 1 1 1 1 1 1 1 1 1 1 1 1 1 1 1 1 1
ciInstanceKlass java/lang/ref/Finalizer 1 1 177 9 7 12 1 1 1 10 7 12 1 1 1 9 12 1 1 9 12 1 1 9 12 1 9 12 1 9 12 1 1 10 12 1 100 1 8 1 10 12 1 10 12 1 1 9 12 1 100 1 10 12 1 100 1 11 100 12 1 1 10 12 1 100 1 10 12 1 10 7 12 1 1 1 10 12 1 1 10 100 12 1 1 8 1 10 12 1 10 12 1 10 12 1 100 1 10 12 1 10 100 12 1 1 1 100 1 10 10 12 1 1 7 1 10 12 1 10 12 1 1 10 12 1 1 10 7 12 1 1 1 7 1 10 7 1 10 10 12 1 1 1 1 1 1 1 1 1 1 1 1 1 1 1 1 1 1 1 1 1 1 1 1 1 1 100 1 1 1 1 1 1 1 1 1 1 1
staticfield java/lang/ref/Finalizer lock Ljava/lang/Object; java/lang/Object
staticfield java/lang/ref/Finalizer ENABLED Z 1
staticfield java/lang/ref/Finalizer $assertionsDisabled Z 1
instanceKlass java/lang/reflect/Executable
instanceKlass java/lang/reflect/Field
ciInstanceKlass java/lang/reflect/AccessibleObject 1 1 374 10 7 12 1 1 1 10 7 12 1 1 1 10 7 12 1 1 1 10 12 1 1 9 12 1 1 7 1 10 7 12 1 1 1 11 12 1 100 1 10 12 1 7 1 100 1 10 12 1 1 10 12 1 1 10 12 1 1 10 12 1 1 10 12 1 1 7 1 10 100 12 1 1 1 10 12 1 1 11 10 7 12 1 1 1 10 12 1 1 10 12 1 10 12 1 10 12 1 1 10 12 1 8 1 100 1 100 1 10 10 12 1 1 8 1 10 12 1 10 12 1 8 1 8 1 8 1 8 1 8 1 8 1 8 1 8 1 8 1 100 1 10 12 1 10 12 1 9 100 12 1 1 1 10 12 1 1 10 12 1 10 100 1 100 1 8 1 10 8 1 10 12 1 8 1 10 12 1 10 12 1 1 10 100 1 8 1 10 11 7 12 1 1 1 10 12 1 1 10 12 1 1 10 12 1 1 9 12 1 1 100 1 10 12 1 7 1 10 12 1 10 12 1 1 10 100 1 10 12 1 10 12 10 12 1 10 12 1 10 12 1 1 10 12 1 9 12 1 10 100 12 1 1 8 1 10 12 1 1 8 1 10 100 12 1 1 1 9 12 1 100 1 10 7 1 10 10 7 12 1 1 1 10 7 12 1 1 1 9 12 1 1 1 1 1 1 1 1 1 1 1 1 1 1 1 1 1 1 1 1 1 1 1 1 1 1 1 1 1 1 1 1 1 1 1 1 1 1 1 1 1 1 1 1 1 1 1 1 1 1 1 1 1 1 1 1 1 1 1 1 1 1 1 1 1 1 1 1 1 1 1 1 1 1 1 1 1 1 1 1 1 1 1
staticfield java/lang/reflect/AccessibleObject reflectionFactory Ljdk/internal/reflect/ReflectionFactory; jdk/internal/reflect/ReflectionFactory
ciInstanceKlass java/lang/reflect/Method 1 1 468 9 7 12 1 1 1 10 7 12 1 1 1 10 7 12 1 1 9 12 1 1 9 12 1 1 10 12 1 1 10 12 1 1 10 12 1 1 10 7 12 1 1 10 7 12 1 1 1 9 12 1 1 9 12 1 9 12 1 1 9 12 1 9 12 1 9 12 1 1 9 12 1 9 12 1 1 9 12 1 9 12 1 100 1 8 1 10 12 1 10 12 1 9 12 1 1 10 7 12 1 1 1 10 12 1 1 10 12 1 1 10 12 1 10 12 1 1 9 100 12 1 1 1 10 12 1 1 10 12 10 7 12 1 1 10 12 1 1 10 12 1 10 12 1 10 12 1 10 7 12 1 1 1 10 12 1 1 9 12 1 10 7 1 10 7 12 1 1 1 10 7 12 1 1 10 12 1 1 10 12 1 1 10 12 1 10 7 12 1 1 1 10 12 1 10 8 1 10 12 1 10 12 1 7 1 8 1 8 1 8 1 10 12 1 10 12 1 1 10 12 1 1 10 10 12 1 1 10 12 1 11 100 1 10 12 1 9 12 1 1 10 12 1 1 10 12 1 10 12 1 1 10 12 1 1 11 7 12 1 1 1 11 12 1 9 12 1 1 10 12 1 10 12 1 10 12 1 10 12 1 10 12 1 10 12 1 9 12 1 1 10 7 12 1 1 1 10 7 12 1 1 10 12 1 1 10 7 12 1 1 1 10 7 12 1 1 1 10 7 12 1 1 1 11 7 12 1 1 1 10 7 12 1 1 1 7 1 100 1 100 1 10 12 1 10 12 1 1 10 12 1 100 1 8 1 10 12 1 10 10 12 1 1 10 12 1 1 10 12 1 1 10 12 1 1 8 1 10 12 1 1 1 1 1 1 1 1 1 1 1 1 1 1 1 1 1 1 1 1 1 1 1 1 1 1 1 1 1 1 1 1 1 1 1 1 1 1 1 1 1 1 1 1 1 1 1 1 1 1 1 1 1 100 1 100 1 100 1 1 1 1 1 1 1 1 1 1 1 1 1 1 1 1 1 1 1 1 1 1 1 1 1 1 1 1 1 1
ciInstanceKlass java/lang/reflect/Member 1 1 37 100 1 10 12 1 1 100 1 100 1 1 1 1 3 1 3 1 1 1 1 1 1 1 1 1 1 1 1 1 1 1 1 1 1 1 1
instanceKlass java/lang/reflect/Constructor
instanceKlass java/lang/reflect/Method
ciInstanceKlass java/lang/reflect/Executable 1 1 587 10 7 12 1 1 1 10 7 12 1 1 1 10 7 12 1 1 1 11 7 12 1 1 1 10 7 12 1 1 1 10 12 1 1 10 7 12 1 1 1 10 7 12 1 1 1 10 12 1 8 1 10 10 12 1 1 10 12 1 1 10 7 12 1 1 1 18 12 1 1 11 7 12 1 1 1 8 1 8 1 8 1 10 7 12 1 1 1 11 12 1 1 7 1 8 1 8 1 10 12 1 100 1 8 1 10 12 1 8 1 11 100 12 1 1 1 100 1 11 7 12 1 1 1 11 12 1 8 1 18 8 1 10 12 1 10 12 1 1 18 8 1 10 12 1 100 1 10 12 1 10 12 1 11 12 1 10 12 1 1 8 1 8 1 10 12 1 1 10 12 1 1 10 10 12 1 9 12 1 1 9 100 12 1 1 1 10 100 12 1 1 1 10 12 1 10 12 1 1 10 7 12 1 1 10 12 1 10 12 1 10 12 1 10 7 12 1 1 100 1 10 100 12 1 1 1 10 12 1 1 10 7 12 1 1 10 12 1 10 12 1 1 9 7 12 1 1 1 10 7 10 12 1 8 1 10 12 1 10 12 1 3 100 1 8 1 10 12 1 10 12 1 10 10 12 1 10 12 1 1 8 1 8 1 8 1 9 12 1 1 9 12 1 10 12 1 100 1 8 1 10 12 1 10 12 1 10 12 1 1 10 12 1 1 10 12 1 10 12 10 12 1 7 1 10 12 1 10 12 1 1 100 1 10 100 12 1 1 1 7 1 10 7 12 1 1 1 10 12 1 1 11 7 12 1 1 10 12 1 10 100 12 1 1 1 10 12 1 1 9 12 1 10 12 1 1 10 12 1 10 12 1 1 9 7 12 1 1 1 10 7 12 1 1 1 10 12 1 10 12 1 1 9 12 1 10 10 10 10 100 12 1 1 1 10 12 1 9 12 1 10 12 1 1 9 12 1 100 1 100 1 1 1 1 1 1 1 1 1 1 1 1 1 1 1 1 1 1 1 1 1 1 1 1 1 1 1 1 1 1 1 1 1 1 1 1 100 1 1 1 1 1 1 1 1 1 1 1 1 1 1 1 1 1 1 1 100 1 1 1 1 1 1 1 1 1 1 1 1 1 1 1 1 1 1 1 1 1 1 1 1 1 1 1 1 1 1 1 1 1 1 1 1 1 1 1 1 1 1 1 100 1 1 1 1 1 1 1 1 1 1 1 1 1 1 1 1 1 1 1 1 1 1 100 1 1 16 15 16 1 16 1 15 10 12 16 15 10 7 12 1 1 1 1 100 1 1 1 100 1 1 100 1 100 1 1
ciInstanceKlass java/lang/reflect/Constructor 1 1 437 10 7 12 1 1 1 10 7 12 1 1 9 7 12 1 1 1 9 12 1 1 10 12 1 1 10 12 1 1 10 12 1 1 10 7 12 1 1 10 7 12 1 1 1 9 12 1 1 9 12 1 1 9 12 1 9 12 1 1 9 12 1 9 12 1 1 9 12 1 1 9 12 1 100 1 8 1 10 12 1 10 12 1 9 12 1 1 10 7 12 1 1 1 10 12 1 1 10 12 1 1 10 12 1 7 1 100 1 8 1 10 10 12 1 10 12 1 10 12 1 1 9 100 12 1 1 1 10 7 12 1 1 10 12 1 1 10 12 1 10 12 1 1 10 7 12 1 1 1 10 100 12 1 1 10 12 1 1 10 12 1 10 100 12 1 1 1 8 1 10 10 12 1 100 1 8 1 10 12 1 10 12 1 1 10 12 1 1 10 12 1 10 12 1 10 12 1 1 10 12 1 1 9 12 1 1 10 12 1 1 10 12 1 1 10 12 1 1 11 7 12 1 1 1 10 12 1 1 10 12 1 10 12 1 10 12 1 8 1 9 12 1 1 10 7 12 1 1 1 10 7 12 1 1 10 12 1 1 10 12 1 1 10 12 1 1 10 12 1 1 10 12 1 9 100 12 1 1 10 12 1 10 12 1 10 12 1 100 1 8 1 10 10 12 1 1 10 12 1 10 10 12 1 1 10 12 1 1 10 100 12 1 1 1 11 100 12 1 1 1 10 12 1 1 9 100 12 1 1 1 10 100 12 1 1 1 10 12 1 1 1 1 1 1 1 1 1 1 1 1 1 1 1 1 1 1 1 1 1 1 1 1 1 1 1 1 1 1 1 1 1 1 1 1 1 1 1 1 1 1 1 1 1 1 1 1 1 1 1 1 1 1 1 1 100 1 100 1 100 1 100 1 1 1 1 1 1 1 1 1 1 1 1 1 1 1 1 1 1 1 1 1 1 1 1 1 1 1 1 1 1 1 1 100 1 1
ciInstanceKlass java/lang/reflect/Field 1 1 454 9 7 12 1 1 1 10 12 1 1 10 7 12 1 1 1 10 7 12 1 1 9 12 1 1 9 12 1 1 10 12 1 1 10 12 1 1 10 12 1 1 10 7 12 1 1 10 7 12 1 1 1 9 12 1 1 9 12 1 9 12 1 9 12 1 1 9 12 1 1 9 12 1 9 12 1 1 100 1 8 1 10 12 1 10 12 1 9 12 1 1 9 12 1 10 7 12 1 1 10 12 1 1 10 12 1 1 10 12 1 9 12 1 1 10 12 1 1 9 100 12 1 1 1 10 7 12 1 1 1 7 1 10 12 1 1 10 12 1 1 10 12 1 10 12 1 10 7 1 10 7 12 1 1 100 1 10 8 1 10 12 1 1 10 12 1 1 8 1 10 12 10 12 1 8 1 8 1 10 11 100 1 9 12 1 10 12 1 1 10 12 1 1 11 7 12 1 1 1 10 12 1 11 12 1 1 11 12 1 1 11 12 1 1 11 12 1 1 11 12 1 1 11 12 1 1 11 12 1 1 11 12 1 1 11 12 1 1 11 12 1 1 11 12 1 1 11 12 1 1 11 12 1 1 11 12 1 1 11 12 1 1 11 12 1 1 11 12 1 1 10 12 1 10 100 12 1 1 10 12 1 10 12 1 10 12 1 10 12 1 1 10 12 1 1 10 12 1 10 7 12 1 1 10 12 1 1 11 7 1 10 12 1 7 1 10 100 12 1 1 1 10 7 12 1 1 1 9 12 1 10 7 12 1 1 1 11 7 12 1 1 1 10 12 1 1 10 12 1 1 9 7 12 1 1 10 7 12 1 1 1 10 12 1 1 100 1 1 1 1 1 1 1 1 1 1 1 1 1 1 1 1 1 1 1 1 1 1 1 1 1 1 1 1 1 1 1 1 1 1 1 1 1 1 1 100 1 1 1 1 1 1 1 1 1 1 1 1 1 1 1 1 1 1 1 1 1 1 1 1 1 1 1 1 1 1 1 1 100 1 1 1 1 1 1 1 1 100 1 1 100 1 1
ciInstanceKlass java/lang/reflect/Parameter 1 1 256 10 7 12 1 1 1 9 7 12 1 1 1 9 12 1 1 9 12 1 1 9 12 1 10 12 1 1 10 12 1 1 10 7 12 1 1 1 100 1 10 10 12 1 1 11 100 12 1 1 1 10 12 1 10 100 12 1 1 1 10 12 1 1 10 12 1 10 12 1 8 1 8 1 10 7 12 1 1 1 10 12 1 10 12 9 100 12 1 1 1 9 100 12 1 1 1 10 12 1 1 10 12 1 1 10 100 12 1 1 1 10 12 1 8 1 10 12 1 9 12 1 1 10 12 1 1 9 12 1 1 10 12 1 1 10 12 1 1 10 12 1 1 10 12 1 10 10 12 1 10 7 12 1 1 1 10 12 1 1 11 7 12 1 1 10 7 12 1 1 7 1 10 100 12 1 1 1 10 12 1 1 10 12 1 1 10 12 1 1 10 12 1 1 9 12 1 7 1 10 11 12 1 11 12 1 1 100 1 1 1 1 1 1 1 1 1 1 1 1 1 1 1 1 1 1 1 1 1 1 1 1 1 1 1 1 1 1 1 1 1 1 1 1 1 1 1 100 1 1 1 1 1 100 1 1
ciInstanceKlass java/lang/reflect/RecordComponent 0 0 196 10 100 12 1 1 1 9 100 12 1 1 1 9 12 1 1 9 12 1 10 12 1 1 10 12 1 1 10 100 12 1 1 1 10 12 1 1 9 12 1 1 10 12 1 1 10 12 1 1 10 12 1 10 100 12 1 1 10 100 12 1 1 9 12 1 1 10 100 12 1 1 1 11 100 12 1 1 1 10 9 100 12 1 1 1 10 100 12 1 1 1 9 12 1 1 10 100 12 1 1 1 10 12 1 1 11 100 12 1 1 10 100 12 1 1 100 1 9 12 1 9 12 1 1 9 12 1 10 100 12 1 1 1 10 12 1 1 10 12 1 1 100 1 10 10 12 1 10 12 1 1 8 1 10 12 1 10 12 1 9 12 1 100 1 1 1 1 1 1 1 1 1 1 1 1 1 1 1 1 1 1 1 1 1 1 100 1 1 1 1 1 1 100 1 1
ciInstanceKlass java/lang/StringBuffer 1 1 487 10 7 12 1 1 1 10 12 1 10 12 1 10 12 1 1 9 7 12 1 1 1 10 12 1 1 10 12 1 10 12 1 1 9 12 1 1 10 12 1 10 12 1 1 10 12 1 1 10 12 1 10 12 1 1 10 12 1 10 12 1 1 10 12 1 1 10 7 12 1 1 1 10 12 1 1 10 12 1 10 12 1 10 12 1 10 12 1 10 12 1 10 12 1 10 12 1 10 12 1 10 12 1 10 12 1 10 12 1 10 12 1 10 12 1 10 12 1 1 10 12 1 10 12 1 1 10 12 1 1 10 10 12 1 1 10 12 1 10 12 1 10 12 1 10 12 1 10 12 1 10 12 1 10 12 10 12 1 10 12 1 10 12 1 10 12 1 1 10 12 1 10 12 1 10 10 12 1 1 10 12 1 10 12 1 10 12 1 8 1 10 12 1 10 10 100 12 1 1 1 10 10 12 1 1 9 12 1 1 10 100 12 1 1 10 100 1 8 10 100 12 1 1 1 8 10 12 1 8 1 10 12 1 10 12 1 10 100 12 1 1 1 10 100 12 1 1 1 7 1 10 12 100 1 8 1 10 10 12 1 1 10 12 1 1 10 12 1 10 12 1 10 12 1 1 10 12 1 10 12 1 10 12 1 10 12 1 10 12 1 10 12 10 12 1 10 12 1 10 12 1 10 12 1 10 12 1 10 12 1 10 12 1 10 12 1 10 12 1 10 12 1 10 12 10 12 10 12 1 10 12 1 10 12 1 10 12 10 12 1 10 12 1 10 12 1 10 12 1 10 12 1 10 12 1 10 12 1 10 12 1 10 12 1 10 12 1 10 12 1 7 1 10 12 1 9 7 12 1 1 1 9 7 1 9 12 1 1 100 1 100 1 100 1 100 1 1 1 1 5 0 1 1 1 1 1 1 1 1 1 1 1 1 1 1 1 1 1 1 1 1 1 1 1 1 1 1 1 1 1 1 1 1 1 1 1 1 1 1 1 1 1 1 1 1 1 1 1 1 1 1 1 1 1 1 1 1 1 1 1 1 100 1 1 1 1 1 100 1 1 1 1 1 1 1 1 1 1 1 1 1 1 1 1 1 1
staticfield java/lang/StringBuffer serialPersistentFields [Ljava/io/ObjectStreamField; 3 [Ljava/io/ObjectStreamField;
instanceKlass java/lang/StringBuilder
instanceKlass java/lang/StringBuffer
ciInstanceKlass java/lang/AbstractStringBuilder 1 1 662 7 1 10 7 12 1 1 1 9 7 12 1 1 1 9 12 1 9 12 1 1 9 12 1 1 10 7 12 1 1 1 10 12 1 1 100 1 3 3 10 12 1 10 12 1 1 10 12 1 1 11 7 1 100 1 100 1 10 8 1 10 12 1 10 12 1 10 12 1 1 10 12 1 10 12 1 9 12 1 10 12 1 9 12 1 1 10 7 12 1 1 1 10 10 12 1 10 12 1 10 12 1 1 9 12 1 100 1 8 1 10 12 1 10 12 1 1 8 1 10 7 12 1 1 1 10 12 1 1 8 1 10 7 12 1 1 1 100 1 8 1 10 100 1 10 12 1 10 12 1 1 10 100 12 1 1 1 10 12 1 1 10 12 1 1 10 12 1 1 10 12 1 1 10 7 12 1 1 1 10 12 1 100 1 10 10 7 12 1 1 1 9 12 1 1 9 12 1 10 12 1 1 10 10 12 1 1 10 12 1 1 10 12 1 1 10 12 1 1 10 12 1 1 10 12 1 1 10 12 1 1 10 12 1 10 10 10 12 1 10 12 1 1 10 8 1 10 12 1 1 10 12 1 10 12 1 10 12 1 10 10 7 12 1 1 1 10 12 1 1 10 12 1 10 12 1 10 12 1 10 12 100 1 9 12 1 1 9 12 1 10 12 1 1 100 1 9 12 1 9 12 10 12 1 10 12 1 1 10 12 1 1 10 12 1 10 12 1 1 10 12 1 10 12 1 1 10 12 1 1 10 10 7 12 1 1 1 10 12 1 10 12 1 10 12 1 1 10 12 1 10 12 1 1 10 12 1 10 12 1 10 12 1 10 12 1 10 12 1 10 12 1 10 12 1 10 12 1 1 10 12 1 10 12 1 10 12 10 12 1 1 18 12 1 1 100 1 10 100 12 1 1 1 18 10 12 1 1 10 12 1 1 10 12 1 10 12 1 10 12 1 1 10 12 1 10 12 1 1 11 12 1 1 10 12 1 10 12 1 1 10 12 1 10 12 1 10 12 1 10 5 0 10 100 1 8 1 10 10 12 1 1 10 100 12 1 1 1 10 12 1 10 12 1 1 100 1 10 12 100 1 10 100 1 10 10 7 12 1 1 100 1 1 1 1 1 1 1 1 1 1 1 100 1 1 1 1 1 1 1 1 1 1 1 1 1 1 1 1 1 1 1 1 1 1 1 1 1 1 1 1 1 1 1 1 1 1 1 1 1 1 1 1 1 1 1 1 1 1 1 1 1 1 1 1 100 1 1 1 1 1 1 1 1 1 1 1 1 1 1 1 1 1 1 1 1 1 1 1 1 1 1 1 1 1 1 1 1 1 1 1 1 1 1 1 1 1 1 1 1 1 1 1 1 1 1 1 1 1 1 1 1 1 1 1 1 1 1 1 100 1 1 1 1 1 1 100 1 1 1 1 1 1 100 1 1 16 1 15 10 12 16 15 10 12 15 10 100 12 1 1 1 1 1 1 1 100 1 100 1 1
staticfield java/lang/AbstractStringBuilder EMPTYVALUE [B 0
staticfield java/lang/AbstractStringBuilder $assertionsDisabled Z 1
ciInstanceKlass java/lang/StringBuilder 1 1 425 10 7 12 1 1 1 10 12 1 10 12 1 10 12 1 1 10 7 12 1 1 1 10 7 12 1 1 1 10 12 1 10 12 1 10 12 1 10 12 1 10 12 1 10 12 1 10 12 1 10 12 1 10 12 1 10 12 1 10 12 1 10 12 1 10 12 1 10 12 1 1 10 12 1 10 12 1 1 10 12 1 1 10 12 1 10 12 1 10 12 1 10 12 1 10 12 1 10 12 1 10 12 1 10 12 10 12 1 10 12 1 10 12 1 10 12 1 1 10 12 1 10 12 1 10 12 10 12 1 1 10 12 1 10 12 1 10 12 1 1 8 1 10 12 1 10 100 12 1 1 1 9 12 1 1 10 12 1 10 12 1 10 12 1 1 9 12 1 1 10 100 12 1 1 1 10 100 1 10 12 1 1 10 100 12 1 1 10 12 1 10 12 1 1 100 1 100 1 8 1 10 10 12 1 1 10 12 1 10 12 1 10 12 1 1 10 12 1 10 12 1 10 12 1 10 12 1 10 12 1 10 12 10 12 1 10 12 1 10 12 1 10 12 1 10 12 1 10 12 1 10 12 1 10 12 1 10 12 1 1 10 12 1 1 10 12 1 10 12 1 10 12 1 10 12 10 12 10 12 1 10 12 1 10 12 1 10 12 10 12 1 10 12 1 10 12 1 10 12 1 10 12 1 10 12 1 10 12 1 10 12 1 10 12 1 1 10 12 1 10 12 1 1 10 12 1 10 12 1 1 10 12 1 10 12 1 1 10 12 1 10 12 1 10 12 1 10 10 10 12 1 100 1 100 1 100 1 100 1 1 1 1 5 0 1 1 1 1 1 1 1 1 1 1 1 1 1 1 1 1 1 1 1 1 1 1 1 1 1 1 1 1 1 1 1 1 1 1 1 1 1 1 1 1 1 1 1 1 100 1 1 1 100 1 1 1 1 1 1 1 1 1 1 1
ciMethod java/lang/StringBuilder toString ()Ljava/lang/String; 34 0 72415 0 -1
ciMethod java/lang/StringBuilder <init> (I)V 230 0 47871 0 -1
ciMethod java/lang/StringBuilder append (Ljava/lang/CharSequence;II)Ljava/lang/StringBuilder; 40 0 8326 0 -1
ciMethod java/lang/StringBuilder append (Ljava/lang/String;)Ljava/lang/StringBuilder; 78 0 207186 0 -1
ciMethod java/lang/StringBuilder append (C)Ljava/lang/StringBuilder; 512 0 114600 0 -1
ciInstanceKlass java/security/CodeSource 1 1 396 10 7 12 1 1 1 9 7 12 1 1 1 9 12 1 1 9 12 1 1 9 12 1 1 10 7 12 1 1 1 9 12 1 1 10 100 12 1 1 10 100 10 100 12 1 1 1 10 12 1 1 10 12 1 1 100 1 10 10 100 12 1 1 1 10 100 12 1 1 1 10 12 1 1 100 1 10 12 1 1 10 12 1 1 10 12 1 1 10 12 1 10 10 100 1 10 12 1 1 10 100 12 1 1 1 10 12 1 1 10 12 1 10 12 1 8 1 10 12 1 10 12 1 10 12 1 1 10 12 1 8 1 10 12 1 1 10 100 1 10 10 12 1 1 8 1 10 12 1 10 12 1 10 12 1 8 1 8 1 9 12 1 1 100 1 8 1 10 12 1 10 12 1 1 8 1 10 12 1 8 1 8 1 8 1 10 100 12 1 1 10 12 1 1 10 12 1 10 12 1 1 10 12 1 1 10 12 1 1 100 1 100 1 10 12 1 10 12 10 12 1 1 10 100 12 1 1 10 12 1 100 1 10 12 10 100 12 1 1 1 10 8 1 10 12 1 10 12 1 1 100 1 10 12 1 1 100 1 100 1 8 1 8 1 10 10 12 1 1 10 100 12 1 1 1 100 1 10 12 10 12 1 1 11 100 12 1 1 10 10 12 1 11 10 12 1 8 1 100 1 10 12 1 10 12 1 1 10 12 1 11 12 1 1 100 1 1 1 1 5 0 1 1 1 1 1 1 1 1 1 1 1 1 1 1 1 1 1 1 1 1 1 1 1 1 1 1 1 1 1 1 1 1 1 1 1 1 1 1 1 1 1 1 1 1 1 1 1 1 1 1 1 1 1 1 1 1 1 1 1 1 1 1 1 1 1 1 100 1 1 1 1 1 1 1
ciInstanceKlass java/security/ProtectionDomain 1 1 141 10 7 12 1 1 1 9 7 12 1 1 1 9 12 1 1 9 12 1 1 10 7 12 1 1 7 1 9 12 1 9 12 1 1 7 1 9 12 1 1 9 12 1 10 100 12 1 1 10 100 12 1 1 1 10 12 1 1 10 12 1 8 1 100 1 8 1 10 12 1 10 11 12 1 1 10 100 12 1 1 1 10 12 1 1 8 1 11 8 1 10 12 1 8 1 8 1 8 1 10 12 1 8 1 8 1 1 1 1 1 1 1 1 100 1 1 100 1 1 1 1 1 1 1 1 1 1 1 1 1 1 1 1 1 1 1 100 1 1 1
instanceKlass jdk/internal/loader/BuiltinClassLoader
ciInstanceKlass java/security/SecureClassLoader 1 1 99 10 7 12 1 1 1 7 1 10 12 1 9 7 12 1 1 1 10 12 1 10 12 1 10 12 1 1 10 12 1 1 10 12 1 7 1 10 7 1 10 12 1 7 1 10 12 1 11 7 12 1 1 1 7 1 11 12 1 10 12 1 1 1 1 1 1 1 1 1 1 1 1 1 1 1 1 1 1 1 1 1 1 1 1 1 1 1 1 1 1 1 1 1 1 1 1 1 1
ciInstanceKlass java/net/URL 1 1 736 10 7 12 1 1 1 10 12 1 10 7 12 1 1 9 12 1 1 9 12 1 10 12 1 1 9 12 1 1 10 7 12 1 1 1 8 1 10 12 1 1 7 1 10 10 12 1 1 8 1 10 12 1 1 9 12 1 7 1 8 1 10 12 1 10 12 1 8 1 9 12 1 10 12 1 1 9 12 1 10 12 1 10 12 1 9 12 1 9 12 1 8 1 9 12 1 10 12 1 1 8 1 9 12 1 1 10 12 1 1 10 7 12 1 1 1 8 1 10 12 1 7 1 10 12 1 10 12 1 10 12 1 10 12 1 1 10 12 1 1 8 1 10 12 1 1 10 12 1 8 1 9 12 1 8 1 10 12 1 10 7 12 1 1 1 100 1 10 12 1 10 12 1 1 10 7 12 1 1 1 100 1 8 1 10 10 12 1 8 1 10 12 1 1 10 12 1 10 12 1 10 12 1 10 12 1 10 12 1 10 12 1 8 1 10 12 1 8 1 10 10 100 1 10 10 12 1 8 1 10 7 12 1 1 1 10 12 1 9 12 1 1 10 12 1 10 100 12 1 1 1 100 1 10 12 1 10 12 1 10 12 1 10 12 1 10 12 1 10 12 10 10 12 1 8 1 100 1 10 100 12 1 1 1 10 12 1 1 10 12 1 10 12 1 1 8 1 9 100 12 1 1 1 10 100 12 1 1 1 10 12 1 10 12 1 10 7 12 1 1 1 10 12 1 1 10 12 1 9 12 1 1 9 12 1 1 100 1 8 1 10 9 12 1 1 10 7 12 1 1 8 1 10 7 12 1 1 8 1 10 12 1 1 10 12 1 8 1 8 1 10 7 12 1 1 1 100 1 10 7 12 1 1 1 10 12 1 10 12 1 9 7 12 1 1 1 10 7 12 1 1 10 12 1 1 10 12 1 8 1 7 1 10 7 12 1 1 1 10 12 1 1 11 7 12 1 1 11 12 1 10 12 1 10 12 1 8 9 7 12 1 1 1 10 12 1 1 10 12 1 10 12 1 1 10 7 12 1 1 11 7 1 10 12 1 10 12 1 9 12 1 10 12 1 1 10 100 12 1 1 10 100 12 1 1 1 8 10 100 12 1 1 100 1 10 8 8 10 12 1 8 8 8 100 1 10 12 1 9 12 1 1 10 12 1 10 12 1 1 10 12 1 10 12 10 12 1 1 10 12 1 1 10 10 10 12 1 10 12 1 10 12 1 10 12 1 10 12 1 10 10 12 1 100 1 8 1 10 10 10 12 1 1 10 12 1 10 12 1 1 8 1 7 1 10 10 7 1 10 12 1 9 7 12 1 1 1 9 12 1 1 7 1 10 10 7 12 1 1 1 100 1 1 1 1 1 5 0 1 1 1 1 1 1 1 1 1 1 1 1 1 1 1 1 1 1 1 1 1 1 1 1 1 1 1 1 1 1 1 1 1 1 1 1 1 1 1 1 1 1 1 1 1 1 100 1 1 1 1 1 1 1 1 1 1 1 1 1 1 1 1 1 1 1 1 1 1 1 1 1 1 1 1 1 1 1 1 1 1 1 1 100 1 1 1 1 1 1 1 1 1 1 1 1 1 1 1 1 1 1 1 1 1 1 1 100 1 1 1 1 1 1 1 1 1 1 1 1 1 1 1 1 1 1 1
staticfield java/net/URL defaultFactory Ljava/net/URLStreamHandlerFactory; java/net/URL$DefaultFactory
staticfield java/net/URL handlers Ljava/util/Hashtable; java/util/Hashtable
staticfield java/net/URL streamHandlerLock Ljava/lang/Object; java/lang/Object
staticfield java/net/URL serialPersistentFields [Ljava/io/ObjectStreamField; 7 [Ljava/io/ObjectStreamField;
ciInstanceKlass java/util/jar/Manifest 1 1 320 10 7 12 1 1 1 7 1 10 9 7 12 1 1 1 7 1 10 9 12 1 1 9 12 1 1 10 12 1 10 12 1 1 10 12 1 1 10 12 1 1 10 12 1 1 11 7 1 11 12 1 1 10 12 1 1 10 100 12 1 1 1 100 1 100 1 10 8 1 10 12 1 1 10 12 1 1 10 12 1 10 12 1 11 100 1 10 12 1 10 12 1 1 11 12 1 1 10 12 1 11 12 1 1 11 100 12 1 1 1 11 100 12 1 1 11 12 1 1 100 1 10 12 1 8 1 11 12 1 100 1 10 12 1 1 11 12 1 10 12 1 10 12 1 10 9 100 12 1 1 1 10 12 1 1 10 100 12 1 10 12 1 10 12 1 9 100 12 1 1 1 8 1 10 12 1 8 1 8 1 7 1 10 12 1 10 12 1 10 12 1 1 100 1 8 1 10 12 1 1 8 1 10 10 12 1 1 8 1 10 12 1 1 10 100 12 1 1 1 10 12 1 10 11 12 1 1 10 12 1 1 10 100 12 1 1 1 10 12 1 1 10 12 1 10 12 1 1 11 10 12 1 11 10 12 1 100 1 1 1 1 1 1 1 1 1 1 1 1 1 1 1 1 1 1 1 1 1 1 1 1 1 1 1 1 1 1 1 1 1 1 1 100 1 1 1 1 1 1 1 1 1 1 1 1 1 1 100 1 1 1 1 1 1 1 1 1 1 1
ciInstanceKlass java/io/ByteArrayInputStream 1 1 135 10 7 12 1 1 1 9 7 12 1 1 1 9 12 1 1 9 12 1 9 12 1 10 7 12 1 1 1 10 7 12 1 1 1 10 7 12 1 1 1 10 100 12 1 1 1 10 12 1 1 10 100 12 1 1 1 100 1 100 1 100 1 3 10 100 1 10 100 12 1 1 1 9 12 1 1 100 1 10 10 7 12 1 1 1 1 1 1 1 1 1 1 1 1 1 1 1 1 1 1 1 1 1 1 1 1 1 1 1 1 1 1 1 1 1 1 1 100 1 100 1 1 1 1 1 1 1 1 1 1 1 1 1 1
staticfield java/io/ByteArrayInputStream $assertionsDisabled Z 1
instanceKlass java/nio/CharBuffer
instanceKlass java/nio/IntBuffer
instanceKlass java/nio/LongBuffer
instanceKlass java/nio/ByteBuffer
ciInstanceKlass java/nio/Buffer 1 1 259 100 1 10 7 12 1 1 1 9 7 12 1 1 1 9 12 1 9 12 1 1 9 12 1 9 12 1 1 10 12 1 1 10 12 1 1 10 12 100 1 100 1 10 8 1 10 12 1 1 10 12 1 8 1 8 1 10 12 1 1 10 12 1 8 1 9 12 1 1 100 1 8 1 10 12 1 8 1 8 1 9 12 10 12 1 8 1 8 1 8 1 10 12 1 8 1 8 1 8 1 100 1 10 100 1 10 100 1 10 9 12 1 1 10 7 12 1 1 1 100 1 10 12 1 1 10 12 1 10 100 12 1 1 10 7 12 1 1 1 10 7 12 1 1 1 9 12 1 1 10 7 12 1 1 1 9 12 1 1 7 1 10 10 12 1 1 7 1 10 10 7 12 1 1 1 1 1 3 1 1 1 1 1 1 1 1 1 1 1 1 1 1 100 1 1 1 1 1 1 1 100 1 1 1 1 1 1 1 1 1 1 1 1 1 1 1 1 1 1 1 1 1 1 1 1 1 1 1 1 1 1 1 1 1 1 1 1 1 1 1 1 1 1 100 1 100 1 100 1 100 1 100 1 100 1 100 1 1
staticfield java/nio/Buffer UNSAFE Ljdk/internal/misc/Unsafe; jdk/internal/misc/Unsafe
staticfield java/nio/Buffer SCOPED_MEMORY_ACCESS Ljdk/internal/misc/ScopedMemoryAccess; jdk/internal/misc/ScopedMemoryAccess
staticfield java/nio/Buffer IOOBE_FORMATTER Ljava/util/function/BiFunction; jdk/internal/util/Preconditions$4
staticfield java/nio/Buffer $assertionsDisabled Z 1
ciInstanceKlass java/lang/AssertionStatusDirectives 0 0 24 10 100 12 1 1 1 100 1 1 1 1 1 1 1 1 1 1 1 1 1 1 1 1
instanceKlass java/nio/DirectByteBuffer$Deallocator
instanceKlass org/matsim/analysis/ScoreStatsControlerListener$ScoreHist
instanceKlass org/matsim/contrib/drt/schedule/DrtTaskType
instanceKlass jdk/net/UnixDomainPrincipal
instanceKlass java/lang/reflect/Executable$ParameterData
instanceKlass jdk/internal/misc/ThreadTracker$ThreadRef
instanceKlass org/eqasim/core/simulation/EqasimConfigurator$ComponentsItem
instanceKlass org/eqasim/core/simulation/EqasimConfigurator$QSimModuleItem
instanceKlass org/eqasim/core/simulation/EqasimConfigurator$ModuleItem
instanceKlass org/eqasim/core/simulation/EqasimConfigurator$ConfigGroupItem
instanceKlass org/matsim/core/config/ConfigAliases$ConfigAlias
instanceKlass java/util/Formatter$FixedString
instanceKlass java/lang/invoke/StringConcatFactory$InlineHiddenClassStrategy$MethodHandlePair
instanceKlass sun/util/locale/LanguageTag
instanceKlass jdk/internal/classfile/impl/StackCounter$Target
instanceKlass jdk/internal/classfile/impl/StackMapDecoder$StackMapFrameImpl
instanceKlass jdk/internal/classfile/impl/StackMapDecoder$ObjectVerificationTypeInfoImpl
instanceKlass java/lang/reflect/Proxy$ProxyBuilder$ProxyClassContext
instanceKlass java/lang/ClassValue$Version
instanceKlass java/util/stream/Collectors$CollectorImpl
instanceKlass java/lang/invoke/InvokerBytecodeGenerator$ClassData
instanceKlass java/security/SecureClassLoader$CodeSourceKey
instanceKlass java/util/zip/ZipFile$EntryPos
instanceKlass java/lang/invoke/MethodHandles$Lookup$ClassDefiner
instanceKlass jdk/internal/classfile/impl/ClassHierarchyImpl$ClassHierarchyInfoImpl
instanceKlass java/lang/classfile/ClassHierarchyResolver$1Factory
instanceKlass jdk/internal/classfile/impl/RawBytecodeHelper$CodeRange
instanceKlass jdk/internal/classfile/impl/StackMapGenerator$Type
instanceKlass jdk/internal/classfile/impl/DirectCodeBuilder$DeferredLabel
instanceKlass jdk/internal/classfile/impl/Util$1WithCodeMethodHandler
instanceKlass jdk/internal/classfile/impl/AnnotationImpl
instanceKlass sun/nio/fs/WindowsPathParser$Result
instanceKlass jdk/internal/reflect/ReflectionFactory$Config
instanceKlass jdk/internal/foreign/abi/UpcallLinker$CallRegs
instanceKlass jdk/internal/foreign/abi/VMStorage
ciInstanceKlass java/lang/Record 1 1 22 10 7 12 1 1 1 100 1 1 1 1 1 1 1 1 1 1 1 1 1 1
instanceKlass com/fasterxml/jackson/core/util/InternCache
ciInstanceKlass java/util/concurrent/ConcurrentHashMap 1 1 1219 100 1 7 1 10 7 12 1 1 1 10 12 1 1 9 12 1 1 3 10 7 12 1 1 1 3 7 1 10 7 12 1 1 1 7 1 10 100 12 1 1 1 100 1 11 12 1 1 11 12 1 11 12 1 1 9 12 1 1 9 12 1 9 12 1 1 10 7 12 1 1 1 7 1 10 12 1 1 10 12 1 1 10 7 12 1 1 1 4 10 12 1 11 7 12 1 1 10 12 1 10 12 1 1 100 1 10 5 0 10 12 1 9 12 1 10 12 1 1 5 0 10 12 1 10 12 1 9 12 1 1 10 12 1 1 9 12 1 9 12 1 1 10 12 1 1 9 12 1 10 12 1 1 9 12 1 1 10 12 1 1 100 1 10 7 1 10 12 1 10 12 1 1 10 12 1 1 10 12 1 1 10 12 1 10 12 1 1 10 12 1 1 7 1 10 12 1 1 7 1 100 1 8 1 10 12 1 10 12 1 1 10 12 1 1 10 10 12 1 11 12 1 1 11 7 12 1 1 1 11 7 12 1 1 1 11 12 1 7 1 11 12 1 11 12 1 10 12 1 1 10 12 1 1 9 12 1 1 10 7 12 1 1 1 9 10 12 1 1 9 12 1 10 12 1 1 5 0 9 12 1 1 7 1 10 12 1 9 12 1 1 7 1 10 12 1 9 12 1 7 1 10 100 1 10 10 12 1 1 8 1 10 12 1 10 12 1 1 11 100 1 10 12 1 10 100 12 1 1 1 8 1 10 100 12 1 1 1 8 1 10 12 1 8 1 10 12 1 10 12 1 1 10 100 12 1 1 10 12 1 10 12 1 10 12 1 9 12 1 9 10 12 1 9 12 1 11 7 12 1 1 1 11 7 12 1 1 1 100 1 10 12 11 100 12 1 1 10 11 7 12 1 10 12 1 100 1 10 12 1 100 1 10 10 9 7 12 1 1 1 3 10 7 12 1 1 9 12 1 10 12 1 1 9 12 1 1 9 12 1 10 12 1 1 10 100 12 1 1 9 12 1 9 7 12 1 1 10 12 1 1 10 12 1 3 9 12 1 9 12 1 10 12 1 1 7 1 9 3 100 1 10 12 1 9 12 1 10 12 1 9 12 1 10 12 1 9 12 1 10 100 12 1 1 1 100 10 12 1 100 1 5 0 10 100 12 1 1 100 1 10 12 1 1 10 12 1 10 12 1 100 1 10 12 1 10 100 1 100 1 10 10 12 1 10 100 1 10 12 1 10 100 1 10 12 1 10 100 1 10 12 1 1 100 1 10 12 1 10 10 12 1 100 1 10 12 1 10 10 12 1 100 1 10 12 1 10 100 1 10 12 1 10 100 1 10 12 1 10 100 1 10 12 1 10 100 1 10 12 1 10 100 1 10 12 1 10 100 1 10 12 1 10 100 1 10 12 1 10 100 1 10 10 100 1 10 10 100 1 10 10 100 1 10 12 1 10 100 1 10 12 1 10 100 1 10 12 1 10 100 1 10 12 1 10 100 1 10 12 1 10 100 1 10 10 100 1 10 10 100 1 10 10 100 1 10 12 1 10 100 1 10 12 1 10 100 1 10 12 1 10 100 1 10 12 1 10 100 1 10 12 1 10 10 12 1 10 12 1 7 1 7 1 10 12 1 9 12 1 1 9 12 1 1 10 12 1 1 8 10 12 1 1 8 8 8 8 7 10 12 1 1 10 12 1 1 100 1 8 1 10 7 1 100 1 100 1 1 1 5 0 1 1 3 1 3 1 1 1 1 3 1 3 1 3 1 1 1 1 1 3 1 3 1 3 1 1 1 1 1 1 1 1 1 1 1 1 1 1 1 1 1 1 1 1 1 1 1 1 1 1 1 100 1 1 1 1 1 1 1 1 1 1 1 1 1 1 1 1 1 1 1 1 1 1 1 1 1 1 1 1 1 1 1 1 1 1 1 1 1 1 1 1 1 1 1 1 1 1 1 1 1 1 1 1 1 1 1 1 1 1 1 1 1 1 1 1 1 1 1 1 1 1 1 1 1 1 1 1 1 1 1 1 1 1 1 1 100 1 1 1 1 1 1 1 1 1 1 1 100 1 1 1 1 1 1 1 1 1 1 1 1 1 1 1 1 1 1 1 1 1 1 1 1 1 1 1 1 1 1 1 1 1 1 1 1 1 1 1 1 1 1 1 1 1 1 1 1 1 1 1 1 1 1 1 1 1 1 1 1 1 1 1 1 1 1 1 1 1 1 1 1 1 1 1 1 1 1 1 1 1 1 1 1 1 1 1 1 1 1 1 1 1 1 1 1 1 1 1 1 1 1 1 1 1 1 1 1 1 1 1 1 1 1 1 1 1 1 1 1 1 1 1 1 1 1 1 1 1 1 1 1 1 1 1 1 1 1 1 1 1 1 1 1 1 1 1 1 1 1 1 1 1 1 1 1 1 1 1 1 1 1 1 1 1 1 1 1 1 1 1 1 1 1 1 1 1 1 1 1 1 1 1 1 1 1 1 1 1 1 1 1 1 1 1 1 1 1 1 1 1 1 1 1 1 1 1 1 1 1 1 1 1 1 1 1 1 1 1 1 1 1 1 100 1 100 1 100 1 100 1 100 1 100 1 100 1 100 1 100 1 1 1 1 1 1 1 1 1 1 1 1 1 1 1 1 1 1 1 1 1 1 1 1 1 1 1 1 1 1 1 1 1 1 1 1 1 1 1 1 1 1 1 1 1 1 1 1 1 1 1 1 1 1 1 1 1 1
staticfield java/util/concurrent/ConcurrentHashMap serialPersistentFields [Ljava/io/ObjectStreamField; 3 [Ljava/io/ObjectStreamField;
staticfield java/util/concurrent/ConcurrentHashMap U Ljdk/internal/misc/Unsafe; jdk/internal/misc/Unsafe
staticfield java/util/concurrent/ConcurrentHashMap SIZECTL J 12
staticfield java/util/concurrent/ConcurrentHashMap TRANSFERINDEX J 88
staticfield java/util/concurrent/ConcurrentHashMap BASECOUNT J 80
staticfield java/util/concurrent/ConcurrentHashMap CELLSBUSY J 92
staticfield java/util/concurrent/ConcurrentHashMap CELLVALUE J 144
staticfield java/util/concurrent/ConcurrentHashMap ABASE J 16
staticfield java/util/concurrent/ConcurrentHashMap ASHIFT I 3
instanceKlass sun/awt/SoftCache
instanceKlass com/google/common/collect/MapMakerInternalMap
instanceKlass com/google/common/collect/Maps$ViewCachingAbstractMap
instanceKlass com/google/common/cache/LocalCache
instanceKlass org/matsim/utils/objectattributes/attributable/AttributesImpl$1
instanceKlass org/hibernate/validator/internal/util/ConcurrentReferenceHashMap
instanceKlass java/util/concurrent/ConcurrentSkipListMap
instanceKlass com/fasterxml/jackson/databind/util/internal/PrivateMaxEntriesMap
instanceKlass java/util/Collections$SingletonMap
instanceKlass java/util/EnumMap
instanceKlass java/util/TreeMap
instanceKlass java/util/IdentityHashMap
instanceKlass java/util/WeakHashMap
instanceKlass java/util/Collections$EmptyMap
instanceKlass sun/util/PreHashedMap
instanceKlass java/util/HashMap
instanceKlass java/util/ImmutableCollections$AbstractImmutableMap
instanceKlass java/util/concurrent/ConcurrentHashMap
ciInstanceKlass java/util/AbstractMap 1 1 198 10 7 12 1 1 1 10 7 12 1 1 1 11 7 12 1 1 1 10 11 12 1 1 11 7 12 1 1 1 11 12 1 1 7 1 11 12 1 10 12 1 1 11 12 1 100 1 10 11 12 1 11 7 1 10 12 1 1 11 12 1 9 12 1 1 100 1 10 12 1 9 12 1 1 100 1 10 11 11 12 1 1 11 12 1 100 1 100 1 11 12 1 8 1 100 1 10 10 12 1 1 8 1 10 12 1 10 12 1 1 10 12 1 1 1 1 1 1 1 1 1 1 1 1 1 1 1 1 1 1 1 1 1 1 1 1 1 1 1 1 1 1 1 1 1 1 1 1 1 1 1 1 100 1 1 1 1 1 1 1 100 1 1 1 1 1 1 1 1 1 100 1 1 1 1 1 1 1 1 1 100 1 100 1 100 1 100 1 100 1 1 1 1 1 1 1 1
ciInstanceKlass java/util/concurrent/ConcurrentMap 1 1 201 11 100 12 1 1 1 10 100 12 1 1 11 12 1 1 11 100 12 1 1 1 11 100 12 1 1 1 11 12 1 1 100 1 11 12 1 11 12 1 100 1 11 100 12 1 1 1 18 12 1 11 12 1 1 11 100 12 1 1 11 12 1 1 11 100 12 1 11 12 1 1 11 12 1 1 100 1 100 1 1 1 1 1 1 1 1 1 1 1 1 1 1 1 1 1 1 1 1 1 1 1 1 1 1 1 1 1 1 1 1 1 1 1 1 1 1 1 1 1 1 1 1 1 1 1 1 1 1 1 1 1 1 1 1 1 1 1 1 16 15 11 12 15 10 100 12 1 1 1 1 1 100 1 100 1 1 1 100 1 8 1 1 12 10 1 8 1 1 1 8 1 8 1 1 8 1 1 1 8 1 1 1 8 1 1 8 1 8 1 1 1 8 1 1 8 1 1 1 8 1
ciInstanceKlass java/util/Collection 1 1 115 11 100 12 1 1 1 100 1 11 7 12 1 1 1 10 7 12 1 1 1 11 12 1 1 11 7 12 1 1 1 11 12 1 1 11 7 12 1 1 1 11 12 1 1 10 7 12 1 1 1 11 12 1 10 7 12 1 1 1 100 1 100 1 1 1 1 1 1 1 1 1 1 1 1 1 1 1 1 1 1 1 1 1 1 1 1 1 1 1 1 1 1 1 1 1 1 1 1 1 1 1 1 1 1 1 1 1 1 1 1 1 1 1 1
instanceKlass jdk/internal/loader/ClassLoaders$BootClassLoader
instanceKlass jdk/internal/loader/ClassLoaders$PlatformClassLoader
instanceKlass jdk/internal/loader/ClassLoaders$AppClassLoader
ciInstanceKlass jdk/internal/loader/BuiltinClassLoader 1 1 652 9 7 12 1 1 1 10 7 12 1 1 1 10 7 12 1 1 1 9 12 1 1 9 12 1 1 7 1 10 12 1 9 12 1 10 12 1 9 12 1 10 7 12 1 1 1 10 7 12 1 1 1 10 100 12 1 1 1 11 7 12 1 1 1 100 1 100 1 10 10 12 1 1 8 1 10 12 1 10 12 7 1 10 12 1 10 12 1 1 11 100 12 1 1 1 11 7 12 1 1 1 11 12 1 1 7 1 8 1 8 1 10 9 12 1 1 10 7 12 1 1 11 12 1 1 10 12 1 1 10 12 1 1 10 12 1 1 11 7 12 1 1 1 10 7 12 1 1 7 1 10 100 12 1 1 1 10 7 12 1 1 1 10 12 1 10 12 1 7 1 8 1 10 12 1 1 10 8 1 10 12 1 1 10 12 1 1 10 12 1 1 11 7 12 1 1 11 12 1 7 1 10 11 12 1 1 11 10 12 1 1 7 1 10 12 1 10 7 12 1 10 12 1 11 12 1 1 11 7 1 11 12 1 100 1 10 12 1 1 100 1 100 1 11 12 1 1 10 12 1 10 12 10 12 1 10 7 12 1 1 1 7 1 10 10 12 1 1 10 12 1 1 10 12 1 1 10 12 1 9 12 1 1 100 1 10 10 12 1 1 10 12 1 1 10 12 1 10 12 10 12 1 1 10 12 1 1 10 12 1 1 10 12 1 10 12 1 1 10 12 1 1 10 12 1 10 12 1 1 10 12 1 7 1 10 12 10 7 12 1 1 1 10 12 1 11 12 1 7 1 10 12 1 7 1 100 1 10 12 1 10 12 1 11 12 1 1 10 12 1 1 10 12 1 1 10 12 1 1 10 12 1 1 10 12 1 10 12 1 10 12 1 10 12 1 8 1 10 12 1 1 10 7 12 1 1 10 12 1 100 1 8 1 8 1 10 10 12 1 8 1 8 1 10 7 12 1 1 1 11 7 12 1 1 1 9 7 12 1 1 1 10 7 12 1 1 1 9 12 1 9 12 1 9 12 1 9 12 1 9 12 1 9 12 1 10 7 12 1 1 1 8 1 10 12 1 7 1 10 11 12 1 1 10 12 10 12 1 10 12 1 100 1 10 12 1 10 12 1 11 11 12 1 10 7 12 1 1 10 7 12 1 1 8 1 10 7 12 1 1 10 12 1 1 1 1 1 1 1 1 1 1 1 1 1 1 1 1 1 1 1 1 1 1 1 1 1 1 1 1 1 1 1 1 1 1 1 1 1 1 1 1 1 1 1 1 1 1 1 1 1 1 1 1 1 1 1 100 1 1 1 1 1 1 1 1 1 1 1 1 1 100 1 100 1 1 1 1 1 1 1 1 1 1 1 1 1 1 1 1 1 1 1 1 1 1 1 1 1 1 1 1 1 1 1 1 1 1 1 1 1 1 1 1 1 1 1 1 1 1 1 100 1 1 1 100 1 1 1 1 1
staticfield jdk/internal/loader/BuiltinClassLoader packageToModule Ljava/util/Map; java/util/concurrent/ConcurrentHashMap
staticfield jdk/internal/loader/BuiltinClassLoader $assertionsDisabled Z 1
ciInstanceKlass jdk/internal/loader/ClassLoaders$AppClassLoader 1 1 57 8 1 10 7 12 1 1 1 10 100 12 1 1 1 10 12 1 1 10 7 12 1 1 1 100 1 10 12 1 1 1 1 1 1 1 1 1 1 1 1 1 1 1 1 1 1 1 1 1 1 1 1 100 1 1 1
ciInstanceKlass jdk/internal/loader/ClassLoaders$PlatformClassLoader 1 1 42 8 1 10 7 12 1 1 1 10 7 12 1 1 1 100 1 10 12 1 100 1 1 1 1 1 1 1 1 1 1 1 1 1 1 100 1 1 1 100 1 1
ciInstanceKlass java/lang/ArithmeticException 1 1 26 10 100 12 1 1 1 10 12 1 100 1 1 1 1 5 0 1 1 1 1 1 1 1 1 1
instanceKlass java/util/zip/DataFormatException
instanceKlass sun/security/pkcs11/wrapper/PKCS11Exception
instanceKlass sun/nio/fs/WindowsException
instanceKlass org/locationtech/jts/geom/util/NoninvertibleTransformationException
instanceKlass org/geotools/api/referencing/FactoryException
instanceKlass org/geotools/api/referencing/operation/TransformException
instanceKlass java/util/concurrent/BrokenBarrierException
instanceKlass org/matsim/core/controler/MatsimRuntimeModifications$UnexpectedShutdownException
instanceKlass org/eqasim/core/components/transit/departure/DepartureFinder$NoDepartureFoundException
instanceKlass java/util/concurrent/TimeoutException
instanceKlass com/google/common/collect/RegularImmutableMap$BucketOverflowException
instanceKlass java/util/concurrent/ExecutionException
instanceKlass com/google/inject/internal/ErrorsException
instanceKlass com/google/inject/internal/InternalProvisionException
instanceKlass javax/xml/stream/XMLStreamException
instanceKlass java/security/GeneralSecurityException
instanceKlass javax/xml/parsers/ParserConfigurationException
instanceKlass org/xml/sax/SAXException
instanceKlass java/text/ParseException
instanceKlass javax/naming/NamingException
instanceKlass java/net/URISyntaxException
instanceKlass java/lang/InterruptedException
instanceKlass java/lang/CloneNotSupportedException
instanceKlass java/io/IOException
instanceKlass org/matsim/core/config/CommandLine$ConfigurationException
instanceKlass java/lang/ReflectiveOperationException
instanceKlass java/lang/RuntimeException
ciInstanceKlass java/lang/Exception 1 1 40 10 7 12 1 1 1 10 12 1 10 12 1 10 12 1 10 12 1 100 1 1 1 1 5 0 1 1 1 1 1 1 1 1 1 1 1 1 1 1
instanceKlass java/security/ProviderException
instanceKlass org/zeromq/UncheckedZMQException
instanceKlass org/jgrapht/graph/IntrusiveEdgeException
instanceKlass org/apache/commons/lang3/exception/CloneFailedException
instanceKlass org/locationtech/jts/util/AssertionFailedException
instanceKlass java/awt/geom/IllegalPathStateException
instanceKlass org/matsim/core/router/TripRouter$UnknownModeException
instanceKlass java/lang/TypeNotPresentException
instanceKlass com/google/inject/internal/aop/GlueException
instanceKlass com/google/common/util/concurrent/UncheckedExecutionException
instanceKlass com/google/common/cache/CacheLoader$InvalidCacheLoadException
instanceKlass com/google/inject/CreationException
instanceKlass com/google/inject/ProvisionException
instanceKlass com/google/inject/ConfigurationException
instanceKlass com/fasterxml/jackson/databind/RuntimeJsonMappingException
instanceKlass com/google/common/base/VerifyException
instanceKlass com/ctc/wstx/sax/WrappedSaxException
instanceKlass java/lang/reflect/MalformedParameterizedTypeException
instanceKlass jakarta/el/ELException
instanceKlass jakarta/validation/ValidationException
instanceKlass java/io/UncheckedIOException
instanceKlass org/matsim/core/config/ReflectiveConfigGroup$InconsistentModuleException
instanceKlass java/util/ConcurrentModificationException
instanceKlass java/time/DateTimeException
instanceKlass com/sun/org/apache/xerces/internal/xni/XNIException
instanceKlass java/lang/reflect/UndeclaredThrowableException
instanceKlass org/apache/logging/log4j/core/config/ConfigurationException
instanceKlass java/util/MissingResourceException
instanceKlass org/apache/logging/log4j/util/InternalException
instanceKlass java/lang/SecurityException
instanceKlass java/util/NoSuchElementException
instanceKlass org/apache/logging/log4j/LoggingException
instanceKlass java/lang/IllegalStateException
instanceKlass java/lang/UnsupportedOperationException
instanceKlass java/lang/IllegalArgumentException
instanceKlass java/lang/IndexOutOfBoundsException
instanceKlass java/lang/ArithmeticException
instanceKlass java/lang/NullPointerException
instanceKlass java/lang/IllegalCallerException
instanceKlass java/lang/IllegalMonitorStateException
instanceKlass java/lang/ArrayStoreException
instanceKlass java/lang/ClassCastException
ciInstanceKlass java/lang/RuntimeException 1 1 40 10 7 12 1 1 1 10 12 1 10 12 1 10 12 1 10 12 1 100 1 1 1 1 5 0 1 1 1 1 1 1 1 1 1 1 1 1 1 1
ciInstanceKlass java/lang/ArrayIndexOutOfBoundsException 1 1 45 10 100 12 1 1 1 10 12 1 100 1 10 8 1 10 12 1 1 10 12 1 10 12 1 1 100 1 1 1 1 5 0 1 1 1 1 1 1 1 1 1 1 1 1
ciInstanceKlass java/lang/ArrayStoreException 1 1 26 10 100 12 1 1 1 10 12 1 100 1 1 1 1 5 0 1 1 1 1 1 1 1 1 1
ciInstanceKlass java/lang/ClassCastException 1 1 26 10 100 12 1 1 1 10 12 1 100 1 1 1 1 5 0 1 1 1 1 1 1 1 1 1
ciInstanceKlass java/lang/ClassNotFoundException 1 1 96 7 1 10 7 12 1 1 1 10 12 1 10 12 1 1 10 100 12 1 1 1 8 1 10 100 12 1 1 1 10 7 12 1 1 10 100 12 1 1 1 10 100 12 1 1 1 10 12 1 1 7 1 10 12 1 9 12 1 1 1 1 1 5 0 1 1 1 1 1 1 1 1 1 1 1 1 1 1 1 1 1 1 100 1 1 1 1 1 1 1 1 1 1 1 1
staticfield java/lang/ClassNotFoundException serialPersistentFields [Ljava/io/ObjectStreamField; 1 [Ljava/io/ObjectStreamField;
instanceKlass java/lang/IllegalAccessException
instanceKlass java/lang/InstantiationException
instanceKlass java/lang/reflect/InvocationTargetException
instanceKlass java/lang/NoSuchFieldException
instanceKlass java/lang/NoSuchMethodException
instanceKlass java/lang/ClassNotFoundException
ciInstanceKlass java/lang/ReflectiveOperationException 1 1 34 10 7 12 1 1 1 10 12 1 10 12 1 10 12 1 100 1 1 1 1 5 0 1 1 1 1 1 1 1 1 1 1 1
instanceKlass java/security/InvalidParameterException
instanceKlass org/jgrapht/util/SupplierException
instanceKlass org/geotools/api/geometry/MismatchedDimensionException
instanceKlass java/util/regex/PatternSyntaxException
instanceKlass java/util/IllegalFormatException
instanceKlass java/lang/NumberFormatException
ciInstanceKlass java/lang/IllegalArgumentException 1 1 35 10 100 12 1 1 1 10 12 1 10 12 1 10 12 1 100 1 1 1 1 5 0 1 1 1 1 1 1 1 1 1 1 1 1
ciInstanceKlass java/lang/IllegalCallerException 0 0 35 10 100 12 1 1 1 10 12 1 10 12 1 10 12 1 100 1 1 1 1 5 0 1 1 1 1 1 1 1 1 1 1 1 1
ciInstanceKlass java/lang/IllegalMonitorStateException 1 1 26 10 100 12 1 1 1 10 12 1 100 1 1 1 1 5 0 1 1 1 1 1 1 1 1 1
ciInstanceKlass java/lang/BootstrapMethodError 0 0 45 10 100 12 1 1 1 10 12 1 10 12 1 10 100 12 1 1 1 10 100 12 1 1 1 1 1 1 5 0 1 1 1 1 1 1 1 1 1 1 1 100 1 1 1
instanceKlass one/util/streamex/Internals$CancelException
instanceKlass com/google/common/util/concurrent/ExecutionError
instanceKlass java/lang/AssertionError
instanceKlass java/util/ServiceConfigurationError
instanceKlass java/lang/VirtualMachineError
instanceKlass java/lang/LinkageError
ciInstanceKlass java/lang/Error 1 1 58 10 7 12 1 1 1 9 12 1 1 10 100 12 1 1 1 10 100 12 1 1 1 10 12 1 10 12 1 10 12 1 10 12 1 100 1 1 1 1 5 0 1 1 1 1 1 1 1 1 100 1 1 1 1 1 1 1
instanceKlass java/lang/ExceptionInInitializerError
instanceKlass java/lang/IncompatibleClassChangeError
instanceKlass java/lang/BootstrapMethodError
instanceKlass java/lang/NoClassDefFoundError
ciInstanceKlass java/lang/LinkageError 1 1 31 10 7 12 1 1 1 10 12 1 10 12 1 100 1 1 1 1 5 0 1 1 1 1 1 1 1 1 1 1 1
ciInstanceKlass java/lang/NullPointerException 1 1 52 10 100 12 1 1 1 10 12 1 9 100 12 1 1 1 10 12 1 1 9 12 1 1 10 12 1 1 10 12 1 1 1 1 5 0 1 1 1 1 1 1 1 1 100 1 100 1 100 1 1 1
ciInstanceKlass java/lang/InternalError 1 1 34 10 100 12 1 1 1 10 12 1 10 12 1 10 12 1 100 1 1 1 1 5 0 1 1 1 1 1 1 1 1 1 1 1
instanceKlass java/lang/StackOverflowError
instanceKlass java/lang/OutOfMemoryError
instanceKlass java/lang/InternalError
ciInstanceKlass java/lang/VirtualMachineError 1 1 34 10 100 12 1 1 1 10 12 1 10 12 1 10 12 1 100 1 1 1 1 5 0 1 1 1 1 1 1 1 1 1 1 1
ciInstanceKlass java/lang/NoClassDefFoundError 1 1 26 10 7 12 1 1 1 10 12 1 100 1 1 1 1 5 0 1 1 1 1 1 1 1 1 1
ciInstanceKlass java/lang/OutOfMemoryError 1 1 26 10 100 12 1 1 1 10 12 1 100 1 1 1 1 5 0 1 1 1 1 1 1 1 1 1
ciInstanceKlass java/lang/StackOverflowError 1 1 26 10 100 12 1 1 1 10 12 1 100 1 1 1 1 5 0 1 1 1 1 1 1 1 1 1
ciInstanceKlass java/lang/StackTraceElement 1 1 235 10 7 12 1 1 1 10 7 12 1 1 9 12 1 1 9 12 1 1 9 12 1 9 12 1 8 1 10 7 12 1 1 1 7 1 9 12 1 8 1 9 12 1 9 12 1 9 12 1 1 10 12 1 1 10 12 1 8 1 10 7 12 1 1 1 7 1 10 12 1 10 12 1 1 10 12 1 10 12 1 1 10 12 1 10 12 1 10 10 12 1 8 1 10 12 1 10 12 1 1 10 12 1 1 10 12 1 10 12 1 10 12 1 9 12 1 1 10 7 12 1 1 1 10 12 1 1 7 1 10 12 1 1 10 7 12 1 1 10 7 12 1 1 1 10 7 12 1 1 10 7 12 1 1 10 10 12 1 1 10 12 1 1 10 12 1 1 10 12 1 100 1 1 1 1 1 1 1 3 1 3 1 1 5 0 1 1 1 1 1 1 1 1 1 1 1 1 1 1 1 1 1 1 1 1 1 1 1 1 1 1 1 1 1 100 1 100 1 1 1 1 1 1 1 100 1 1 1 1 1 1 1 1 1
instanceKlass java/util/concurrent/locks/AbstractQueuedLongSynchronizer
instanceKlass java/util/concurrent/locks/AbstractQueuedSynchronizer
ciInstanceKlass java/util/concurrent/locks/AbstractOwnableSynchronizer 1 1 32 10 7 12 1 1 1 9 7 12 1 1 1 100 1 1 1 1 5 0 1 1 1 1 1 1 1 1 1 1 1 1
ciInstanceKlass jdk/internal/vm/Continuation 1 1 551 9 7 12 1 1 1 9 12 1 9 12 1 9 12 1 100 1 100 1 10 12 1 1 8 1 10 12 1 1 10 12 1 10 12 1 1 10 12 1 9 7 12 1 1 1 11 100 12 1 1 1 10 100 1 9 12 1 1 9 12 1 1 10 8 1 10 12 1 9 12 1 1 10 11 12 1 1 100 1 10 100 12 1 1 1 10 12 1 1 10 12 1 10 12 1 1 11 12 1 1 9 12 1 1 10 12 1 1 18 12 1 1 10 100 12 1 1 1 100 1 10 12 1 11 100 12 1 1 1 10 12 1 9 12 1 10 12 1 1 100 1 8 1 10 12 1 10 12 1 1 9 12 1 1 11 12 1 1 9 12 1 1 8 1 10 11 12 1 1 11 12 1 1 10 12 1 1 10 12 1 1 9 12 1 10 12 1 10 10 12 1 8 1 10 12 1 8 1 8 1 10 7 12 1 1 1 10 100 12 1 1 1 10 12 1 9 12 1 11 12 1 100 1 10 12 1 10 12 1 1 9 12 1 1 100 1 10 12 1 1 9 12 1 1 10 12 1 10 12 1 11 100 12 1 1 10 7 1 10 12 1 8 1 10 12 1 1 9 12 1 1 10 7 12 1 1 8 1 8 1 8 1 8 1 10 12 1 1 10 12 1 10 12 1 10 12 1 10 12 1 1 10 12 1 1 8 1 9 12 1 10 12 1 1 9 12 1 1 10 12 1 1 9 12 1 8 1 10 100 12 1 1 1 10 12 1 8 1 100 1 8 1 10 9 12 1 1 8 1 10 100 12 1 1 10 100 12 1 1 8 1 8 1 10 12 10 12 1 1 10 100 1 10 100 12 1 1 1 18 11 100 12 1 1 1 18 12 1 11 12 1 1 100 1 10 7 12 1 1 10 12 1 1 8 10 12 1 1 10 7 12 1 1 1 10 7 12 1 1 10 12 1 8 1 10 12 1 100 1 100 1 10 12 1 1 1 1 1 1 1 1 1 1 1 1 1 1 1 1 1 1 1 1 1 1 1 1 1 1 1 1 1 1 1 1 1 1 1 1 1 1 1 1 1 1 1 1 1 1 1 1 1 1 1 1 1 1 1 1 1 1 1 1 1 1 1 1 1 1 1 1 1 1 1 1 1 1 1 1 100 1 1 16 1 15 10 12 16 15 11 100 12 1 1 1 16 1 16 1 15 10 12 16 15 10 100 12 1 1 1 1 1 1 1 1 100 1 100 1 1
staticfield jdk/internal/vm/Continuation U Ljdk/internal/misc/Unsafe; jdk/internal/misc/Unsafe
staticfield jdk/internal/vm/Continuation MOUNTED_OFFSET J 13
staticfield jdk/internal/vm/Continuation PRESERVE_SCOPED_VALUE_CACHE Z 1
staticfield jdk/internal/vm/Continuation JLA Ljdk/internal/access/JavaLangAccess; java/lang/System$1
staticfield jdk/internal/vm/Continuation $assertionsDisabled Z 1
ciInstanceKlass jdk/internal/misc/UnsafeConstants 1 1 34 10 100 12 1 1 1 9 7 12 1 1 1 9 12 1 9 12 1 1 9 12 1 9 12 1 1 1 1 1 1 1 1 1
staticfield jdk/internal/misc/UnsafeConstants ADDRESS_SIZE0 I 8
staticfield jdk/internal/misc/UnsafeConstants PAGE_SIZE I 4096
staticfield jdk/internal/misc/UnsafeConstants BIG_ENDIAN Z 0
staticfield jdk/internal/misc/UnsafeConstants UNALIGNED_ACCESS Z 1
staticfield jdk/internal/misc/UnsafeConstants DATA_CACHE_LINE_FLUSH_SIZE I 0
ciInstanceKlass java/lang/invoke/MethodHandleImpl 1 1 1424 10 7 12 1 1 1 100 1 10 100 12 1 1 1 10 7 12 1 1 1 100 1 10 8 1 10 12 1 1 10 12 1 10 12 1 1 10 7 12 1 1 1 9 100 12 1 1 1 10 100 12 1 1 1 100 1 10 12 1 1 10 12 1 1 10 12 1 1 10 7 12 1 1 1 9 7 12 1 1 1 10 7 12 1 1 1 100 1 10 9 12 1 1 9 12 1 10 12 1 1 10 12 1 10 12 1 1 10 12 1 1 10 12 1 1 8 1 8 1 10 12 1 1 10 12 1 1 10 12 1 1 10 12 1 1 10 12 1 10 12 1 1 10 7 12 1 1 1 10 12 1 7 1 10 7 12 1 1 1 10 12 1 1 10 12 1 1 11 7 12 1 1 1 11 7 12 1 1 11 12 1 1 7 1 11 12 1 10 12 1 1 10 12 1 1 11 12 1 10 7 12 1 1 10 12 1 1 10 7 12 1 1 10 12 1 10 12 1 1 10 7 12 1 1 1 10 7 12 1 1 1 10 12 1 1 10 12 1 1 9 7 12 1 1 1 10 10 12 1 1 10 12 1 1 10 10 12 1 1 10 12 1 1 10 7 12 1 1 1 10 12 1 1 10 12 1 10 12 1 10 7 12 1 1 1 10 7 12 1 1 1 10 12 1 1 10 12 1 10 12 1 10 12 1 10 12 1 1 10 12 1 10 12 1 1 10 12 1 10 12 1 8 1 100 1 10 12 1 10 12 1 1 10 12 1 10 12 1 1 10 12 1 1 7 1 10 12 1 100 1 8 1 10 12 1 10 100 12 1 1 1 8 1 10 12 1 10 100 12 1 1 1 100 1 9 100 1 10 12 1 1 10 12 1 1 9 12 1 10 12 1 1 10 100 12 1 1 10 12 1 1 10 12 1 1 10 12 1 10 12 1 100 1 10 12 1 1 9 12 1 1 10 12 1 9 100 12 1 1 1 11 100 12 1 1 7 1 9 12 1 100 1 10 12 1 10 12 1 1 100 1 10 12 1 1 10 12 1 1 10 100 12 1 1 1 10 12 1 1 10 12 1 10 12 1 1 10 12 1 10 12 1 1 10 12 1 7 1 9 100 12 1 1 1 10 12 1 10 12 1 9 100 12 1 1 1 10 12 1 1 10 12 1 1 10 12 1 10 100 12 1 1 10 100 12 1 1 1 9 12 1 10 12 1 9 12 10 12 1 10 12 1 10 12 1 10 12 1 1 10 12 1 10 12 1 1 10 12 1 10 12 1 1 10 12 1 1 10 12 1 1 10 12 1 10 12 1 10 12 1 1 10 12 1 10 100 12 1 1 10 12 1 10 100 12 1 1 8 1 10 8 1 100 1 10 9 12 1 100 1 10 12 1 8 1 10 10 12 1 10 10 12 1 1 10 12 1 1 10 12 1 10 12 1 100 1 8 1 10 12 1 10 100 12 1 1 1 10 12 1 1 10 12 1 10 12 1 100 1 10 12 1 10 12 1 10 12 1 1 7 1 10 12 1 10 7 12 1 1 10 12 1 9 12 1 10 12 1 1 10 12 1 1 100 1 10 10 12 1 8 1 8 1 9 12 1 8 1 8 1 8 1 9 12 1 10 12 1 1 9 12 1 1 10 12 1 8 1 9 7 1 10 12 1 1 10 12 1 8 1 8 1 8 1 100 1 100 1 8 8 1 8 1 100 1 8 1 100 1 10 12 1 7 1 10 10 7 12 1 1 1 10 12 1 10 12 10 12 1 10 12 1 11 100 12 1 1 1 18 12 1 11 100 12 1 1 1 18 18 12 1 11 12 1 1 10 12 1 1 10 12 1 10 12 1 11 12 1 9 12 1 9 12 10 10 12 1 1 9 12 1 1 11 12 1 1 18 12 1 1 11 12 1 1 11 12 1 1 10 12 1 11 100 1 10 12 1 10 12 1 10 12 1 9 12 1 9 12 10 12 1 10 100 12 1 1 1 10 12 1 10 12 1 1 10 12 1 10 12 9 12 1 1 10 12 1 10 12 1 1 9 12 1 9 12 1 10 12 1 10 12 1 1 10 12 1 100 1 10 12 1 9 12 1 1 11 100 1 9 12 1 9 12 11 12 1 9 12 1 10 12 10 12 1 1 10 12 1 1 9 7 12 1 1 10 12 1 10 12 1 10 12 1 1 100 1 10 12 1 10 12 1 1 100 1 10 12 1 1 10 12 1 1 100 1 10 12 1 1 10 12 1 1 10 12 1 10 12 1 10 12 1 9 12 1 10 12 1 10 12 1 1 9 7 12 1 1 1 8 10 12 1 1 8 1 10 12 1 8 1 8 1 8 1 8 1 8 1 8 1 100 1 8 1 8 1 10 12 1 9 12 1 10 12 1 1 1 1 1 3 1 1 3 1 3 1 3 1 3 1 3 1 3 1 3 1 3 1 1 1 1 1 1 1 1 1 3 1 3 1 1 1 1 1 1 1 1 1 1 1 1 1 1 1 1 1 1 1 1 1 1 1 1 1 1 1 1 1 1 1 1 1 1 1 1 1 1 1 1 1 1 1 1 1 1 1 1 1 1 1 1 1 1 1 1 1 1 1 1 1 1 1 1 1 1 1 1 1 1 1 1 1 1 1 1 1 1 1 1 1 1 1 1 1 1 1 1 1 1 1 1 1 1 1 1 1 1 1 1 1 1 1 100 1 1 1 1 1 1 1 1 1 1 1 1 1 1 1 1 1 1 1 1 1 1 1 1 1 1 1 1 1 1 1 1 1 1 1 1 1 1 1 1 1 1 1 1 1 1 1 1 1 1 1 1 1 1 1 1 1 1 1 1 1 1 1 1 1 1 1 1 1 1 1 1 1 1 1 1 1 1 1 1 1 1 1 1 1 1 1 1 1 1 1 1 1 1 1 1 1 1 1 1 1 1 1 1 1 1 1 1 1 1 1 1 1 1 1 1 1 1 1 1 1 1 1 1 1 1 1 1 1 1 1 1 1 1 1 1 1 1 1 1 1 1 1 1 1 1 1 1 1 1 1 1 1 1 1 1 1 1 1 1 1 1 1 1 1 1 1 1 1 100 1 100 1 100 1 100 1 100 1 100 1 100 1 1 16 15 10 12 16 15 16 16 1 15 10 12 16 16 15 10 12 16 15 10 100 12 1 1 1 1 1 1 1 1 1 1 1 1 1 1 1 1 1 1 1 1 1 1 1 1
staticfield java/lang/invoke/MethodHandleImpl ARRAYS [Ljava/lang/invoke/MethodHandle; 256 [Ljava/lang/invoke/MethodHandle;
staticfield java/lang/invoke/MethodHandleImpl NFS [Ljava/lang/invoke/LambdaForm$NamedFunction; 7 [Ljava/lang/invoke/LambdaForm$NamedFunction;
staticfield java/lang/invoke/MethodHandleImpl HANDLES [Ljava/lang/invoke/MethodHandle; 9 [Ljava/lang/invoke/MethodHandle;
staticfield java/lang/invoke/MethodHandleImpl $assertionsDisabled Z 1
instanceKlass java/lang/invoke/DelegatingMethodHandle
instanceKlass java/lang/invoke/BoundMethodHandle
instanceKlass java/lang/invoke/DirectMethodHandle
ciInstanceKlass java/lang/invoke/MethodHandle 1 1 734 100 1 9 7 12 1 1 1 10 7 12 1 1 1 10 7 12 1 1 1 7 1 7 1 10 12 1 1 9 12 1 1 10 12 1 10 12 1 1 10 12 1 1 10 100 12 1 1 1 10 12 1 1 10 12 1 1 11 100 12 1 1 1 10 12 1 1 10 12 1 10 12 1 9 12 1 1 9 12 1 1 10 100 12 1 1 1 10 12 1 10 12 1 1 10 12 1 10 12 1 100 1 100 1 10 8 1 10 12 1 1 10 12 1 8 1 10 12 1 1 10 12 1 10 7 12 1 1 1 10 12 1 1 10 12 1 1 10 12 1 1 10 7 12 1 1 1 10 12 1 1 10 12 1 1 10 12 1 10 12 1 1 10 100 12 1 1 10 7 12 1 1 10 12 1 10 12 1 10 12 1 1 10 12 1 1 10 12 1 1 10 12 1 1 10 7 12 1 1 1 10 100 12 1 1 1 10 12 1 1 10 12 1 1 10 12 1 1 8 1 10 7 12 1 1 1 8 1 10 12 1 10 12 1 1 10 12 1 1 10 12 1 8 1 10 12 1 1 8 1 10 12 1 8 1 10 100 12 1 1 1 9 12 1 1 100 1 10 9 100 12 1 1 1 9 100 1 8 1 10 12 1 1 10 12 1 10 12 1 1 10 12 1 10 12 1 1 10 12 1 10 12 1 1 10 12 1 10 12 1 1 10 12 1 1 8 1 10 12 1 1 8 1 10 12 1 10 12 1 1 10 12 1 10 12 1 10 12 1 1 9 100 12 1 1 1 10 12 1 1 11 12 1 10 12 1 10 12 1 1 10 100 12 1 1 100 1 11 12 1 10 100 1 11 12 1 100 1 10 12 1 11 12 1 9 100 12 1 1 1 11 12 1 1 11 100 12 1 1 1 10 12 1 1 9 12 1 11 12 1 9 12 1 9 12 1 9 12 1 11 12 1 1 9 12 1 9 12 1 9 12 1 9 12 1 9 12 1 9 12 1 9 12 1 8 1 10 12 1 10 12 1 8 1 10 12 1 10 12 1 10 12 1 1 10 10 10 7 12 1 1 10 12 1 1 100 1 100 1 8 1 8 1 10 10 12 1 1 10 12 1 10 12 1 100 1 10 100 12 1 1 1 10 9 7 12 1 1 1 10 12 1 1 10 12 1 1 8 1 8 1 10 100 12 1 1 9 12 1 9 12 1 1 9 12 1 1 10 12 1 7 1 10 12 1 10 12 1 1 9 12 1 1 9 12 1 1 10 7 12 1 1 1 11 7 12 1 1 9 12 1 10 12 1 1 9 12 1 10 12 1 8 10 12 1 1 8 1 1 1 1 1 1 1 1 100 1 1 1 1 1 1 1 1 1 1 1 1 1 1 1 1 1 1 1 1 1 1 1 1 1 1 1 1 1 1 1 1 100 1 1 1 1 1 1 1 1 1 1 1 1 1 1 1 1 1 1 1 1 1 1 1 1 1 1 1 1 1 1 1 1 1 1 1 1 1 1 1 1 1 1 1 1 1 1 1 1 1 1 1 1 1 1 1 1 1 1 1 1 1 1 1 1 1 1 1 1 1 1 1 1 1 1 1 1 1 1 1 1 1 1 1 1 1 1 100 1 1 100 1 100 1 100 1 1 100 1 1 100 1 1 1 1
staticfield java/lang/invoke/MethodHandle FORM_OFFSET J 24
staticfield java/lang/invoke/MethodHandle UPDATE_OFFSET J 13
staticfield java/lang/invoke/MethodHandle $assertionsDisabled Z 1
ciInstanceKlass java/lang/invoke/MethodType 1 1 724 7 1 10 7 12 1 1 1 9 12 1 1 9 12 1 1 9 12 1 1 10 7 12 1 1 1 9 7 12 1 1 8 1 10 100 12 1 1 1 9 7 1 9 7 1 10 12 1 1 100 1 10 8 1 10 12 1 1 10 12 1 10 12 1 1 100 1 8 1 10 12 1 100 1 10 10 12 1 10 12 1 1 10 12 1 1 11 7 12 1 1 1 9 12 1 11 12 1 1 7 10 12 1 1 10 12 1 1 7 1 7 1 10 7 12 1 1 1 10 12 1 10 12 1 9 12 1 1 10 7 12 1 1 10 12 1 1 10 7 12 1 1 1 10 7 12 1 1 1 10 12 1 9 12 1 1 10 12 1 1 10 12 1 1 10 12 1 1 10 12 1 1 10 12 1 1 10 12 1 10 12 1 10 12 1 1 10 12 1 8 1 8 1 10 12 1 1 9 12 1 1 100 1 10 10 12 1 1 10 12 1 10 12 1 1 10 12 1 1 10 12 1 10 12 1 10 12 1 8 1 10 12 1 1 10 100 12 1 1 1 10 12 1 10 12 1 1 10 12 1 10 12 1 10 12 1 1 10 12 1 10 12 1 9 12 1 10 12 1 10 10 12 1 1 10 12 1 9 12 1 1 10 12 1 1 11 12 1 1 10 12 1 1 10 12 1 10 12 1 100 1 8 1 8 1 8 1 10 12 1 10 12 1 10 12 1 1 10 10 12 1 11 12 1 1 11 12 1 10 100 12 1 1 1 9 12 1 10 12 1 10 12 1 1 10 12 1 1 10 12 1 10 12 1 10 100 12 1 1 1 10 12 1 1 10 12 1 10 12 1 10 12 1 10 9 12 1 1 7 1 10 12 1 10 100 12 1 1 1 10 12 1 1 10 100 12 1 1 1 10 12 1 1 8 1 10 7 12 1 1 1 11 12 1 1 9 12 1 1 10 12 1 1 10 12 1 10 12 1 1 10 12 1 1 10 100 12 1 1 10 12 1 10 12 100 1 11 100 12 1 1 10 12 1 11 12 1 10 100 12 1 1 10 12 1 1 10 12 1 1 9 12 1 1 9 100 12 1 1 1 10 100 12 1 1 1 9 12 1 10 100 12 1 1 10 12 1 100 10 12 1 10 12 1 1 10 12 1 7 1 10 10 12 1 1 7 1 7 1 9 12 1 1 100 1 100 1 100 1 1 1 5 0 1 1 1 1 1 1 1 3 1 3 1 3 1 1 1 1 1 1 1 1 1 1 1 1 1 1 1 1 1 1 1 1 1 1 1 1 1 1 1 1 1 1 1 1 1 1 1 1 1 1 1 1 1 1 1 1 1 1 1 1 1 1 1 1 1 1 1 1 1 1 1 1 1 1 1 1 1 1 1 1 1 1 1 1 1 1 1 1 1 1 1 1 1 1 1 1 1 1 1 1 1 1 1 1 1 1 1 1 1 1 1 1 1 1 1 1 1 1 1 1 1 1 1 1 1 1 1 1 1 1 1 1 1 1 1 1 1 1 1 1 100 1 100 1 1 1 1 1 1 1 1 1 1 1 1 1 100 1 1 1 1 100 1 1 1 100 1 1 1 1 1 1 1 1 1 1 1 1 1 1 1 1 1 1 100 1 1 100 1 1
staticfield java/lang/invoke/MethodType internTable Ljdk/internal/util/ReferencedKeySet; jdk/internal/util/ReferencedKeySet
staticfield java/lang/invoke/MethodType NO_PTYPES [Ljava/lang/Class; 0 [Ljava/lang/Class;
staticfield java/lang/invoke/MethodType objectOnlyTypes [Ljava/lang/invoke/MethodType; 20 [Ljava/lang/invoke/MethodType;
staticfield java/lang/invoke/MethodType METHOD_HANDLE_ARRAY [Ljava/lang/Class; 1 [Ljava/lang/Class;
staticfield java/lang/invoke/MethodType serialPersistentFields [Ljava/io/ObjectStreamField; 0 [Ljava/io/ObjectStreamField;
staticfield java/lang/invoke/MethodType $assertionsDisabled Z 1
ciInstanceKlass java/lang/invoke/TypeDescriptor$OfMethod 1 0 43 100 1 100 1 100 1 1 1 1 1 1 1 1 1 1 1 1 1 1 1 1 1 1 1 1 1 1 1 1 1 1 1 1 1 1 1 1 1 1 100 1 1
instanceKlass zmq/io/coder/IDecoder$Step$Result
instanceKlass zmq/io/mechanism/Mechanism$Status
instanceKlass zmq/io/StreamEngine$Protocol
instanceKlass zmq/io/StreamEngine$ErrorReason
instanceKlass zmq/pipe/Pipe$State
instanceKlass zmq/Command$Type
instanceKlass zmq/io/net/StandardProtocolFamily
instanceKlass zmq/io/net/NetProtocol
instanceKlass zmq/Msg$Type
instanceKlass zmq/socket/Sockets
instanceKlass org/zeromq/SocketType
instanceKlass java/security/DrbgParameters$Capability
instanceKlass sun/security/util/KnownOIDs
instanceKlass zmq/Config
instanceKlass zmq/io/mechanism/Mechanisms
instanceKlass com/google/inject/grapher/graphviz/CompassPoint
instanceKlass com/google/inject/grapher/graphviz/EdgeStyle
instanceKlass com/google/inject/grapher/graphviz/ArrowType
instanceKlass com/google/inject/grapher/graphviz/NodeShape
instanceKlass com/google/inject/grapher/graphviz/NodeStyle
instanceKlass com/google/inject/grapher/BindingEdge$Type
instanceKlass com/google/inject/grapher/NodeId$NodeType
instanceKlass sun/awt/AppContext$State
instanceKlass java/util/Comparators$NaturalOrderComparator
instanceKlass com/google/inject/internal/Indexer$BindingType
instanceKlass ch/sbb/matsim/routing/pt/raptor/RaptorStopFinder$Direction
instanceKlass org/matsim/analysis/ScoreStatsControlerListener$ScoreItem
instanceKlass com/google/inject/spi/InjectionPoint$Position
instanceKlass org/matsim/core/controler/Controler$DefaultFiles
instanceKlass com/google/inject/internal/ErrorId
instanceKlass com/google/inject/internal/Initializer$InjectableReferenceState
instanceKlass org/matsim/contrib/drt/schedule/DrtTaskBaseType
instanceKlass org/matsim/contrib/dvrp/router/DvrpRoutingModuleProvider$Stage
instanceKlass org/matsim/core/replanning/strategies/DefaultPlanStrategiesModule$DefaultPlansRemover
instanceKlass com/google/inject/internal/Element$Type
instanceKlass java/lang/invoke/MethodHandles$Lookup$ClassOption
instanceKlass java/lang/StackStreamFactory$WalkerState
instanceKlass java/lang/StackWalker$ExtendedOption
instanceKlass java/lang/StackWalker$Option
instanceKlass sun/misc/Unsafe$MemoryAccessOption
instanceKlass com/google/inject/internal/RealMapBinder$BindingSelection$InitializationState
instanceKlass com/google/inject/internal/InternalProviderInstanceBindingImpl$InitializationTiming
instanceKlass com/google/inject/internal/InjectorImpl$JitLimitation
instanceKlass com/google/common/collect/MapMakerInternalMap$Strength
instanceKlass com/google/common/util/concurrent/AbstractFutureState$VarHandleAtomicHelperMaker
instanceKlass com/google/inject/Key$NullAnnotationStrategy
instanceKlass com/google/inject/internal/InternalFlags$ColorizeOption
instanceKlass com/google/inject/internal/InternalFlags$BytecodeGenOption
instanceKlass com/google/inject/internal/InternalFlags$NullableProvidesOption
instanceKlass com/google/inject/internal/InternalFlags$CustomClassLoadingOption
instanceKlass com/google/inject/internal/InternalFlags$IncludeStackTraceOption
instanceKlass com/google/common/cache/LocalCache$EntryFactory
instanceKlass com/google/common/cache/CacheBuilder$NullListener
instanceKlass com/google/common/cache/CacheBuilder$OneWeigher
instanceKlass com/google/common/cache/LocalCache$Strength
instanceKlass com/google/inject/Stage
instanceKlass jakarta/validation/ElementKind
instanceKlass com/fasterxml/classmate/AnnotationInclusion
instanceKlass org/hibernate/validator/constraints/CompositionType
instanceKlass jakarta/validation/ConstraintTarget
instanceKlass jakarta/validation/metadata/ValidateUnwrappedValue
instanceKlass org/hibernate/validator/internal/metadata/core/ConstraintOrigin
instanceKlass org/matsim/vehicles/VehicleType$DoorOperationMode
instanceKlass com/fasterxml/jackson/databind/cfg/ConstructorDetector$SingleArgConstructor
instanceKlass com/fasterxml/jackson/annotation/JsonCreator$Mode
instanceKlass com/fasterxml/jackson/annotation/OptBoolean
instanceKlass com/fasterxml/jackson/annotation/JsonProperty$Access
instanceKlass com/fasterxml/jackson/databind/AnnotationIntrospector$ReferenceProperty$Type
instanceKlass com/fasterxml/jackson/annotation/PropertyAccessor
instanceKlass com/fasterxml/jackson/databind/util/AccessPattern
instanceKlass com/fasterxml/jackson/core/JsonToken
instanceKlass com/fasterxml/jackson/annotation/JsonFormat$Feature
instanceKlass com/fasterxml/jackson/core/JsonParser$NumberType
instanceKlass com/fasterxml/jackson/databind/DeserializationFeature
instanceKlass com/fasterxml/jackson/databind/cfg/JsonNodeFeature
instanceKlass com/fasterxml/jackson/databind/cfg/EnumFeature
instanceKlass com/fasterxml/jackson/databind/SerializationFeature
instanceKlass com/fasterxml/jackson/core/util/Separators$Spacing
instanceKlass com/fasterxml/jackson/databind/MapperFeature
instanceKlass com/fasterxml/jackson/annotation/JsonFormat$Shape
instanceKlass com/fasterxml/jackson/databind/cfg/CoercionInputShape
instanceKlass com/fasterxml/jackson/databind/cfg/CoercionAction
instanceKlass com/fasterxml/jackson/databind/type/LogicalType
instanceKlass com/fasterxml/jackson/annotation/JsonAutoDetect$Visibility
instanceKlass com/fasterxml/jackson/annotation/Nulls
instanceKlass com/fasterxml/jackson/annotation/JsonInclude$Include
instanceKlass com/google/common/collect/AbstractIterator$State
instanceKlass org/eqasim/core/simulation/modes/feeder_drt/config/FeederDrtConfigGroup$AccessEgressStopSelection
instanceKlass org/matsim/contrib/drt/optimizer/rebalancing/plusOne/PlusOneRebalancingStrategyParams$ZoneFreeRelocationCalculatorType
instanceKlass org/matsim/contrib/drt/optimizer/rebalancing/RebalancingParams$TargetLinkSelection
instanceKlass org/matsim/contrib/drt/run/DrtConfigGroup$SimulationType
instanceKlass org/matsim/contrib/drt/run/DrtConfigGroup$OperationalScheme
instanceKlass org/matsim/core/config/groups/ControllerConfigGroup$SnapshotFormat
instanceKlass java/net/StandardProtocolFamily
instanceKlass java/net/Proxy$Type
instanceKlass sun/net/www/protocol/http/HttpURLConnection$TunnelState
instanceKlass java/lang/System$Logger$Level
instanceKlass sun/util/logging/PlatformLogger$Level
instanceKlass org/matsim/core/utils/io/MatsimXmlParser$ValidationType
instanceKlass org/hibernate/validator/internal/metadata/raw/ConfigurationSource
instanceKlass sun/reflect/annotation/TypeAnnotation$TypeAnnotationTarget
instanceKlass org/hibernate/validator/internal/metadata/descriptor/ConstraintDescriptorImpl$ConstraintType
instanceKlass org/hibernate/validator/internal/metadata/location/ConstraintLocation$ConstraintLocationKind
instanceKlass org/hibernate/validator/internal/metadata/raw/ConstrainedElement$ConstrainedElementKind
instanceKlass jakarta/validation/constraintvalidation/ValidationTarget
instanceKlass org/hibernate/validator/internal/metadata/core/BuiltinConstraint
instanceKlass org/hibernate/validator/messageinterpolation/ExpressionLanguageFeatureLevel
instanceKlass org/hibernate/validator/internal/util/ConcurrentReferenceHashMap$Option
instanceKlass org/hibernate/validator/internal/util/ConcurrentReferenceHashMap$ReferenceType
instanceKlass jakarta/validation/executable/ExecutableType
instanceKlass org/jboss/logging/Logger$Level
instanceKlass jdk/internal/logger/BootstrapLogger$LoggingBackend
instanceKlass org/matsim/core/replanning/annealing/ReplanningAnnealerConfigGroup$AnnealParameterOption
instanceKlass org/matsim/core/config/groups/ChangeModeConfigGroup$Behavior
instanceKlass org/matsim/core/replanning/modules/SubtourModeChoice$Behavior
instanceKlass org/matsim/pt/config/TransitConfigGroup$BoardingAcceptance
instanceKlass org/matsim/pt/config/TransitConfigGroup$TransitRoutingAlgorithmType
instanceKlass org/matsim/core/config/groups/VspExperimentalConfigGroup$CheckingOfMarginalUtilityOfTravellng
instanceKlass org/matsim/core/config/groups/VspExperimentalConfigGroup$VspDefaultsCheckingLevel
instanceKlass org/matsim/core/config/ConfigWriter$Verbosity
instanceKlass org/matsim/core/config/groups/RoutingConfigGroup$NetworkRouteConsistencyCheck
instanceKlass org/matsim/core/config/groups/RoutingConfigGroup$AccessEgressType
instanceKlass org/matsim/core/config/groups/FacilitiesConfigGroup$FacilitiesSource
instanceKlass org/matsim/core/config/groups/PlansConfigGroup$ActivityDurationInterpretation
instanceKlass org/matsim/core/config/groups/PlansConfigGroup$TripDurationHandling
instanceKlass org/matsim/core/config/groups/PlansConfigGroup$HandlingOfPlansWithoutRoutingMode
instanceKlass org/matsim/core/config/groups/ScoringConfigGroup$TypicalDurationScoreComputation
instanceKlass org/matsim/core/config/groups/QSimConfigGroup$PersonInitializedEventsSetting
instanceKlass org/matsim/core/config/groups/QSimConfigGroup$StarttimeInterpretation
instanceKlass org/matsim/core/config/groups/QSimConfigGroup$EndtimeInterpretation
instanceKlass org/matsim/core/config/groups/QSimConfigGroup$LinkDynamics
instanceKlass org/matsim/core/config/groups/QSimConfigGroup$NodeTransition
instanceKlass org/matsim/core/config/groups/QSimConfigGroup$VehiclesSource
instanceKlass org/matsim/core/config/groups/QSimConfigGroup$InflowCapacitySetting
instanceKlass org/matsim/core/config/groups/QSimConfigGroup$FilterSnapshots
instanceKlass org/matsim/core/config/groups/QSimConfigGroup$SnapshotStyle
instanceKlass org/matsim/core/config/groups/QSimConfigGroup$TrafficDynamics
instanceKlass org/matsim/core/config/groups/QSimConfigGroup$VehicleBehavior
instanceKlass org/matsim/core/config/groups/ControllerConfigGroup$MobsimType
instanceKlass org/matsim/core/config/groups/ControllerConfigGroup$EventTypeToCreateScoringFunctions
instanceKlass org/matsim/core/config/groups/ControllerConfigGroup$CleanIterations
instanceKlass org/matsim/core/config/groups/ControllerConfigGroup$RoutingAlgorithmType
instanceKlass org/matsim/core/controler/OutputDirectoryHierarchy$OverwriteFileSetting
instanceKlass org/matsim/core/config/groups/ControllerConfigGroup$CompressionType
instanceKlass org/matsim/core/config/groups/ControllerConfigGroup$EventsFileFormat
instanceKlass org/matsim/core/utils/io/IOUtils$CompressionType
instanceKlass org/matsim/contrib/emissions/utils/EmissionsConfigGroup$EmissionsComputationMethod
instanceKlass org/matsim/contrib/emissions/utils/EmissionsConfigGroup$UseHbefaConsistencyChecker
instanceKlass org/matsim/contrib/emissions/utils/EmissionsConfigGroup$HbefaVehicleDescriptionSource
instanceKlass org/matsim/contrib/emissions/utils/EmissionsConfigGroup$NonScenarioVehicles
instanceKlass org/matsim/contrib/emissions/utils/EmissionsConfigGroup$HbefaTableConsistencyCheckingLevel
instanceKlass org/matsim/contrib/emissions/utils/EmissionsConfigGroup$DetailedVsAverageLookupBehavior
instanceKlass org/eqasim/core/simulation/vdf/VDFConfigGroup$HandlerType
instanceKlass org/matsim/contribs/discrete_mode_choice/components/constraints/ShapeFileConstraint$Requirement
instanceKlass org/matsim/contribs/discrete_mode_choice/components/constraints/LinkAttributeConstraint$Requirement
instanceKlass org/matsim/contribs/discrete_mode_choice/modules/ModelModule$ModelType
instanceKlass org/matsim/contribs/discrete_mode_choice/model/DiscreteModeChoiceModel$FallbackBehaviour
instanceKlass org/eqasim/core/analysis/DistanceUnit
instanceKlass java/util/stream/MatchOps$MatchKind
instanceKlass ch/sbb/matsim/config/SwissRailRaptorConfigGroup$IntermodalAccessEgressModeSelection
instanceKlass ch/sbb/matsim/config/SwissRailRaptorConfigGroup$IntermodalLegOnlyHandling
instanceKlass ch/sbb/matsim/routing/pt/raptor/RaptorStaticConfig$RaptorTransferCalculation
instanceKlass ch/sbb/matsim/config/SwissRailRaptorConfigGroup$ScoringParameters
instanceKlass org/apache/logging/log4j/core/config/LoggerConfig$LoggerConfigPredicate
instanceKlass org/apache/logging/log4j/core/Filter$Result
instanceKlass org/apache/logging/log4j/core/pattern/NameAbbreviator$MaxElementAbbreviator$Strategy
instanceKlass java/time/zone/ZoneOffsetTransitionRule$TimeDefinition
instanceKlass java/time/DayOfWeek
instanceKlass java/time/Month
instanceKlass java/time/format/TextStyle
instanceKlass java/time/format/DateTimeFormatterBuilder$SettingsParser
instanceKlass java/time/format/ResolverStyle
instanceKlass java/time/format/SignStyle
instanceKlass java/time/temporal/JulianFields$Field
instanceKlass java/time/temporal/IsoFields$Unit
instanceKlass java/time/temporal/IsoFields$Field
instanceKlass java/time/temporal/ChronoField
instanceKlass java/time/temporal/ChronoUnit
instanceKlass org/apache/logging/log4j/core/pattern/PatternParser$ParserState
instanceKlass java/lang/annotation/ElementType
instanceKlass java/util/Locale$Category
instanceKlass java/security/Security$SecPropLoader$LoadingMode
instanceKlass com/sun/org/apache/xerces/internal/impl/XMLScanner$NameType
instanceKlass com/sun/org/apache/xerces/internal/util/Status
instanceKlass javax/xml/catalog/CatalogFeatures$State
instanceKlass javax/xml/catalog/CatalogFeatures$Feature
instanceKlass jdk/xml/internal/JdkProperty$ImplPropMap
instanceKlass jdk/xml/internal/JdkXmlFeatures$XmlFeature
instanceKlass jdk/xml/internal/XMLSecurityPropertyManager$Property
instanceKlass jdk/xml/internal/FeaturePropertyBase$State
instanceKlass jdk/xml/internal/JdkProperty$State
instanceKlass jdk/xml/internal/XMLSecurityManager$Processor
instanceKlass jdk/xml/internal/XMLSecurityManager$Limit
instanceKlass com/fasterxml/jackson/dataformat/yaml/YAMLGenerator$Feature
instanceKlass com/fasterxml/jackson/dataformat/yaml/YAMLParser$Feature
instanceKlass com/fasterxml/jackson/core/JsonGenerator$Feature
instanceKlass com/fasterxml/jackson/core/JsonParser$Feature
instanceKlass com/fasterxml/jackson/core/JsonFactory$Feature
instanceKlass com/fasterxml/jackson/core/StreamReadCapability
instanceKlass com/fasterxml/jackson/core/Base64Variant$PaddingReadBehaviour
instanceKlass java/math/RoundingMode
instanceKlass sun/util/locale/provider/LocaleProviderAdapter$Type
instanceKlass com/fasterxml/jackson/databind/util/internal/PrivateMaxEntriesMap$DrainStatus
instanceKlass java/lang/classfile/attribute/StackMapFrameInfo$SimpleVerificationTypeInfo
instanceKlass java/lang/reflect/ProxyGenerator$PrimitiveTypeInfo
instanceKlass java/lang/classfile/ClassFile$StackMapsOption
instanceKlass java/lang/reflect/AccessFlag$Location
instanceKlass java/lang/reflect/AccessFlag
instanceKlass java/lang/module/ModuleDescriptor$Modifier
instanceKlass java/lang/annotation/RetentionPolicy
instanceKlass org/apache/logging/log4j/core/appender/ConsoleAppender$Target
instanceKlass org/apache/logging/log4j/core/async/ThreadNameCachingStrategy
instanceKlass java/util/stream/Collector$Characteristics
instanceKlass org/apache/logging/log4j/core/LifeCycle$State
instanceKlass jdk/internal/util/OperatingSystem
instanceKlass java/util/stream/StreamShape
instanceKlass java/util/stream/StreamOpFlag$Type
instanceKlass java/util/stream/StreamOpFlag
instanceKlass java/util/regex/Pattern$Qtype
instanceKlass org/apache/logging/log4j/spi/StandardLevel
instanceKlass java/util/concurrent/TimeUnit
instanceKlass java/lang/invoke/VarHandle$AccessType
instanceKlass java/lang/invoke/VarHandle$AccessMode
instanceKlass java/lang/classfile/Opcode$Kind
instanceKlass java/lang/classfile/Opcode
instanceKlass java/lang/invoke/MethodHandleImpl$Intrinsic
instanceKlass java/lang/classfile/AttributeMapper$AttributeStability
instanceKlass jdk/internal/classfile/impl/AbstractPoolEntry$Utf8EntryImpl$State
instanceKlass java/lang/classfile/TypeKind
instanceKlass java/lang/invoke/LambdaForm$BasicType
instanceKlass java/lang/invoke/LambdaForm$Kind
instanceKlass java/lang/constant/DirectMethodHandleDesc$Kind
instanceKlass sun/invoke/util/Wrapper
instanceKlass java/nio/file/LinkOption
instanceKlass sun/nio/fs/WindowsPathType
instanceKlass java/nio/file/StandardOpenOption
instanceKlass jdk/internal/vm/Continuation$Pinned
instanceKlass java/io/File$PathStatus
instanceKlass jdk/internal/module/ModuleBootstrap$IllegalNativeAccess
instanceKlass java/lang/reflect/ClassFileFormatVersion
instanceKlass java/lang/Thread$State
instanceKlass java/lang/module/ModuleDescriptor$Requires$Modifier
ciInstanceKlass java/lang/Enum 1 1 204 9 7 12 1 1 1 9 12 1 1 10 7 12 1 1 1 9 12 1 10 7 12 1 1 1 100 1 10 10 12 1 1 10 12 1 100 1 10 10 7 12 1 1 10 12 1 1 18 12 1 1 10 100 12 1 1 1 10 12 1 1 11 7 12 1 1 1 100 1 8 1 10 12 1 100 1 100 1 10 8 1 10 12 1 1 10 12 1 1 8 1 10 12 1 10 100 1 8 1 10 10 12 1 1 10 100 12 1 1 1 100 1 100 1 100 1 1 1 1 1 1 1 1 1 1 1 1 1 1 1 1 1 1 1 1 1 1 1 1 1 1 1 1 1 1 1 1 1 1 1 1 1 1 1 1 1 1 1 1 1 1 1 3 1 1 1 1 100 1 100 1 1 100 1 1 1 1 1 1 1 1 1 1 1 16 15 10 12 16 15 10 100 12 1 1 1 1 1 100 1 100 1 1
ciInstanceKlass sun/invoke/util/Wrapper 1 1 622 100 1 7 1 9 12 1 1 9 12 1 9 12 1 9 12 1 9 12 1 9 12 1 9 12 1 9 12 1 9 12 1 9 12 1 9 12 1 1 10 7 12 1 1 10 7 12 1 1 1 10 12 1 1 9 12 1 1 9 12 1 9 12 1 1 10 7 12 1 1 9 12 1 1 9 12 1 1 9 12 1 1 9 12 1 9 12 1 9 12 1 9 12 1 9 12 1 1 9 12 1 100 1 10 12 1 10 12 1 1 7 1 10 7 12 1 1 10 12 1 8 1 10 7 12 1 1 1 10 12 1 1 10 100 12 1 1 1 10 12 1 7 1 10 12 1 1 10 12 1 10 12 1 10 12 1 1 10 12 1 9 12 1 1 10 12 1 10 12 1 100 1 10 10 12 1 1 10 12 1 1 10 12 1 1 9 7 12 1 1 1 10 12 1 10 7 12 1 1 10 7 12 1 1 10 7 12 1 1 9 12 1 9 12 1 10 12 1 1 9 12 1 9 9 9 9 9 9 7 1 9 7 1 9 7 1 8 1 10 12 1 1 10 12 1 1 10 12 1 1 100 1 10 8 1 9 12 1 10 12 1 1 8 1 10 12 1 10 7 12 1 1 10 12 1 1 10 12 1 1 100 1 8 1 10 12 1 10 12 1 10 12 1 10 12 1 10 12 1 10 12 1 1 10 12 1 10 12 1 10 12 1 1 10 12 1 1 10 12 1 10 12 1 10 12 1 1 10 100 12 1 1 10 12 1 1 10 12 1 1 10 12 1 10 12 1 1 10 12 1 10 12 1 1 10 12 1 1 10 12 1 8 1 10 10 12 1 10 12 1 100 1 10 10 100 12 1 1 1 10 12 1 10 12 1 1 10 12 1 1 10 12 1 8 8 1 8 1 10 12 1 1 9 7 12 1 1 9 12 1 10 12 1 8 8 1 8 1 10 12 1 9 12 1 9 12 1 8 8 1 8 1 9 12 1 9 12 1 8 8 1 8 1 9 12 1 9 12 1 8 8 1 8 1 9 12 1 9 12 1 8 8 1 8 1 9 12 1 9 12 1 8 8 1 8 1 10 12 1 9 12 1 9 12 1 8 8 1 8 1 9 12 1 9 12 1 8 8 1 10 12 1 9 12 1 8 8 1 8 1 9 12 1 9 12 1 10 12 1 10 12 1 1 1 3 1 1 1 1 1 1 1 1 1 1 1 1 1 1 1 1 1 1 1 1 1 1 1 1 1 1 1 1 1 1 1 1 1 1 1 1 1 1 1 1 1 1 1 1 1 1 1 1 1 1 1 1 1 1 1 1 1 1 1 1 1 1 1 1 1 1 1 1 1 1 1 1 1 1 1 1 1 1 1 1 1 1 1 1 1 1 1 1 1 1 1 1 1 1 1 1
staticfield sun/invoke/util/Wrapper BOOLEAN Lsun/invoke/util/Wrapper; sun/invoke/util/Wrapper
staticfield sun/invoke/util/Wrapper BYTE Lsun/invoke/util/Wrapper; sun/invoke/util/Wrapper
staticfield sun/invoke/util/Wrapper SHORT Lsun/invoke/util/Wrapper; sun/invoke/util/Wrapper
staticfield sun/invoke/util/Wrapper CHAR Lsun/invoke/util/Wrapper; sun/invoke/util/Wrapper
staticfield sun/invoke/util/Wrapper INT Lsun/invoke/util/Wrapper; sun/invoke/util/Wrapper
staticfield sun/invoke/util/Wrapper LONG Lsun/invoke/util/Wrapper; sun/invoke/util/Wrapper
staticfield sun/invoke/util/Wrapper FLOAT Lsun/invoke/util/Wrapper; sun/invoke/util/Wrapper
staticfield sun/invoke/util/Wrapper DOUBLE Lsun/invoke/util/Wrapper; sun/invoke/util/Wrapper
staticfield sun/invoke/util/Wrapper OBJECT Lsun/invoke/util/Wrapper; sun/invoke/util/Wrapper
staticfield sun/invoke/util/Wrapper VOID Lsun/invoke/util/Wrapper; sun/invoke/util/Wrapper
staticfield sun/invoke/util/Wrapper DOUBLE_ZERO Ljava/lang/Object; java/lang/Double
staticfield sun/invoke/util/Wrapper FLOAT_ZERO Ljava/lang/Object; java/lang/Float
staticfield sun/invoke/util/Wrapper FROM_CHAR [Lsun/invoke/util/Wrapper; 16 [Lsun/invoke/util/Wrapper;
staticfield sun/invoke/util/Wrapper $VALUES [Lsun/invoke/util/Wrapper; 10 [Lsun/invoke/util/Wrapper;
staticfield sun/invoke/util/Wrapper $assertionsDisabled Z 1
ciInstanceKlass java/lang/invoke/LambdaForm 1 1 1030 7 1 100 1 10 7 12 1 1 1 9 12 1 1 9 12 1 9 12 1 9 12 1 1 9 12 1 1 9 12 1 1 9 12 1 1 9 12 1 1 9 12 1 10 7 12 1 1 9 12 1 10 12 1 1 100 1 10 10 12 1 1 10 12 1 10 12 1 10 12 1 1 10 12 1 9 12 1 9 12 1 10 12 1 1 9 7 12 1 1 1 9 7 12 1 1 9 12 1 1 10 12 1 9 12 1 10 100 12 1 1 1 10 12 1 1 100 1 10 12 1 1 9 7 12 1 1 1 10 100 12 1 1 1 10 12 1 10 12 1 1 7 1 10 12 1 10 12 1 10 12 1 1 10 12 1 1 10 12 1 10 12 1 10 12 1 10 12 1 10 12 1 1 8 1 10 12 1 10 12 1 10 10 12 1 8 1 8 1 9 12 1 9 12 1 1 10 12 1 1 9 12 1 1 10 7 12 1 1 1 10 12 1 1 10 12 1 10 12 1 1 10 12 1 7 1 10 12 1 10 100 12 1 1 1 9 12 1 10 12 1 8 1 8 1 8 1 8 1 8 1 8 1 8 1 8 1 10 12 1 9 12 1 7 1 10 12 1 1 9 12 1 1 10 12 1 1 10 12 1 1 10 12 10 12 1 10 12 1 1 10 12 1 1 10 12 1 1 10 10 12 1 1 10 12 1 1 7 1 8 1 10 12 1 1 10 12 1 10 12 1 1 10 8 1 10 12 1 1 8 1 8 1 8 1 10 12 1 10 12 1 10 12 1 1 10 100 12 1 1 1 10 7 12 1 1 1 10 12 1 1 9 12 1 1 8 1 10 100 12 1 1 1 10 7 12 1 1 10 12 1 10 12 1 1 10 12 1 1 9 12 1 8 10 12 1 1 100 1 10 12 1 1 10 12 1 9 7 12 1 1 9 100 12 1 1 1 8 1 10 100 12 1 1 10 12 1 1 100 1 100 1 10 10 12 1 1 10 12 1 1 8 1 8 1 100 1 8 1 10 12 10 12 1 10 12 1 10 12 1 10 12 1 1 9 100 12 1 1 10 12 1 8 1 8 1 10 12 1 10 12 1 1 8 1 8 1 8 1 100 1 8 1 100 1 8 1 100 1 8 1 10 12 1 8 1 9 10 100 12 1 1 1 10 12 1 9 12 1 1 10 12 1 10 10 12 1 10 12 1 10 12 1 10 12 1 1 10 12 1 10 12 1 1 10 12 1 1 10 12 1 1 10 12 1 1 8 1 100 10 12 1 10 12 1 9 12 1 1 10 7 12 1 1 8 1 8 1 100 1 8 1 8 1 8 1 8 1 8 1 8 1 8 1 8 1 10 12 1 1 10 12 1 1 10 12 1 10 12 1 10 12 1 10 12 1 8 1 8 1 8 1 10 12 1 8 1 10 12 1 8 1 8 1 8 1 8 1 8 1 10 12 1 10 12 1 10 12 1 1 10 7 12 1 1 1 10 12 1 10 12 1 10 12 1 10 12 1 10 12 1 9 12 1 1 8 1 10 12 1 1 9 12 1 9 12 1 1 10 12 1 1 9 12 1 1 9 12 1 10 12 1 1 9 12 1 1 7 1 10 7 12 1 1 1 9 7 12 1 1 1 10 7 12 1 1 1 10 12 1 1 10 12 1 1 10 12 1 9 12 1 10 12 1 9 12 1 10 12 1 10 12 1 8 1 10 12 1 9 12 1 1 7 1 10 7 12 1 1 1 100 1 10 12 1 9 12 1 10 12 1 10 12 1 10 12 1 1 10 12 1 9 7 12 1 1 10 12 1 1 10 12 1 10 12 1 9 12 1 9 9 12 1 7 9 12 1 1 10 12 1 1 9 12 1 10 12 1 10 7 1 9 1 1 1 1 3 1 3 1 1 3 1 3 1 1 1 1 1 1 1 1 1 1 1 1 1 1 1 1 1 1 1 1 1 1 1 1 1 1 1 1 1 1 1 1 1 1 1 1 1 1 1 1 1 1 1 1 1 100 1 1 1 1 1 1 1 1 1 1 1 1 1 1 1 1 1 1 1 1 1 1 1 1 1 1 1 1 1 1 1 1 1 1 1 1 1 1 1 1 1 1 1 1 1 1 1 1 1 1 1 1 1 1 1 1 1 1 1 1 1 1 1 1 1 1 1 100 1 1 1 1 1 1 1 1 1 1 1 1 1 1 1 1 1 1 1 1 1 1 1 1 1 1 1 1 1 1 1 1 1 1 1 1 100 1 1 1 1 1 1 1 1 1 1 1 1 1 1 100 1 1 1 100 1 1 100 1 1 1 1 1 1 1 1 1 1 1 1
staticfield java/lang/invoke/LambdaForm DEFAULT_CUSTOMIZED Ljava/lang/invoke/MethodHandle; 
staticfield java/lang/invoke/LambdaForm DEFAULT_KIND Ljava/lang/invoke/LambdaForm$Kind; java/lang/invoke/LambdaForm$Kind
staticfield java/lang/invoke/LambdaForm COMPILE_THRESHOLD I 0
staticfield java/lang/invoke/LambdaForm INTERNED_ARGUMENTS [[Ljava/lang/invoke/LambdaForm$Name; 5 [[Ljava/lang/invoke/LambdaForm$Name;
staticfield java/lang/invoke/LambdaForm IMPL_NAMES Ljava/lang/invoke/MemberName$Factory; java/lang/invoke/MemberName$Factory
staticfield java/lang/invoke/LambdaForm LF_identity [Ljava/lang/invoke/LambdaForm; 6 [Ljava/lang/invoke/LambdaForm;
staticfield java/lang/invoke/LambdaForm NF_identity [Ljava/lang/invoke/LambdaForm$NamedFunction; 6 [Ljava/lang/invoke/LambdaForm$NamedFunction;
staticfield java/lang/invoke/LambdaForm LF_constant [Ljava/lang/invoke/LambdaForm; 5 [Ljava/lang/invoke/LambdaForm;
staticfield java/lang/invoke/LambdaForm createIdentityFormLock Ljava/lang/Object; java/lang/Object
staticfield java/lang/invoke/LambdaForm DEBUG_NAME_COUNTERS Ljava/util/HashMap; 
staticfield java/lang/invoke/LambdaForm DEBUG_NAMES Ljava/util/HashMap; 
staticfield java/lang/invoke/LambdaForm TRACE_INTERPRETER Z 0
staticfield java/lang/invoke/LambdaForm $assertionsDisabled Z 1
instanceKlass jdk/internal/reflect/DirectMethodHandleAccessor
ciInstanceKlass jdk/internal/reflect/MethodAccessorImpl 1 1 38 10 7 12 1 1 1 10 100 12 1 1 1 100 1 1 1 1 1 1 1 100 1 100 1 1 1 1 1 1 1 1 1 1 1 1 1 1
ciInstanceKlass jdk/internal/reflect/MethodAccessor 1 0 17 100 1 100 1 1 1 1 100 1 100 1 1 1 1 1 1
ciInstanceKlass jdk/internal/reflect/CallerSensitive 0 0 17 100 1 100 1 100 1 1 1 1 1 1 1 1 1 1 1
ciInstanceKlass jdk/internal/reflect/DirectConstructorHandleAccessor$NativeAccessor 1 1 44 10 7 12 1 1 1 9 7 12 1 1 1 10 12 1 1 1 1 1 1 1 1 1 1 1 1 1 1 1 1 1 100 1 100 1 1 1 1 1 100 1 1 1
ciInstanceKlass jdk/internal/reflect/ConstructorAccessor 1 0 16 100 1 100 1 1 1 1 100 1 100 1 100 1 1 1
instanceKlass jdk/internal/reflect/DirectConstructorHandleAccessor
instanceKlass jdk/internal/reflect/DirectConstructorHandleAccessor$NativeAccessor
ciInstanceKlass jdk/internal/reflect/ConstructorAccessorImpl 1 1 27 10 7 12 1 1 1 100 1 100 1 1 1 1 1 1 1 1 1 100 1 100 1 100 1 1 1
ciInstanceKlass jdk/internal/reflect/ConstantPool 1 1 142 10 100 12 1 1 1 9 7 12 1 1 1 10 12 1 1 10 12 1 1 10 12 1 10 12 1 1 10 12 1 1 10 12 1 10 12 1 1 10 12 1 10 12 1 1 10 12 1 10 12 1 10 12 1 10 12 1 1 10 12 1 1 10 12 1 1 10 12 1 1 10 12 1 10 12 1 1 10 100 12 1 1 1 8 11 7 12 1 1 1 10 7 12 1 1 1 1 1 1 1 1 1 1 1 1 1 1 1 1 1 1 1 1 1 1 1 1 1 1 1 1 1 1 1 1 1 1 1 1 1 1 1 1 1 1 1 1 1 1 1 1
instanceKlass java/lang/invoke/VolatileCallSite
instanceKlass java/lang/invoke/MutableCallSite
instanceKlass java/lang/invoke/ConstantCallSite
ciInstanceKlass java/lang/invoke/CallSite 1 1 297 10 7 12 1 1 1 10 7 12 1 1 1 9 12 1 1 10 7 12 1 1 1 10 12 1 100 1 10 12 1 1 10 12 1 1 9 100 12 1 1 1 10 100 12 1 1 10 12 1 1 100 1 100 1 10 10 100 12 1 1 1 10 12 1 1 8 1 10 12 1 10 12 1 1 10 12 1 10 12 1 1 10 12 1 1 10 10 100 12 1 1 10 12 1 1 9 12 1 9 100 12 1 1 1 8 1 10 7 12 1 1 1 10 12 1 1 100 1 10 12 1 1 9 12 1 8 1 100 1 10 12 1 10 12 1 100 1 8 1 10 10 12 1 10 12 1 1 100 1 10 12 1 1 10 12 1 10 12 1 10 12 1 1 10 12 1 1 9 12 1 1 8 10 12 1 1 9 12 1 1 100 1 10 10 12 1 10 100 12 1 1 1 10 12 1 1 10 12 1 1 10 12 1 10 7 12 1 1 1 100 1 8 1 10 10 12 10 12 1 1 100 1 100 1 100 1 8 1 10 12 1 10 7 12 1 1 1 1 1 1 1 1 1 1 1 1 1 1 1 1 1 1 1 1 1 1 1 1 1 1 1 1 1 1 1 1 1 1 1 1 1 1 1 1 1 1 1 1 1 1 1 1 1 1 1 1 1 1 1 1 100 1 100 1 1 1
staticfield java/lang/invoke/CallSite $assertionsDisabled Z 1
ciInstanceKlass java/lang/invoke/ConstantCallSite 1 1 65 10 7 12 1 1 1 9 7 12 1 1 1 9 12 1 1 10 7 12 1 1 1 10 12 1 100 1 10 12 9 12 1 1 100 1 10 10 12 1 1 10 12 1 1 1 1 1 1 1 1 1 1 1 1 1 100 1 1 1 1 1 1 1 1
staticfield java/lang/invoke/ConstantCallSite UNSAFE Ljdk/internal/misc/Unsafe; jdk/internal/misc/Unsafe
instanceKlass java/lang/invoke/DirectMethodHandle$StaticAccessor
instanceKlass java/lang/invoke/DirectMethodHandle$Interface
instanceKlass java/lang/invoke/DirectMethodHandle$Special
instanceKlass java/lang/invoke/DirectMethodHandle$Accessor
instanceKlass java/lang/invoke/DirectMethodHandle$Constructor
ciInstanceKlass java/lang/invoke/DirectMethodHandle 1 1 929 7 1 100 1 7 1 7 1 10 7 12 1 1 1 10 7 12 1 1 1 100 1 10 12 1 10 12 1 1 10 7 12 1 1 10 12 1 1 10 12 1 10 12 1 7 1 10 12 1 1 10 12 1 1 10 12 1 10 12 1 1 10 7 12 1 1 1 10 12 1 9 7 12 1 1 1 100 1 10 9 12 1 1 9 12 1 10 12 1 10 12 1 10 12 1 1 10 12 1 10 12 1 10 12 1 10 7 12 1 1 1 10 12 1 10 12 1 1 8 1 10 12 1 1 7 1 10 12 1 7 1 10 10 12 1 10 12 1 10 12 1 10 7 12 1 1 1 10 12 1 1 7 1 10 12 1 10 12 1 7 1 10 12 1 10 12 1 1 10 12 1 1 10 12 8 10 7 12 1 1 1 10 12 1 10 12 1 10 12 1 1 10 12 1 9 7 12 1 1 1 7 1 10 12 1 10 7 12 1 1 1 10 12 1 10 12 1 1 9 12 1 1 7 1 10 8 1 10 12 1 1 10 12 1 1 8 1 10 12 1 10 12 1 10 10 12 1 10 12 1 10 12 1 10 12 1 10 12 1 1 10 12 1 10 12 1 10 12 1 1 10 10 7 12 1 1 1 10 12 1 10 12 1 1 10 12 1 10 12 1 1 8 1 9 7 12 1 1 1 8 1 9 12 1 9 12 1 8 1 9 12 1 9 12 1 8 1 9 12 1 9 12 1 8 1 10 12 1 10 12 1 1 10 7 12 1 1 1 10 12 1 10 12 1 1 9 12 1 1 7 1 10 12 1 1 100 1 10 7 12 1 1 1 10 12 1 1 10 12 1 1 7 1 10 12 1 1 10 12 1 10 12 1 1 7 1 10 12 1 1 10 12 1 10 12 1 10 12 1 1 10 12 1 9 12 1 1 10 7 1 9 12 1 10 12 1 7 1 7 1 7 1 10 7 12 1 1 1 9 12 1 1 10 7 12 1 1 1 10 7 12 1 1 10 12 10 12 1 7 1 10 12 1 10 12 1 1 8 1 9 12 1 9 12 1 10 12 1 1 9 12 1 1 10 7 12 1 1 1 9 12 1 1 9 12 1 1 10 12 1 10 12 1 10 12 1 10 12 1 1 10 12 1 9 12 1 9 12 1 10 12 1 10 12 1 10 12 1 10 12 1 1 10 12 1 1 9 12 1 1 10 12 1 1 9 7 12 1 1 1 9 12 1 9 12 1 9 12 1 9 12 1 9 12 1 9 12 1 9 12 1 9 12 1 9 12 1 9 12 1 9 12 1 9 12 1 9 12 1 9 12 1 9 12 1 9 12 1 9 12 1 9 12 1 9 12 1 9 12 1 9 12 1 9 12 1 9 12 1 9 12 1 100 1 10 12 1 8 1 8 1 8 1 8 1 8 1 8 1 8 1 8 1 8 1 10 12 1 10 12 1 8 1 8 1 8 1 9 12 1 1 9 12 1 1 10 12 1 10 12 1 1 10 12 1 1 9 7 1 10 12 1 10 12 10 12 1 10 12 1 10 12 1 10 8 1 8 1 8 1 8 1 10 12 1 1 9 12 1 1 10 12 1 10 100 12 1 1 1 8 9 12 1 1 10 12 1 1 8 1 8 8 9 12 1 8 1 8 8 8 8 8 1 8 10 12 1 7 1 10 12 1 8 1 8 1 10 12 1 10 12 1 10 12 1 9 12 1 10 12 1 1 7 1 1 1 1 3 1 3 1 3 1 3 1 3 1 3 1 3 1 3 1 1 1 1 1 1 1 1 1 1 3 1 3 1 3 1 1 3 1 3 1 1 1 1 1 1 1 1 1 1 1 1 1 1 1 1 1 1 1 1 1 1 1 1 1 1 1 1 1 1 1 1 1 1 1 1 1 1 1 1 1 1 1 1 1 1 1 1 1 1 1 1 1 1 1 1 1 1 1 1 1 1 100 1 1 1 1 1 1 1 1 1 100 1 1 1 1 1 1 1 1 1 1 1 1 1 1 1 1 1 1 1 1 1 1 1 1 1 1 1 1 1 1 1 1 1 1 1 1 1 1 1 1 1 1 1 1 1 1 1 1 1 1 1 1 1
staticfield java/lang/invoke/DirectMethodHandle IMPL_NAMES Ljava/lang/invoke/MemberName$Factory; java/lang/invoke/MemberName$Factory
staticfield java/lang/invoke/DirectMethodHandle FT_UNCHECKED_REF I 8
staticfield java/lang/invoke/DirectMethodHandle FT_CHECKED_REF I 9
staticfield java/lang/invoke/DirectMethodHandle ACCESSOR_FORMS [Ljava/lang/invoke/LambdaForm; 120 [Ljava/lang/invoke/LambdaForm;
staticfield java/lang/invoke/DirectMethodHandle ALL_WRAPPERS [Lsun/invoke/util/Wrapper; 10 [Lsun/invoke/util/Wrapper;
staticfield java/lang/invoke/DirectMethodHandle NFS [Ljava/lang/invoke/LambdaForm$NamedFunction; 12 [Ljava/lang/invoke/LambdaForm$NamedFunction;
staticfield java/lang/invoke/DirectMethodHandle OBJ_OBJ_TYPE Ljava/lang/invoke/MethodType; java/lang/invoke/MethodType
staticfield java/lang/invoke/DirectMethodHandle LONG_OBJ_TYPE Ljava/lang/invoke/MethodType; java/lang/invoke/MethodType
staticfield java/lang/invoke/DirectMethodHandle $assertionsDisabled Z 1
ciInstanceKlass java/lang/invoke/MutableCallSite 0 0 61 10 100 12 1 1 1 10 12 1 9 100 12 1 1 1 10 12 1 10 12 1 1 9 100 12 1 1 1 10 100 12 1 1 1 10 100 12 1 1 1 1 1 1 1 1 1 1 1 1 1 1 1 1 1 1 1 1 100 1 1
ciInstanceKlass java/lang/invoke/VolatileCallSite 0 0 37 10 100 12 1 1 1 10 12 1 10 100 12 1 1 1 10 12 1 10 12 1 1 1 1 1 1 1 1 1 1 1 1 1 1 1 1
instanceKlass java/lang/invoke/VarHandleBooleans$FieldInstanceReadOnly
instanceKlass java/lang/invoke/VarHandleInts$FieldInstanceReadOnly
instanceKlass java/lang/invoke/VarHandleLongs$FieldInstanceReadOnly
instanceKlass java/lang/invoke/VarHandleReferences$Array
instanceKlass java/lang/invoke/VarHandleLongs$Array
instanceKlass java/lang/invoke/VarHandleByteArrayAsDoubles$ByteArrayViewVarHandle
instanceKlass java/lang/invoke/VarHandleByteArrayAsLongs$ByteArrayViewVarHandle
instanceKlass java/lang/invoke/VarHandleByteArrayAsFloats$ByteArrayViewVarHandle
instanceKlass java/lang/invoke/VarHandleByteArrayAsInts$ByteArrayViewVarHandle
instanceKlass java/lang/invoke/VarHandleByteArrayAsChars$ByteArrayViewVarHandle
instanceKlass java/lang/invoke/VarHandleByteArrayAsShorts$ByteArrayViewVarHandle
instanceKlass java/lang/invoke/VarHandleReferences$FieldInstanceReadOnly
ciInstanceKlass java/lang/invoke/VarHandle 1 1 474 10 7 12 1 1 1 10 7 12 1 1 9 12 1 1 9 12 1 1 10 12 1 1 8 1 10 12 1 1 10 7 12 1 1 1 10 12 1 1 10 100 12 1 1 1 9 100 12 1 1 1 10 12 1 1 10 100 12 1 1 1 10 12 1 1 9 12 1 10 12 1 9 12 1 1 10 7 12 1 1 10 12 1 9 7 12 1 1 1 9 12 1 1 10 12 1 1 100 1 100 1 10 8 1 10 12 1 1 10 12 1 8 1 10 12 1 10 12 1 9 12 1 1 9 12 1 10 12 1 10 12 1 1 10 12 1 10 10 100 12 1 1 1 10 12 1 1 10 12 1 1 10 100 12 1 1 1 10 100 12 1 1 1 10 100 12 1 1 1 9 12 1 1 9 10 12 1 10 12 1 1 10 12 1 1 10 12 1 10 100 12 1 1 1 9 12 1 1 10 12 1 1 9 12 1 10 12 1 10 12 1 10 100 12 1 1 100 1 10 9 7 12 1 1 1 9 12 1 1 10 7 12 1 1 1 10 12 1 10 12 1 10 12 1 10 12 1 10 12 1 10 12 1 1 8 10 12 1 1 7 1 10 12 1 1 100 1 1 1 1 1 1 1 1 1 1 1 1 1 1 1 1 1 1 1 1 1 1 1 1 1 1 1 1 1 1 1 1 1 1 1 1 1 1 1 1 1 1 1 1 1 1 1 1 1 1 1 1 1 1 1 1 1 1 1 1 1 1 1 1 1 100 1 1 1 1 1 1 1 1 100 1 1 1 1 1 1 1 1 1 1 1 1 100 1 100 1 1 100 1 100 1 100 1 100 1 100 1 100 1 100 1 100 1 100 1 100 1 100 1 100 1 100 1 100 1 100 1 100 1 100 1 100 1 100 1 100 1 100 1 100 1 100 1 100 1 100 1 100 1 100 1 100 1 100 1 100 1 100 1 100 1 100 1 100 1 100 1 100 1 1 1 1 1 1 100 1 1 1 100 1 1 100 1 100 1 100 1 100 1 100 1 100 1 1 1 1 100 1 100 1 100 1 100 1 100 1 100 1 100 1 100 1
staticfield java/lang/invoke/VarHandle VFORM_OFFSET J 16
staticfield java/lang/invoke/VarHandle $assertionsDisabled Z 1
ciInstanceKlass java/lang/invoke/MemberName 1 1 730 7 1 7 1 100 1 9 12 1 1 10 7 12 1 1 1 9 12 1 1 10 12 1 1 10 12 1 1 10 12 1 1 10 12 1 10 12 1 1 10 7 12 1 1 1 10 12 1 9 7 12 1 1 10 12 1 100 1 100 1 10 12 1 8 1 10 12 1 1 10 12 1 10 12 1 1 10 12 1 9 12 1 1 8 1 10 100 12 1 1 1 7 1 10 10 12 1 1 7 1 7 1 10 12 1 9 12 1 1 100 1 8 1 10 12 1 10 12 1 10 12 1 10 12 1 10 12 1 1 10 12 1 10 12 1 10 12 1 1 8 1 8 1 10 12 1 8 1 9 12 1 1 3 10 12 1 10 12 1 10 12 1 10 10 7 12 1 1 1 10 12 1 10 12 1 10 12 1 10 12 1 7 1 8 10 12 1 1 10 12 1 1 8 1 9 100 1 8 9 100 1 10 12 1 1 10 12 1 10 12 1 8 1 10 12 1 1 10 12 1 10 12 1 10 12 1 10 12 1 1 100 1 10 12 1 1 10 12 1 8 1 10 12 1 10 12 1 8 1 10 12 1 1 10 12 1 1 100 1 10 12 1 1 10 12 8 1 8 1 100 1 10 12 1 10 100 12 1 1 1 100 1 10 12 10 12 1 10 12 1 10 12 1 10 12 1 10 10 12 1 10 12 1 10 12 1 3 10 12 1 3 10 12 1 3 3 3 3 3 3 10 12 1 3 9 12 1 10 12 1 1 3 10 12 1 10 10 7 12 1 1 1 10 12 1 1 10 100 12 1 1 10 10 12 1 10 12 1 1 10 12 1 10 10 12 1 1 10 12 1 10 12 1 10 12 1 100 1 10 10 10 12 100 1 10 10 10 12 1 1 10 12 1 1 10 10 12 1 8 10 7 1 10 12 1 10 7 1 10 12 1 10 12 1 10 12 1 10 10 12 1 10 12 1 1 10 12 1 1 10 12 1 10 12 1 10 12 1 100 1 10 12 1 1 100 1 8 1 10 7 1 10 12 1 10 12 10 12 1 1 10 12 1 10 12 1 8 1 8 1 8 1 8 1 10 12 1 10 12 1 10 7 12 1 1 1 8 1 8 1 10 12 1 8 1 10 10 10 12 1 10 12 1 8 1 8 1 10 10 12 1 8 1 10 100 12 1 1 1 8 1 100 1 10 12 1 10 12 1 1 10 12 1 8 1 8 1 8 1 8 1 100 1 10 8 1 8 1 8 1 8 1 10 12 1 100 1 100 1 100 1 10 100 1 10 100 1 10 100 12 1 1 1 9 7 12 1 1 1 100 1 100 1 1 1 1 1 1 1 3 1 3 1 3 1 3 1 3 1 3 1 1 1 1 1 1 1 1 3 1 3 1 1 1 1 1 1 1 1 1 1 1 1 1 1 1 1 1 1 1 1 1 1 1 1 100 1 1 1 1 1 1 1 1 1 1 1 1 1 1 1 1 1 1 1 1 1 1 1 1 1 1 1 1 1 1 1 1 1 1 1 1 1 1 1 1 1 1 1 1 1 1 1 1 1 1 1 1 1 1 1 1 1 1 1 1 1 1 1 1 1 1 1 1 1 1 1 1 1 1 1 1 100 1 1 1 1 1 1 1 1 1 1 1 1 1 1 1 1
staticfield java/lang/invoke/MemberName $assertionsDisabled Z 1
ciInstanceKlass java/lang/invoke/ResolvedMethodName 1 1 25 10 100 12 1 1 1 9 7 12 1 1 1 1 1 1 1 1 1 1 1 1 1 1 1
ciInstanceKlass java/lang/invoke/MethodHandleNatives 1 1 689 100 1 10 7 12 1 1 1 9 7 12 1 1 1 10 12 1 1 100 1 10 10 12 1 1 10 12 1 10 12 1 8 1 8 1 8 1 8 1 8 1 8 1 8 1 8 1 8 1 8 1 10 12 1 1 7 1 10 7 12 1 1 1 10 100 12 1 1 1 7 1 10 10 12 1 1 8 1 10 12 1 8 1 10 12 1 1 8 1 10 12 1 1 9 100 12 1 1 1 8 1 10 100 12 1 1 1 100 1 10 12 100 1 100 1 8 1 7 1 10 10 12 1 7 1 9 7 12 1 1 10 12 1 1 10 12 1 10 7 12 1 1 1 10 12 1 1 9 12 1 8 1 10 12 1 1 10 12 1 8 1 10 12 1 1 7 1 10 12 1 10 7 12 1 1 1 10 12 1 10 12 1 1 10 12 1 1 8 1 10 12 1 1 8 1 10 12 1 8 1 8 1 8 1 100 1 10 12 1 8 1 10 100 12 1 1 1 10 12 1 1 10 100 12 1 1 10 10 12 1 1 10 12 1 10 100 12 1 1 1 100 1 8 1 10 100 12 1 1 1 7 1 8 1 10 12 1 8 1 8 1 8 1 8 1 8 1 10 12 1 1 10 12 1 1 10 12 1 10 12 1 1 10 12 1 1 7 1 10 12 1 100 1 100 1 10 12 1 10 12 1 8 1 8 1 10 10 12 1 1 10 12 1 1 8 1 10 100 12 1 1 8 1 8 1 10 12 1 1 10 7 12 1 1 1 100 1 10 12 1 1 7 1 9 12 1 1 10 7 12 1 1 1 10 10 12 1 9 12 1 10 12 1 9 12 1 9 12 1 10 12 1 1 10 12 1 10 12 1 1 7 1 7 1 10 12 1 1 10 12 1 10 12 1 1 10 7 12 1 1 1 10 12 1 8 1 10 12 1 10 12 1 10 12 1 1 10 12 1 10 7 12 1 1 1 10 12 1 1 100 1 8 1 10 9 7 12 1 1 1 10 12 1 1 10 12 1 1 100 1 10 12 1 1 10 12 1 1 100 1 100 1 10 10 100 1 100 1 10 100 1 10 10 12 1 1 10 100 1 10 12 1 10 12 1 1 10 12 1 1 10 12 1 1 10 12 1 10 12 1 1 10 8 1 10 12 1 10 12 1 10 12 1 10 12 1 10 12 1 1 10 12 1 10 12 1 10 12 1 10 10 7 12 1 1 10 12 1 1 1 1 1 1 1 1 1 1 1 1 1 100 1 1 1 1 1 1 1 1 1 1 1 1 1 1 1 1 1 1 1 1 1 1 1 1 1 1 1 1 1 1 1 1 1 1 1 1 1 1 1 1 1 1 1 1 1 1 1 1 1 1 1 1 1 1 1 1 1 1 1 1 1 1 1 100 1 1 1 1 1 1 1 1 1 1 1 1 1 1 1 1 1 1 1 1 1 1 1 1 1 1 1 1 1 1 1 1 1 1 1 100 1 1 1 1 1 1 1 1 1 1 1 1 1 1 1 1 1 1 1 1 1 1 1 1 1 1 1 1 1 1 1 1 1 1 100 1 1
staticfield java/lang/invoke/MethodHandleNatives $assertionsDisabled Z 1
ciInstanceKlass jdk/internal/foreign/abi/NativeEntryPoint 0 0 223 10 100 12 1 1 1 9 100 12 1 1 1 9 12 1 1 100 1 8 1 10 12 1 10 12 1 1 100 1 10 100 12 1 1 1 10 12 1 9 12 1 1 18 12 1 1 10 100 12 1 1 1 9 100 12 1 1 1 8 1 10 12 1 1 8 1 8 1 8 1 8 1 10 100 12 1 1 1 100 1 10 10 12 1 1 8 1 10 12 1 8 1 10 12 1 10 12 1 1 10 12 1 1 100 1 8 1 10 12 1 10 12 1 1 100 1 8 1 10 10 12 1 9 12 1 1 18 12 1 1 10 100 12 1 1 1 10 12 1 1 10 12 1 10 100 12 1 1 1 10 1 1 1 1 1 1 1 1 1 1 1 1 1 1 1 1 1 1 1 1 1 1 1 1 1 1 1 1 1 1 1 1 1 1 1 1 1 1 1 1 1 1 1 1 16 1 15 10 12 16 1 16 15 10 12 15 10 100 12 1 1 1 1 1 100 1 1 100 1 100 1 1
ciInstanceKlass jdk/internal/foreign/abi/ABIDescriptor 0 0 55 10 100 12 1 1 1 9 100 12 1 1 1 9 12 1 1 9 12 1 9 12 1 9 12 1 1 9 12 1 9 12 1 1 9 12 1 9 12 1 9 12 1 9 12 1 1 1 1 1 1 1 1 1 1
ciInstanceKlass jdk/internal/foreign/abi/VMStorage 0 0 111 10 100 12 1 1 1 9 100 12 1 1 1 9 12 1 1 9 12 1 1 9 12 1 1 100 1 10 8 1 10 12 1 1 10 12 1 10 12 1 1 10 12 1 100 1 10 100 12 1 1 1 10 100 12 1 1 10 100 12 1 1 10 100 12 1 1 1 18 12 1 1 1 1 1 1 1 1 1 1 1 1 1 1 1 1 1 1 1 1 1 1 8 1 15 15 15 15 15 10 100 12 1 1 1 1 100 1 100 1 1
ciInstanceKlass jdk/internal/foreign/abi/UpcallLinker$CallRegs 0 0 66 10 100 12 1 1 1 9 100 12 1 1 1 9 12 1 18 12 1 1 18 12 1 1 18 12 1 1 1 1 1 1 1 1 1 1 1 1 1 1 1 1 1 1 100 1 1 1 8 1 15 15 15 10 100 12 1 1 1 1 1 100 1 100 1 1
instanceKlass java/lang/StackFrameInfo
ciInstanceKlass java/lang/ClassFrameInfo 1 1 126 10 7 12 1 1 1 9 7 12 1 1 1 7 1 3 9 12 1 1 9 12 1 1 100 1 9 12 1 1 3 11 100 12 1 1 1 11 12 1 10 12 1 1 10 12 1 1 10 12 1 100 1 10 10 12 1 1 8 1 8 1 10 12 100 1 10 10 12 1 1 8 1 10 12 1 8 1 10 12 8 1 10 12 1 10 7 12 1 1 1 100 1 1 1 1 1 1 1 1 1 1 1 1 1 1 1 1 1 1 1 1 1 1 1 1 1 1 1 100 1 1 1 1 1 1
staticfield java/lang/ClassFrameInfo JLIA Ljdk/internal/access/JavaLangInvokeAccess; java/lang/invoke/MethodHandleImpl$1
ciInstanceKlass java/lang/StackWalker$StackFrame 1 1 41 100 1 10 12 1 1 100 1 100 1 1 1 1 1 1 1 1 1 1 1 1 1 1 1 1 1 1 1 1 1 1 1 1 1 1 1 100 1 1 1
ciInstanceKlass java/lang/StackWalker 1 1 236 9 7 12 1 1 1 10 7 12 1 1 1 7 1 10 7 12 1 1 1 10 12 1 1 11 7 12 1 1 1 10 12 1 1 10 12 1 1 100 1 8 1 10 12 1 10 12 1 10 12 1 10 7 12 1 1 9 12 1 1 9 12 1 1 9 12 1 1 9 12 1 1 10 12 1 1 9 12 1 1 9 12 1 1 9 12 1 1 9 12 1 1 10 12 1 1 10 7 12 1 1 1 10 7 12 1 1 1 18 12 1 1 100 1 8 1 10 8 1 10 12 1 1 10 100 12 1 1 1 10 12 1 1 10 12 1 11 12 1 1 9 7 12 1 1 11 100 12 1 1 1 10 12 1 1 1 1 1 1 1 1 1 1 1 1 1 1 1 1 1 1 1 1 1 1 1 1 1 1 1 1 1 1 1 1 1 1 1 1 1 1 1 1 1 1 1 1 1 1 1 1 1 1 1 1 1 1 1 100 1 1 16 15 10 12 16 1 15 10 100 12 1 1 1 1 1 1 1 1 1 100 1 100 1 1
staticfield java/lang/StackWalker DEFAULT_EMPTY_OPTION Ljava/util/EnumSet; java/util/RegularEnumSet
staticfield java/lang/StackWalker DEFAULT_WALKER Ljava/lang/StackWalker; java/lang/StackWalker
instanceKlass java/lang/LiveStackFrameInfo
ciInstanceKlass java/lang/StackFrameInfo 1 1 150 10 7 12 1 1 1 9 7 12 1 1 1 9 12 1 1 11 7 12 1 1 1 10 12 1 1 10 7 12 1 1 1 9 12 1 1 10 12 1 1 9 12 1 1 100 1 10 12 10 12 1 9 12 1 100 1 100 1 10 12 1 1 11 12 1 1 10 12 1 10 12 1 10 12 1 1 9 12 1 1 10 12 1 1 10 100 12 1 1 10 12 1 1 9 12 1 10 100 12 1 1 1 9 12 1 1 10 100 1 10 12 1 9 12 1 1 10 12 1 1 10 12 1 1 1 1 1 1 1 1 1 1 1 1 1 1 1 1 100 1 100 1 1 1 1 1 1 1 1
staticfield java/lang/StackFrameInfo $assertionsDisabled Z 1
ciInstanceKlass java/lang/LiveStackFrameInfo 0 0 97 10 100 12 1 1 1 9 100 12 1 1 1 9 12 1 9 12 1 9 12 1 9 12 1 1 100 1 10 12 1 1 10 12 1 8 1 10 12 1 1 8 1 8 1 8 1 10 100 1 10 12 1 100 1 10 12 1 100 1 100 1 1 1 3 1 3 1 1 1 1 1 1 1 1 1 1 1 1 1 1 1 1 1 1 1 1 1 1 1 1 1 1 1 100 1 1
ciInstanceKlass java/lang/LiveStackFrame 0 0 112 100 1 10 100 12 1 1 1 11 100 12 1 1 1 11 12 1 9 100 12 1 1 1 10 100 12 1 1 1 10 100 12 1 1 1 11 12 1 10 12 1 100 1 100 1 1 1 1 1 1 1 1 1 1 1 1 1 1 1 1 1 1 1 1 1 1 1 1 1 100 1 1 1 1 1 1 1 100 1 8 1 1 12 10 1 1 1 8 1 1 1 8 1 1 1 8 1 1 1 8 1 1 8 1 1 1 8 1 1 8 1
instanceKlass java/lang/StackStreamFactory$StackFrameTraverser
ciInstanceKlass java/lang/StackStreamFactory$AbstractStackWalker 1 1 364 7 1 100 1 3 10 7 12 1 1 1 10 7 12 1 1 10 7 12 1 1 1 9 12 1 1 9 12 1 1 9 12 1 1 9 12 1 9 12 1 10 7 12 1 1 1 10 12 1 1 10 100 12 1 1 9 12 1 1 9 12 1 1 10 12 1 1 9 12 1 1 10 7 12 1 1 1 10 12 1 1 9 12 1 1 9 100 12 1 1 1 100 1 10 8 1 10 12 1 1 10 12 1 8 1 10 12 1 1 10 100 12 1 1 1 100 1 8 1 10 12 1 8 1 10 12 10 7 12 1 1 9 12 1 1 8 1 5 0 8 1 8 1 9 12 1 1 10 12 1 1 18 12 1 1 10 100 12 1 1 1 10 12 1 1 10 12 1 10 12 1 9 7 12 1 1 1 10 12 1 1 9 12 1 10 12 1 10 12 1 10 12 1 10 12 1 10 12 1 10 12 1 1 8 1 10 12 1 10 12 1 10 12 1 10 12 1 1 8 1 10 12 1 1 10 12 1 1 10 12 1 1 10 12 1 10 12 1 10 12 1 9 12 1 8 1 10 12 1 8 1 10 12 1 10 12 1 1 10 12 1 10 12 1 10 12 1 1 10 12 1 10 12 1 10 12 1 10 12 1 10 12 1 10 12 1 1 10 12 1 10 12 1 10 12 1 10 12 1 8 1 1 1 1 1 1 1 1 1 1 1 1 1 100 1 1 1 1 1 1 100 1 1 1 1 100 1 1 1 1 1 1 1 1 1 1 1 1 1 1 1 1 1 1 16 15 15 10 100 12 1 1 1 1 1 1 1 1 100 1 100 1 1
ciInstanceKlass jdk/internal/module/Modules 1 1 481 10 100 12 1 1 1 9 7 12 1 1 1 11 7 12 1 1 1 11 12 1 1 11 12 1 1 11 12 1 1 11 12 1 11 12 1 11 12 1 11 12 1 11 12 1 11 12 1 1 10 100 12 1 1 1 10 12 1 1 10 100 12 1 1 10 100 12 1 1 1 10 100 12 1 1 10 12 1 1 11 12 1 9 12 1 1 11 100 12 1 1 1 10 12 1 1 10 10 12 1 10 100 1 9 12 1 1 10 7 12 1 1 10 12 1 1 10 100 12 1 1 1 100 1 11 100 12 1 1 1 10 100 12 1 1 1 11 100 12 1 1 10 12 1 1 10 100 12 1 1 10 100 12 1 1 1 10 12 1 1 10 12 1 1 11 12 1 1 18 12 1 1 11 100 12 1 1 10 100 12 1 1 1 11 100 12 1 1 1 100 1 11 12 1 1 11 100 12 1 1 1 11 12 1 1 10 12 1 1 10 100 12 1 1 18 12 1 1 11 12 1 1 18 12 1 1 11 12 1 1 10 12 1 18 18 10 12 1 1 9 12 1 1 11 100 12 1 1 1 100 1 10 11 12 1 11 12 1 1 10 100 1 10 12 1 1 10 100 12 1 1 10 12 1 1 11 12 10 12 1 1 100 1 10 18 12 1 10 12 1 1 100 1 8 1 10 12 1 10 100 12 1 1 18 12 1 11 11 12 10 12 1 10 10 100 1 18 12 1 10 10 10 7 12 1 1 10 7 12 1 1 1 10 12 1 1 1 1 1 1 1 1 1 1 1 1 1 1 1 1 1 1 1 1 1 1 1 1 1 1 1 1 1 1 1 1 1 1 1 1 1 1 1 1 1 1 1 1 1 1 1 1 1 1 1 1 1 1 1 1 1 1 1 1 1 1 1 1 100 1 1 1 1 1 1 1 1 1 1 1 1 1 1 1 1 1 1 1 1 1 1 1 16 15 10 12 1 16 1 16 1 15 10 12 1 16 1 16 1 15 10 12 16 1 15 10 16 1 15 10 12 16 1 16 15 10 12 16 15 10 12 16 15 10 12 15 10 100 12 1 1 1 1 1 1 100 1 100 1 1
staticfield jdk/internal/module/Modules JLA Ljdk/internal/access/JavaLangAccess; java/lang/System$1
staticfield jdk/internal/module/Modules JLMA Ljdk/internal/access/JavaLangModuleAccess; java/lang/module/ModuleDescriptor$1
staticfield jdk/internal/module/Modules $assertionsDisabled Z 1
ciInstanceKlass jdk/internal/loader/ClassLoaders 1 1 185 10 100 12 1 1 1 10 7 12 1 1 1 10 12 1 1 10 7 12 1 1 1 9 7 12 1 1 1 9 12 1 1 9 12 1 1 7 1 11 100 12 1 1 1 100 1 11 12 1 1 11 12 1 1 10 100 12 1 1 1 10 100 12 1 1 1 100 1 100 1 10 7 12 1 1 1 9 12 1 1 8 1 10 7 12 1 1 1 10 12 1 1 7 1 10 12 1 10 12 1 1 7 1 10 12 1 1 10 12 1 1 10 12 1 7 1 10 12 10 12 1 8 1 10 7 12 1 1 8 1 8 1 10 12 1 7 1 10 10 12 1 10 12 1 1 1 1 1 1 1 1 1 1 1 1 1 1 1 1 1 1 1 1 100 1 1 1 1 1 1 1 1 1 1 1 1 1 1 1 1 1 1 1 1
staticfield jdk/internal/loader/ClassLoaders JLA Ljdk/internal/access/JavaLangAccess; java/lang/System$1
staticfield jdk/internal/loader/ClassLoaders BOOT_LOADER Ljdk/internal/loader/ClassLoaders$BootClassLoader; jdk/internal/loader/ClassLoaders$BootClassLoader
staticfield jdk/internal/loader/ClassLoaders PLATFORM_LOADER Ljdk/internal/loader/ClassLoaders$PlatformClassLoader; jdk/internal/loader/ClassLoaders$PlatformClassLoader
staticfield jdk/internal/loader/ClassLoaders APP_LOADER Ljdk/internal/loader/ClassLoaders$AppClassLoader; jdk/internal/loader/ClassLoaders$AppClassLoader
instanceKlass org/jgrapht/util/ArrayUnenforcedSet
ciInstanceKlass java/util/ArrayList 1 1 514 10 7 12 1 1 1 7 1 9 7 12 1 1 1 9 12 1 100 1 100 1 10 8 1 10 12 1 1 10 12 1 10 12 1 1 10 12 1 9 12 1 11 7 12 1 1 1 9 12 1 1 11 12 1 1 7 10 7 12 1 1 1 9 12 1 10 12 1 10 12 1 1 10 7 12 1 1 1 10 7 12 1 1 1 10 12 1 1 10 12 1 1 10 12 1 1 10 12 1 10 12 1 1 100 1 100 1 10 12 1 10 10 7 12 1 1 1 10 7 12 1 1 10 12 1 100 1 10 10 12 10 12 1 1 10 12 1 1 10 12 1 10 12 10 12 1 1 100 1 10 12 1 1 10 12 1 1 10 12 1 100 1 10 11 12 1 1 11 100 12 1 1 1 11 12 1 10 12 1 10 12 1 10 12 1 1 100 1 10 12 1 1 10 10 12 1 1 10 12 1 8 1 8 1 8 1 8 1 10 12 1 1 10 12 1 1 11 12 1 100 1 10 100 12 1 1 10 12 1 10 12 1 1 10 100 12 1 1 10 12 1 10 100 12 1 1 1 11 100 12 1 1 1 10 12 1 100 1 8 1 10 7 1 10 12 1 7 1 10 12 1 10 12 1 1 7 1 10 12 1 10 12 1 1 11 7 12 1 1 7 1 10 12 1 10 12 1 1 11 7 12 1 1 10 12 1 1 10 12 1 1 10 12 1 1 10 12 1 1 11 100 12 1 1 10 12 1 1 10 12 1 1 100 1 100 1 100 1 1 1 1 5 0 1 3 1 1 1 1 1 1 1 1 1 1 1 1 1 1 1 1 1 1 1 1 1 1 1 1 1 1 1 1 1 1 1 1 1 1 1 1 1 1 1 1 1 1 1 1 1 1 1 1 1 1 1 1 1 1 1 1 1 1 1 1 1 1 1 1 1 1 1 1 1 1 1 1 1 1 1 1 1 1 1 1 1 1 1 1 1 1 1 1 1 1 1 1 1 1 1 1 1 1 1 1 1 1 1 1 7 1 1 1 1 7 1 1 1 1 1 1 1 1 1 1 1 1 1 1 1 1 1 1 1 1 1 1 1 1 1 1 1 1 1 100 1 1 1 1 1 1 1 1 1 1 1 1 1 1 1 1 1 1 1 100 1 100 1 1 1 1 1 1
staticfield java/util/ArrayList EMPTY_ELEMENTDATA [Ljava/lang/Object; 0 [Ljava/lang/Object;
staticfield java/util/ArrayList DEFAULTCAPACITY_EMPTY_ELEMENTDATA [Ljava/lang/Object; 0 [Ljava/lang/Object;
ciInstanceKlass java/util/List 1 1 251 10 100 12 1 1 1 11 7 12 1 1 1 11 7 12 1 1 1 11 12 1 1 11 100 12 1 1 11 12 1 1 11 12 1 1 10 7 12 1 1 1 7 1 7 1 10 12 1 1 100 1 10 100 12 1 1 1 11 12 1 1 11 12 1 11 12 1 100 1 10 12 1 11 12 1 1 11 12 1 1 11 12 1 10 100 12 1 1 1 9 7 12 1 1 1 7 1 10 12 10 12 1 7 1 10 12 1 1 10 12 1 10 12 1 1 11 12 1 1 100 1 1 1 1 1 1 1 1 1 1 1 1 1 1 1 1 1 1 1 1 1 1 1 1 1 1 1 1 1 1 1 1 1 1 1 1 1 1 1 1 1 1 1 1 100 1 100 1 1 1 1 1 1 1 1 1 1 1 1 1 1 1 1 1 1 1 1 1 1 1 1 1 1 1 1 1 1 1 1 1 1 1 1 1 1 1 1 1 1 1 1 1 1 1 1 1 1 1 1 1 1 1 1 1 1 1 1 1 1 1 1 1 1 1 1 1 1 1 1 1 1 1 1 100 1 1 100 1 1 1
ciInstanceKlass java/util/SequencedCollection 1 1 104 100 1 10 12 1 1 11 100 12 1 1 1 11 100 12 1 1 1 11 12 1 1 11 12 1 100 1 100 1 1 1 1 1 1 1 1 1 1 1 1 1 1 1 1 1 1 1 1 1 1 1 1 1 1 1 1 1 100 1 8 1 12 10 1 1 8 1 1 1 8 1 1 8 1 1 1 8 1 1 8 1 1 1 8 1 1 8 1 8 1 1 8 1 1 1 8 1 1 8 1 1 8 1
ciInstanceKlass java/lang/Iterable 1 1 62 10 7 12 1 1 1 11 7 12 1 1 1 11 7 12 1 1 1 11 12 1 1 11 7 12 1 1 1 10 100 12 1 1 1 100 1 1 1 1 1 1 1 1 1 1 1 1 1 1 1 1 1 1 1 1 1 1 1 1 1 1
ciInstanceKlass java/util/RandomAccess 1 0 7 100 1 100 1 1 1
instanceKlass com/google/common/collect/AbstractMultiset
instanceKlass com/google/common/collect/AbstractMapBasedMultimap$WrappedCollection
instanceKlass com/google/common/collect/Maps$Values
instanceKlass com/google/common/collect/AbstractMultimap$Values
instanceKlass java/util/TreeMap$Values
instanceKlass java/util/IdentityHashMap$Values
instanceKlass com/google/common/collect/ImmutableCollection
instanceKlass java/util/WeakHashMap$Values
instanceKlass com/fasterxml/jackson/databind/util/internal/LinkedDeque
instanceKlass java/util/LinkedHashMap$LinkedValues
instanceKlass java/util/concurrent/ConcurrentLinkedDeque
instanceKlass org/apache/logging/log4j/ThreadContext$EmptyThreadContextStack
instanceKlass java/util/HashMap$Values
instanceKlass java/util/AbstractQueue
instanceKlass java/util/ArrayDeque
instanceKlass java/util/AbstractSet
instanceKlass java/util/ImmutableCollections$AbstractImmutableCollection
instanceKlass java/util/AbstractList
ciInstanceKlass java/util/AbstractCollection 1 1 160 10 7 12 1 1 1 10 7 12 1 1 1 10 12 1 1 11 7 12 1 1 1 11 12 1 1 10 12 1 1 10 100 12 1 1 1 10 12 1 1 10 12 1 1 10 7 12 1 1 10 7 12 1 1 1 7 1 10 100 12 1 1 1 10 100 12 1 1 1 100 1 10 11 12 1 11 7 1 10 12 1 10 12 1 10 7 12 1 1 1 11 8 1 7 1 10 10 12 1 1 8 1 10 12 1 10 12 1 1 1 1 1 1 1 1 1 1 1 1 1 1 1 1 1 1 1 1 1 1 1 1 1 1 1 1 1 1 1 1 1 1 1 1 1 1 1 1 1 1 1 1 1 1 1 1 1 1 1 1
instanceKlass sun/security/jca/ProviderList$2
instanceKlass java/util/Collections$CopiesList
instanceKlass com/google/common/collect/Lists$TransformingRandomAccessList
instanceKlass com/google/common/collect/Lists$ReverseList
instanceKlass com/sun/org/apache/xerces/internal/impl/xs/util/ShortListImpl
instanceKlass com/sun/org/apache/xerces/internal/impl/dv/xs/ListDV$ListData
instanceKlass com/sun/org/apache/xerces/internal/impl/xs/util/XSObjectListImpl
instanceKlass java/util/AbstractSequentialList
instanceKlass java/util/Vector
instanceKlass java/util/Collections$SingletonList
instanceKlass java/util/ArrayList$SubList
instanceKlass java/util/Arrays$ArrayList
instanceKlass java/util/Collections$EmptyList
instanceKlass java/util/ArrayList
ciInstanceKlass java/util/AbstractList 1 1 218 10 7 12 1 1 1 9 7 12 1 1 1 10 12 1 1 10 12 1 1 100 1 10 10 12 1 1 11 100 12 1 1 1 11 12 1 1 11 12 1 10 7 12 1 1 1 10 12 1 11 12 1 11 12 1 11 12 1 10 12 1 1 10 12 1 1 11 100 12 1 1 1 11 7 1 11 7 1 10 12 1 100 1 10 12 1 10 12 1 1 100 1 100 1 10 12 1 100 1 10 100 1 100 1 10 8 1 10 12 1 1 10 12 1 10 12 1 1 10 12 1 8 1 100 1 8 1 8 1 8 1 10 100 1 11 10 10 12 1 11 12 1 10 12 1 1 8 1 8 1 1 1 1 1 1 1 1 1 1 1 1 1 1 1 1 1 1 1 1 1 1 1 1 1 1 1 1 1 1 1 1 1 1 1 1 1 1 1 1 1 1 1 1 1 1 1 1 1 1 1 1 1 1 1 1 1 1 100 1 100 1 1 1 1 1 1 1
ciInstanceKlass java/lang/annotation/Annotation 1 0 17 100 1 100 1 1 1 1 1 1 1 1 1 1 1 1 1
ciMethod sun/invoke/util/Wrapper basicTypeString ()Ljava/lang/String; 46 0 23 0 0
ciMethod sun/invoke/util/Wrapper forPrimitiveType (Ljava/lang/Class;)Lsun/invoke/util/Wrapper; 124 0 3886 0 0
ciMethod jdk/internal/misc/Unsafe allocateUninitializedArray (Ljava/lang/Class;I)Ljava/lang/Object; 466 0 5494 0 344
ciMethod jdk/internal/misc/Unsafe allocateUninitializedArray0 (Ljava/lang/Class;I)Ljava/lang/Object; 512 0 5378 0 -1
ciMethod java/lang/StringConcatHelper concat0 (Ljava/lang/String;Ljava/lang/String;Ljava/lang/String;)Ljava/lang/String; 672 0 6204 0 -1
ciMethod java/lang/StringConcatHelper newArrayWithSuffix (Ljava/lang/String;IB)[B 672 0 16763 0 -1
ciMethod java/lang/StringConcatHelper stringOf (Ljava/lang/Object;)Ljava/lang/String; 672 0 41618 0 192
ciMethod java/lang/StringConcatHelper checkOverflow (I)I 516 0 41883 0 -1
ciMethod java/lang/StringConcatHelper prepend (IB[BLjava/lang/String;Ljava/lang/String;)I 672 0 6753 0 544
ciMethod java/lang/StringConcatHelper concat (Ljava/lang/String;Ljava/lang/Object;Ljava/lang/String;)Ljava/lang/String; 672 0 6204 0 -1
ciMethod java/lang/StringConcatHelper doConcat (Ljava/lang/String;Ljava/lang/String;)Ljava/lang/String; 516 0 13838 0 -1
ciMethod java/lang/StringConcatHelper newArray (I)[B 466 0 44560 0 -1
ciMethod java/lang/String concat (Ljava/lang/String;)Ljava/lang/String; 516 0 10496 0 0
ciMethod java/lang/String replace (CC)Ljava/lang/String; 514 0 5579 0 1752
ciMethod java/lang/String substring (II)Ljava/lang/String; 512 0 5926 0 -1
ciMethod java/lang/String getBytes ([BIB)V 516 0 5439 0 272
ciMethod java/lang/String isLatin1 ()Z 706 0 1410886 0 88
ciMethod java/lang/String coder ()B 514 0 1268375 0 80
ciMethod java/lang/String indexOf (I)I 514 0 5455 0 -1
ciMethod java/lang/String <init> ([BB)V 512 0 88377 0 85
ciMethod java/lang/Object <init> ()V 790 0 7356080 0 120
ciMethodData java/lang/String isLatin1 ()Z 2 1410533 orig 80 0 0 0 0 0 0 0 0 0 0 0 0 0 0 0 0 0 0 0 0 0 0 0 0 0 0 0 0 0 0 0 0 0 0 0 0 0 0 0 0 0 0 0 0 0 0 0 0 0 0 0 0 0 0 0 0 0 0 0 0 0 0 0 0 0 0 0 0 0 0 0 0 0 0 0 0 0 0 0 0 data 18 0x30007 0x0 0x58 0x1585f0 0xa0007 0xb 0x38 0x1585e8 0xe0003 0x1585ea 0x18 0x0 0x0 0x0 0x0 0x9 0x1 0x0 oops 0 methods 0
ciMethodData java/lang/Object <init> ()V 2 7355685 orig 80 1 0 0 0 0 0 0 0 0 0 0 0 0 0 0 0 0 0 0 0 0 0 0 0 0 0 0 0 0 0 0 0 0 0 0 0 0 0 0 0 0 0 0 0 0 0 0 0 0 0 0 0 0 0 0 0 0 0 0 0 0 0 0 0 0 0 0 0 0 0 0 0 0 0 0 0 0 0 0 0 data 4 0x0 0x9 0x1 0x0 oops 0 methods 0
ciMethodData java/lang/String coder ()B 2 1268118 orig 80 0 0 0 0 0 0 0 0 0 0 0 0 0 0 0 0 0 0 0 0 0 0 0 0 0 0 0 0 0 0 0 0 0 0 0 0 0 0 0 0 0 0 0 0 0 0 0 0 0 0 0 0 0 0 0 0 0 0 0 0 0 0 0 0 0 0 0 0 0 0 0 0 0 0 0 0 0 0 0 0 data 14 0x30007 0x0 0x38 0x1359ae 0xa0003 0x1359be 0x18 0x0 0x0 0x0 0x0 0x9 0x1 0x0 oops 0 methods 0
ciMethodData java/lang/String length ()I 2 967033 orig 80 0 0 0 0 0 0 0 0 0 0 0 0 0 0 0 0 0 0 0 0 0 0 0 0 0 0 0 0 0 0 0 0 0 0 0 0 0 0 0 0 0 0 0 0 0 0 0 0 0 0 0 0 0 0 0 0 0 0 0 0 0 0 0 0 0 0 0 0 0 0 0 0 0 0 0 0 0 0 0 0 data 15 0x60005 0x8 0x214b36030e8 0xec176 0x0 0x0 0x0 0x0 0x0 0x0 0x0 0x0 0x9 0x1 0x0 oops 1 2 java/lang/String methods 0
ciMethodData java/lang/String getBytes ([BIB)V 2 5181 orig 80 0 0 0 0 0 0 0 0 0 0 0 0 0 0 0 0 0 0 0 0 0 0 0 0 0 0 0 0 0 0 0 0 0 0 0 0 0 0 0 0 0 0 0 0 0 0 0 0 0 0 0 0 0 0 0 0 0 0 0 0 0 0 0 0 0 0 0 0 0 0 0 0 0 0 0 0 0 0 0 0 data 29 0x10005 0x5 0x214b36030e8 0x1438 0x0 0x0 0x50007 0x0 0x48 0x143d 0x160002 0x143d 0x190003 0x143d 0x28 0x280002 0x0 0x0 0x0 0x0 0x0 0x0 0x0 0x9 0x4 0x0 0xffffffffffffffff 0x0 0x0 oops 1 2 java/lang/String methods 0
ciMethodData java/lang/String isEmpty ()Z 2 66248 orig 80 0 0 0 0 0 0 0 0 0 0 0 0 0 0 0 0 0 0 0 0 0 0 0 0 0 0 0 0 0 0 0 0 0 0 0 0 0 0 0 0 0 0 0 0 0 0 0 0 0 0 0 0 0 0 0 0 0 0 0 0 0 0 0 0 0 0 0 0 0 0 0 0 0 0 0 0 0 0 0 0 data 14 0x50007 0xb798 0x38 0x4b30 0x90003 0x4b30 0x18 0x0 0x0 0x0 0x0 0x9 0x1 0x0 oops 0 methods 0
ciMethodData java/lang/String <init> ([BB)V 2 88121 orig 80 0 0 0 0 0 0 0 0 0 0 0 0 0 0 0 0 0 0 0 0 0 0 0 0 0 0 0 0 0 0 0 0 0 0 0 0 0 0 0 0 0 0 0 0 0 0 0 0 0 0 0 0 0 0 0 0 0 0 0 0 0 0 0 0 0 0 0 0 0 0 0 0 0 0 0 0 0 0 0 0 data 11 0x10002 0x15839 0x0 0x0 0x0 0x0 0x9 0x3 0xc 0x0 0x0 oops 0 methods 0
ciMethodData java/lang/StringLatin1 replace ([BCC)Ljava/lang/String; 2 795 orig 80 0 0 0 0 0 0 0 0 0 0 0 0 0 0 0 0 0 0 0 0 0 0 0 0 0 0 0 0 0 0 0 0 0 0 0 0 0 0 0 0 0 0 0 0 0 0 0 0 0 0 0 0 0 0 0 0 0 0 0 0 0 0 0 0 0 0 0 0 0 0 0 0 0 0 0 0 0 0 0 0 data 85 0x10002 0x31b 0x40007 0x0 0x240 0x31b 0x130007 0xd 0x58 0xf89 0x1c0007 0xc7b 0xffffffffffffffe0 0x30e 0x1f0003 0x30e 0x18 0x250007 0xd 0x1c8 0x30e 0x290002 0x30e 0x2c0007 0x0 0xe8 0x30e 0x300002 0x30e 0x3c0007 0x30e 0x38 0x9db 0x4b0003 0x9db 0xffffffffffffffe0 0x510007 0x30e 0x70 0x794a 0x620007 0x69df 0x38 0xf6b 0x670003 0xf6b 0x18 0x700003 0x794a 0xffffffffffffffa8 0x7a0002 0x30e 0x7f0002 0x0 0x8b0002 0x0 0x910007 0x0 0x80 0x0 0xa60007 0x0 0x38 0x0 0xaa0003 0x0 0x18 0xaf0002 0x0 0xb50003 0x0 0xffffffffffffff98 0xbf0002 0x0 0x0 0x0 0x0 0x0 0x0 0x0 0x9 0x3 0x0 0x0 0x0 oops 0 methods 0
ciMethodData java/lang/StringLatin1 canEncode (C)Z 2 3213 orig 80 0 0 0 0 0 0 0 0 0 0 0 0 0 0 0 0 0 0 0 0 0 0 0 0 0 0 0 0 0 0 0 0 0 0 0 0 0 0 0 0 0 0 0 0 0 0 0 0 0 0 0 0 0 0 0 0 0 0 0 0 0 0 0 0 0 0 0 0 0 0 0 0 0 0 0 0 0 0 0 0 data 11 0x40007 0x5fa 0x38 0x693 0x80003 0x693 0x18 0x0 0x9 0x1 0x0 oops 0 methods 0
ciMethodData java/lang/StringConcatHelper newArray (I)[B 2 44327 orig 80 0 0 0 0 0 0 0 0 0 0 0 0 0 0 0 0 0 0 0 0 0 0 0 0 0 0 0 0 0 0 0 0 0 0 0 0 0 0 0 0 0 0 0 0 0 0 0 0 0 0 0 0 0 0 0 0 0 0 0 0 0 0 0 0 0 0 0 0 0 0 0 0 0 0 0 0 0 0 0 0 data 27 0x10007 0xad27 0x30 0x0 0xa0002 0x0 0x150005 0x49 0x214b3605c28 0xacde 0x0 0x0 0x180004 0x0 0x214b36186d0 0xad26 0x0 0x0 0x0 0x0 0x0 0x0 0x0 0x0 0x9 0x1 0x0 oops 2 8 jdk/internal/misc/Unsafe 14 [B methods 0
ciMethodData jdk/internal/misc/Unsafe allocateUninitializedArray (Ljava/lang/Class;I)Ljava/lang/Object; 2 5261 orig 80 1 0 0 0 0 0 0 0 0 0 0 0 0 0 0 0 0 0 0 0 4 0 0 0 0 0 0 0 0 0 0 0 0 0 0 0 0 0 0 0 0 0 0 0 0 0 0 0 0 0 0 0 0 0 0 0 0 0 0 0 0 0 0 0 0 0 0 0 0 0 0 0 0 0 0 0 0 0 0 0 data 41 0x10007 0x148d 0x30 0x0 0xb0002 0x0 0x100005 0x10a 0x214b3603170 0x1383 0x0 0x0 0x130007 0x148d 0x30 0x0 0x1d0002 0x0 0x220007 0x148d 0x30 0x0 0x2c0002 0x0 0x8000000400330005 0x1491 0x0 0x0 0x0 0x0 0x0 0x0 0x0 0x0 0x0 0x0 0x9 0x3 0x0 0x0 0x0 oops 1 8 java/lang/Class methods 0
ciMethodData java/lang/Class isArray ()Z 2 58767 orig 80 0 0 0 0 0 0 0 0 0 0 0 0 0 0 0 0 0 0 0 0 0 0 0 0 0 0 0 0 0 0 0 0 0 0 0 0 0 0 0 0 0 0 0 0 0 0 0 0 0 0 0 0 0 0 0 0 0 0 0 0 0 0 0 0 0 0 0 0 0 0 0 0 0 0 0 0 0 0 0 0 data 16 0x40007 0xe05b 0x38 0x535 0x80003 0x535 0x18 0x0 0x0 0x0 0x0 0x0 0x0 0x9 0x1 0x0 oops 0 methods 0
ciMethodData sun/invoke/util/Wrapper forPrimitiveType (Ljava/lang/Class;)Lsun/invoke/util/Wrapper; 2 3824 orig 80 0 0 0 0 0 0 0 0 0 0 0 0 0 0 0 0 0 0 0 0 0 0 0 0 0 0 0 0 0 0 0 0 0 0 0 0 0 0 0 0 0 0 0 0 0 0 0 0 0 0 0 0 0 0 0 0 0 0 0 0 0 0 0 0 0 0 0 0 0 0 0 0 0 0 0 0 0 0 0 0 data 73 0x40007 0xa5f 0x20 0x491 0xf0007 0x8db 0x20 0x184 0x1a0007 0x6bb 0x20 0x220 0x250007 0x6ab 0x20 0x10 0x300007 0x69f 0x20 0xc 0x3b0007 0x690 0x20 0xf 0x460007 0x61b 0x20 0x75 0x510007 0x358 0x20 0x2c3 0x5c0007 0x0 0x20 0x358 0x670002 0x0 0x6c0005 0x0 0x0 0x0 0x0 0x0 0x700005 0x0 0x0 0x0 0x0 0x0 0x730005 0x0 0x0 0x0 0x0 0x0 0x760002 0x0 0x0 0x0 0x0 0x0 0x0 0x0 0x0 0x0 0x0 0x0 0x0 0x0 0x9 0x1 0xffffffffffffffff oops 0 methods 0
ciMethodData java/lang/Class getName ()Ljava/lang/String; 2 186044 orig 80 0 0 0 0 0 0 0 0 0 0 0 0 0 0 0 0 0 0 0 0 0 0 0 0 0 0 0 0 0 0 0 0 0 0 0 0 0 0 0 0 0 0 0 0 0 0 0 0 0 0 0 0 0 0 0 0 0 0 0 0 0 0 0 0 0 0 0 0 0 0 0 0 0 0 0 0 0 0 0 0 data 22 0x60007 0xc28 0x38 0x2ca94 0xa0003 0x2ca94 0x48 0xe0005 0xc28 0x0 0x0 0x0 0x0 0x0 0x0 0x0 0x0 0x0 0x0 0x9 0x1 0xffffffffffffffff oops 0 methods 0
ciMethodData java/lang/String replace (CC)Ljava/lang/String; 2 5322 orig 80 0 0 0 0 0 0 0 0 0 0 0 0 0 0 0 0 0 0 0 0 0 0 0 0 0 0 0 0 0 0 0 0 0 0 0 0 0 0 0 0 0 0 0 0 0 0 0 0 0 0 0 0 0 0 0 0 0 0 0 0 0 0 0 0 0 0 0 0 0 0 0 0 0 0 0 0 0 0 0 0 data 36 0x20007 0x0 0xc8 0x14ca 0x60005 0x1 0x214b36030e8 0x14c9 0x0 0x0 0x90007 0x0 0x48 0x14ca 0x120002 0x14ca 0x150003 0x14ca 0x28 0x1e0002 0x0 0x230007 0x21 0x20 0x14a9 0x0 0x0 0x0 0x0 0x0 0x0 0x9 0x3 0x0 0x0 0x0 oops 1 6 java/lang/String methods 0
ciMethodData java/lang/String toString ()Ljava/lang/String; 2 191539 orig 80 0 0 0 0 0 0 0 0 0 0 0 0 0 0 0 0 0 0 0 0 0 0 0 0 0 0 0 0 0 0 0 0 0 0 0 0 0 0 0 0 0 0 0 0 0 0 0 0 0 0 0 0 0 0 0 0 0 0 0 0 0 0 0 0 0 0 0 0 0 0 0 0 0 0 0 0 0 0 0 0 data 5 0x0 0x0 0x9 0x1 0x0 oops 0 methods 0
ciMethodData java/lang/String concat (Ljava/lang/String;)Ljava/lang/String; 2 10238 orig 80 0 0 0 0 0 0 0 0 0 0 0 0 0 0 0 0 0 0 0 0 0 0 0 0 0 0 0 0 0 0 0 0 0 0 0 0 0 0 0 0 0 0 0 0 0 0 0 0 0 0 0 0 0 0 0 0 0 0 0 0 0 0 0 0 0 0 0 0 0 0 0 0 0 0 0 0 0 0 0 0 data 22 0x10005 0x4 0x214b36030e8 0x27fa 0x0 0x0 0x40007 0x27fe 0x20 0x0 0xb0002 0x27fe 0x0 0x0 0x0 0x0 0x0 0x0 0x9 0x2 0x0 0x0 oops 1 2 java/lang/String methods 0
ciMethodData java/lang/StringConcatHelper doConcat (Ljava/lang/String;Ljava/lang/String;)Ljava/lang/String; 2 13580 orig 80 0 0 0 0 0 0 0 0 0 0 0 0 0 0 0 0 0 0 0 0 0 0 0 0 0 0 0 0 0 0 0 0 0 0 0 0 0 0 0 0 0 0 0 0 0 0 0 0 0 0 0 0 0 0 0 0 0 0 0 0 0 0 0 0 0 0 0 0 0 0 0 0 0 0 0 0 0 0 0 0 data 58 0x10005 0xc2 0x214b36030e8 0x344a 0x0 0x0 0x50005 0xc2 0x214b36030e8 0x344a 0x0 0x0 0xc0005 0xc2 0x214b36030e8 0x3449 0x0 0x0 0x100005 0xc2 0x214b36030e8 0x3449 0x0 0x0 0x140002 0x350c 0x1b0002 0x350c 0x250005 0xc2 0x214b36030e8 0x3449 0x0 0x0 0x2c0005 0xc2 0x214b36030e8 0x3449 0x0 0x0 0x300005 0xc2 0x214b36030e8 0x3449 0x0 0x0 0x3a0002 0x350c 0x0 0x0 0x0 0x0 0x0 0x0 0x9 0x2 0x0 0x0 oops 7 2 java/lang/String 8 java/lang/String 14 java/lang/String 20 java/lang/String 30 java/lang/String 36 java/lang/String 42 java/lang/String methods 0
ciMethodData java/lang/StringConcatHelper checkOverflow (I)I 2 41625 orig 80 0 0 0 0 0 0 0 0 0 0 0 0 0 0 0 0 0 0 0 0 0 0 0 0 0 0 0 0 0 0 0 0 0 0 0 0 0 0 0 0 0 0 0 0 0 0 0 0 0 0 0 0 0 0 0 0 0 0 0 0 0 0 0 0 0 0 0 0 0 0 0 0 0 0 0 0 0 0 0 0 data 13 0x10007 0x0 0x20 0xa299 0xc0002 0x0 0x0 0x0 0x0 0x0 0x9 0x1 0x0 oops 0 methods 0
ciMethodData java/lang/Class descriptorString ()Ljava/lang/String; 2 5120 orig 80 0 0 0 0 0 0 0 0 0 0 0 0 0 0 0 0 0 0 0 0 0 0 0 0 0 0 0 0 0 0 0 0 0 0 0 0 0 0 0 0 0 0 0 0 0 0 0 0 0 0 0 0 0 0 0 0 0 0 0 0 0 0 0 0 0 0 0 0 0 0 0 0 0 0 0 0 0 0 0 0 data 147 0x10005 0xb 0x214b3603170 0x13f5 0x0 0x0 0x40007 0x1247 0x60 0x1b9 0x80002 0x1b9 0xb0005 0x1 0x247b9ce5d88 0x1b8 0x0 0x0 0x100005 0xa 0x214b3603170 0x123d 0x0 0x0 0x130007 0x11fb 0x80 0x4c 0x1d0005 0x0 0x214b3603170 0x4c 0x0 0x0 0x200005 0x0 0x214b36030e8 0x4c 0x0 0x0 0x250005 0xa 0x214b3603170 0x11f1 0x0 0x0 0x280007 0x11fb 0x270 0x0 0x2c0005 0x0 0x0 0x0 0x0 0x0 0x330005 0x0 0x0 0x0 0x0 0x0 0x3c0005 0x0 0x0 0x0 0x0 0x0 0x410002 0x0 0x460005 0x0 0x0 0x0 0x0 0x0 0x4c0005 0x0 0x0 0x0 0x0 0x0 0x530005 0x0 0x0 0x0 0x0 0x0 0x560005 0x0 0x0 0x0 0x0 0x0 0x5b0005 0x0 0x0 0x0 0x0 0x0 0x630005 0x0 0x0 0x0 0x0 0x0 0x660005 0x0 0x0 0x0 0x0 0x0 0x6b0005 0x0 0x0 0x0 0x0 0x0 0x6e0005 0x0 0x0 0x0 0x0 0x0 0x730005 0xa 0x214b3603170 0x11f1 0x0 0x0 0x7a0005 0xa 0x214b36030e8 0x11f1 0x0 0x0 0x850002 0x11fb 0x0 0x0 0x0 0x0 0x0 0x0 0x9 0x1 0xffffffffffffffff oops 8 2 java/lang/Class 14 sun/invoke/util/Wrapper 20 java/lang/Class 30 java/lang/Class 36 java/lang/String 42 java/lang/Class 126 java/lang/Class 132 java/lang/String methods 0
ciMethodData java/lang/StringConcatHelper concat (Ljava/lang/String;Ljava/lang/Object;Ljava/lang/String;)Ljava/lang/String; 2 5868 orig 80 0 0 0 0 0 0 0 0 0 0 0 0 0 0 0 0 0 0 0 0 0 0 0 0 0 0 0 0 0 0 0 0 0 0 0 0 0 0 0 0 0 0 0 0 0 0 0 0 0 0 0 0 0 0 0 0 0 0 0 0 0 0 0 0 0 0 0 0 0 0 0 0 0 0 0 0 0 0 0 0 data 23 0x10007 0x16ec 0x20 0x0 0x80007 0x16ec 0x20 0x0 0x100002 0x16ec 0x140002 0x16ec 0x0 0x0 0x0 0x0 0x0 0x0 0x9 0x3 0x0 0x0 0x0 oops 0 methods 0
ciMethodData java/lang/StringConcatHelper stringOf (Ljava/lang/Object;)Ljava/lang/String; 2 41282 orig 80 0 0 0 0 0 0 0 0 0 0 0 0 0 0 0 0 0 0 0 0 0 0 0 0 0 0 0 0 0 0 0 0 0 0 0 0 0 0 0 0 0 0 0 0 0 0 0 0 0 0 0 0 0 0 0 0 0 0 0 0 0 0 0 0 0 0 0 0 0 0 0 0 0 0 0 0 0 0 0 0 data 26 0x10007 0x1 0x70 0xa141 0x50005 0x0 0x214b36030e8 0xa140 0x214b3606dc8 0x1 0xa0007 0xa141 0x38 0x0 0xf0003 0x1 0x18 0x0 0x0 0x0 0x0 0x0 0x0 0x9 0x1 0xffffffffffffffff oops 2 6 java/lang/String 8 java/lang/Integer methods 0
ciMethodData java/lang/StringConcatHelper concat0 (Ljava/lang/String;Ljava/lang/String;Ljava/lang/String;)Ljava/lang/String; 2 5868 orig 80 0 0 0 0 0 0 0 0 0 0 0 0 0 0 0 0 0 0 0 0 0 0 0 0 0 0 0 0 0 0 0 0 0 0 0 0 0 0 0 0 0 0 0 0 0 0 0 0 0 0 0 0 0 0 0 0 0 0 0 0 0 0 0 0 0 0 0 0 0 0 0 0 0 0 0 0 0 0 0 0 data 47 0x10005 0x3d 0x214b36030e8 0x16af 0x0 0x0 0x50005 0x3d 0x214b36030e8 0x16af 0x0 0x0 0xa0005 0x3d 0x214b36030e8 0x16af 0x0 0x0 0x110005 0x3d 0x214b36030e8 0x16af 0x0 0x0 0x150005 0x3d 0x214b36030e8 0x16af 0x0 0x0 0x1f0002 0x16eb 0x2b0002 0x16ec 0x360002 0x16ed 0x0 0x0 0x0 0x0 0x0 0x0 0x9 0x3 0x0 0x0 0x0 oops 5 2 java/lang/String 8 java/lang/String 14 java/lang/String 20 java/lang/String 26 java/lang/String methods 0
ciMethodData java/lang/StringConcatHelper newArrayWithSuffix (Ljava/lang/String;IB)[B 2 16427 orig 80 0 0 0 0 0 0 0 0 0 0 0 0 0 0 0 0 0 0 0 0 0 0 0 0 0 0 0 0 0 0 0 0 0 0 0 0 0 0 0 0 0 0 0 0 0 0 0 0 0 0 0 0 0 0 0 0 0 0 0 0 0 0 0 0 0 0 0 0 0 0 0 0 0 0 0 0 0 0 0 0 data 38 0x20005 0x3d 0x214b36030e8 0x3fee 0x0 0x0 0x80002 0x402b 0xd0007 0x0 0x68 0x402a 0x140005 0x3d 0x214b36030e8 0x3fed 0x0 0x0 0x170003 0x402b 0x48 0x1e0005 0x0 0x0 0x0 0x0 0x0 0x0 0x0 0x0 0x0 0x0 0x0 0x9 0x3 0x0 0x0 0x0 oops 2 2 java/lang/String 14 java/lang/String methods 0
ciMethodData java/lang/StringConcatHelper prepend (IB[BLjava/lang/String;Ljava/lang/String;)I 2 6417 orig 80 0 0 0 0 0 0 0 0 0 0 0 0 0 0 0 0 0 0 0 0 0 0 0 0 0 0 0 0 0 0 0 0 0 0 0 0 0 0 0 0 0 0 0 0 0 0 0 0 0 0 0 0 0 0 0 0 0 0 0 0 0 0 0 0 0 0 0 0 0 0 0 0 0 0 0 0 0 0 0 0 data 62 0x20005 0xa4 0x214b36030e8 0x186d 0x0 0x0 0x80007 0x0 0xc8 0x1911 0xf0005 0xa4 0x214b36030e8 0x186d 0x0 0x0 0x150005 0xa4 0x214b36030e8 0x186d 0x0 0x0 0x1f0005 0xa4 0x214b36030e8 0x186d 0x0 0x0 0x220003 0x1912 0xa8 0x290005 0x0 0x0 0x0 0x0 0x0 0x2f0005 0x0 0x0 0x0 0x0 0x0 0x390005 0x0 0x0 0x0 0x0 0x0 0x0 0x0 0x0 0x0 0x0 0x0 0x9 0x5 0x0 0x0 0xffffffffffffffff 0x0 0x0 oops 4 2 java/lang/String 12 java/lang/String 18 java/lang/String 24 java/lang/String methods 0
compile java/lang/Class descriptorString ()Ljava/lang/String; -1 4 inline 66 0 -1 0 java/lang/Class descriptorString ()Ljava/lang/String; 1 1 0 java/lang/Class isPrimitive ()Z 1 11 0 sun/invoke/util/Wrapper basicTypeString ()Ljava/lang/String; 1 16 0 java/lang/Class isArray ()Z 1 32 0 java/lang/String concat (Ljava/lang/String;)Ljava/lang/String; 2 1 0 java/lang/String isEmpty ()Z 2 11 0 java/lang/StringConcatHelper doConcat (Ljava/lang/String;Ljava/lang/String;)Ljava/lang/String; 3 1 0 java/lang/String coder ()B 3 5 0 java/lang/String coder ()B 3 12 0 java/lang/String length ()I 4 6 0 java/lang/String coder ()B 3 16 0 java/lang/String length ()I 4 6 0 java/lang/String coder ()B 3 20 0 java/lang/StringConcatHelper checkOverflow (I)I 3 27 0 java/lang/StringConcatHelper newArray (I)[B 4 21 0 jdk/internal/misc/Unsafe allocateUninitializedArray (Ljava/lang/Class;I)Ljava/lang/Object; 5 16 0 java/lang/Class isPrimitive ()Z 3 37 0 java/lang/String getBytes ([BIB)V 4 1 0 java/lang/String coder ()B 3 44 0 java/lang/String length ()I 4 6 0 java/lang/String coder ()B 3 48 0 java/lang/String getBytes ([BIB)V 4 1 0 java/lang/String coder ()B 3 58 0 java/lang/String <init> ([BB)V 4 1 0 java/lang/Object <init> ()V 1 115 0 java/lang/Class getName ()Ljava/lang/String; 1 122 0 java/lang/String replace (CC)Ljava/lang/String; 2 6 0 java/lang/String isLatin1 ()Z 2 18 0 java/lang/StringLatin1 replace ([BCC)Ljava/lang/String; 3 1 0 java/lang/StringLatin1 canEncode (C)Z 3 41 0 java/lang/StringLatin1 canEncode (C)Z 3 48 0 java/lang/StringConcatHelper newArray (I)[B 4 21 0 jdk/internal/misc/Unsafe allocateUninitializedArray (Ljava/lang/Class;I)Ljava/lang/Object; 5 16 0 java/lang/Class isPrimitive ()Z 3 122 0 java/lang/String <init> ([BB)V 4 1 0 java/lang/Object <init> ()V 1 133 0 java/lang/StringConcatHelper concat (Ljava/lang/String;Ljava/lang/Object;Ljava/lang/String;)Ljava/lang/String; 2 16 0 java/lang/StringConcatHelper stringOf (Ljava/lang/Object;)Ljava/lang/String; 3 5 0 java/lang/String toString ()Ljava/lang/String; 2 20 0 java/lang/StringConcatHelper concat0 (Ljava/lang/String;Ljava/lang/String;Ljava/lang/String;)Ljava/lang/String; 3 1 0 java/lang/String coder ()B 3 5 0 java/lang/String coder ()B 3 10 0 java/lang/String coder ()B 3 17 0 java/lang/String length ()I 4 6 0 java/lang/String coder ()B 3 21 0 java/lang/String length ()I 4 6 0 java/lang/String coder ()B 3 31 0 java/lang/StringConcatHelper newArrayWithSuffix (Ljava/lang/String;IB)[B 4 2 0 java/lang/String length ()I 5 6 0 java/lang/String coder ()B 4 8 0 java/lang/StringConcatHelper newArray (I)[B 5 21 0 jdk/internal/misc/Unsafe allocateUninitializedArray (Ljava/lang/Class;I)Ljava/lang/Object; 6 16 0 java/lang/Class isPrimitive ()Z 4 20 0 java/lang/String getBytes ([BIB)V 5 1 0 java/lang/String coder ()B 3 43 0 java/lang/StringConcatHelper prepend (IB[BLjava/lang/String;Ljava/lang/String;)I 4 2 0 java/lang/String length ()I 5 6 0 java/lang/String coder ()B 4 15 0 java/lang/String getBytes ([BIB)V 5 1 0 java/lang/String coder ()B 4 21 0 java/lang/String length ()I 5 6 0 java/lang/String coder ()B 4 31 0 java/lang/String getBytes ([BIB)V 5 1 0 java/lang/String coder ()B 3 54 0 java/lang/String <init> ([BB)V 4 1 0 java/lang/Object <init> ()V
